C10-R1-G287-DSC,359,316,542,310,423,310,273,305,1176,300,945,293,1114,287,1258,286,31,284,696,282,289,282,771,280,426,273,929,272,344,271,645,268,374,268,315,267,175,260,129,260,1242,259,979,258,895,257,615,257,500,255,1147,254,559,254,763,253,808,250,246,250,51,250,468,249,8,244,1086,241,1261,240,1190,239,650,237,268,234,198,234,67,233,502,231,533,229,407,229,706,228,954,226,1066,223,1132,222,837,222,177,215,139,213,369,212,776,204,609,197,452,195,572,194,905,189,994,188,1262,120,575,118,319,117,666,115,1072,113,221,111,1026,110,433,109,374,105,243,102,1245,101,68,99,1208,98,626,96,807,93,169,79,626,78,1082,77,769,76,996,74,719,74,420,74,507,73,457,73,870,72,62,72,484,71,1138,69,201,69,123,69,1174,68,891,67,309,68,912,66,647,65,1057,59,1011,59,349,59,956,58,1249,55,611,49,78,48,261,47,565,46,228,44,1150,36,838,33,762,33,1250,32,684,30,446,27,398,25,707,22,169,19,309,15,547,10
C11-R16-G328-DSC,431,286,1198,285,477,277,335,277,613,276,53,275,862,269,704,269,205,267,1212,263,1029,263,111,263,996,258,164,258,576,256,946,255,916,253,459,253,359,252,284,251,32,251,770,249,540,249,1080,248,815,248,241,248,221,248,408,246,586,244,679,243,1166,243,853,242,659,240,61,239,499,236,315,233,1105,230,617,230,150,229,888,226,1239,225,681,222,723,221,261,220,1219,217,904,213,469,209,960,207,1039,206,1071,201,778,186,580,107,1224,101,1103,96,1017,95,706,93,72,90,528,89,1286,87,824,83,471,80,684,78,568,77,443,77,348,74,1160,73,222,72,171,72,144,72,868,70,290,70,405,69,271,68,664,67,60,66,912,64,1242,59,732,59,515,58,1121,56,1022,56,246,55,950,54,638,52,1085,50,675,45,825,44,880,43,68,38,1161,35,363,32,1270,22,1243,22,99,9
C13-R28-G47-DSC,10,292,521,289,1062,288,256,287,666,286,353,284,120,284,1004,282,85,282,889,281,306,276,176,275,1118,273,824,273,214,272,941,270,466,270,404,270,986,266,880,264,693,263,1012,261,641,261,267,261,328,259,88,258,816,257,740,256,363,256,571,254,599,253,8,249,317,246,1091,238,472,237,857,235,1054,233,240,231,88,230,522,229,813,228,164,227,604,225,939,216,908,216,63,208,32,207,363,206,458,143,1095,140,801,137,963,136,87,136,654,135,879,132,681,132,258,131,569,127,1024,126,66,122,364,118,206,117,122,117,184,115,550,113,1074,110,285,109,1002,107,707,105,839,103,24,103,315,101,431,100,1123,94,574,93,402,91,756,88,955,87,248,86,1001,84,819,82,711,78,528,78,1059,76,857,76,637,76,353,76,388,73,888,71,796,70,486,68,95,61,726,60,961,59,1007,58,266,55,898,54,657,54,32,52,521,51,142,51,1108,48,455,43,343,42,222,31,120,27,195,26
C25-R22-G240-DSC,929,299,1224,283,514,278,769,277,178,277,273,270,779,268,1124,266,711,263,354,263,936,257,61,255,507,254,470,254,826,250,648,245,379,245,121,245,440,244,204,242,600,240,1036,239,912,235,1058,234,896,230,535,229,303,228,127,227,40,226,1098,225,790,225,827,223,506,223,1194,211,986,211,1054,210,167,210,739,209,316,209,1217,208,206,208,684,204,1177,203,800,201,146,195,1074,192,373,192,1257,191,64,185,267,183,594,175,415,174,78,169,1002,103,91,99,1099,95,971,95,629,93,437,90,240,83,566,80,803,79,387,79,328,75,1211,73,1147,72,928,70,99,68,513,67,891,66,678,66,1084,57,1043,56,524,55,761,54,695,53,82,51,978,47,632,43,440,37,805,35,297,33,473,32,931,31,899,31,421,27,609,24,212,22,727,21,152,21,1205,19,108,17,41,17,1236,15,329,15,276,13,346,10,1048,9
C24-R10-G579-DSC,1022,360,1212,358,38,319,859,317,776,313,544,305,1101,300,658,293,1255,290,1381,288,263,284,1011,280,1406,274,1323,270,382,268,5,266,1111,263,737,260,605,259,1135,258,126,258,1192,257,711,255,191,254,91,252,1246,248,320,247,428,246,866,243,946,239,805,239,499,236,467,236,898,235,52,235,1103,234,658,234,1060,233,344,233,174,227,10,225,535,224,139,217,408,216,1322,215,255,214,970,213,614,210,1408,207,280,202,1387,201,873,196,757,192,790,187,583,187,30,181,481,179,983,176,304,172,1101,167,598,165,357,164,1203,159,1322,105,1190,97,702,95,202,94,1413,90,35,89,837,88,429,87,1025,82,295,71,1216,64,869,62,413,55,153,55,1324,53,907,48,1298,46,560,44,54,44,1360,43,99,43,1098,42,1051,42,731,42,1232,39,202,39,668,37,470,37,345,33,611,32,775,31,583,22,928,17,1380,16,1425,10,1178,10,1120,10,234,10,57,10,110,9,1339,8,800,8,713,7,199,7,1000,6
C23-R39-G287-DSC,300,272,890,270,417,270,133,265,560,255,78,253,1049,252,114,251,881,250,272,249,475,245,919,243,597,241,750,235,221,232,503,230,4,229,346,226,864,224,617,222,433,222,815,221,1057,219,256,219,1015,217,796,217,575,216,657,215,56,215,965,214,113,212,173,210,890,209,477,209,429,208,32,208,531,206,619,203,917,202,113,201,309,199,496,198,351,198,153,196,196,191,68,191,944,190,442,189,837,188,770,186,258,186,41,186,1072,184,590,183,985,180,893,178,577,173,78,166,302,145,695,113,814,111,639,92,407,92,356,91,83,90,456,88,778,85,45,85,915,84,593,79,943,76,141,74,876,73,296,73,99,73,1074,72,342,72,977,71,762,70,490,69,165,69,60,66,7,65,619,64,566,64,732,63,220,63,199,62,1013,60,519,60,250,60,693,59,338,59,808,58,318,57,426,54,477,51,757,49,365,49,120,49,272,48,30,48,1064,47,1044,47,962,45,910,40,865,40,764,35,671,28,612,27,504,26,540,25,332,24,107,22,813,21,31,20,11,20,390,19
C1-R20-G18-DSC,451,346,1337,340,138,336,628,325,1358,317,854,314,364,313,57,312,133,312,404,305,101,304,1176,301,1100,301,977,301,1287,300,723,294,328,294,272,294,1230,293,1039,293,248,292,763,290,136,290,626,289,213,289,61,285,953,281,803,281,567,279,1374,278,889,278,157,277,493,276,118,275,1338,272,1078,268,1175,267,454,265,676,264,410,264,851,263,615,261,348,250,1121,243,1244,241,356,235,1015,233,1283,222,1348,214,650,147,424,134,350,134,854,125,527,124,104,122,570,121,1169,115,70,115,126,114,251,113,1088,111,688,111,963,109,771,110,918,106,456,106,39,106,276,103,1122,101,476,99,204,97,787,96,1351,94,163,93,1326,92,721,91,1239,88,808,88,541,88,1268,85,1052,82,892,79,1184,78,463,76,319,74,1028,70,1113,67,954,66,1375,64,1269,63,980,64,661,63,713,59,875,57,113,51,175,49,388,48,45,47,742,40,203,40,1191,37,1231,35,1104,31,840,21,572,21,348,12,454,7
C5-R13-G139-DSC,325,304,496,304,122,304,953,304,261,302,399,298,437,294,889,293,1107,283,1151,279,612,278,806,273,1014,272,643,270,49,270,951,269,358,268,177,264,1216,263,1079,260,111,258,534,256,1036,253,1265,252,844,252,212,252,681,251,481,251,867,250,562,249,160,246,1125,240,614,240,124,237,284,236,501,235,1204,233,844,229,443,229,945,224,597,224,1106,223,461,221,407,220,579,219,67,218,1258,217,991,215,1082,213,928,212,1209,208,351,207,269,206,283,204,579,200,649,198,137,198,991,194,848,191,1158,190,435,187,548,182,835,180,1188,179,163,118,988,104,118,103,225,99,82,99,555,92,154,90,466,87,409,84,516,82,861,80,611,79,1238,78,1140,76,800,73,731,73,198,72,701,71,829,70,770,68,1034,67,298,65,643,63,547,58,410,59,66,58,348,57,273,57,1197,56,896,55,1164,50,260,50,941,49,1073,45,969,45,163,43,1273,42,593,31,857,29,889,27,1100,26,98,26,251,25,1273,20,511,20,734,18,471,16,298,8,82,8,1104,7,952,6,1187,5,1059,5,684,5
C36-R20-G899-DSC,116,322,1204,315,699,310,162,307,212,306,1108,304,1015,302,509,300,244,298,406,290,576,285,894,281,728,280,59,279,30,279,656,276,815,275,93,271,478,266,347,265,572,264,1291,262,519,260,278,258,1153,257,1050,256,149,255,1107,244,1197,240,1299,239,1012,238,745,235,767,232,806,231,1132,228,964,228,333,228,247,224,224,223,546,219,461,219,601,218,664,216,566,213,24,211,913,209,1254,207,855,204,1300,202,978,197,1289,191,549,187,118,180,496,140,785,136,626,132,1305,120,269,116,1183,112,674,111,1257,109,1050,105,371,105,47,103,728,101,227,101,1129,97,818,92,502,90,1302,84,942,79,83,77,397,76,260,75,643,74,1181,73,907,69,164,69,1119,68,1067,67,210,66,1304,64,1142,63,702,63,864,59,569,57,480,57,786,56,838,54,1000,53,38,52,759,47,515,46,297,42,57,40,1193,37,356,30,693,29,1233,26,579,26,949,23,888,23,293,22,144,20,451,19,602,13,1288,10,793,8
C28-R22-G384-DSC,469,333,741,328,1051,308,1288,306,836,305,311,305,588,301,643,298,304,294,1354,293,1001,292,529,282,119,282,908,277,237,273,1115,272,1158,269,402,269,374,266,1273,263,213,261,160,259,1220,257,793,251,1064,250,1113,249,330,249,953,244,711,244,63,243,1317,239,864,239,569,238,498,236,1025,233,967,233,1233,232,801,232,1357,228,986,222,465,221,497,220,248,220,763,216,1167,213,130,209,640,208,712,205,228,198,265,197,1357,194,415,187,599,181,319,177,448,164,654,143,498,142,736,127,1264,123,895,115,1052,110,795,110,1084,105,106,103,630,94,61,92,1361,87,1022,87,862,86,493,81,1110,78,955,76,119,75,881,74,758,73,570,69,397,67,310,67,1059,65,170,56,1259,51,1325,50,195,50,1170,45,1106,45,1211,43,499,43,384,42,673,36,1308,32,785,31,364,29,269,25,1153,19,55,19,897,17,593,16,554,11,1194,10,1000,10,167,8,127,8,961,8,1126,4,867,4
C18-R21-G519-DSC,335,314,954,310,670,310,231,307,1101,303,1230,299,272,296,790,294,1131,288,630,285,217,285,827,284,441,284,859,280,752,280,368,280,422,279,397,277,565,276,1054,275,683,271,175,270,1271,265,278,265,1185,264,974,263,522,263,488,261,799,260,934,259,1017,258,316,257,719,255,1227,246,370,245,761,242,1038,240,1113,236,484,236,606,231,964,229,581,229,255,229,626,221,448,220,1301,218,188,218,140,218,1196,135,1136,126,1286,121,585,113,1238,110,1122,108,778,108,153,108,730,107,956,106,439,104,259,104,548,103,666,100,865,99,1022,96,802,94,1073,93,1174,92,523,92,147,91,908,88,312,86,168,86,696,84,635,84,1273,82,847,81,401,78,1055,77,358,76,96,76,1312,75,591,75,1086,73,461,73,280,68,113,66,620,66,219,66,882,65,1203,64,167,64,814,63,339,62,979,61,472,61,722,54,764,53,423,47,97,47,236,44,1154,43,819,37,390,29,686,26,266,19,150,10
C11-R13-G325-DSC,275,297,114,296,1188,291,480,289,857,285,715,283,54,280,615,278,448,267,792,266,1253,264,1230,263,337,263,93,263,249,260,1106,256,204,251,784,249,356,248,999,247,391,247,1210,245,679,245,476,243,155,242,1161,241,838,240,966,239,883,238,801,238,1073,236,945,234,640,229,545,227,55,225,585,223,704,218,1033,207,122,206,210,204,1014,198,903,195,508,192,435,192,787,190,1260,183,1173,181,1228,170,839,164,1127,162,100,127,51,118,997,110,523,109,437,106,469,94,645,91,836,84,759,81,288,78,233,77,85,74,1258,71,419,71,586,69,1202,67,732,67,706,65,121,65,318,59,208,59,885,58,1146,56,14,56,1012,50,510,50,1044,46,938,45,642,44,176,44,1169,36,1079,36,585,36,1259,30,904,29,696,29,790,27,465,25,817,19,67,17,854,11,1138,10
C2-R17-G47-DSC,220,281,438,276,647,272,374,272,1263,268,1074,267,925,266,180,264,777,261,685,259,562,257,471,256,120,254,322,253,1149,251,1012,250,622,250,896,247,701,244,1241,243,268,241,839,240,131,239,785,236,56,236,1275,235,334,235,653,230,907,228,520,228,1155,224,393,224,996,221,206,221,1219,220,1129,219,719,219,1272,215,73,215,615,213,314,213,425,212,942,211,1203,205,1083,205,1020,204,856,204,174,198,968,194,119,193,933,181,685,180,343,179,481,178,433,174,219,96,1212,88,1259,84,781,84,738,83,815,80,134,80,87,80,586,79,473,78,438,78,323,76,923,74,234,73,1200,71,337,70,1057,69,110,68,558,62,1005,61,653,57,963,55,852,55,1263,54,519,52,1118,50,382,47,8,45,203,42,497,41,603,40,1249,39,1163,39,327,32,916,31,674,31,727,30,768,26,33,23,117,22,1069,21,955,15,1270,14,490,14,1128,12,432,11,265,11,172,10
C20-R38-G579-DSC,310,270,565,268,772,265,373,261,893,245,117,245,84,245,988,243,20,244,470,242,740,240,718,240,646,239,269,238,812,237,627,237,301,233,976,232,62,230,453,228,543,226,142,226,843,225,558,225,184,225,901,223,504,223,421,223,221,223,126,221,666,217,350,216,582,209,814,205,1018,200,980,198,775,198,389,198,45,198,943,194,220,190,59,189,514,186,722,185,247,185,23,185,103,183,773,176,155,156,571,147,756,120,844,117,546,116,5,110,292,109,701,104,115,99,234,98,414,97,56,96,474,90,31,85,790,82,160,82,365,78,604,70,194,70,301,69,277,68,842,67,715,65,562,65,952,63,379,63,73,63,984,60,490,60,443,60,1024,58,686,53,145,51,871,50,405,50,750,47,647,47,921,46,544,46,29,46,824,43,112,42,715,41,246,38,460,35,496,25,578,22,55,18,269,14,42,13,334,9
C16-R22-G471-DSC,295,323,175,321,438,304,928,298,709,295,508,295,1200,292,995,292,740,290,1107,289,597,289,68,289,405,287,1074,283,1286,282,820,274,239,272,776,270,345,271,561,267,71,266,934,265,863,265,126,264,327,260,28,259,685,258,140,258,899,257,548,257,472,257,274,257,641,256,739,255,252,254,670,249,822,242,768,242,1262,241,1216,240,1195,238,442,238,420,236,471,235,579,231,169,231,1046,230,1146,229,192,227,996,226,508,224,391,220,886,217,1108,215,32,215,605,213,821,210,752,207,103,205,953,204,692,204,322,200,981,197,228,196,292,194,1290,193,1100,181,1234,179,237,124,922,113,822,112,1294,106,73,100,1250,99,1116,99,323,99,978,98,477,91,219,91,1190,90,186,87,552,83,404,82,672,80,998,79,733,75,631,74,583,70,250,68,604,65,110,64,917,63,1154,60,532,57,86,57,900,56,392,55,1233,53,1047,53,1019,53,854,53,197,48,1214,44,433,42,1271,40,17,40,1112,38,143,36,220,35,486,33,706,32,943,31,847,30,297,30,1162,24,1283,23,62,22,432,15,818,8,978,7,517,6
C6-R28-G184-DSC,626,274,434,273,499,271,264,267,1008,265,709,265,357,264,290,263,598,261,399,261,8,260,213,255,832,252,545,252,887,250,143,249,675,247,780,245,432,243,861,240,472,237,396,237,348,237,334,235,954,234,237,231,55,231,271,229,313,228,172,228,634,227,87,227,669,225,728,224,1043,222,1009,219,571,214,547,209,832,208,970,206,918,204,496,203,447,202,307,202,785,196,706,196,149,196,18,179,798,138,357,127,818,122,883,116,867,115,700,114,613,114,514,113,6,113,542,111,326,108,237,106,486,104,116,101,72,101,987,98,167,97,798,96,644,93,434,93,209,92,671,87,958,86,550,83,54,83,453,82,189,80,752,79,356,78,611,76,702,72,1002,71,921,71,865,71,554,66,373,66,26,66,1043,63,885,61,326,62,82,60,533,59,263,58,490,54,757,50,464,50,309,44,143,44,205,42,688,40,927,38
C21-R10-G471-DSC,1042,373,938,373,1122,371,775,370,116,364,596,359,473,359,669,356,1292,355,288,346,708,310,1032,308,382,304,1151,297,55,296,1014,294,842,293,117,285,1270,284,578,282,262,278,1098,276,192,275,920,269,105,269,430,268,810,266,1391,260,307,260,1311,257,541,256,600,255,449,252,293,252,979,249,1143,247,1438,246,694,246,1269,245,71,245,752,237,522,236,1243,235,1103,235,334,234,165,233,680,232,1038,231,1056,230,6,228,220,225,868,224,233,218,23,219,616,218,463,215,1440,210,345,210,124,209,982,202,1376,201,1308,201,807,201,511,201,849,199,418,196,1096,193,950,189,308,186,187,183,957,107,467,91,1277,88,29,86,1385,83,922,82,592,79,394,79,646,76,233,70,82,68,1428,61,1022,60,858,60,764,59,289,59,142,56,585,55,268,55,42,53,1057,52,1186,49,1005,47,487,48,1151,45,1264,44,1123,42,430,42,801,40,870,38,269,37,706,35,349,35,188,34,956,30,542,26,1285,25,918,23,1415,22,629,15,454,13,1346,12,1190,8,380,6,825,5,795,5,575,5,314,5,726,4
C4-R39-G127-DSC,912,296,297,292,586,289,969,283,468,283,1155,280,110,276,642,273,6,273,1047,272,515,268,756,263,364,261,839,256,481,255,250,252,727,247,153,247,417,244,579,243,394,243,443,240,961,239,792,236,534,233,333,233,76,232,864,231,681,229,137,228,1023,225,505,225,642,224,1076,222,105,212,894,210,237,210,1146,202,276,202,910,200,326,199,1045,198,1086,196,737,195,32,188,595,184,520,183,79,177,1138,174,181,171,248,168,25,157,476,151,407,151,687,149,801,137,1142,136,827,132,999,117,908,116,951,114,652,114,79,112,208,107,762,105,714,103,145,103,479,99,523,96,432,91,336,86,1020,81,1055,73,30,73,917,69,733,69,498,69,316,68,87,68,615,67,479,67,583,65,1073,57,758,55,364,54,347,49,836,46,797,44,973,43,902,43,549,43,392,39,275,38,154,38,643,36,621,24,429,21,404,21,1088,17,783,13,178,12,1019,7,500,7,280,5,247,5,59,5,564,4,157,3
C8-R17-G240-DSC,1260,329,519,327,954,326,750,323,844,320,440,312,95,296,722,293,149,291,1287,278,1183,269,1011,268,445,268,98,268,166,267,853,266,751,264,325,263,270,263,372,258,233,257,713,254,588,252,218,248,903,246,637,246,615,244,272,244,1283,243,775,237,483,237,963,236,575,235,1196,233,1006,233,97,231,818,226,943,225,150,223,638,222,1133,218,1015,218,1093,213,359,212,81,212,443,200,259,194,1230,192,776,188,498,180,308,133,684,117,569,117,142,108,1261,105,1005,102,953,97,747,97,485,94,248,92,659,86,231,86,721,85,1086,82,866,82,796,80,52,80,1141,79,1198,78,547,75,429,73,117,71,348,69,1165,67,970,64,616,64,100,64,1051,63,1264,60,660,57,140,54,593,52,1283,51,951,51,452,51,215,47,1228,43,510,38,315,37,489,30,369,29,253,23,858,22,594,22,469,16,1015,13,75,11,731,10
C35-R17-G899-DSC,1109,325,417,319,523,317,373,314,92,310,996,309,1230,306,1088,307,146,304,219,300,457,298,252,297,894,296,843,294,766,291,649,283,1366,281,965,280,182,281,401,277,166,272,1217,267,298,267,737,266,1043,265,1074,252,496,250,636,249,281,246,1193,245,1163,245,783,240,959,238,214,238,107,238,877,237,88,234,1402,230,905,228,567,227,1114,226,1287,223,348,222,738,219,524,218,1095,216,49,215,990,210,648,210,389,207,174,207,1038,201,1353,197,442,196,814,190,72,186,1267,185,897,185,566,181,1291,129,1035,129,840,109,685,109,1160,104,290,101,141,94,1249,92,116,91,1323,89,232,84,107,82,545,78,483,77,57,76,463,74,777,73,1212,70,1053,68,571,63,299,60,1300,57,954,57,1137,48,1024,46,858,46,383,35,547,34,749,33,679,33,320,33,481,30,990,27,297,22,938,21,800,20,820,19,595,16,671,13,656,13,81,12,109,9,435,8,52,7,246,6,1331,5
C25-R7-G519-DSC,1196,277,644,275,722,262,498,262,908,258,1138,257,547,257,680,253,301,252,208,251,49,249,1083,248,864,248,739,248,122,247,484,246,959,245,286,245,812,240,393,237,10,231,621,230,345,229,182,229,938,227,514,225,231,222,145,222,1225,221,844,220,437,217,59,217,1177,213,1064,212,312,212,703,209,649,209,772,203,587,203,374,203,502,202,263,201,101,199,1067,198,957,193,573,193,1099,192,1223,191,883,188,1136,187,64,186,442,181,233,181,853,180,644,178,314,177,72,162,522,161,1194,88,638,86,182,84,836,78,385,77,475,73,989,71,156,71,616,66,1093,64,1012,64,339,64,1218,63,525,60,298,59,816,58,9,58,1125,57,962,55,227,54,60,53,1116,51,884,51,393,50,118,50,578,49,1160,46,684,46,763,44,1059,43,726,43,31,41,667,39,437,36,748,35,897,33,295,33,405,29,505,28,1059,27,234,27,847,25,1185,23,201,23,532,22,363,21,950,17,455,18,874,17,75,17,294,12,169,10,1006,9,946,7,1221,4
C5-R25-G148-DSC,889,286,104,281,386,280,188,280,1056,273,156,273,751,272,322,270,557,260,478,252,936,249,800,245,194,244,582,241,615,240,369,240,1038,239,657,239,906,238,741,237,702,237,864,236,94,236,721,233,451,231,311,231,71,231,25,230,414,225,123,223,275,221,170,216,837,212,1064,211,978,211,918,211,613,210,365,210,1020,206,528,203,446,203,54,203,140,198,341,183,394,182,991,118,786,115,673,110,522,107,845,106,31,104,232,95,1054,94,1029,94,909,94,704,93,307,90,572,83,125,81,1135,79,63,79,611,78,1011,77,896,77,658,77,495,77,430,76,749,75,452,75,554,71,101,72,416,71,832,69,249,68,274,67,192,67,793,66,1112,65,928,64,358,63,1079,61,38,59,182,57,68,54,1064,46,1021,46,386,46,620,43,216,42,865,41,286,41,928,39,977,38,515,35,468,34,10,34,712,33,266,29,536,20
C33-R39-G328-DSC,412,276,174,269,1155,267,330,267,639,260,859,257,720,257,71,257,4,256,523,256,681,255,1009,252,621,251,269,251,20,251,834,248,202,247,440,245,459,244,923,243,790,242,324,242,160,242,1098,241,756,241,1036,240,508,240,417,237,129,236,943,234,1159,230,65,230,898,228,579,228,551,228,289,228,489,226,623,225,117,223,835,221,87,218,248,218,1057,214,693,214,199,210,823,208,774,208,499,208,399,208,1128,201,656,200,726,196,441,113,891,111,151,110,1017,108,494,102,404,102,173,100,759,99,81,99,246,97,1095,95,786,94,863,93,601,93,40,93,1061,91,1163,89,1150,90,15,90,960,89,180,88,78,87,505,86,252,80,624,79,1124,78,398,78,695,77,569,77,983,76,880,75,796,74,112,73,829,72,543,72,456,71,927,70,206,70,774,68,1041,68,421,64,365,63,578,61,51,60,788,57,33,57,1024,56,623,55,217,55,753,54,1095,47,1143,39,251,39,91,36,849,34
C34-R34-G300-DSC,1012,275,761,274,552,274,949,273,439,272,21,272,839,271,521,269,659,262,639,257,733,256,220,254,27,251,495,250,902,249,591,246,111,242,1041,240,359,240,975,239,784,239,560,239,705,237,157,237,812,236,319,234,425,227,746,226,105,226,38,221,673,220,656,219,77,219,179,217,473,216,496,215,944,212,290,212,114,208,1023,207,379,206,6,207,705,204,144,203,865,201,357,201,476,198,783,198,235,196,334,195,404,194,959,189,523,189,421,183,572,181,46,180,977,128,658,126,917,122,823,122,1055,120,565,118,753,114,215,111,270,107,451,105,811,103,311,103,893,100,832,99,554,96,522,92,465,91,656,90,163,89,993,86,394,86,489,84,118,80,163,78,590,77,343,76,770,73,302,72,624,71,1036,66,983,66,249,61,211,60,1082,58,883,58,818,57,168,49,537,47,901,42,634,43,417,36,216,36,584,34
C15-R39-G98-DSC,1027,286,337,283,224,280,977,279,629,277,147,275,475,269,84,268,1043,264,347,258,219,256,745,255,529,255,964,254,1098,253,312,253,824,252,142,250,867,249,778,249,505,244,415,244,652,241,799,240,272,236,171,233,240,232,1034,230,1002,229,632,228,957,225,138,225,866,224,9,224,67,222,903,221,697,216,100,216,395,215,232,214,978,213,535,213,1102,212,827,211,326,210,651,208,511,206,104,203,274,199,765,198,837,196,669,191,190,186,1008,183,959,181,512,171,358,165,644,120,800,117,248,117,441,114,1067,112,520,108,678,107,84,105,504,104,119,100,1128,98,210,98,859,97,22,92,724,89,588,89,1092,86,134,85,55,83,325,78,622,77,549,77,507,76,703,74,265,72,225,72,769,70,804,69,408,65,1061,64,195,64,83,61,466,59,729,55,159,53,683,50,40,46,1067,44,143,42,848,40,1120,38,525,36,268,35,148,30,661,27,395,27,232,22
C27-R21-G325-DSC,360,324,1243,314,688,304,84,302,519,301,769,297,1283,294,963,293,463,291,1166,286,324,286,259,285,1221,284,49,282,671,279,208,278,1092,277,954,276,174,277,1248,275,916,267,138,268,15,268,292,264,1230,263,987,262,891,259,767,257,61,254,620,252,541,252,1090,246,1054,246,844,246,1259,244,310,244,799,243,439,243,652,241,374,241,691,236,417,235,562,234,273,231,47,226,81,224,117,223,1329,222,1148,222,754,221,217,221,964,218,510,212,1100,207,1043,200,533,193,416,193,1308,192,685,179,409,178,860,175,622,150,675,125,861,123,122,118,1319,117,1162,113,779,107,949,96,284,94,1146,86,1241,84,523,84,54,81,496,80,1297,76,339,73,298,72,702,71,641,71,1221,69,401,66,612,65,81,61,364,55,558,53,259,51,102,49,1063,48,860,44,47,42,1252,40,753,40,555,34,1193,33,1059,32,167,32,445,31,1137,26,206,24,1165,23,806,20,244,20,754,19,519,10,154,10
C10-R18-G300-DSC,264,292,806,288,221,283,161,283,327,276,532,269,1119,268,1024,267,125,267,924,264,707,262,1178,260,501,260,746,258,92,259,41,251,399,248,174,248,18,247,687,243,861,241,836,241,268,238,761,237,563,237,335,231,912,229,648,229,129,228,470,227,378,223,789,222,1158,216,979,214,947,213,501,212,46,212,109,211,734,210,438,210,232,209,622,199,705,197,1174,195,832,195,658,194,1037,190,1213,188,165,188,361,187,549,186,912,184,872,183,78,183,198,182,1144,181,704,173,749,161,177,117,410,112,562,105,474,105,249,103,999,96,789,84,511,84,566,81,135,81,205,77,396,76,1185,73,62,73,1054,72,653,72,691,69,952,66,830,66,894,64,24,62,330,61,281,59,128,59,553,58,1214,56,1026,53,629,52,1115,51,774,51,926,50,445,46,62,46,698,43,266,39,870,38,239,38,523,30,781,28,1065,25,638,25,1023,23,350,20,440,19,50,18,1191,14,1215,12,954,12,751,12,165,7
C3-R20-G34-DSC,396,354,734,352,1356,347,902,347,1321,343,1039,344,1247,341,500,340,1002,339,840,339,775,339,64,338,400,328,1080,326,891,325,685,325,268,322,671,321,521,320,35,320,418,316,1272,315,601,315,961,314,232,312,1296,310,643,310,1189,304,249,303,1139,301,573,302,154,302,1109,298,117,295,1046,294,337,294,214,290,1351,286,737,287,11,287,459,285,821,284,377,281,1384,279,752,274,1281,274,601,274,850,271,30,269,147,266,442,265,72,264,713,258,975,256,1203,254,689,252,525,251,825,249,283,246,563,241,1358,234,928,232,1038,231,1100,228,944,208,1059,200,436,190,958,182,580,182,1348,171,229,164,95,158,374,152,283,152,136,148,1325,146,495,145,970,142,817,142,748,142,1019,131,946,128,565,128,612,125,933,119,1219,118,884,117,1090,115,1065,114,1277,108,78,106,673,104,1360,99,1089,98,315,95,755,92,1177,91,1121,91,413,91,466,90,189,90,720,88,1294,85,1276,85,698,84,251,83,423,81,1323,80,810,78,71,76,1379,75,1222,75,285,75,1038,72,385,67,622,60,858,57,204,57,911,56,455,56,679,53,1013,50,338,50,974,49,358,45,1090,43,803,42,625,41,650,31,117,29,1173,20,1318,18,1255,12
C30-R10-G569-DSC,993,347,719,345,51,342,210,328,328,327,306,321,1050,314,665,311,1117,310,1323,307,481,299,414,298,1206,294,38,289,1022,283,540,281,869,280,1294,278,1099,266,208,265,910,264,617,263,674,258,100,257,876,252,1286,244,134,243,742,242,296,240,816,235,1336,230,991,228,470,228,1037,227,101,224,1199,221,336,218,1165,217,888,212,737,204,470,203,235,202,641,194,606,193,1227,192,951,186,236,177,961,158,1205,151,317,135,545,133,454,122,30,121,148,96,69,95,1395,90,1218,85,487,83,940,81,622,81,769,74,1283,72,737,69,200,68,182,66,1154,65,1027,61,1130,60,269,60,391,57,540,56,336,55,223,53,1300,51,890,50,691,48,665,47,182,37,12,37,830,31,472,30,857,27,1084,24,141,21,965,17,74,17,698,15,772,12,1345,9
C16-R6-G148-DSC,63,314,441,309,1258,307,257,308,187,308,568,304,45,303,956,302,1096,301,1028,297,821,296,699,296,1164,286,344,280,881,276,684,276,25,276,152,275,297,274,838,272,233,272,84,271,1254,269,493,268,1216,267,112,267,633,266,52,266,1022,265,426,263,188,261,860,261,531,258,367,257,964,255,1185,254,1052,253,1085,251,568,251,335,251,711,247,1118,244,436,244,609,242,16,241,1254,237,926,235,783,235,659,232,479,230,954,228,64,225,885,222,440,220,123,216,231,215,1241,213,685,204,483,137,1223,113,625,113,489,108,743,105,109,103,87,103,1159,102,1101,99,323,98,588,97,793,96,888,87,995,86,1044,82,641,80,232,80,39,80,926,77,337,77,178,77,1220,75,865,72,260,72,555,71,522,69,753,67,841,66,384,64,1178,63,962,61,1124,58,452,58,1076,57,1238,54,279,54,376,51,798,44,144,43,590,40,56,38,1053,38,746,38,10,37,493,28,1197,27,45,27,317,24,879,23,1130,20,915,11,187,7
C24-R27-G669-DSC,367,266,508,263,1123,260,91,257,1021,243,912,243,948,236,1046,234,995,230,737,230,488,230,1148,227,528,227,252,225,121,225,19,223,169,222,638,219,459,214,322,214,1069,213,843,212,383,209,1042,208,73,205,546,202,912,200,388,197,573,193,142,191,748,190,886,189,509,188,218,188,290,183,80,181,777,179,247,179,695,176,947,174,883,174,1094,172,1046,168,1125,166,995,164,220,164,483,163,594,162,40,162,135,154,720,151,1014,147,360,146,569,110,900,96,13,91,86,86,394,80,272,80,1025,79,51,78,381,76,231,75,670,73,744,71,721,70,126,69,515,68,794,64,186,62,554,60,1080,56,627,51,305,46,439,44,937,43,1061,42,1004,41,342,36,1125,28,722,28,686,28,506,27,964,25,228,21,809,17,1149,16,8,15,1005,11,152,11,80,11,267,9,97,9,898,8,722,8,593,8
C20-R20-G569-DSC,414,333,284,331,357,324,778,321,84,312,1169,311,803,306,203,304,945,299,507,299,230,296,566,295,1268,291,622,290,1202,285,1249,284,1165,281,1041,277,903,276,966,273,829,272,130,260,1006,259,474,257,609,254,1063,253,1335,252,686,252,196,252,1097,246,329,242,83,242,819,240,596,237,35,235,445,231,382,231,1186,230,262,227,900,224,222,224,729,221,493,211,119,209,1225,203,524,200,1336,194,390,183,357,174,13,163,523,146,1296,144,1022,139,798,130,148,126,1041,122,1315,118,1140,117,903,116,686,111,858,110,595,110,135,110,95,109,1010,108,1288,106,633,104,1234,103,965,98,268,98,552,96,57,92,325,85,394,77,903,75,829,75,288,74,1169,72,161,71,202,70,713,69,1026,68,737,66,1091,62,881,55,447,54,1261,52,365,52,5,50,536,46,707,41,1304,38,163,35,368,30,1332,28,610,25,500,23,730,21,931,19,1031,13,1305,11,1185,10,797,8,458,4,77,3
C30-R19-G669-DSC,407,322,528,315,1050,314,668,308,88,304,254,293,221,291,379,290,1280,286,965,282,866,279,398,278,1261,275,456,272,161,272,33,272,707,270,805,269,431,262,180,262,297,259,1222,258,523,256,590,254,114,254,1081,249,1116,247,270,244,238,241,360,235,1342,233,1163,232,931,232,1057,231,1210,226,993,226,645,226,491,224,823,223,1029,214,891,209,596,208,1126,204,545,204,1198,202,1304,198,134,196,430,193,296,193,1015,188,702,188,103,187,1075,186,971,178,78,139,188,128,1003,121,1273,112,149,108,1162,104,414,99,907,94,1270,86,1353,84,503,81,523,78,755,75,655,73,784,71,695,69,821,68,1282,67,62,67,1344,65,121,62,944,61,847,60,564,60,1128,57,912,57,1198,56,1103,54,238,54,1008,40,420,39,106,37,766,34,655,24,533,14,1019,8,194,8,629,5,272,5
C18-R4-G184-DSC,1080,284,177,279,325,277,966,277,1143,275,274,274,410,273,132,265,1099,263,1015,263,515,261,675,259,863,258,837,256,308,255,1201,252,728,252,931,250,479,246,634,244,33,244,91,239,1037,235,527,234,120,234,21,232,1106,230,192,230,942,229,1147,226,247,222,803,221,841,217,207,216,962,215,744,215,400,214,340,213,916,212,598,210,515,210,262,207,166,205,459,204,571,201,1080,199,1020,199,670,197,1194,196,717,193,379,188,862,184,1163,183,800,181,325,180,98,180,169,178,513,177,634,176,1125,175,34,173,892,165,1201,164,1054,163,191,163,994,157,434,146,751,100,160,100,72,98,729,83,434,80,326,78,947,73,1141,71,586,69,113,68,1025,64,544,64,1213,61,792,60,25,54,375,53,835,52,770,48,659,48,191,47,869,42,597,42,514,42,146,42,116,41,247,40,311,35,909,34,1183,32,1084,32,357,31,1017,26,714,26,431,25,1103,23,512,22,87,22,681,21,229,20,1059,17,591,14,290,6
C4-R3-G98-DSC,1058,301,546,275,403,274,245,273,1010,264,1171,262,647,262,240,262,156,262,680,260,977,255,533,254,302,254,20,254,1262,253,420,253,817,251,1076,249,884,247,487,247,1225,245,927,245,574,243,1117,237,66,236,1150,235,331,233,428,230,1028,228,774,224,295,224,518,223,713,220,602,219,1264,218,400,218,695,214,467,214,187,214,95,213,360,208,1180,207,79,203,233,202,265,200,1203,198,215,195,41,195,1015,191,601,190,527,185,353,185,963,183,798,183,176,178,1265,177,442,176,1115,168,792,166,953,164,534,163,903,98,50,91,1170,88,643,87,822,83,579,81,363,81,203,80,9,73,643,72,1074,69,135,68,576,65,1017,63,444,57,1195,53,71,50,1126,46,305,45,677,43,468,43,209,39,997,35,248,34,959,34,549,32,1093,31,406,29,1050,28,494,28,335,28,918,27,160,26,123,26,1251,24,1147,20,659,18,7,16,586,14,291,14,423,13,267,13,41,12,826,11,1238,8,742,8,912,6,621,6
C20-R21-G139-DSC,84,301,117,294,724,288,208,286,350,284,945,282,439,282,1034,279,1293,270,866,270,397,270,131,265,183,263,1220,262,809,255,570,256,678,254,1140,250,237,248,257,247,331,246,459,245,1043,243,552,243,1123,242,1247,239,612,237,391,234,1090,231,124,230,755,227,507,226,726,224,1193,222,308,221,1064,220,928,218,901,218,984,217,152,216,360,215,58,215,827,214,766,209,435,208,492,204,536,203,197,201,1223,195,261,191,1149,190,693,188,1267,182,105,181,656,179,348,177,1178,100,231,100,706,98,1251,89,619,90,786,88,458,87,313,86,87,80,767,79,931,78,891,76,1100,74,522,74,124,72,279,67,1127,66,811,64,247,64,1282,62,511,62,348,62,670,60,844,57,830,57,402,57,156,57,1310,54,613,52,1054,50,577,50,363,44,1156,41,200,39,1183,38,1105,37,733,37,1227,36,1023,35,886,32,693,31,63,31,1260,29,973,28,262,28,540,26,764,22,486,22,380,14,115,13,835,12,966,11,29,10,439,6
C16-R9-G127-DSC,137,342,647,337,740,326,329,325,568,320,1229,316,519,311,37,305,1172,304,947,299,160,296,833,295,1086,289,1228,287,421,284,171,277,287,274,477,271,204,267,618,266,906,265,1358,258,1043,258,1121,254,1300,251,755,249,60,249,1245,248,212,248,1023,244,384,241,332,238,675,237,1307,235,831,235,70,233,252,231,494,227,95,215,779,213,987,210,695,208,1158,205,875,206,372,202,647,199,1390,195,1091,190,511,190,1157,188,557,188,463,185,185,180,613,174,1057,173,1008,170,1308,169,956,169,1257,164,837,160,638,153,566,150,847,146,20,144,858,138,784,137,765,136,928,131,746,123,1078,122,139,119,1095,117,417,97,72,96,372,95,334,90,233,86,490,78,1245,70,1048,70,1284,68,1145,68,629,66,877,65,80,56,119,53,1165,53,943,51,973,49,796,48,290,39,832,38,126,37,1179,35,748,22,1404,18,395,15,26,15,626,9,520,9,440,8,226,8,82,8,1229,7,554,7,127,6,798,5,706,4
C2-R4-G18-DSC,1048,266,304,261,263,259,1013,257,681,252,1200,248,609,242,1240,241,130,240,518,239,661,238,51,238,404,237,1011,234,361,232,223,232,756,231,430,229,937,228,885,228,70,228,441,227,99,225,560,224,195,219,1093,218,717,217,756,213,1013,213,271,207,178,206,508,204,820,203,1167,202,795,202,588,200,223,198,253,196,1216,192,52,192,845,188,1246,186,646,185,128,177,1222,166,565,166,303,166,1196,163,728,162,875,146,984,94,1123,93,203,87,760,85,655,84,190,79,134,79,878,75,919,71,495,71,1253,69,1062,69,463,68,403,67,827,64,1208,58,116,57,1146,52,1102,51,618,47,718,44,14,44,431,41,670,40,237,40,171,40,103,40,266,38,197,36,991,35,1210,32,763,32,339,32,853,31,392,30,158,30,939,29,368,26,513,21,880,19,1026,15,822,13,460,8,897,6,1156,6,63,6,1066,5,352,5,637,4,1128,3
C2-R1-G34-DSC,759,287,1075,284,873,284,1164,279,719,279,234,279,450,275,288,275,5,274,967,272,532,267,997,261,892,261,187,257,89,258,161,251,832,249,1112,247,800,247,708,247,16,246,740,243,437,243,922,242,533,240,289,240,359,237,671,234,195,233,900,230,96,228,442,224,617,223,565,223,1054,221,961,221,496,213,138,213,228,211,1183,207,666,207,60,207,616,203,1128,201,462,200,1005,197,352,193,268,188,332,171,719,169,892,161,73,156,126,154,256,139,988,132,1204,114,758,107,706,107,571,106,219,105,1116,103,378,103,861,92,1085,90,1189,89,91,89,43,89,365,84,1049,81,118,81,467,80,172,79,13,77,1154,74,948,74,264,73,486,69,241,69,874,68,835,68,543,68,1222,66,892,62,966,61,922,61,209,61,113,61,335,58,475,54,810,53,583,49,627,46,767,43,302,44,698,41,1067,39,563,40,76,40,189,38,373,37,1162,36,21,35,407,30,766,26,930,25,639,22,293,20,455,13
C13-R14-G384-DSC,239,303,761,293,1156,290,276,290,409,287,318,287,95,287,1089,276,143,276,42,275,789,274,479,273,1224,268,696,267,438,267,604,266,1133,263,581,263,982,260,786,259,951,256,633,255,299,254,8,250,1027,247,379,246,122,245,883,242,729,242,1049,241,835,241,533,239,1152,237,1126,237,100,234,517,226,437,221,262,219,200,219,177,218,1026,216,716,211,39,209,908,208,869,205,319,205,751,200,650,200,377,197,1185,196,256,190,106,186,515,185,1051,184,401,184,1122,179,1093,175,592,172,920,171,799,170,522,122,282,122,779,120,1195,113,190,112,358,104,1097,103,564,98,895,96,406,94,751,93,125,92,651,91,473,91,776,89,1013,87,299,85,29,85,971,84,876,72,1185,71,1037,71,823,69,696,65,295,65,117,64,77,63,403,59,510,58,1022,56,273,54,545,52,624,51,203,50,1058,49,360,46,492,45,1166,42,732,41,943,36,118,29,851,28,260,25,769,24,87,21,989,18,564,17,46,15
