<annotation verified="no"><folder>images</folder><filename>036cbd683</filename><path>/home/badhon/Documents/thesis/final_dataset/ethz_1/images/036cbd683.jpg</path><source><database>Unknown</database></source><size><width>1024</width><height>1024</height><depth>3</depth></size><segmented>0</segmented><object><type>robndbox</type><name>wheat_head</name><pose>Unspecified</pose><truncated>0</truncated><difficult>0</difficult><robndbox><cx>314.0052</cx><cy>804.9162</cy><w>85.3461</w><h>31.1331</h><angle>1.08841</angle></robndbox></object><object><type>robndbox</type><name>wheat_head</name><pose>Unspecified</pose><truncated>0</truncated><difficult>0</difficult><robndbox><cx>810.2873</cx><cy>240.3302</cy><w>65.5586</w><h>34.597</h><angle>1.120203</angle></robndbox></object><object><type>robndbox</type><name>wheat_head</name><pose>Unspecified</pose><truncated>0</truncated><difficult>0</difficult><robndbox><cx>505.3021</cx><cy>848.1942</cy><w>66.4297</w><h>23.8573</h><angle>1.070084</angle></robndbox></object><object><type>robndbox</type><name>wheat_head</name><pose>Unspecified</pose><truncated>0</truncated><difficult>0</difficult><robndbox><cx>615.6653</cx><cy>528.888</cy><w>73.172</w><h>37.3142</h><angle>0.631657</angle></robndbox></object><object><type>robndbox</type><name>wheat_head</name><pose>Unspecified</pose><truncated>0</truncated><difficult>0</difficult><robndbox><cx>102.9813</cx><cy>19.6936</cy><w>102.6528</w><h>38.7321</h><angle>0.377599</angle></robndbox></object><object><type>robndbox</type><name>wheat_head</name><pose>Unspecified</pose><truncated>0</truncated><difficult>0</difficult><robndbox><cx>970.0886</cx><cy>514.1552</cy><w>122.5666</w><h>35.0826</h><angle>1.363459</angle></robndbox></object><object><type>robndbox</type><name>wheat_head</name><pose>Unspecified</pose><truncated>0</truncated><difficult>0</difficult><robndbox><cx>515.3839</cx><cy>217.0106</cy><w>59.0075</w><h>31.0637</h><angle>1.123573</angle></robndbox></object><object><type>robndbox</type><name>wheat_head</name><pose>Unspecified</pose><truncated>0</truncated><difficult>0</difficult><robndbox><cx>301.4546</cx><cy>648.118</cy><w>72.8128</w><h>21.7472</h><angle>0.950119</angle></robndbox></object><object><type>robndbox</type><name>wheat_head</name><pose>Unspecified</pose><truncated>0</truncated><difficult>0</difficult><robndbox><cx>406.3286</cx><cy>319.699</cy><w>92.0313</w><h>31.2172</h><angle>1.844193</angle></robndbox></object><object><type>robndbox</type><name>wheat_head</name><pose>Unspecified</pose><truncated>0</truncated><difficult>0</difficult><robndbox><cx>450.8311</cx><cy>398.5891</cy><w>78.2421</w><h>34.8828</h><angle>0.893082</angle></robndbox></object><object><type>robndbox</type><name>wheat_head</name><pose>Unspecified</pose><truncated>0</truncated><difficult>0</difficult><robndbox><cx>97.5379</cx><cy>922.9174</cy><w>80.9079</w><h>28.2146</h><angle>0.901022</angle></robndbox></object><object><type>robndbox</type><name>wheat_head</name><pose>Unspecified</pose><truncated>0</truncated><difficult>0</difficult><robndbox><cx>256.5002</cx><cy>497.3481</cy><w>177.9551</w><h>37.706</h><angle>0.778291</angle></robndbox></object><object><type>robndbox</type><name>wheat_head</name><pose>Unspecified</pose><truncated>0</truncated><difficult>0</difficult><robndbox><cx>831.132</cx><cy>38.3286</cy><w>68.0586</w><h>40.0456</h><angle>1.405493</angle></robndbox></object><object><type>robndbox</type><name>wheat_head</name><pose>Unspecified</pose><truncated>0</truncated><difficult>0</difficult><robndbox><cx>232.6177</cx><cy>913.3365</cy><w>101.3851</w><h>37.4335</h><angle>0.50024</angle></robndbox></object><object><type>robndbox</type><name>wheat_head</name><pose>Unspecified</pose><truncated>0</truncated><difficult>0</difficult><robndbox><cx>403.9267</cx><cy>927.4862</cy><w>108.6658</w><h>40.9499</h><angle>0.245164</angle></robndbox></object><object><type>robndbox</type><name>wheat_head</name><pose>Unspecified</pose><truncated>0</truncated><difficult>0</difficult><robndbox><cx>346.3644</cx><cy>258.3661</cy><w>60.8826</w><h>31.7966</h><angle>1.02444</angle></robndbox></object><object><type>robndbox</type><name>wheat_head</name><pose>Unspecified</pose><truncated>0</truncated><difficult>0</difficult><robndbox><cx>847.8335</cx><cy>614.8862</cy><w>50.3031</w><h>20.563</h><angle>1.184615</angle></robndbox></object><object><type>robndbox</type><name>wheat_head</name><pose>Unspecified</pose><truncated>0</truncated><difficult>0</difficult><robndbox><cx>69.6257</cx><cy>853.9694</cy><w>128.8736</w><h>47.5262</h><angle>0.529705</angle></robndbox></object><object><type>robndbox</type><name>wheat_head</name><pose>Unspecified</pose><truncated>0</truncated><difficult>0</difficult><robndbox><cx>890.5646</cx><cy>501.2418</cy><w>93.8597</w><h>37.5713</h><angle>1.353331</angle></robndbox></object><object><type>robndbox</type><name>wheat_head</name><pose>Unspecified</pose><truncated>0</truncated><difficult>0</difficult><robndbox><cx>880.2073</cx><cy>331.3562</cy><w>80.5745</w><h>29.3084</h><angle>0.80029</angle></robndbox></object><object><type>robndbox</type><name>wheat_head</name><pose>Unspecified</pose><truncated>0</truncated><difficult>0</difficult><robndbox><cx>554.0552</cx><cy>456.2159</cy><w>49.2133</w><h>28.8638</h><angle>1.488596</angle></robndbox></object><object><type>robndbox</type><name>wheat_head</name><pose>Unspecified</pose><truncated>0</truncated><difficult>0</difficult><robndbox><cx>842.3953</cx><cy>652.6381</cy><w>98.8167</w><h>33.4782</h><angle>0.984615</angle></robndbox></object><object><type>robndbox</type><name>wheat_head</name><pose>Unspecified</pose><truncated>0</truncated><difficult>0</difficult><robndbox><cx>530.6918</cx><cy>663.1845</cy><w>68.4022</w><h>19.0438</h><angle>0.840483</angle></robndbox></object><object><type>robndbox</type><name>wheat_head</name><pose>Unspecified</pose><truncated>0</truncated><difficult>0</difficult><robndbox><cx>917.7418</cx><cy>33.4388</cy><w>47.6222</w><h>28.6488</h><angle>1.350738</angle></robndbox></object><object><type>robndbox</type><name>wheat_head</name><pose>Unspecified</pose><truncated>0</truncated><difficult>0</difficult><robndbox><cx>768.7843</cx><cy>639.3716</cy><w>114.6533</w><h>45.3168</h><angle>0.648595</angle></robndbox></object><object><type>robndbox</type><name>wheat_head</name><pose>Unspecified</pose><truncated>0</truncated><difficult>0</difficult><robndbox><cx>364.5533</cx><cy>617.2312</cy><w>58.1991</w><h>35.3745</h><angle>0.934804</angle></robndbox></object><object><type>robndbox</type><name>wheat_head</name><pose>Unspecified</pose><truncated>0</truncated><difficult>0</difficult><robndbox><cx>15.6599</cx><cy>954.9294</cy><w>37.0878</w><h>25.7549</h><angle>0.991355</angle></robndbox></object><object><type>robndbox</type><name>wheat_head</name><pose>Unspecified</pose><truncated>0</truncated><difficult>0</difficult><robndbox><cx>233.3069</cx><cy>285.187</cy><w>58.2257</w><h>29.1856</h><angle>0.994727</angle></robndbox></object><object><type>robndbox</type><name>wheat_head</name><pose>Unspecified</pose><truncated>0</truncated><difficult>0</difficult><robndbox><cx>697.0011</cx><cy>547.5204</cy><w>58.4903</w><h>22.1708</h><angle>0.540311</angle></robndbox></object><object><type>robndbox</type><name>wheat_head</name><pose>Unspecified</pose><truncated>0</truncated><difficult>0</difficult><robndbox><cx>433.0428</cx><cy>148.156</cy><w>160.9171</w><h>34.1996</h><angle>1.690549</angle></robndbox></object><object><type>robndbox</type><name>wheat_head</name><pose>Unspecified</pose><truncated>0</truncated><difficult>0</difficult><robndbox><cx>462.7727</cx><cy>738.7999</cy><w>101.6936</w><h>42.5668</h><angle>0.252511</angle></robndbox></object><object><type>robndbox</type><name>wheat_head</name><pose>Unspecified</pose><truncated>0</truncated><difficult>0</difficult><robndbox><cx>212.5443</cx><cy>799.2484</cy><w>63.8961</w><h>35.956</h><angle>0.701782</angle></robndbox></object><object><type>robndbox</type><name>wheat_head</name><pose>Unspecified</pose><truncated>0</truncated><difficult>0</difficult><robndbox><cx>1006.5068</cx><cy>945.0754</cy><w>45.3071</w><h>30.256</h><angle>1.147967</angle></robndbox></object><object><type>robndbox</type><name>wheat_head</name><pose>Unspecified</pose><truncated>0</truncated><difficult>0</difficult><robndbox><cx>499.2215</cx><cy>516.7268</cy><w>73.1535</w><h>30.0563</h><angle>1.647795</angle></robndbox></object><object><type>robndbox</type><name>wheat_head</name><pose>Unspecified</pose><truncated>0</truncated><difficult>0</difficult><robndbox><cx>906.7241</cx><cy>703.0536</cy><w>72.314</w><h>40.5826</h><angle>0.227473</angle></robndbox></object><object><type>robndbox</type><name>wheat_head</name><pose>Unspecified</pose><truncated>0</truncated><difficult>0</difficult><robndbox><cx>104.8093</cx><cy>618.6141</cy><w>68.3057</w><h>35.7962</h><angle>0.695109</angle></robndbox></object><object><type>robndbox</type><name>wheat_head</name><pose>Unspecified</pose><truncated>0</truncated><difficult>0</difficult><robndbox><cx>755.2024</cx><cy>81.356</cy><w>63.5684</w><h>26.7011</h><angle>1.321592</angle></robndbox></object><object><type>robndbox</type><name>wheat_head</name><pose>Unspecified</pose><truncated>0</truncated><difficult>0</difficult><robndbox><cx>903.5592</cx><cy>86.3175</cy><w>54.2129</w><h>30.8999</h><angle>1.490411</angle></robndbox></object><object><type>robndbox</type><name>wheat_head</name><pose>Unspecified</pose><truncated>0</truncated><difficult>0</difficult><robndbox><cx>719.9958</cx><cy>49.176</cy><w>65.3579</w><h>34.5254</h><angle>1.421592</angle></robndbox></object><object><type>robndbox</type><name>wheat_head</name><pose>Unspecified</pose><truncated>0</truncated><difficult>0</difficult><robndbox><cx>59.9078</cx><cy>646.2618</cy><w>68.2002</w><h>30.3106</h><angle>0.770367</angle></robndbox></object><object><type>robndbox</type><name>wheat_head</name><pose>Unspecified</pose><truncated>0</truncated><difficult>0</difficult><robndbox><cx>753.7485</cx><cy>658.7521</cy><w>75.2002</w><h>29.3212</h><angle>1.148595</angle></robndbox></object><object><type>robndbox</type><name>wheat_head</name><pose>Unspecified</pose><truncated>0</truncated><difficult>0</difficult><robndbox><cx>906.9081</cx><cy>808.0587</cy><w>52.439</w><h>29.4727</h><angle>1.383896</angle></robndbox></object><object><type>robndbox</type><name>wheat_head</name><pose>Unspecified</pose><truncated>0</truncated><difficult>0</difficult><robndbox><cx>271.7841</cx><cy>669.6159</cy><w>75.0471</w><h>35.7989</h><angle>0.450119</angle></robndbox></object><object><type>robndbox</type><name>wheat_head</name><pose>Unspecified</pose><truncated>0</truncated><difficult>0</difficult><robndbox><cx>255.5199</cx><cy>857.9659</cy><w>61.5776</w><h>32.3326</h><angle>0.87859</angle></robndbox></object><object><type>robndbox</type><name>wheat_head</name><pose>Unspecified</pose><truncated>0</truncated><difficult>0</difficult><robndbox><cx>312.789</cx><cy>475.0512</cy><w>88.136</w><h>26.9263</h><angle>1.532724</angle></robndbox></object><object><type>robndbox</type><name>wheat_head</name><pose>Unspecified</pose><truncated>0</truncated><difficult>0</difficult><robndbox><cx>521.8991</cx><cy>970.9126</cy><w>58.103</w><h>34.0808</h><angle>0.891909</angle></robndbox></object><object><type>robndbox</type><name>wheat_head</name><pose>Unspecified</pose><truncated>0</truncated><difficult>0</difficult><robndbox><cx>327.0006</cx><cy>299.5801</cy><w>129.1508</w><h>37.117</h><angle>0.476855</angle></robndbox></object><object><type>robndbox</type><name>wheat_head</name><pose>Unspecified</pose><truncated>0</truncated><difficult>0</difficult><robndbox><cx>197.1368</cx><cy>969.9211</cy><w>112.8571</w><h>42.1804</h><angle>0.563436</angle></robndbox></object><object><type>robndbox</type><name>wheat_head</name><pose>Unspecified</pose><truncated>0</truncated><difficult>0</difficult><robndbox><cx>771.8068</cx><cy>897.139</cy><w>68.7367</w><h>33.1389</h><angle>1.527063</angle></robndbox></object><object><type>robndbox</type><name>wheat_head</name><pose>Unspecified</pose><truncated>0</truncated><difficult>0</difficult><robndbox><cx>137.6021</cx><cy>1001.6024</cy><w>39.4411</w><h>33.1315</h><angle>0.773868</angle></robndbox></object><object><type>robndbox</type><name>wheat_head</name><pose>Unspecified</pose><truncated>0</truncated><difficult>0</difficult><robndbox><cx>548.8957</cx><cy>852.4661</cy><w>77.912</w><h>31.4395</h><angle>1.481983</angle></robndbox></object><object><type>robndbox</type><name>wheat_head</name><pose>Unspecified</pose><truncated>0</truncated><difficult>0</difficult><robndbox><cx>285.7414</cx><cy>93.3037</cy><w>101.4934</w><h>34.371</h><angle>0.621243</angle></robndbox></object><object><type>robndbox</type><name>wheat_head</name><pose>Unspecified</pose><truncated>0</truncated><difficult>0</difficult><robndbox><cx>934.4553</cx><cy>341.1859</cy><w>60.4092</w><h>37.1951</h><angle>0.633721</angle></robndbox></object><object><type>robndbox</type><name>wheat_head</name><pose>Unspecified</pose><truncated>0</truncated><difficult>0</difficult><robndbox><cx>508.5377</cx><cy>658.5021</cy><w>69.4125</w><h>29.6749</h><angle>1.040483</angle></robndbox></object><object><type>robndbox</type><name>wheat_head</name><pose>Unspecified</pose><truncated>0</truncated><difficult>0</difficult><robndbox><cx>662.8331</cx><cy>642.9867</cy><w>42.4348</w><h>29.9932</h><angle>1.708179</angle></robndbox></object><object><type>robndbox</type><name>wheat_head</name><pose>Unspecified</pose><truncated>0</truncated><difficult>0</difficult><robndbox><cx>317.557</cx><cy>1001.0928</cy><w>45.3016</w><h>35.9668</h><angle>0.188388</angle></robndbox></object><object><type>robndbox</type><name>wheat_head</name><pose>Unspecified</pose><truncated>0</truncated><difficult>0</difficult><robndbox><cx>488.1573</cx><cy>287.4176</cy><w>27.9392</w><h>23.6541</h><angle>1.246911</angle></robndbox></object><object><type>robndbox</type><name>wheat_head</name><pose>Unspecified</pose><truncated>0</truncated><difficult>0</difficult><robndbox><cx>25.1772</cx><cy>599.5147</cy><w>39.6719</w><h>29.5048</h><angle>1.216775</angle></robndbox></object><object><type>robndbox</type><name>wheat_head</name><pose>Unspecified</pose><truncated>0</truncated><difficult>0</difficult><robndbox><cx>384.5</cx><cy>890.0</cy><w>33.6933</w><h>33.0017</h><angle>1.581086</angle></robndbox></object><object><type>robndbox</type><name>wheat_head</name><pose>Unspecified</pose><truncated>0</truncated><difficult>0</difficult><robndbox><cx>855.9217</cx><cy>19.2903</cy><w>34.9222</w><h>25.6488</h><angle>1.53172</angle></robndbox></object><object><type>robndbox</type><name>wheat_head</name><pose>Unspecified</pose><truncated>0</truncated><difficult>0</difficult><robndbox><cx>519.6413</cx><cy>393.5515</cy><w>58.8664</w><h>35.7969</h><angle>0.222341</angle></robndbox></object><object><type>robndbox</type><name>wheat_head</name><pose>Unspecified</pose><truncated>0</truncated><difficult>0</difficult><robndbox><cx>971.9193</cx><cy>272.4277</cy><w>87.5063</w><h>47.6391</h><angle>0.154845</angle></robndbox></object><object><type>robndbox</type><name>wheat_head</name><pose>Unspecified</pose><truncated>0</truncated><difficult>0</difficult><robndbox><cx>575.7232</cx><cy>886.8249</cy><w>58.7203</w><h>25.3506</h><angle>0.52937</angle></robndbox></object><object><type>robndbox</type><name>wheat_head</name><pose>Unspecified</pose><truncated>0</truncated><difficult>0</difficult><robndbox><cx>211.961</cx><cy>11.8895</cy><w>32.2548</w><h>26.5063</h><angle>0.038978</angle></robndbox></object><object><type>robndbox</type><name>wheat_head</name><pose>Unspecified</pose><truncated>0</truncated><difficult>0</difficult><robndbox><cx>817.3947</cx><cy>1009.5245</cy><w>40.3514</w><h>22.6083</h><angle>3.082773</angle></robndbox></object><object><type>robndbox</type><name>wheat_head</name><pose>Unspecified</pose><truncated>0</truncated><difficult>0</difficult><robndbox><cx>83.0915</cx><cy>778.2733</cy><w>64.2149</w><h>33.8635</h><angle>1.695214</angle></robndbox></object><object><type>robndbox</type><name>wheat_head</name><pose>Unspecified</pose><truncated>0</truncated><difficult>0</difficult><robndbox><cx>746.183</cx><cy>782.1759</cy><w>39.8174</w><h>29.3026</h><angle>0.926347</angle></robndbox></object><object><type>robndbox</type><name>wheat_head</name><pose>Unspecified</pose><truncated>0</truncated><difficult>0</difficult><robndbox><cx>805.3955</cx><cy>959.6913</cy><w>45.399</w><h>31.8111</h><angle>0.560249</angle></robndbox></object><object><type>robndbox</type><name>wheat_head</name><pose>Unspecified</pose><truncated>0</truncated><difficult>0</difficult><robndbox><cx>372.4402</cx><cy>155.2975</cy><w>47.1025</w><h>31.5398</h><angle>0.948561</angle></robndbox></object><object><type>robndbox</type><name>wheat_head</name><pose>Unspecified</pose><truncated>0</truncated><difficult>0</difficult><robndbox><cx>669.7244</cx><cy>324.0587</cy><w>53.3549</w><h>36.1621</h><angle>0.708099</angle></robndbox></object><object><type>robndbox</type><name>wheat_head</name><pose>Unspecified</pose><truncated>0</truncated><difficult>0</difficult><robndbox><cx>637.1019</cx><cy>419.0047</cy><w>41.3123</w><h>36.1354</h><angle>1.001332</angle></robndbox></object><object><type>robndbox</type><name>wheat_head</name><pose>Unspecified</pose><truncated>0</truncated><difficult>0</difficult><robndbox><cx>543.691</cx><cy>918.6638</cy><w>48.772</w><h>30.4751</h><angle>0.623207</angle></robndbox></object><object><type>robndbox</type><name>wheat_head</name><pose>Unspecified</pose><truncated>0</truncated><difficult>0</difficult><robndbox><cx>604.4284</cx><cy>332.4804</cy><w>52.0694</w><h>45.1587</h><angle>0.564629</angle></robndbox></object><object><type>robndbox</type><name>wheat_head</name><pose>Unspecified</pose><truncated>0</truncated><difficult>0</difficult><robndbox><cx>802.5402</cx><cy>571.1612</cy><w>57.9064</w><h>43.9957</h><angle>0.037503</angle></robndbox></object><object><type>robndbox</type><name>wheat_head</name><pose>Unspecified</pose><truncated>0</truncated><difficult>0</difficult><robndbox><cx>737.0221</cx><cy>563.3371</cy><w>92.9535</w><h>26.9005</h><angle>0.740311</angle></robndbox></object><object><type>robndbox</type><name>wheat_head</name><pose>Unspecified</pose><truncated>0</truncated><difficult>0</difficult><robndbox><cx>130.0262</cx><cy>131.0827</cy><w>45.2783</w><h>36.2113</h><angle>1.324332</angle></robndbox></object><object><type>robndbox</type><name>wheat_head</name><pose>Unspecified</pose><truncated>0</truncated><difficult>0</difficult><robndbox><cx>988.7644</cx><cy>307.0</cy><w>43.2487</w><h>42.523</h><angle>1.402347</angle></robndbox></object><object><type>robndbox</type><name>wheat_head</name><pose>Unspecified</pose><truncated>0</truncated><difficult>0</difficult><robndbox><cx>22.0691</cx><cy>1009.1508</cy><w>40.0699</w><h>28.3735</h><angle>3.082589</angle></robndbox></object><object><type>robndbox</type><name>wheat_head</name><pose>Unspecified</pose><truncated>0</truncated><difficult>0</difficult><robndbox><cx>285.7414</cx><cy>93.3037</cy><w>101.4934</w><h>34.371</h><angle>0.621243</angle></robndbox></object><object><type>robndbox</type><name>wheat_head</name><pose>Unspecified</pose><truncated>0</truncated><difficult>0</difficult><robndbox><cx>624.3782</cx><cy>631.1572</cy><w>74.1437</w><h>31.5633</h><angle>1.307658</angle></robndbox></object><object><type>robndbox</type><name>wheat_head</name><pose>Unspecified</pose><truncated>0</truncated><difficult>0</difficult><robndbox><cx>950.5366</cx><cy>8.6502</cy><w>19.9801</w><h>18.6149</h><angle>3.067335</angle></robndbox></object><object><type>robndbox</type><name>wheat_head</name><pose>Unspecified</pose><truncated>0</truncated><difficult>0</difficult><robndbox><cx>19.8883</cx><cy>31.8799</cy><w>41.7781</w><h>33.3173</h><angle>1.646973</angle></robndbox></object><object><type>robndbox</type><name>wheat_head</name><pose>Unspecified</pose><truncated>0</truncated><difficult>0</difficult><robndbox><cx>483.3687</cx><cy>357.5399</cy><w>33.9903</w><h>33.2231</h><angle>0.413809</angle></robndbox></object><object><type>robndbox</type><name>wheat_head</name><pose>Unspecified</pose><truncated>0</truncated><difficult>0</difficult><robndbox><cx>607.4284</cx><cy>331.4804</cy><w>52.0694</w><h>45.1587</h><angle>0.564629</angle></robndbox></object><object><type>robndbox</type><name>wheat_head</name><pose>Unspecified</pose><truncated>0</truncated><difficult>0</difficult><robndbox><cx>607.8915</cx><cy>592.2388</cy><w>71.446</w><h>32.4647</h><angle>0.507658</angle></robndbox></object><object><type>robndbox</type><name>wheat_head</name><pose>Unspecified</pose><truncated>0</truncated><difficult>0</difficult><robndbox><cx>584.7252</cx><cy>977.475</cy><w>144.5061</w><h>30.5691</h><angle>0.578406</angle></robndbox></object></annotation>