<annotation verified="no"><folder>images</folder><filename>041707ba8</filename><path>/home/badhon/Documents/thesis/final_dataset/ethz_1/images/041707ba8.jpg</path><source><database>Unknown</database></source><size><width>1024</width><height>1024</height><depth>3</depth></size><segmented>0</segmented><object><type>robndbox</type><name>wheat_head</name><pose>Unspecified</pose><truncated>0</truncated><difficult>0</difficult><robndbox><cx>750.8712</cx><cy>950.0297</cy><w>98.7555</w><h>42.0435</h><angle>0.595545</angle></robndbox></object><object><type>robndbox</type><name>wheat_head</name><pose>Unspecified</pose><truncated>0</truncated><difficult>0</difficult><robndbox><cx>978.9585</cx><cy>653.3676</cy><w>89.5652</w><h>34.9832</h><angle>1.009616</angle></robndbox></object><object><type>robndbox</type><name>wheat_head</name><pose>Unspecified</pose><truncated>0</truncated><difficult>0</difficult><robndbox><cx>310.8164</cx><cy>59.0394</cy><w>86.8183</w><h>31.0168</h><angle>1.206556</angle></robndbox></object><object><type>robndbox</type><name>wheat_head</name><pose>Unspecified</pose><truncated>0</truncated><difficult>0</difficult><robndbox><cx>901.6779</cx><cy>205.0499</cy><w>88.8291</w><h>34.0691</h><angle>0.950822</angle></robndbox></object><object><type>robndbox</type><name>wheat_head</name><pose>Unspecified</pose><truncated>0</truncated><difficult>0</difficult><robndbox><cx>426.2437</cx><cy>544.151</cy><w>105.1753</w><h>42.0248</h><angle>0.707497</angle></robndbox></object><object><type>robndbox</type><name>wheat_head</name><pose>Unspecified</pose><truncated>0</truncated><difficult>0</difficult><robndbox><cx>280.9338</cx><cy>160.2497</cy><w>103.2069</w><h>30.1856</h><angle>1.052291</angle></robndbox></object><object><type>robndbox</type><name>wheat_head</name><pose>Unspecified</pose><truncated>0</truncated><difficult>0</difficult><robndbox><cx>966.8597</cx><cy>447.2243</cy><w>85.8811</w><h>36.2219</h><angle>0.866838</angle></robndbox></object><object><type>robndbox</type><name>wheat_head</name><pose>Unspecified</pose><truncated>0</truncated><difficult>0</difficult><robndbox><cx>884.4303</cx><cy>986.5204</cy><w>64.0717</w><h>34.9857</h><angle>1.104935</angle></robndbox></object><object><type>robndbox</type><name>wheat_head</name><pose>Unspecified</pose><truncated>0</truncated><difficult>0</difficult><robndbox><cx>657.1483</cx><cy>48.8524</cy><w>99.9319</w><h>35.9938</h><angle>0.641838</angle></robndbox></object><object><type>robndbox</type><name>wheat_head</name><pose>Unspecified</pose><truncated>0</truncated><difficult>0</difficult><robndbox><cx>366.0983</cx><cy>614.7452</cy><w>92.1708</w><h>35.9958</h><angle>0.537998</angle></robndbox></object><object><type>robndbox</type><name>wheat_head</name><pose>Unspecified</pose><truncated>0</truncated><difficult>0</difficult><robndbox><cx>164.2634</cx><cy>120.332</cy><w>101.8312</w><h>38.6887</h><angle>0.648349</angle></robndbox></object><object><type>robndbox</type><name>wheat_head</name><pose>Unspecified</pose><truncated>0</truncated><difficult>0</difficult><robndbox><cx>380.7876</cx><cy>933.1942</cy><w>80.7957</w><h>36.3542</h><angle>0.628039</angle></robndbox></object><object><type>robndbox</type><name>wheat_head</name><pose>Unspecified</pose><truncated>0</truncated><difficult>0</difficult><robndbox><cx>970.108</cx><cy>548.4503</cy><w>73.4839</w><h>34.434</h><angle>0.511935</angle></robndbox></object><object><type>robndbox</type><name>wheat_head</name><pose>Unspecified</pose><truncated>0</truncated><difficult>0</difficult><robndbox><cx>911.4857</cx><cy>515.547</cy><w>84.1219</w><h>30.0767</h><angle>1.356548</angle></robndbox></object><object><type>robndbox</type><name>wheat_head</name><pose>Unspecified</pose><truncated>0</truncated><difficult>0</difficult><robndbox><cx>137.277</cx><cy>197.1372</cy><w>106.6771</w><h>39.4302</h><angle>0.896284</angle></robndbox></object><object><type>robndbox</type><name>wheat_head</name><pose>Unspecified</pose><truncated>0</truncated><difficult>0</difficult><robndbox><cx>41.9796</cx><cy>406.9805</cy><w>92.0639</w><h>37.4345</h><angle>0.667518</angle></robndbox></object><object><type>robndbox</type><name>wheat_head</name><pose>Unspecified</pose><truncated>0</truncated><difficult>0</difficult><robndbox><cx>766.2215</cx><cy>860.1268</cy><w>91.2857</w><h>38.8132</h><angle>0.596287</angle></robndbox></object><object><type>robndbox</type><name>wheat_head</name><pose>Unspecified</pose><truncated>0</truncated><difficult>0</difficult><robndbox><cx>905.1743</cx><cy>643.2829</cy><w>75.337</w><h>31.7997</h><angle>0.861848</angle></robndbox></object><object><type>robndbox</type><name>wheat_head</name><pose>Unspecified</pose><truncated>0</truncated><difficult>0</difficult><robndbox><cx>60.9279</cx><cy>189.1584</cy><w>68.0156</w><h>21.9461</h><angle>0.902735</angle></robndbox></object><object><type>robndbox</type><name>wheat_head</name><pose>Unspecified</pose><truncated>0</truncated><difficult>0</difficult><robndbox><cx>1011.6724</cx><cy>793.7565</cy><w>51.4941</w><h>15.8664</h><angle>1.519615</angle></robndbox></object><object><type>robndbox</type><name>wheat_head</name><pose>Unspecified</pose><truncated>0</truncated><difficult>0</difficult><robndbox><cx>36.4149</cx><cy>653.9066</cy><w>87.169</w><h>39.8205</h><angle>0.637432</angle></robndbox></object><object><type>robndbox</type><name>wheat_head</name><pose>Unspecified</pose><truncated>0</truncated><difficult>0</difficult><robndbox><cx>843.962</cx><cy>507.3323</cy><w>117.2326</w><h>35.5435</h><angle>0.914727</angle></robndbox></object><object><type>robndbox</type><name>wheat_head</name><pose>Unspecified</pose><truncated>0</truncated><difficult>0</difficult><robndbox><cx>273.4145</cx><cy>569.8569</cy><w>65.2856</w><h>23.5457</h><angle>0.699575</angle></robndbox></object><object><type>robndbox</type><name>wheat_head</name><pose>Unspecified</pose><truncated>0</truncated><difficult>0</difficult><robndbox><cx>323.4925</cx><cy>131.7013</cy><w>88.1254</w><h>31.7583</h><angle>0.450933</angle></robndbox></object><object><type>robndbox</type><name>wheat_head</name><pose>Unspecified</pose><truncated>0</truncated><difficult>0</difficult><robndbox><cx>366.5372</cx><cy>97.2463</cy><w>101.0798</w><h>30.8873</h><angle>1.115583</angle></robndbox></object><object><type>robndbox</type><name>wheat_head</name><pose>Unspecified</pose><truncated>0</truncated><difficult>0</difficult><robndbox><cx>747.9885</cx><cy>222.8422</cy><w>163.5761</w><h>40.863</h><angle>0.616758</angle></robndbox></object><object><type>robndbox</type><name>wheat_head</name><pose>Unspecified</pose><truncated>0</truncated><difficult>0</difficult><robndbox><cx>939.3372</cx><cy>957.3417</cy><w>93.6384</w><h>38.3087</h><angle>0.850934</angle></robndbox></object><object><type>robndbox</type><name>wheat_head</name><pose>Unspecified</pose><truncated>0</truncated><difficult>0</difficult><robndbox><cx>674.379</cx><cy>874.1003</cy><w>75.6345</w><h>33.4518</h><angle>0.598424</angle></robndbox></object><object><type>robndbox</type><name>wheat_head</name><pose>Unspecified</pose><truncated>0</truncated><difficult>0</difficult><robndbox><cx>638.1675</cx><cy>126.364</cy><w>77.7633</w><h>32.4529</h><angle>1.052048</angle></robndbox></object><object><type>robndbox</type><name>wheat_head</name><pose>Unspecified</pose><truncated>0</truncated><difficult>0</difficult><robndbox><cx>254.9238</cx><cy>596.6442</cy><w>125.991</w><h>29.981</h><angle>0.946755</angle></robndbox></object><object><type>robndbox</type><name>wheat_head</name><pose>Unspecified</pose><truncated>0</truncated><difficult>0</difficult><robndbox><cx>675.4455</cx><cy>647.9071</cy><w>137.1917</w><h>38.8179</h><angle>0.880646</angle></robndbox></object><object><type>robndbox</type><name>wheat_head</name><pose>Unspecified</pose><truncated>0</truncated><difficult>0</difficult><robndbox><cx>869.8248</cx><cy>426.1105</cy><w>76.2109</w><h>35.8404</h><angle>0.967023</angle></robndbox></object><object><type>robndbox</type><name>wheat_head</name><pose>Unspecified</pose><truncated>0</truncated><difficult>0</difficult><robndbox><cx>978.9395</cx><cy>274.0722</cy><w>54.7773</w><h>29.8094</h><angle>1.208619</angle></robndbox></object><object><type>robndbox</type><name>wheat_head</name><pose>Unspecified</pose><truncated>0</truncated><difficult>0</difficult><robndbox><cx>424.282</cx><cy>217.7055</cy><w>108.3159</w><h>35.1903</h><angle>0.921343</angle></robndbox></object><object><type>robndbox</type><name>wheat_head</name><pose>Unspecified</pose><truncated>0</truncated><difficult>0</difficult><robndbox><cx>282.6436</cx><cy>220.0314</cy><w>68.6478</w><h>26.9237</h><angle>1.101531</angle></robndbox></object><object><type>robndbox</type><name>wheat_head</name><pose>Unspecified</pose><truncated>0</truncated><difficult>0</difficult><robndbox><cx>668.1049</cx><cy>415.4063</cy><w>125.3967</w><h>38.9274</h><angle>0.903505</angle></robndbox></object><object><type>robndbox</type><name>wheat_head</name><pose>Unspecified</pose><truncated>0</truncated><difficult>0</difficult><robndbox><cx>752.6439</cx><cy>771.3917</cy><w>134.9168</w><h>40.3834</h><angle>1.007089</angle></robndbox></object><object><type>robndbox</type><name>wheat_head</name><pose>Unspecified</pose><truncated>0</truncated><difficult>0</difficult><robndbox><cx>498.4666</cx><cy>125.3171</cy><w>93.3934</w><h>40.1536</h><angle>0.899192</angle></robndbox></object><object><type>robndbox</type><name>wheat_head</name><pose>Unspecified</pose><truncated>0</truncated><difficult>0</difficult><robndbox><cx>746.1174</cx><cy>46.0147</cy><w>81.6757</w><h>36.228</h><angle>0.34194</angle></robndbox></object><object><type>robndbox</type><name>wheat_head</name><pose>Unspecified</pose><truncated>0</truncated><difficult>0</difficult><robndbox><cx>147.6817</cx><cy>573.5052</cy><w>119.5904</w><h>38.9566</h><angle>1.152328</angle></robndbox></object><object><type>robndbox</type><name>wheat_head</name><pose>Unspecified</pose><truncated>0</truncated><difficult>0</difficult><robndbox><cx>875.8803</cx><cy>841.527</cy><w>130.0066</w><h>42.1776</h><angle>0.951658</angle></robndbox></object><object><type>robndbox</type><name>wheat_head</name><pose>Unspecified</pose><truncated>0</truncated><difficult>0</difficult><robndbox><cx>214.152</cx><cy>883.4362</cy><w>68.59</w><h>32.076</h><angle>1.509037</angle></robndbox></object><object><type>robndbox</type><name>wheat_head</name><pose>Unspecified</pose><truncated>0</truncated><difficult>0</difficult><robndbox><cx>217.3103</cx><cy>628.3465</cy><w>88.3973</w><h>29.7082</h><angle>1.352467</angle></robndbox></object><object><type>robndbox</type><name>wheat_head</name><pose>Unspecified</pose><truncated>0</truncated><difficult>0</difficult><robndbox><cx>117.266</cx><cy>829.974</cy><w>144.1212</w><h>29.9389</h><angle>0.453073</angle></robndbox></object><object><type>robndbox</type><name>wheat_head</name><pose>Unspecified</pose><truncated>0</truncated><difficult>0</difficult><robndbox><cx>847.6824</cx><cy>105.7194</cy><w>125.7652</w><h>36.603</h><angle>1.248522</angle></robndbox></object><object><type>robndbox</type><name>wheat_head</name><pose>Unspecified</pose><truncated>0</truncated><difficult>0</difficult><robndbox><cx>804.1871</cx><cy>546.9502</cy><w>118.6442</w><h>37.0601</h><angle>1.118511</angle></robndbox></object><object><type>robndbox</type><name>wheat_head</name><pose>Unspecified</pose><truncated>0</truncated><difficult>0</difficult><robndbox><cx>548.1427</cx><cy>734.4766</cy><w>69.4037</w><h>37.8545</h><angle>0.595132</angle></robndbox></object><object><type>robndbox</type><name>wheat_head</name><pose>Unspecified</pose><truncated>0</truncated><difficult>0</difficult><robndbox><cx>636.8635</cx><cy>290.4732</cy><w>96.6778</w><h>36.2694</h><angle>0.795609</angle></robndbox></object><object><type>robndbox</type><name>wheat_head</name><pose>Unspecified</pose><truncated>0</truncated><difficult>0</difficult><robndbox><cx>914.782</cx><cy>112.3858</cy><w>125.6192</w><h>37.4413</h><angle>1.24159</angle></robndbox></object><object><type>robndbox</type><name>wheat_head</name><pose>Unspecified</pose><truncated>0</truncated><difficult>0</difficult><robndbox><cx>58.1957</cx><cy>305.5461</cy><w>119.1091</w><h>38.6262</h><angle>0.380261</angle></robndbox></object><object><type>robndbox</type><name>wheat_head</name><pose>Unspecified</pose><truncated>0</truncated><difficult>0</difficult><robndbox><cx>872.0111</cx><cy>677.4204</cy><w>45.6242</w><h>23.7372</h><angle>1.042724</angle></robndbox></object><object><type>robndbox</type><name>wheat_head</name><pose>Unspecified</pose><truncated>0</truncated><difficult>0</difficult><robndbox><cx>15.1724</cx><cy>201.4509</cy><w>59.3914</w><h>26.5183</h><angle>1.091756</angle></robndbox></object><object><type>robndbox</type><name>wheat_head</name><pose>Unspecified</pose><truncated>0</truncated><difficult>0</difficult><robndbox><cx>913.1443</cx><cy>315.3935</cy><w>173.4258</w><h>42.3747</h><angle>0.188179</angle></robndbox></object><object><type>robndbox</type><name>wheat_head</name><pose>Unspecified</pose><truncated>0</truncated><difficult>0</difficult><robndbox><cx>46.1957</cx><cy>343.1904</cy><w>97.0454</w><h>23.4255</h><angle>0.829174</angle></robndbox></object><object><type>robndbox</type><name>wheat_head</name><pose>Unspecified</pose><truncated>0</truncated><difficult>0</difficult><robndbox><cx>333.2486</cx><cy>271.0139</cy><w>69.8401</w><h>31.1668</h><angle>1.393996</angle></robndbox></object><object><type>robndbox</type><name>wheat_head</name><pose>Unspecified</pose><truncated>0</truncated><difficult>0</difficult><robndbox><cx>407.4066</cx><cy>858.5993</cy><w>92.5951</w><h>41.9089</h><angle>0.808984</angle></robndbox></object><object><type>robndbox</type><name>wheat_head</name><pose>Unspecified</pose><truncated>0</truncated><difficult>0</difficult><robndbox><cx>247.2149</cx><cy>339.9897</cy><w>194.4391</w><h>37.1037</h><angle>0.479769</angle></robndbox></object><object><type>robndbox</type><name>wheat_head</name><pose>Unspecified</pose><truncated>0</truncated><difficult>0</difficult><robndbox><cx>589.2335</cx><cy>194.1713</cy><w>73.4571</w><h>32.9121</h><angle>1.127277</angle></robndbox></object><object><type>robndbox</type><name>wheat_head</name><pose>Unspecified</pose><truncated>0</truncated><difficult>0</difficult><robndbox><cx>247.2149</cx><cy>339.9897</cy><w>194.4391</w><h>37.1037</h><angle>0.479769</angle></robndbox></object><object><type>robndbox</type><name>wheat_head</name><pose>Unspecified</pose><truncated>0</truncated><difficult>0</difficult><robndbox><cx>368.825</cx><cy>247.8604</cy><w>38.7251</w><h>22.4483</h><angle>1.3149</angle></robndbox></object><object><type>robndbox</type><name>wheat_head</name><pose>Unspecified</pose><truncated>0</truncated><difficult>0</difficult><robndbox><cx>996.0</cx><cy>22.5</cy><w>43.4867</w><h>22.7669</h><angle>2.63382</angle></robndbox></object><object><type>robndbox</type><name>wheat_head</name><pose>Unspecified</pose><truncated>0</truncated><difficult>0</difficult><robndbox><cx>709.1307</cx><cy>606.0519</cy><w>66.9923</w><h>33.4838</h><angle>0.428924</angle></robndbox></object><object><type>robndbox</type><name>wheat_head</name><pose>Unspecified</pose><truncated>0</truncated><difficult>0</difficult><robndbox><cx>441.6506</cx><cy>722.108</cy><w>123.6938</w><h>36.3024</h><angle>1.527522</angle></robndbox></object><object><type>robndbox</type><name>wheat_head</name><pose>Unspecified</pose><truncated>0</truncated><difficult>0</difficult><robndbox><cx>254.9238</cx><cy>596.6442</cy><w>125.991</w><h>29.981</h><angle>0.946755</angle></robndbox></object><object><type>robndbox</type><name>wheat_head</name><pose>Unspecified</pose><truncated>0</truncated><difficult>0</difficult><robndbox><cx>316.6189</cx><cy>988.2113</cy><w>61.4484</w><h>37.8795</h><angle>0.586383</angle></robndbox></object><object><type>robndbox</type><name>wheat_head</name><pose>Unspecified</pose><truncated>0</truncated><difficult>0</difficult><robndbox><cx>350.5</cx><cy>21.5</cy><w>45.8101</w><h>32.6068</h><angle>2.679227</angle></robndbox></object><object><type>robndbox</type><name>wheat_head</name><pose>Unspecified</pose><truncated>0</truncated><difficult>0</difficult><robndbox><cx>149.0366</cx><cy>889.8154</cy><w>52.9314</w><h>29.5854</h><angle>1.240721</angle></robndbox></object><object><type>robndbox</type><name>wheat_head</name><pose>Unspecified</pose><truncated>0</truncated><difficult>0</difficult><robndbox><cx>267.9845</cx><cy>904.8889</cy><w>68.8762</w><h>32.8472</h><angle>0.657313</angle></robndbox></object><object><type>robndbox</type><name>wheat_head</name><pose>Unspecified</pose><truncated>0</truncated><difficult>0</difficult><robndbox><cx>646.2941</cx><cy>224.2909</cy><w>64.0612</w><h>32.8075</h><angle>0.549219</angle></robndbox></object><object><type>robndbox</type><name>wheat_head</name><pose>Unspecified</pose><truncated>0</truncated><difficult>0</difficult><robndbox><cx>199.9802</cx><cy>1013.0606</cy><w>93.301</w><h>18.3116</h><angle>3.124766</angle></robndbox></object><object><type>robndbox</type><name>wheat_head</name><pose>Unspecified</pose><truncated>0</truncated><difficult>0</difficult><robndbox><cx>324.5426</cx><cy>856.8441</cy><w>67.3673</w><h>36.9727</h><angle>0.496405</angle></robndbox></object><object><type>robndbox</type><name>wheat_head</name><pose>Unspecified</pose><truncated>0</truncated><difficult>0</difficult><robndbox><cx>988.4267</cx><cy>910.8453</cy><w>51.6286</w><h>32.6726</h><angle>0.289526</angle></robndbox></object><object><type>robndbox</type><name>wheat_head</name><pose>Unspecified</pose><truncated>0</truncated><difficult>0</difficult><robndbox><cx>836.25</cx><cy>43.0093</cy><w>76.1333</w><h>31.1174</h><angle>0.236619</angle></robndbox></object><object><type>robndbox</type><name>wheat_head</name><pose>Unspecified</pose><truncated>0</truncated><difficult>0</difficult><robndbox><cx>592.7183</cx><cy>63.6215</cy><w>70.4627</w><h>30.2891</h><angle>0.210414</angle></robndbox></object><object><type>robndbox</type><name>wheat_head</name><pose>Unspecified</pose><truncated>0</truncated><difficult>0</difficult><robndbox><cx>429.3199</cx><cy>11.9875</cy><w>29.3606</w><h>27.1676</h><angle>3.062975</angle></robndbox></object><object><type>robndbox</type><name>wheat_head</name><pose>Unspecified</pose><truncated>0</truncated><difficult>0</difficult><robndbox><cx>485.2173</cx><cy>335.0707</cy><w>73.8613</w><h>25.7202</h><angle>1.553664</angle></robndbox></object><object><type>robndbox</type><name>wheat_head</name><pose>Unspecified</pose><truncated>0</truncated><difficult>0</difficult><robndbox><cx>583.7993</cx><cy>585.0354</cy><w>50.0225</w><h>33.0775</h><angle>0.325642</angle></robndbox></object><object><type>robndbox</type><name>wheat_head</name><pose>Unspecified</pose><truncated>0</truncated><difficult>0</difficult><robndbox><cx>837.8508</cx><cy>353.4204</cy><w>51.3203</w><h>29.8295</h><angle>0.623501</angle></robndbox></object><object><type>robndbox</type><name>wheat_head</name><pose>Unspecified</pose><truncated>0</truncated><difficult>0</difficult><robndbox><cx>490.5233</cx><cy>271.4718</cy><w>51.6557</w><h>33.4358</h><angle>1.5565</angle></robndbox></object><object><type>robndbox</type><name>wheat_head</name><pose>Unspecified</pose><truncated>0</truncated><difficult>0</difficult><robndbox><cx>607.7808</cx><cy>365.6056</cy><w>38.8854</w><h>22.3047</h><angle>0.771042</angle></robndbox></object><object><type>robndbox</type><name>wheat_head</name><pose>Unspecified</pose><truncated>0</truncated><difficult>0</difficult><robndbox><cx>80.0</cx><cy>1014.0</cy><w>20.3373</w><h>18.0149</h><angle>1.75317</angle></robndbox></object><object><type>robndbox</type><name>wheat_head</name><pose>Unspecified</pose><truncated>0</truncated><difficult>0</difficult><robndbox><cx>664.5169</cx><cy>737.7545</cy><w>41.344</w><h>35.1506</h><angle>1.29417</angle></robndbox></object><object><type>robndbox</type><name>wheat_head</name><pose>Unspecified</pose><truncated>0</truncated><difficult>0</difficult><robndbox><cx>15.0872</cx><cy>851.8787</cy><w>37.4731</w><h>27.8373</h><angle>0.416435</angle></robndbox></object><object><type>robndbox</type><name>wheat_head</name><pose>Unspecified</pose><truncated>0</truncated><difficult>0</difficult><robndbox><cx>65.3308</cx><cy>990.8344</cy><w>112.5805</w><h>32.8414</h><angle>3.060622</angle></robndbox></object><object><type>robndbox</type><name>wheat_head</name><pose>Unspecified</pose><truncated>0</truncated><difficult>0</difficult><robndbox><cx>540.5848</cx><cy>307.3542</cy><w>52.4903</w><h>37.0268</h><angle>2.466217</angle></robndbox></object><object><type>robndbox</type><name>wheat_head</name><pose>Unspecified</pose><truncated>0</truncated><difficult>0</difficult><robndbox><cx>239.3124</cx><cy>488.9883</cy><w>42.1077</w><h>28.644</h><angle>0.638025</angle></robndbox></object><object><type>robndbox</type><name>wheat_head</name><pose>Unspecified</pose><truncated>0</truncated><difficult>0</difficult><robndbox><cx>860.37</cx><cy>725.8948</cy><w>33.2503</w><h>26.9468</h><angle>3.056209</angle></robndbox></object><object><type>robndbox</type><name>wheat_head</name><pose>Unspecified</pose><truncated>0</truncated><difficult>0</difficult><robndbox><cx>549.427</cx><cy>313.3015</cy><w>124.3136</w><h>33.0105</h><angle>1.02928</angle></robndbox></object><object><type>robndbox</type><name>wheat_head</name><pose>Unspecified</pose><truncated>0</truncated><difficult>0</difficult><robndbox><cx>71.1574</cx><cy>696.4615</cy><w>100.1516</w><h>36.6414</h><angle>2.971818</angle></robndbox></object><object><type>robndbox</type><name>wheat_head</name><pose>Unspecified</pose><truncated>0</truncated><difficult>0</difficult><robndbox><cx>198.4947</cx><cy>360.3322</cy><w>61.4003</w><h>29.0723</h><angle>1.04155</angle></robndbox></object></annotation>