<annotation verified="no"><folder>images</folder><filename>069719eab</filename><path>/home/badhon/Documents/thesis/final_dataset/ethz_1/images/069719eab.jpg</path><source><database>Unknown</database></source><size><width>1024</width><height>1024</height><depth>3</depth></size><segmented>0</segmented><object><type>robndbox</type><name>wheat_head</name><pose>Unspecified</pose><truncated>0</truncated><difficult>0</difficult><robndbox><cx>480.1889</cx><cy>330.6495</cy><w>80.9886</w><h>33.0082</h><angle>1.004855</angle></robndbox></object><object><type>robndbox</type><name>wheat_head</name><pose>Unspecified</pose><truncated>0</truncated><difficult>0</difficult><robndbox><cx>386.0472</cx><cy>546.0587</cy><w>90.0754</w><h>38.0166</h><angle>0.889749</angle></robndbox></object><object><type>robndbox</type><name>wheat_head</name><pose>Unspecified</pose><truncated>0</truncated><difficult>0</difficult><robndbox><cx>300.2229</cx><cy>504.4323</cy><w>72.3432</w><h>37.1044</h><angle>1.148534</angle></robndbox></object><object><type>robndbox</type><name>wheat_head</name><pose>Unspecified</pose><truncated>0</truncated><difficult>0</difficult><robndbox><cx>406.9848</cx><cy>812.0671</cy><w>86.8235</w><h>39.0697</h><angle>0.922445</angle></robndbox></object><object><type>robndbox</type><name>wheat_head</name><pose>Unspecified</pose><truncated>0</truncated><difficult>0</difficult><robndbox><cx>261.3797</cx><cy>36.4879</cy><w>50.7654</w><h>24.5368</h><angle>1.414584</angle></robndbox></object><object><type>robndbox</type><name>wheat_head</name><pose>Unspecified</pose><truncated>0</truncated><difficult>0</difficult><robndbox><cx>613.0964</cx><cy>160.5948</cy><w>99.4867</w><h>38.3073</h><angle>0.603571</angle></robndbox></object><object><type>robndbox</type><name>wheat_head</name><pose>Unspecified</pose><truncated>0</truncated><difficult>0</difficult><robndbox><cx>355.9257</cx><cy>241.2713</cy><w>74.1855</w><h>37.5256</h><angle>1.328413</angle></robndbox></object><object><type>robndbox</type><name>wheat_head</name><pose>Unspecified</pose><truncated>0</truncated><difficult>0</difficult><robndbox><cx>339.5346</cx><cy>585.1602</cy><w>79.6046</w><h>41.3901</h><angle>0.650694</angle></robndbox></object><object><type>robndbox</type><name>wheat_head</name><pose>Unspecified</pose><truncated>0</truncated><difficult>0</difficult><robndbox><cx>812.5566</cx><cy>379.0545</cy><w>69.4758</w><h>56.8659</h><angle>1.294854</angle></robndbox></object><object><type>robndbox</type><name>wheat_head</name><pose>Unspecified</pose><truncated>0</truncated><difficult>0</difficult><robndbox><cx>526.9278</cx><cy>448.1943</cy><w>53.2596</w><h>33.774</h><angle>1.375148</angle></robndbox></object><object><type>robndbox</type><name>wheat_head</name><pose>Unspecified</pose><truncated>0</truncated><difficult>0</difficult><robndbox><cx>79.3711</cx><cy>832.4985</cy><w>79.5872</w><h>38.9725</h><angle>0.494001</angle></robndbox></object><object><type>robndbox</type><name>wheat_head</name><pose>Unspecified</pose><truncated>0</truncated><difficult>0</difficult><robndbox><cx>986.642</cx><cy>550.8984</cy><w>59.6587</w><h>37.4513</h><angle>0.622913</angle></robndbox></object><object><type>robndbox</type><name>wheat_head</name><pose>Unspecified</pose><truncated>0</truncated><difficult>0</difficult><robndbox><cx>951.4902</cx><cy>478.5565</cy><w>68.6897</w><h>39.3691</h><angle>1.171339</angle></robndbox></object><object><type>robndbox</type><name>wheat_head</name><pose>Unspecified</pose><truncated>0</truncated><difficult>0</difficult><robndbox><cx>86.255</cx><cy>255.5448</cy><w>61.5572</w><h>30.9584</h><angle>0.668829</angle></robndbox></object><object><type>robndbox</type><name>wheat_head</name><pose>Unspecified</pose><truncated>0</truncated><difficult>0</difficult><robndbox><cx>849.616</cx><cy>134.7786</cy><w>49.4051</w><h>31.6591</h><angle>1.281689</angle></robndbox></object><object><type>robndbox</type><name>wheat_head</name><pose>Unspecified</pose><truncated>0</truncated><difficult>0</difficult><robndbox><cx>849.4048</cx><cy>282.6612</cy><w>50.9983</w><h>27.2734</h><angle>1.364412</angle></robndbox></object><object><type>robndbox</type><name>wheat_head</name><pose>Unspecified</pose><truncated>0</truncated><difficult>0</difficult><robndbox><cx>772.2972</cx><cy>469.6645</cy><w>71.7722</w><h>38.3742</h><angle>1.480733</angle></robndbox></object><object><type>robndbox</type><name>wheat_head</name><pose>Unspecified</pose><truncated>0</truncated><difficult>0</difficult><robndbox><cx>780.1394</cx><cy>862.4368</cy><w>53.151</w><h>31.8113</h><angle>1.051009</angle></robndbox></object><object><type>robndbox</type><name>wheat_head</name><pose>Unspecified</pose><truncated>0</truncated><difficult>0</difficult><robndbox><cx>883.8309</cx><cy>23.9167</cy><w>58.1754</w><h>26.9969</h><angle>1.243497</angle></robndbox></object><object><type>robndbox</type><name>wheat_head</name><pose>Unspecified</pose><truncated>0</truncated><difficult>0</difficult><robndbox><cx>645.9802</cx><cy>867.58</cy><w>65.9784</w><h>36.4303</h><angle>1.554918</angle></robndbox></object><object><type>robndbox</type><name>wheat_head</name><pose>Unspecified</pose><truncated>0</truncated><difficult>0</difficult><robndbox><cx>215.2882</cx><cy>58.6445</cy><w>70.3251</w><h>34.5422</h><angle>0.923258</angle></robndbox></object><object><type>robndbox</type><name>wheat_head</name><pose>Unspecified</pose><truncated>0</truncated><difficult>0</difficult><robndbox><cx>927.5183</cx><cy>7.1489</cy><w>26.6996</w><h>16.0198</h><angle>3.13395</angle></robndbox></object><object><type>robndbox</type><name>wheat_head</name><pose>Unspecified</pose><truncated>0</truncated><difficult>0</difficult><robndbox><cx>33.6382</cx><cy>18.604</cy><w>55.1397</w><h>24.7941</h><angle>0.126807</angle></robndbox></object><object><type>robndbox</type><name>wheat_head</name><pose>Unspecified</pose><truncated>0</truncated><difficult>0</difficult><robndbox><cx>445.793</cx><cy>1003.0267</cy><w>38.6412</w><h>22.9624</h><angle>0.114323</angle></robndbox></object><object><type>robndbox</type><name>wheat_head</name><pose>Unspecified</pose><truncated>0</truncated><difficult>0</difficult><robndbox><cx>631.6817</cx><cy>648.225</cy><w>59.2617</w><h>37.8513</h><angle>1.23634</angle></robndbox></object><object><type>robndbox</type><name>wheat_head</name><pose>Unspecified</pose><truncated>0</truncated><difficult>0</difficult><robndbox><cx>752.4673</cx><cy>306.5761</cy><w>63.2906</w><h>38.5044</h><angle>0.572137</angle></robndbox></object><object><type>robndbox</type><name>wheat_head</name><pose>Unspecified</pose><truncated>0</truncated><difficult>0</difficult><robndbox><cx>419.5209</cx><cy>91.9324</cy><w>82.1314</w><h>41.6513</h><angle>0.834705</angle></robndbox></object><object><type>robndbox</type><name>wheat_head</name><pose>Unspecified</pose><truncated>0</truncated><difficult>0</difficult><robndbox><cx>401.7072</cx><cy>161.9209</cy><w>125.8672</w><h>35.3429</h><angle>0.955314</angle></robndbox></object><object><type>robndbox</type><name>wheat_head</name><pose>Unspecified</pose><truncated>0</truncated><difficult>0</difficult><robndbox><cx>842.2951</cx><cy>45.3107</cy><w>74.1202</w><h>29.4842</h><angle>1.55145</angle></robndbox></object><object><type>robndbox</type><name>wheat_head</name><pose>Unspecified</pose><truncated>0</truncated><difficult>0</difficult><robndbox><cx>531.3358</cx><cy>701.9949</cy><w>25.7366</w><h>23.6123</h><angle>1.356485</angle></robndbox></object><object><type>robndbox</type><name>wheat_head</name><pose>Unspecified</pose><truncated>0</truncated><difficult>0</difficult><robndbox><cx>86.6777</cx><cy>651.2115</cy><w>53.7431</w><h>35.1492</h><angle>0.263821</angle></robndbox></object><object><type>robndbox</type><name>wheat_head</name><pose>Unspecified</pose><truncated>0</truncated><difficult>0</difficult><robndbox><cx>251.9769</cx><cy>268.7368</cy><w>48.419</w><h>36.3148</h><angle>1.174162</angle></robndbox></object><object><type>robndbox</type><name>wheat_head</name><pose>Unspecified</pose><truncated>0</truncated><difficult>0</difficult><robndbox><cx>257.0509</cx><cy>742.3718</cy><w>50.8766</w><h>37.2369</h><angle>0.499211</angle></robndbox></object><object><type>robndbox</type><name>wheat_head</name><pose>Unspecified</pose><truncated>0</truncated><difficult>0</difficult><robndbox><cx>725.1373</cx><cy>20.8784</cy><w>42.9031</w><h>37.038</h><angle>1.22826</angle></robndbox></object><object><type>robndbox</type><name>wheat_head</name><pose>Unspecified</pose><truncated>0</truncated><difficult>0</difficult><robndbox><cx>32.6228</cx><cy>956.4199</cy><w>46.1985</w><h>35.1687</h><angle>1.129614</angle></robndbox></object><object><type>robndbox</type><name>wheat_head</name><pose>Unspecified</pose><truncated>0</truncated><difficult>0</difficult><robndbox><cx>932.4741</cx><cy>614.1384</cy><w>46.7261</w><h>35.8247</h><angle>0.987896</angle></robndbox></object><object><type>robndbox</type><name>wheat_head</name><pose>Unspecified</pose><truncated>0</truncated><difficult>0</difficult><robndbox><cx>471.1541</cx><cy>476.1925</cy><w>64.835</w><h>35.3383</h><angle>1.006375</angle></robndbox></object><object><type>robndbox</type><name>wheat_head</name><pose>Unspecified</pose><truncated>0</truncated><difficult>0</difficult><robndbox><cx>514.1324</cx><cy>604.4009</cy><w>54.432</w><h>31.7499</h><angle>0.926833</angle></robndbox></object><object><type>robndbox</type><name>wheat_head</name><pose>Unspecified</pose><truncated>0</truncated><difficult>0</difficult><robndbox><cx>559.0955</cx><cy>547.9096</cy><w>51.2714</w><h>35.2895</h><angle>1.481156</angle></robndbox></object><object><type>robndbox</type><name>wheat_head</name><pose>Unspecified</pose><truncated>0</truncated><difficult>0</difficult><robndbox><cx>215.7954</cx><cy>667.1081</cy><w>54.6983</w><h>36.1712</h><angle>1.209646</angle></robndbox></object><object><type>robndbox</type><name>wheat_head</name><pose>Unspecified</pose><truncated>0</truncated><difficult>0</difficult><robndbox><cx>802.932</cx><cy>270.824</cy><w>46.2609</w><h>30.8869</h><angle>1.179328</angle></robndbox></object><object><type>robndbox</type><name>wheat_head</name><pose>Unspecified</pose><truncated>0</truncated><difficult>0</difficult><robndbox><cx>612.9181</cx><cy>577.9951</cy><w>44.3116</w><h>31.4222</h><angle>1.306328</angle></robndbox></object><object><type>robndbox</type><name>wheat_head</name><pose>Unspecified</pose><truncated>0</truncated><difficult>0</difficult><robndbox><cx>408.3485</cx><cy>668.5475</cy><w>49.2719</w><h>34.8826</h><angle>1.184855</angle></robndbox></object><object><type>robndbox</type><name>wheat_head</name><pose>Unspecified</pose><truncated>0</truncated><difficult>0</difficult><robndbox><cx>401.7072</cx><cy>161.9209</cy><w>125.8672</w><h>35.3429</h><angle>0.955314</angle></robndbox></object><object><type>robndbox</type><name>wheat_head</name><pose>Unspecified</pose><truncated>0</truncated><difficult>0</difficult><robndbox><cx>560.5838</cx><cy>315.445</cy><w>58.0214</w><h>38.691</h><angle>0.451123</angle></robndbox></object><object><type>robndbox</type><name>wheat_head</name><pose>Unspecified</pose><truncated>0</truncated><difficult>0</difficult><robndbox><cx>224.0494</cx><cy>551.1891</cy><w>73.8765</w><h>31.0952</h><angle>1.277616</angle></robndbox></object><object><type>robndbox</type><name>wheat_head</name><pose>Unspecified</pose><truncated>0</truncated><difficult>0</difficult><robndbox><cx>308.9525</cx><cy>46.6497</cy><w>34.8945</w><h>24.0068</h><angle>0.697815</angle></robndbox></object><object><type>robndbox</type><name>wheat_head</name><pose>Unspecified</pose><truncated>0</truncated><difficult>0</difficult><robndbox><cx>428.4583</cx><cy>338.4527</cy><w>42.91</w><h>42.5562</h><angle>0.043851</angle></robndbox></object><object><type>robndbox</type><name>wheat_head</name><pose>Unspecified</pose><truncated>0</truncated><difficult>0</difficult><robndbox><cx>734.1473</cx><cy>721.8742</cy><w>34.7252</w><h>28.6324</h><angle>1.409027</angle></robndbox></object><object><type>robndbox</type><name>wheat_head</name><pose>Unspecified</pose><truncated>0</truncated><difficult>0</difficult><robndbox><cx>691.5534</cx><cy>750.2032</cy><w>37.3142</w><h>33.9585</h><angle>0.534024</angle></robndbox></object><object><type>robndbox</type><name>wheat_head</name><pose>Unspecified</pose><truncated>0</truncated><difficult>0</difficult><robndbox><cx>810.3841</cx><cy>591.4397</cy><w>46.1797</w><h>36.5771</h><angle>0.916866</angle></robndbox></object><object><type>robndbox</type><name>wheat_head</name><pose>Unspecified</pose><truncated>0</truncated><difficult>0</difficult><robndbox><cx>536.6804</cx><cy>999.1177</cy><w>29.6187</w><h>26.0873</h><angle>3.038056</angle></robndbox></object><object><type>robndbox</type><name>wheat_head</name><pose>Unspecified</pose><truncated>0</truncated><difficult>0</difficult><robndbox><cx>899.7007</cx><cy>392.2851</cy><w>38.184</w><h>33.1983</h><angle>1.834229</angle></robndbox></object><object><type>robndbox</type><name>wheat_head</name><pose>Unspecified</pose><truncated>0</truncated><difficult>0</difficult><robndbox><cx>613.0964</cx><cy>160.5948</cy><w>99.4867</w><h>38.3073</h><angle>0.603571</angle></robndbox></object><object><type>robndbox</type><name>wheat_head</name><pose>Unspecified</pose><truncated>0</truncated><difficult>0</difficult><robndbox><cx>47.0454</cx><cy>469.0219</cy><w>47.2617</w><h>26.7104</h><angle>0.15215</angle></robndbox></object><object><type>robndbox</type><name>wheat_head</name><pose>Unspecified</pose><truncated>0</truncated><difficult>0</difficult><robndbox><cx>911.4718</cx><cy>112.4047</cy><w>32.2208</w><h>31.405</h><angle>0.246304</angle></robndbox></object><object><type>robndbox</type><name>wheat_head</name><pose>Unspecified</pose><truncated>0</truncated><difficult>0</difficult><robndbox><cx>1003.0</cx><cy>69.5</cy><w>65.1188</w><h>26.9936</h><angle>2.271787</angle></robndbox></object><object><type>robndbox</type><name>wheat_head</name><pose>Unspecified</pose><truncated>0</truncated><difficult>0</difficult><robndbox><cx>1007.0</cx><cy>624.0</cy><w>34.3569</w><h>31.0318</h><angle>2.997323</angle></robndbox></object><object><type>robndbox</type><name>wheat_head</name><pose>Unspecified</pose><truncated>0</truncated><difficult>0</difficult><robndbox><cx>520.4985</cx><cy>945.4618</cy><w>37.2218</w><h>35.5693</h><angle>1.588599</angle></robndbox></object><object><type>robndbox</type><name>wheat_head</name><pose>Unspecified</pose><truncated>0</truncated><difficult>0</difficult><robndbox><cx>519.3171</cx><cy>653.9503</cy><w>53.9251</w><h>35.7198</h><angle>1.063571</angle></robndbox></object><object><type>robndbox</type><name>wheat_head</name><pose>Unspecified</pose><truncated>0</truncated><difficult>0</difficult><robndbox><cx>602.3307</cx><cy>204.8112</cy><w>43.1856</w><h>28.8982</h><angle>1.663553</angle></robndbox></object><object><type>robndbox</type><name>wheat_head</name><pose>Unspecified</pose><truncated>0</truncated><difficult>0</difficult><robndbox><cx>266.3084</cx><cy>629.9913</cy><w>36.1248</w><h>33.6217</h><angle>1.653938</angle></robndbox></object></annotation>