<annotation verified="no"><folder>images</folder><filename>07dc460bc</filename><path>/home/badhon/Documents/thesis/final_dataset/ethz_1/images/07dc460bc.jpg</path><source><database>Unknown</database></source><size><width>1024</width><height>1024</height><depth>3</depth></size><segmented>0</segmented><object><type>robndbox</type><name>wheat_head</name><pose>Unspecified</pose><truncated>0</truncated><difficult>0</difficult><robndbox><cx>51.1059</cx><cy>27.9141</cy><w>50.3004</w><h>29.0</h><angle>0.962432</angle></robndbox></object><object><type>robndbox</type><name>wheat_head</name><pose>Unspecified</pose><truncated>0</truncated><difficult>0</difficult><robndbox><cx>402.3193</cx><cy>212.5204</cy><w>95.7198</w><h>37.8465</h><angle>0.779736</angle></robndbox></object><object><type>robndbox</type><name>wheat_head</name><pose>Unspecified</pose><truncated>0</truncated><difficult>0</difficult><robndbox><cx>962.7615</cx><cy>767.0237</cy><w>92.1318</w><h>40.3709</h><angle>0.490377</angle></robndbox></object><object><type>robndbox</type><name>wheat_head</name><pose>Unspecified</pose><truncated>0</truncated><difficult>0</difficult><robndbox><cx>731.7661</cx><cy>101.9872</cy><w>79.4077</w><h>33.5464</h><angle>0.93733</angle></robndbox></object><object><type>robndbox</type><name>wheat_head</name><pose>Unspecified</pose><truncated>0</truncated><difficult>0</difficult><robndbox><cx>74.39</cx><cy>457.9427</cy><w>112.4047</w><h>40.9996</h><angle>0.987342</angle></robndbox></object><object><type>robndbox</type><name>wheat_head</name><pose>Unspecified</pose><truncated>0</truncated><difficult>0</difficult><robndbox><cx>477.6368</cx><cy>389.307</cy><w>160.1232</w><h>28.4226</h><angle>1.324003</angle></robndbox></object><object><type>robndbox</type><name>wheat_head</name><pose>Unspecified</pose><truncated>0</truncated><difficult>0</difficult><robndbox><cx>294.5313</cx><cy>620.7366</cy><w>172.5389</w><h>46.9353</h><angle>0.186574</angle></robndbox></object><object><type>robndbox</type><name>wheat_head</name><pose>Unspecified</pose><truncated>0</truncated><difficult>0</difficult><robndbox><cx>560.4274</cx><cy>507.7957</cy><w>111.9584</w><h>47.724</h><angle>0.904589</angle></robndbox></object><object><type>robndbox</type><name>wheat_head</name><pose>Unspecified</pose><truncated>0</truncated><difficult>0</difficult><robndbox><cx>667.4795</cx><cy>87.0636</cy><w>98.671</w><h>40.9977</h><angle>0.73733</angle></robndbox></object><object><type>robndbox</type><name>wheat_head</name><pose>Unspecified</pose><truncated>0</truncated><difficult>0</difficult><robndbox><cx>779.0</cx><cy>55.0</cy><w>43.1657</w><h>15.8235</h><angle>1.014637</angle></robndbox></object><object><type>robndbox</type><name>wheat_head</name><pose>Unspecified</pose><truncated>0</truncated><difficult>0</difficult><robndbox><cx>258.5757</cx><cy>356.8495</cy><w>104.4244</w><h>36.8457</h><angle>0.415291</angle></robndbox></object><object><type>robndbox</type><name>wheat_head</name><pose>Unspecified</pose><truncated>0</truncated><difficult>0</difficult><robndbox><cx>733.4055</cx><cy>794.9155</cy><w>87.824</w><h>38.4805</h><angle>1.224681</angle></robndbox></object><object><type>robndbox</type><name>wheat_head</name><pose>Unspecified</pose><truncated>0</truncated><difficult>0</difficult><robndbox><cx>641.5701</cx><cy>365.6477</cy><w>196.3959</w><h>51.6524</h><angle>2.257222</angle></robndbox></object><object><type>robndbox</type><name>wheat_head</name><pose>Unspecified</pose><truncated>0</truncated><difficult>0</difficult><robndbox><cx>500.043</cx><cy>880.5587</cy><w>95.4003</w><h>32.2774</h><angle>0.603625</angle></robndbox></object><object><type>robndbox</type><name>wheat_head</name><pose>Unspecified</pose><truncated>0</truncated><difficult>0</difficult><robndbox><cx>181.0369</cx><cy>387.9219</cy><w>109.9095</w><h>42.3183</h><angle>1.138478</angle></robndbox></object><object><type>robndbox</type><name>wheat_head</name><pose>Unspecified</pose><truncated>0</truncated><difficult>0</difficult><robndbox><cx>657.7141</cx><cy>720.8227</cy><w>69.5755</w><h>36.8282</h><angle>1.141624</angle></robndbox></object><object><type>robndbox</type><name>wheat_head</name><pose>Unspecified</pose><truncated>0</truncated><difficult>0</difficult><robndbox><cx>280.7281</cx><cy>161.5918</cy><w>100.5664</w><h>40.0387</h><angle>0.544791</angle></robndbox></object><object><type>robndbox</type><name>wheat_head</name><pose>Unspecified</pose><truncated>0</truncated><difficult>0</difficult><robndbox><cx>757.4238</cx><cy>696.7016</cy><w>68.1335</w><h>46.4448</h><angle>0.46932</angle></robndbox></object><object><type>robndbox</type><name>wheat_head</name><pose>Unspecified</pose><truncated>0</truncated><difficult>0</difficult><robndbox><cx>597.1493</cx><cy>45.123</cy><w>36.2436</w><h>26.8235</h><angle>1.313873</angle></robndbox></object><object><type>robndbox</type><name>wheat_head</name><pose>Unspecified</pose><truncated>0</truncated><difficult>0</difficult><robndbox><cx>500.043</cx><cy>880.5587</cy><w>95.4003</w><h>32.2774</h><angle>0.603625</angle></robndbox></object><object><type>robndbox</type><name>wheat_head</name><pose>Unspecified</pose><truncated>0</truncated><difficult>0</difficult><robndbox><cx>685.6328</cx><cy>938.4374</cy><w>53.7158</w><h>36.3408</h><angle>0.941377</angle></robndbox></object><object><type>robndbox</type><name>wheat_head</name><pose>Unspecified</pose><truncated>0</truncated><difficult>0</difficult><robndbox><cx>380.2098</cx><cy>477.3677</cy><w>130.1522</w><h>42.9314</h><angle>1.172896</angle></robndbox></object><object><type>robndbox</type><name>wheat_head</name><pose>Unspecified</pose><truncated>0</truncated><difficult>0</difficult><robndbox><cx>840.4821</cx><cy>18.724</cy><w>75.6125</w><h>39.8122</h><angle>2.707931</angle></robndbox></object><object><type>robndbox</type><name>wheat_head</name><pose>Unspecified</pose><truncated>0</truncated><difficult>0</difficult><robndbox><cx>890.6145</cx><cy>855.9031</cy><w>107.8305</w><h>37.1552</h><angle>1.490255</angle></robndbox></object><object><type>robndbox</type><name>wheat_head</name><pose>Unspecified</pose><truncated>0</truncated><difficult>0</difficult><robndbox><cx>74.1137</cx><cy>657.7584</cy><w>152.6207</w><h>38.6533</h><angle>3.128633</angle></robndbox></object><object><type>robndbox</type><name>wheat_head</name><pose>Unspecified</pose><truncated>0</truncated><difficult>0</difficult><robndbox><cx>242.9089</cx><cy>508.4772</cy><w>147.9803</w><h>48.5158</h><angle>0.76066</angle></robndbox></object><object><type>robndbox</type><name>wheat_head</name><pose>Unspecified</pose><truncated>0</truncated><difficult>0</difficult><robndbox><cx>567.1061</cx><cy>235.9286</cy><w>115.762</w><h>41.6946</h><angle>0.343393</angle></robndbox></object><object><type>robndbox</type><name>wheat_head</name><pose>Unspecified</pose><truncated>0</truncated><difficult>0</difficult><robndbox><cx>22.9491</cx><cy>161.8516</cy><w>62.0417</w><h>28.7472</h><angle>1.155143</angle></robndbox></object><object><type>robndbox</type><name>wheat_head</name><pose>Unspecified</pose><truncated>0</truncated><difficult>0</difficult><robndbox><cx>377.8515</cx><cy>16.7077</cy><w>37.4516</w><h>32.1702</h><angle>1.534371</angle></robndbox></object><object><type>robndbox</type><name>wheat_head</name><pose>Unspecified</pose><truncated>0</truncated><difficult>0</difficult><robndbox><cx>996.1221</cx><cy>643.7442</cy><w>53.712</w><h>34.2019</h><angle>1.545415</angle></robndbox></object><object><type>robndbox</type><name>wheat_head</name><pose>Unspecified</pose><truncated>0</truncated><difficult>0</difficult><robndbox><cx>129.4719</cx><cy>585.5954</cy><w>173.3327</w><h>44.8657</h><angle>0.109785</angle></robndbox></object><object><type>robndbox</type><name>wheat_head</name><pose>Unspecified</pose><truncated>0</truncated><difficult>0</difficult><robndbox><cx>549.2816</cx><cy>717.0344</cy><w>200.7525</w><h>39.8516</h><angle>0.29253</angle></robndbox></object><object><type>robndbox</type><name>wheat_head</name><pose>Unspecified</pose><truncated>0</truncated><difficult>0</difficult><robndbox><cx>807.0715</cx><cy>690.1352</cy><w>35.7288</w><h>28.7054</h><angle>0.937435</angle></robndbox></object><object><type>robndbox</type><name>wheat_head</name><pose>Unspecified</pose><truncated>0</truncated><difficult>0</difficult><robndbox><cx>770.0685</cx><cy>168.4503</cy><w>123.7596</w><h>37.5137</h><angle>0.285189</angle></robndbox></object><object><type>robndbox</type><name>wheat_head</name><pose>Unspecified</pose><truncated>0</truncated><difficult>0</difficult><robndbox><cx>251.9659</cx><cy>362.2334</cy><w>117.0779</w><h>48.1223</h><angle>1.415291</angle></robndbox></object><object><type>robndbox</type><name>wheat_head</name><pose>Unspecified</pose><truncated>0</truncated><difficult>0</difficult><robndbox><cx>636.3806</cx><cy>998.8437</cy><w>35.6013</w><h>33.0238</h><angle>1.152349</angle></robndbox></object><object><type>robndbox</type><name>wheat_head</name><pose>Unspecified</pose><truncated>0</truncated><difficult>0</difficult><robndbox><cx>88.4861</cx><cy>315.3509</cy><w>72.8801</w><h>33.8835</h><angle>1.46898</angle></robndbox></object><object><type>robndbox</type><name>wheat_head</name><pose>Unspecified</pose><truncated>0</truncated><difficult>0</difficult><robndbox><cx>836.8771</cx><cy>862.419</cy><w>45.7613</w><h>44.6629</h><angle>1.584585</angle></robndbox></object><object><type>robndbox</type><name>wheat_head</name><pose>Unspecified</pose><truncated>0</truncated><difficult>0</difficult><robndbox><cx>853.1704</cx><cy>195.8698</cy><w>164.2149</w><h>46.3169</h><angle>2.872731</angle></robndbox></object><object><type>robndbox</type><name>wheat_head</name><pose>Unspecified</pose><truncated>0</truncated><difficult>0</difficult><robndbox><cx>508.0739</cx><cy>314.5985</cy><w>199.3205</w><h>38.104</h><angle>1.379304</angle></robndbox></object><object><type>robndbox</type><name>wheat_head</name><pose>Unspecified</pose><truncated>0</truncated><difficult>0</difficult><robndbox><cx>599.6034</cx><cy>79.4501</cy><w>69.9912</w><h>34.7509</h><angle>1.813873</angle></robndbox></object><object><type>robndbox</type><name>wheat_head</name><pose>Unspecified</pose><truncated>0</truncated><difficult>0</difficult><robndbox><cx>26.4506</cx><cy>529.5104</cy><w>68.8913</w><h>34.5279</h><angle>1.024453</angle></robndbox></object><object><type>robndbox</type><name>wheat_head</name><pose>Unspecified</pose><truncated>0</truncated><difficult>0</difficult><robndbox><cx>195.275</cx><cy>629.3736</cy><w>40.4071</w><h>32.5733</h><angle>0.999878</angle></robndbox></object><object><type>robndbox</type><name>wheat_head</name><pose>Unspecified</pose><truncated>0</truncated><difficult>0</difficult><robndbox><cx>325.1963</cx><cy>941.7036</cy><w>112.5821</w><h>46.4439</h><angle>2.263667</angle></robndbox></object><object><type>robndbox</type><name>wheat_head</name><pose>Unspecified</pose><truncated>0</truncated><difficult>0</difficult><robndbox><cx>90.1499</cx><cy>609.6816</cy><w>47.7142</w><h>22.807</h><angle>3.100398</angle></robndbox></object><object><type>robndbox</type><name>wheat_head</name><pose>Unspecified</pose><truncated>0</truncated><difficult>0</difficult><robndbox><cx>69.3669</cx><cy>733.1802</cy><w>167.8333</w><h>47.2661</h><angle>2.526975</angle></robndbox></object><object><type>robndbox</type><name>wheat_head</name><pose>Unspecified</pose><truncated>0</truncated><difficult>0</difficult><robndbox><cx>474.1897</cx><cy>985.2412</cy><w>172.3055</w><h>50.706</h><angle>0.337654</angle></robndbox></object><object><type>robndbox</type><name>wheat_head</name><pose>Unspecified</pose><truncated>0</truncated><difficult>0</difficult><robndbox><cx>798.527</cx><cy>822.9784</cy><w>48.4715</w><h>35.2879</h><angle>0.651603</angle></robndbox></object><object><type>robndbox</type><name>wheat_head</name><pose>Unspecified</pose><truncated>0</truncated><difficult>0</difficult><robndbox><cx>439.46</cx><cy>557.3207</cy><w>55.3206</w><h>41.8447</h><angle>0.366312</angle></robndbox></object><object><type>robndbox</type><name>wheat_head</name><pose>Unspecified</pose><truncated>0</truncated><difficult>0</difficult><robndbox><cx>1001.7562</cx><cy>846.3225</cy><w>86.8995</w><h>30.4374</h><angle>1.288055</angle></robndbox></object><object><type>robndbox</type><name>wheat_head</name><pose>Unspecified</pose><truncated>0</truncated><difficult>0</difficult><robndbox><cx>974.3113</cx><cy>894.2548</cy><w>57.1665</w><h>38.919</h><angle>0.44895</angle></robndbox></object><object><type>robndbox</type><name>wheat_head</name><pose>Unspecified</pose><truncated>0</truncated><difficult>0</difficult><robndbox><cx>185.111</cx><cy>330.1007</cy><w>88.9622</w><h>29.7862</h><angle>0.291356</angle></robndbox></object><object><type>robndbox</type><name>wheat_head</name><pose>Unspecified</pose><truncated>0</truncated><difficult>0</difficult><robndbox><cx>99.669</cx><cy>197.0976</cy><w>98.3925</w><h>32.0883</h><angle>0.258648</angle></robndbox></object><object><type>robndbox</type><name>wheat_head</name><pose>Unspecified</pose><truncated>0</truncated><difficult>0</difficult><robndbox><cx>562.2625</cx><cy>342.5691</cy><w>49.1953</w><h>37.576</h><angle>2.909402</angle></robndbox></object><object><type>robndbox</type><name>wheat_head</name><pose>Unspecified</pose><truncated>0</truncated><difficult>0</difficult><robndbox><cx>577.1937</cx><cy>259.233</cy><w>85.6928</w><h>29.414</h><angle>0.743393</angle></robndbox></object><object><type>robndbox</type><name>wheat_head</name><pose>Unspecified</pose><truncated>0</truncated><difficult>0</difficult><robndbox><cx>541.8594</cx><cy>447.4121</cy><w>38.6005</w><h>35.2178</h><angle>1.381681</angle></robndbox></object><object><type>robndbox</type><name>wheat_head</name><pose>Unspecified</pose><truncated>0</truncated><difficult>0</difficult><robndbox><cx>771.1296</cx><cy>28.0864</cy><w>46.9649</w><h>29.996</h><angle>1.407574</angle></robndbox></object><object><type>robndbox</type><name>wheat_head</name><pose>Unspecified</pose><truncated>0</truncated><difficult>0</difficult><robndbox><cx>617.1418</cx><cy>12.6236</cy><w>36.007</w><h>30.3695</h><angle>0.03563</angle></robndbox></object><object><type>robndbox</type><name>wheat_head</name><pose>Unspecified</pose><truncated>0</truncated><difficult>0</difficult><robndbox><cx>1009.0338</cx><cy>433.7959</cy><w>34.5105</w><h>30.7454</h><angle>1.349538</angle></robndbox></object></annotation>