<annotation verified="no"><folder>images</folder><filename>07f519e11</filename><path>/home/badhon/Documents/thesis/final_dataset/ethz_1/images/07f519e11.jpg</path><source><database>Unknown</database></source><size><width>1024</width><height>1024</height><depth>3</depth></size><segmented>0</segmented><object><type>robndbox</type><name>wheat_head</name><pose>Unspecified</pose><truncated>0</truncated><difficult>0</difficult><robndbox><cx>899.4288</cx><cy>598.7074</cy><w>89.4787</w><h>36.9152</h><angle>1.109907</angle></robndbox></object><object><type>robndbox</type><name>wheat_head</name><pose>Unspecified</pose><truncated>0</truncated><difficult>0</difficult><robndbox><cx>977.181</cx><cy>38.9137</cy><w>70.535</w><h>31.1904</h><angle>1.149453</angle></robndbox></object><object><type>robndbox</type><name>wheat_head</name><pose>Unspecified</pose><truncated>0</truncated><difficult>0</difficult><robndbox><cx>689.8583</cx><cy>762.1359</cy><w>92.4598</w><h>35.4028</h><angle>0.472181</angle></robndbox></object><object><type>robndbox</type><name>wheat_head</name><pose>Unspecified</pose><truncated>0</truncated><difficult>0</difficult><robndbox><cx>599.3755</cx><cy>398.8494</cy><w>91.8918</w><h>30.3053</h><angle>1.292673</angle></robndbox></object><object><type>robndbox</type><name>wheat_head</name><pose>Unspecified</pose><truncated>0</truncated><difficult>0</difficult><robndbox><cx>887.8655</cx><cy>32.623</cy><w>72.5985</w><h>31.9064</h><angle>0.97085</angle></robndbox></object><object><type>robndbox</type><name>wheat_head</name><pose>Unspecified</pose><truncated>0</truncated><difficult>0</difficult><robndbox><cx>435.6007</cx><cy>550.7493</cy><w>91.5975</w><h>34.8212</h><angle>0.338408</angle></robndbox></object><object><type>robndbox</type><name>wheat_head</name><pose>Unspecified</pose><truncated>0</truncated><difficult>0</difficult><robndbox><cx>287.3736</cx><cy>791.558</cy><w>110.6956</w><h>38.2501</h><angle>0.975243</angle></robndbox></object><object><type>robndbox</type><name>wheat_head</name><pose>Unspecified</pose><truncated>0</truncated><difficult>0</difficult><robndbox><cx>716.6573</cx><cy>396.2958</cy><w>88.5952</w><h>33.0144</h><angle>1.087761</angle></robndbox></object><object><type>robndbox</type><name>wheat_head</name><pose>Unspecified</pose><truncated>0</truncated><difficult>0</difficult><robndbox><cx>661.7157</cx><cy>988.4532</cy><w>62.8531</w><h>35.2091</h><angle>0.650407</angle></robndbox></object><object><type>robndbox</type><name>wheat_head</name><pose>Unspecified</pose><truncated>0</truncated><difficult>0</difficult><robndbox><cx>761.7253</cx><cy>148.6389</cy><w>142.723</w><h>40.1839</h><angle>1.028111</angle></robndbox></object><object><type>robndbox</type><name>wheat_head</name><pose>Unspecified</pose><truncated>0</truncated><difficult>0</difficult><robndbox><cx>596.1028</cx><cy>156.2761</cy><w>76.991</w><h>37.4799</h><angle>0.937115</angle></robndbox></object><object><type>robndbox</type><name>wheat_head</name><pose>Unspecified</pose><truncated>0</truncated><difficult>0</difficult><robndbox><cx>522.1633</cx><cy>92.6877</cy><w>47.8734</w><h>27.4746</h><angle>0.25995</angle></robndbox></object><object><type>robndbox</type><name>wheat_head</name><pose>Unspecified</pose><truncated>0</truncated><difficult>0</difficult><robndbox><cx>201.2822</cx><cy>645.5281</cy><w>103.3355</w><h>36.9746</h><angle>0.460059</angle></robndbox></object><object><type>robndbox</type><name>wheat_head</name><pose>Unspecified</pose><truncated>0</truncated><difficult>0</difficult><robndbox><cx>283.1966</cx><cy>357.5388</cy><w>108.1708</w><h>29.6368</h><angle>0.759989</angle></robndbox></object><object><type>robndbox</type><name>wheat_head</name><pose>Unspecified</pose><truncated>0</truncated><difficult>0</difficult><robndbox><cx>633.5784</cx><cy>319.4321</cy><w>88.9032</w><h>33.4514</h><angle>0.98054</angle></robndbox></object><object><type>robndbox</type><name>wheat_head</name><pose>Unspecified</pose><truncated>0</truncated><difficult>0</difficult><robndbox><cx>94.5942</cx><cy>148.2653</cy><w>91.5841</w><h>38.1439</h><angle>0.474037</angle></robndbox></object><object><type>robndbox</type><name>wheat_head</name><pose>Unspecified</pose><truncated>0</truncated><difficult>0</difficult><robndbox><cx>403.8292</cx><cy>301.8922</cy><w>75.4951</w><h>30.5803</h><angle>0.994253</angle></robndbox></object><object><type>robndbox</type><name>wheat_head</name><pose>Unspecified</pose><truncated>0</truncated><difficult>0</difficult><robndbox><cx>867.436</cx><cy>418.8411</cy><w>117.0714</w><h>42.47</h><angle>0.606281</angle></robndbox></object><object><type>robndbox</type><name>wheat_head</name><pose>Unspecified</pose><truncated>0</truncated><difficult>0</difficult><robndbox><cx>250.6404</cx><cy>380.1437</cy><w>106.0265</w><h>32.1836</h><angle>0.599036</angle></robndbox></object><object><type>robndbox</type><name>wheat_head</name><pose>Unspecified</pose><truncated>0</truncated><difficult>0</difficult><robndbox><cx>729.1769</cx><cy>465.9964</cy><w>117.3165</w><h>36.7584</h><angle>0.62225</angle></robndbox></object><object><type>robndbox</type><name>wheat_head</name><pose>Unspecified</pose><truncated>0</truncated><difficult>0</difficult><robndbox><cx>919.1677</cx><cy>311.3092</cy><w>96.1777</w><h>39.9063</h><angle>1.259039</angle></robndbox></object><object><type>robndbox</type><name>wheat_head</name><pose>Unspecified</pose><truncated>0</truncated><difficult>0</difficult><robndbox><cx>528.5874</cx><cy>991.8013</cy><w>63.1438</w><h>30.1918</h><angle>0.327455</angle></robndbox></object><object><type>robndbox</type><name>wheat_head</name><pose>Unspecified</pose><truncated>0</truncated><difficult>0</difficult><robndbox><cx>793.2173</cx><cy>319.2575</cy><w>142.8445</w><h>42.23</h><angle>0.508248</angle></robndbox></object><object><type>robndbox</type><name>wheat_head</name><pose>Unspecified</pose><truncated>0</truncated><difficult>0</difficult><robndbox><cx>547.8965</cx><cy>510.6205</cy><w>67.5687</w><h>29.8443</h><angle>0.665584</angle></robndbox></object><object><type>robndbox</type><name>wheat_head</name><pose>Unspecified</pose><truncated>0</truncated><difficult>0</difficult><robndbox><cx>166.9102</cx><cy>682.9368</cy><w>76.9448</w><h>37.7221</h><angle>0.841562</angle></robndbox></object><object><type>robndbox</type><name>wheat_head</name><pose>Unspecified</pose><truncated>0</truncated><difficult>0</difficult><robndbox><cx>967.4922</cx><cy>987.222</cy><w>60.9571</w><h>37.4356</h><angle>0.561198</angle></robndbox></object><object><type>robndbox</type><name>wheat_head</name><pose>Unspecified</pose><truncated>0</truncated><difficult>0</difficult><robndbox><cx>150.8696</cx><cy>858.6735</cy><w>79.1726</w><h>33.6357</h><angle>0.337869</angle></robndbox></object><object><type>robndbox</type><name>wheat_head</name><pose>Unspecified</pose><truncated>0</truncated><difficult>0</difficult><robndbox><cx>26.8889</cx><cy>443.1972</cy><w>74.0048</w><h>34.5713</h><angle>0.868472</angle></robndbox></object><object><type>robndbox</type><name>wheat_head</name><pose>Unspecified</pose><truncated>0</truncated><difficult>0</difficult><robndbox><cx>632.118</cx><cy>90.7081</cy><w>114.0128</w><h>43.0028</h><angle>0.520377</angle></robndbox></object><object><type>robndbox</type><name>wheat_head</name><pose>Unspecified</pose><truncated>0</truncated><difficult>0</difficult><robndbox><cx>793.2424</cx><cy>453.7659</cy><w>51.9535</w><h>29.2081</h><angle>0.850614</angle></robndbox></object><object><type>robndbox</type><name>wheat_head</name><pose>Unspecified</pose><truncated>0</truncated><difficult>0</difficult><robndbox><cx>257.4318</cx><cy>858.6307</cy><w>59.8112</w><h>32.4354</h><angle>0.598817</angle></robndbox></object><object><type>robndbox</type><name>wheat_head</name><pose>Unspecified</pose><truncated>0</truncated><difficult>0</difficult><robndbox><cx>283.107</cx><cy>95.6632</cy><w>69.0215</w><h>24.7392</h><angle>0.689053</angle></robndbox></object><object><type>robndbox</type><name>wheat_head</name><pose>Unspecified</pose><truncated>0</truncated><difficult>0</difficult><robndbox><cx>67.8497</cx><cy>747.4424</cy><w>97.7759</w><h>36.3522</h><angle>0.598731</angle></robndbox></object><object><type>robndbox</type><name>wheat_head</name><pose>Unspecified</pose><truncated>0</truncated><difficult>0</difficult><robndbox><cx>808.3273</cx><cy>569.9313</cy><w>58.4255</w><h>32.9889</h><angle>0.319788</angle></robndbox></object><object><type>robndbox</type><name>wheat_head</name><pose>Unspecified</pose><truncated>0</truncated><difficult>0</difficult><robndbox><cx>431.5589</cx><cy>817.6841</cy><w>58.1424</w><h>30.1795</h><angle>0.355651</angle></robndbox></object><object><type>robndbox</type><name>wheat_head</name><pose>Unspecified</pose><truncated>0</truncated><difficult>0</difficult><robndbox><cx>478.7298</cx><cy>117.7352</cy><w>62.5243</w><h>32.8406</h><angle>1.255014</angle></robndbox></object><object><type>robndbox</type><name>wheat_head</name><pose>Unspecified</pose><truncated>0</truncated><difficult>0</difficult><robndbox><cx>231.6479</cx><cy>263.9453</cy><w>155.6983</w><h>39.4882</h><angle>0.973953</angle></robndbox></object><object><type>robndbox</type><name>wheat_head</name><pose>Unspecified</pose><truncated>0</truncated><difficult>0</difficult><robndbox><cx>381.8524</cx><cy>673.0583</cy><w>114.9851</w><h>30.815</h><angle>0.105129</angle></robndbox></object><object><type>robndbox</type><name>wheat_head</name><pose>Unspecified</pose><truncated>0</truncated><difficult>0</difficult><robndbox><cx>743.1718</cx><cy>885.6276</cy><w>39.5519</w><h>28.9432</h><angle>1.089229</angle></robndbox></object><object><type>robndbox</type><name>wheat_head</name><pose>Unspecified</pose><truncated>0</truncated><difficult>0</difficult><robndbox><cx>70.7045</cx><cy>100.1018</cy><w>147.8353</w><h>32.3694</h><angle>0.579794</angle></robndbox></object><object><type>robndbox</type><name>wheat_head</name><pose>Unspecified</pose><truncated>0</truncated><difficult>0</difficult><robndbox><cx>133.0339</cx><cy>986.5975</cy><w>80.4495</w><h>34.764</h><angle>0.160757</angle></robndbox></object><object><type>robndbox</type><name>wheat_head</name><pose>Unspecified</pose><truncated>0</truncated><difficult>0</difficult><robndbox><cx>477.119</cx><cy>998.2667</cy><w>44.8043</w><h>35.9496</h><angle>1.427924</angle></robndbox></object><object><type>robndbox</type><name>wheat_head</name><pose>Unspecified</pose><truncated>0</truncated><difficult>0</difficult><robndbox><cx>154.172</cx><cy>728.4127</cy><w>171.7155</w><h>36.1647</h><angle>0.117765</angle></robndbox></object><object><type>robndbox</type><name>wheat_head</name><pose>Unspecified</pose><truncated>0</truncated><difficult>0</difficult><robndbox><cx>545.8499</cx><cy>790.4023</cy><w>79.4724</w><h>27.6045</h><angle>0.237807</angle></robndbox></object><object><type>robndbox</type><name>wheat_head</name><pose>Unspecified</pose><truncated>0</truncated><difficult>0</difficult><robndbox><cx>433.7686</cx><cy>380.2028</cy><w>79.7235</w><h>46.7</h><angle>0.489726</angle></robndbox></object><object><type>robndbox</type><name>wheat_head</name><pose>Unspecified</pose><truncated>0</truncated><difficult>0</difficult><robndbox><cx>633.6794</cx><cy>874.1475</cy><w>48.9675</w><h>27.8357</h><angle>0.639692</angle></robndbox></object><object><type>robndbox</type><name>wheat_head</name><pose>Unspecified</pose><truncated>0</truncated><difficult>0</difficult><robndbox><cx>910.7667</cx><cy>12.3341</cy><w>21.0831</w><h>17.1943</h><angle>1.356619</angle></robndbox></object><object><type>robndbox</type><name>wheat_head</name><pose>Unspecified</pose><truncated>0</truncated><difficult>0</difficult><robndbox><cx>607.8737</cx><cy>750.4435</cy><w>63.4692</w><h>23.1737</h><angle>0.392205</angle></robndbox></object><object><type>robndbox</type><name>wheat_head</name><pose>Unspecified</pose><truncated>0</truncated><difficult>0</difficult><robndbox><cx>821.8849</cx><cy>261.7911</cy><w>38.6307</w><h>28.1544</h><angle>0.462394</angle></robndbox></object><object><type>robndbox</type><name>wheat_head</name><pose>Unspecified</pose><truncated>0</truncated><difficult>0</difficult><robndbox><cx>518.0</cx><cy>882.0</cy><w>30.0662</w><h>30.0382</h><angle>0.050431</angle></robndbox></object><object><type>robndbox</type><name>wheat_head</name><pose>Unspecified</pose><truncated>0</truncated><difficult>0</difficult><robndbox><cx>412.0389</cx><cy>953.1154</cy><w>67.6276</w><h>34.4658</h><angle>0.185233</angle></robndbox></object><object><type>robndbox</type><name>wheat_head</name><pose>Unspecified</pose><truncated>0</truncated><difficult>0</difficult><robndbox><cx>879.3005</cx><cy>1008.9354</cy><w>36.7729</w><h>13.2568</h><angle>3.067482</angle></robndbox></object><object><type>robndbox</type><name>wheat_head</name><pose>Unspecified</pose><truncated>0</truncated><difficult>0</difficult><robndbox><cx>552.9593</cx><cy>603.6087</cy><w>64.3686</w><h>34.8429</h><angle>3.044832</angle></robndbox></object><object><type>robndbox</type><name>wheat_head</name><pose>Unspecified</pose><truncated>0</truncated><difficult>0</difficult><robndbox><cx>247.7592</cx><cy>10.4327</cy><w>37.4516</w><h>25.1338</h><angle>0.328569</angle></robndbox></object><object><type>robndbox</type><name>wheat_head</name><pose>Unspecified</pose><truncated>0</truncated><difficult>0</difficult><robndbox><cx>555.9427</cx><cy>173.9134</cy><w>89.6997</w><h>32.7338</h><angle>0.707929</angle></robndbox></object><object><type>robndbox</type><name>wheat_head</name><pose>Unspecified</pose><truncated>0</truncated><difficult>0</difficult><robndbox><cx>617.6526</cx><cy>799.1223</cy><w>109.0803</w><h>34.4487</h><angle>0.266825</angle></robndbox></object><object><type>robndbox</type><name>wheat_head</name><pose>Unspecified</pose><truncated>0</truncated><difficult>0</difficult><robndbox><cx>174.965</cx><cy>471.6247</cy><w>45.2364</w><h>17.5458</h><angle>0.595881</angle></robndbox></object><object><type>robndbox</type><name>wheat_head</name><pose>Unspecified</pose><truncated>0</truncated><difficult>0</difficult><robndbox><cx>895.6885</cx><cy>778.0021</cy><w>62.4505</w><h>21.2421</h><angle>0.943852</angle></robndbox></object><object><type>robndbox</type><name>wheat_head</name><pose>Unspecified</pose><truncated>0</truncated><difficult>0</difficult><robndbox><cx>363.4156</cx><cy>332.4728</cy><w>70.0435</w><h>33.2448</h><angle>0.481124</angle></robndbox></object><object><type>robndbox</type><name>wheat_head</name><pose>Unspecified</pose><truncated>0</truncated><difficult>0</difficult><robndbox><cx>136.0132</cx><cy>99.0865</cy><w>50.8418</w><h>31.797</h><angle>1.543135</angle></robndbox></object><object><type>robndbox</type><name>wheat_head</name><pose>Unspecified</pose><truncated>0</truncated><difficult>0</difficult><robndbox><cx>189.9439</cx><cy>69.8957</cy><w>169.7922</w><h>35.7018</h><angle>0.696593</angle></robndbox></object><object><type>robndbox</type><name>wheat_head</name><pose>Unspecified</pose><truncated>0</truncated><difficult>0</difficult><robndbox><cx>508.3166</cx><cy>862.6569</cy><w>57.848</w><h>39.0414</h><angle>0.530548</angle></robndbox></object></annotation>