<annotation verified="no"><folder>images</folder><filename>0877092cc</filename><path>/home/badhon/Documents/thesis/final_dataset/ethz_1/images/0877092cc.jpg</path><source><database>Unknown</database></source><size><width>1024</width><height>1024</height><depth>3</depth></size><segmented>0</segmented><object><type>robndbox</type><name>wheat_head</name><pose>Unspecified</pose><truncated>0</truncated><difficult>0</difficult><robndbox><cx>406.1424</cx><cy>49.7084</cy><w>90.6093</w><h>34.7031</h><angle>0.841588</angle></robndbox></object><object><type>robndbox</type><name>wheat_head</name><pose>Unspecified</pose><truncated>0</truncated><difficult>0</difficult><robndbox><cx>904.9617</cx><cy>76.2784</cy><w>103.4775</w><h>39.4673</h><angle>1.127131</angle></robndbox></object><object><type>robndbox</type><name>wheat_head</name><pose>Unspecified</pose><truncated>0</truncated><difficult>0</difficult><robndbox><cx>433.7843</cx><cy>392.8824</cy><w>92.8198</w><h>38.2403</h><angle>0.55775</angle></robndbox></object><object><type>robndbox</type><name>wheat_head</name><pose>Unspecified</pose><truncated>0</truncated><difficult>0</difficult><robndbox><cx>1003.4326</cx><cy>61.8501</cy><w>84.2188</w><h>26.7056</h><angle>1.448762</angle></robndbox></object><object><type>robndbox</type><name>wheat_head</name><pose>Unspecified</pose><truncated>0</truncated><difficult>0</difficult><robndbox><cx>386.2898</cx><cy>213.5415</cy><w>105.7613</w><h>38.9149</h><angle>0.400112</angle></robndbox></object><object><type>robndbox</type><name>wheat_head</name><pose>Unspecified</pose><truncated>0</truncated><difficult>0</difficult><robndbox><cx>294.3191</cx><cy>103.3417</cy><w>125.8165</w><h>27.2142</h><angle>0.860734</angle></robndbox></object><object><type>robndbox</type><name>wheat_head</name><pose>Unspecified</pose><truncated>0</truncated><difficult>0</difficult><robndbox><cx>852.0455</cx><cy>358.332</cy><w>72.7989</w><h>32.4271</h><angle>0.552637</angle></robndbox></object><object><type>robndbox</type><name>wheat_head</name><pose>Unspecified</pose><truncated>0</truncated><difficult>0</difficult><robndbox><cx>779.6042</cx><cy>770.1165</cy><w>102.4547</w><h>34.095</h><angle>0.370604</angle></robndbox></object><object><type>robndbox</type><name>wheat_head</name><pose>Unspecified</pose><truncated>0</truncated><difficult>0</difficult><robndbox><cx>412.4038</cx><cy>953.8175</cy><w>96.1752</w><h>39.5561</h><angle>0.300693</angle></robndbox></object><object><type>robndbox</type><name>wheat_head</name><pose>Unspecified</pose><truncated>0</truncated><difficult>0</difficult><robndbox><cx>592.3402</cx><cy>981.3261</cy><w>69.1519</w><h>29.4508</h><angle>1.084274</angle></robndbox></object><object><type>robndbox</type><name>wheat_head</name><pose>Unspecified</pose><truncated>0</truncated><difficult>0</difficult><robndbox><cx>751.1548</cx><cy>130.2825</cy><w>86.9156</w><h>35.3031</h><angle>0.602377</angle></robndbox></object><object><type>robndbox</type><name>wheat_head</name><pose>Unspecified</pose><truncated>0</truncated><difficult>0</difficult><robndbox><cx>67.991</cx><cy>808.4241</cy><w>115.5873</w><h>39.8958</h><angle>0.314778</angle></robndbox></object><object><type>robndbox</type><name>wheat_head</name><pose>Unspecified</pose><truncated>0</truncated><difficult>0</difficult><robndbox><cx>616.264</cx><cy>56.8926</cy><w>107.9128</w><h>30.6292</h><angle>0.874432</angle></robndbox></object><object><type>robndbox</type><name>wheat_head</name><pose>Unspecified</pose><truncated>0</truncated><difficult>0</difficult><robndbox><cx>497.8374</cx><cy>82.1408</cy><w>83.4431</w><h>33.9402</h><angle>0.349352</angle></robndbox></object><object><type>robndbox</type><name>wheat_head</name><pose>Unspecified</pose><truncated>0</truncated><difficult>0</difficult><robndbox><cx>914.7913</cx><cy>268.0219</cy><w>78.3389</w><h>36.1141</h><angle>0.216413</angle></robndbox></object><object><type>robndbox</type><name>wheat_head</name><pose>Unspecified</pose><truncated>0</truncated><difficult>0</difficult><robndbox><cx>571.8653</cx><cy>420.1162</cy><w>107.229</w><h>34.9865</h><angle>0.841552</angle></robndbox></object><object><type>robndbox</type><name>wheat_head</name><pose>Unspecified</pose><truncated>0</truncated><difficult>0</difficult><robndbox><cx>929.1848</cx><cy>356.5666</cy><w>102.8088</w><h>39.3703</h><angle>0.905994</angle></robndbox></object><object><type>robndbox</type><name>wheat_head</name><pose>Unspecified</pose><truncated>0</truncated><difficult>0</difficult><robndbox><cx>466.0025</cx><cy>158.5804</cy><w>120.0631</w><h>36.662</h><angle>0.281867</angle></robndbox></object><object><type>robndbox</type><name>wheat_head</name><pose>Unspecified</pose><truncated>0</truncated><difficult>0</difficult><robndbox><cx>642.4833</cx><cy>989.4733</cy><w>63.3339</w><h>33.1184</h><angle>0.580647</angle></robndbox></object><object><type>robndbox</type><name>wheat_head</name><pose>Unspecified</pose><truncated>0</truncated><difficult>0</difficult><robndbox><cx>94.3112</cx><cy>44.3955</cy><w>71.7927</w><h>31.992</h><angle>0.60641</angle></robndbox></object><object><type>robndbox</type><name>wheat_head</name><pose>Unspecified</pose><truncated>0</truncated><difficult>0</difficult><robndbox><cx>559.7086</cx><cy>691.5853</cy><w>90.179</w><h>35.6443</h><angle>0.633531</angle></robndbox></object><object><type>robndbox</type><name>wheat_head</name><pose>Unspecified</pose><truncated>0</truncated><difficult>0</difficult><robndbox><cx>131.2143</cx><cy>124.6708</cy><w>130.5835</w><h>28.2383</h><angle>0.37438</angle></robndbox></object><object><type>robndbox</type><name>wheat_head</name><pose>Unspecified</pose><truncated>0</truncated><difficult>0</difficult><robndbox><cx>246.2444</cx><cy>797.8068</cy><w>138.972</w><h>43.7461</h><angle>0.343959</angle></robndbox></object><object><type>robndbox</type><name>wheat_head</name><pose>Unspecified</pose><truncated>0</truncated><difficult>0</difficult><robndbox><cx>558.9594</cx><cy>746.1118</cy><w>63.1623</w><h>31.8516</h><angle>0.548575</angle></robndbox></object><object><type>robndbox</type><name>wheat_head</name><pose>Unspecified</pose><truncated>0</truncated><difficult>0</difficult><robndbox><cx>102.031</cx><cy>423.9587</cy><w>58.3881</w><h>33.3901</h><angle>0.413164</angle></robndbox></object><object><type>robndbox</type><name>wheat_head</name><pose>Unspecified</pose><truncated>0</truncated><difficult>0</difficult><robndbox><cx>231.7511</cx><cy>858.6929</cy><w>93.0704</w><h>38.4778</h><angle>0.38792</angle></robndbox></object><object><type>robndbox</type><name>wheat_head</name><pose>Unspecified</pose><truncated>0</truncated><difficult>0</difficult><robndbox><cx>626.2355</cx><cy>375.594</cy><w>114.0566</w><h>32.6205</h><angle>0.680852</angle></robndbox></object><object><type>robndbox</type><name>wheat_head</name><pose>Unspecified</pose><truncated>0</truncated><difficult>0</difficult><robndbox><cx>587.4031</cx><cy>811.9246</cy><w>88.0828</w><h>45.4553</h><angle>0.327669</angle></robndbox></object><object><type>robndbox</type><name>wheat_head</name><pose>Unspecified</pose><truncated>0</truncated><difficult>0</difficult><robndbox><cx>573.7422</cx><cy>82.9602</cy><w>87.7723</w><h>29.7207</h><angle>1.069199</angle></robndbox></object><object><type>robndbox</type><name>wheat_head</name><pose>Unspecified</pose><truncated>0</truncated><difficult>0</difficult><robndbox><cx>252.8142</cx><cy>118.6054</cy><w>91.4443</w><h>28.7826</h><angle>1.128737</angle></robndbox></object><object><type>robndbox</type><name>wheat_head</name><pose>Unspecified</pose><truncated>0</truncated><difficult>0</difficult><robndbox><cx>171.8385</cx><cy>693.6808</cy><w>104.0275</w><h>34.7778</h><angle>1.445025</angle></robndbox></object><object><type>robndbox</type><name>wheat_head</name><pose>Unspecified</pose><truncated>0</truncated><difficult>0</difficult><robndbox><cx>216.0894</cx><cy>943.6774</cy><w>87.5282</w><h>40.9631</h><angle>0.505899</angle></robndbox></object><object><type>robndbox</type><name>wheat_head</name><pose>Unspecified</pose><truncated>0</truncated><difficult>0</difficult><robndbox><cx>785.7513</cx><cy>388.0507</cy><w>114.4877</w><h>38.714</h><angle>0.589157</angle></robndbox></object><object><type>robndbox</type><name>wheat_head</name><pose>Unspecified</pose><truncated>0</truncated><difficult>0</difficult><robndbox><cx>696.2638</cx><cy>383.6134</cy><w>140.2532</w><h>37.725</h><angle>0.497585</angle></robndbox></object><object><type>robndbox</type><name>wheat_head</name><pose>Unspecified</pose><truncated>0</truncated><difficult>0</difficult><robndbox><cx>793.5681</cx><cy>821.1604</cy><w>54.9032</w><h>29.8588</h><angle>0.390495</angle></robndbox></object><object><type>robndbox</type><name>wheat_head</name><pose>Unspecified</pose><truncated>0</truncated><difficult>0</difficult><robndbox><cx>675.1232</cx><cy>490.5435</cy><w>78.289</w><h>39.2133</h><angle>0.344468</angle></robndbox></object><object><type>robndbox</type><name>wheat_head</name><pose>Unspecified</pose><truncated>0</truncated><difficult>0</difficult><robndbox><cx>592.2207</cx><cy>296.615</cy><w>189.2635</w><h>39.4657</h><angle>0.504233</angle></robndbox></object><object><type>robndbox</type><name>wheat_head</name><pose>Unspecified</pose><truncated>0</truncated><difficult>0</difficult><robndbox><cx>490.7329</cx><cy>221.9745</cy><w>90.2863</w><h>27.4448</h><angle>0.16634</angle></robndbox></object><object><type>robndbox</type><name>wheat_head</name><pose>Unspecified</pose><truncated>0</truncated><difficult>0</difficult><robndbox><cx>308.0845</cx><cy>458.9396</cy><w>135.4896</w><h>45.0853</h><angle>0.571719</angle></robndbox></object><object><type>robndbox</type><name>wheat_head</name><pose>Unspecified</pose><truncated>0</truncated><difficult>0</difficult><robndbox><cx>94.3112</cx><cy>44.3955</cy><w>71.7927</w><h>31.992</h><angle>0.60641</angle></robndbox></object><object><type>robndbox</type><name>wheat_head</name><pose>Unspecified</pose><truncated>0</truncated><difficult>0</difficult><robndbox><cx>286.4797</cx><cy>984.6666</cy><w>63.0475</w><h>44.7516</h><angle>0.316017</angle></robndbox></object><object><type>robndbox</type><name>wheat_head</name><pose>Unspecified</pose><truncated>0</truncated><difficult>0</difficult><robndbox><cx>788.4742</cx><cy>69.8151</cy><w>140.2229</w><h>37.6403</h><angle>1.304175</angle></robndbox></object><object><type>robndbox</type><name>wheat_head</name><pose>Unspecified</pose><truncated>0</truncated><difficult>0</difficult><robndbox><cx>523.0542</cx><cy>977.814</cy><w>106.2301</w><h>40.1231</h><angle>0.527167</angle></robndbox></object><object><type>robndbox</type><name>wheat_head</name><pose>Unspecified</pose><truncated>0</truncated><difficult>0</difficult><robndbox><cx>17.0</cx><cy>520.0</cy><w>50.1358</w><h>26.8038</h><angle>2.217901</angle></robndbox></object><object><type>robndbox</type><name>wheat_head</name><pose>Unspecified</pose><truncated>0</truncated><difficult>0</difficult><robndbox><cx>965.8917</cx><cy>481.3149</cy><w>125.5859</w><h>39.112</h><angle>2.677759</angle></robndbox></object><object><type>robndbox</type><name>wheat_head</name><pose>Unspecified</pose><truncated>0</truncated><difficult>0</difficult><robndbox><cx>286.4797</cx><cy>984.6666</cy><w>63.0475</w><h>44.7516</h><angle>0.316017</angle></robndbox></object><object><type>robndbox</type><name>wheat_head</name><pose>Unspecified</pose><truncated>0</truncated><difficult>0</difficult><robndbox><cx>960.603</cx><cy>135.5836</cy><w>41.4385</w><h>27.6136</h><angle>0.204425</angle></robndbox></object><object><type>robndbox</type><name>wheat_head</name><pose>Unspecified</pose><truncated>0</truncated><difficult>0</difficult><robndbox><cx>382.9591</cx><cy>337.0444</cy><w>65.9013</w><h>35.97</h><angle>0.457324</angle></robndbox></object><object><type>robndbox</type><name>wheat_head</name><pose>Unspecified</pose><truncated>0</truncated><difficult>0</difficult><robndbox><cx>1011.7319</cx><cy>305.1836</cy><w>51.7726</w><h>16.7789</h><angle>1.610458</angle></robndbox></object><object><type>robndbox</type><name>wheat_head</name><pose>Unspecified</pose><truncated>0</truncated><difficult>0</difficult><robndbox><cx>536.8942</cx><cy>470.1073</cy><w>78.4218</w><h>38.2429</h><angle>0.361962</angle></robndbox></object><object><type>robndbox</type><name>wheat_head</name><pose>Unspecified</pose><truncated>0</truncated><difficult>0</difficult><robndbox><cx>934.082</cx><cy>854.9654</cy><w>67.6096</w><h>29.851</h><angle>0.135982</angle></robndbox></object><object><type>robndbox</type><name>wheat_head</name><pose>Unspecified</pose><truncated>0</truncated><difficult>0</difficult><robndbox><cx>19.1998</cx><cy>456.7665</cy><w>38.2676</w><h>32.2537</h><angle>0.386512</angle></robndbox></object><object><type>robndbox</type><name>wheat_head</name><pose>Unspecified</pose><truncated>0</truncated><difficult>0</difficult><robndbox><cx>965.8917</cx><cy>481.3149</cy><w>125.5859</w><h>39.112</h><angle>2.677759</angle></robndbox></object><object><type>robndbox</type><name>wheat_head</name><pose>Unspecified</pose><truncated>0</truncated><difficult>0</difficult><robndbox><cx>345.7422</cx><cy>293.3062</cy><w>50.7514</w><h>29.8917</h><angle>0.377183</angle></robndbox></object><object><type>robndbox</type><name>wheat_head</name><pose>Unspecified</pose><truncated>0</truncated><difficult>0</difficult><robndbox><cx>127.5455</cx><cy>744.2499</cy><w>79.275</w><h>36.224</h><angle>0.390388</angle></robndbox></object><object><type>robndbox</type><name>wheat_head</name><pose>Unspecified</pose><truncated>0</truncated><difficult>0</difficult><robndbox><cx>115.3083</cx><cy>631.9603</cy><w>112.209</w><h>27.4381</h><angle>1.108531</angle></robndbox></object><object><type>robndbox</type><name>wheat_head</name><pose>Unspecified</pose><truncated>0</truncated><difficult>0</difficult><robndbox><cx>89.0</cx><cy>1003.5</cy><w>41.0018</w><h>25.2884</h><angle>1.580136</angle></robndbox></object><object><type>robndbox</type><name>wheat_head</name><pose>Unspecified</pose><truncated>0</truncated><difficult>0</difficult><robndbox><cx>231.7511</cx><cy>858.6929</cy><w>93.0704</w><h>38.4778</h><angle>0.38792</angle></robndbox></object><object><type>robndbox</type><name>wheat_head</name><pose>Unspecified</pose><truncated>0</truncated><difficult>0</difficult><robndbox><cx>209.1317</cx><cy>456.1692</cy><w>53.5534</w><h>37.4403</h><angle>0.119373</angle></robndbox></object><object><type>robndbox</type><name>wheat_head</name><pose>Unspecified</pose><truncated>0</truncated><difficult>0</difficult><robndbox><cx>22.3664</cx><cy>838.5596</cy><w>40.9626</w><h>31.2751</h><angle>0.289929</angle></robndbox></object><object><type>robndbox</type><name>wheat_head</name><pose>Unspecified</pose><truncated>0</truncated><difficult>0</difficult><robndbox><cx>587.4031</cx><cy>811.9246</cy><w>88.0828</w><h>45.4553</h><angle>0.327669</angle></robndbox></object><object><type>robndbox</type><name>wheat_head</name><pose>Unspecified</pose><truncated>0</truncated><difficult>0</difficult><robndbox><cx>52.1266</cx><cy>589.8491</cy><w>68.0597</w><h>30.0831</h><angle>0.217318</angle></robndbox></object><object><type>robndbox</type><name>wheat_head</name><pose>Unspecified</pose><truncated>0</truncated><difficult>0</difficult><robndbox><cx>740.6131</cx><cy>702.8918</cy><w>53.4382</w><h>43.6632</h><angle>0.087958</angle></robndbox></object><object><type>robndbox</type><name>wheat_head</name><pose>Unspecified</pose><truncated>0</truncated><difficult>0</difficult><robndbox><cx>929.1848</cx><cy>356.5666</cy><w>102.8088</w><h>39.3703</h><angle>0.905994</angle></robndbox></object><object><type>robndbox</type><name>wheat_head</name><pose>Unspecified</pose><truncated>0</truncated><difficult>0</difficult><robndbox><cx>721.2319</cx><cy>645.9803</cy><w>92.8057</w><h>30.803</h><angle>3.070735</angle></robndbox></object><object><type>robndbox</type><name>wheat_head</name><pose>Unspecified</pose><truncated>0</truncated><difficult>0</difficult><robndbox><cx>797.2872</cx><cy>992.3877</cy><w>133.2416</w><h>37.0155</h><angle>0.187671</angle></robndbox></object><object><type>robndbox</type><name>wheat_head</name><pose>Unspecified</pose><truncated>0</truncated><difficult>0</difficult><robndbox><cx>53.8127</cx><cy>538.2822</cy><w>87.3862</w><h>30.8336</h><angle>2.983676</angle></robndbox></object><object><type>robndbox</type><name>wheat_head</name><pose>Unspecified</pose><truncated>0</truncated><difficult>0</difficult><robndbox><cx>383.9571</cx><cy>475.5271</cy><w>50.1479</w><h>29.633</h><angle>0.302592</angle></robndbox></object><object><type>robndbox</type><name>wheat_head</name><pose>Unspecified</pose><truncated>0</truncated><difficult>0</difficult><robndbox><cx>463.1023</cx><cy>475.2434</cy><w>85.5108</w><h>35.8857</h><angle>2.776886</angle></robndbox></object><object><type>robndbox</type><name>wheat_head</name><pose>Unspecified</pose><truncated>0</truncated><difficult>0</difficult><robndbox><cx>900.8174</cx><cy>464.2202</cy><w>68.9014</w><h>30.8434</h><angle>0.382368</angle></robndbox></object><object><type>robndbox</type><name>wheat_head</name><pose>Unspecified</pose><truncated>0</truncated><difficult>0</difficult><robndbox><cx>587.6284</cx><cy>521.5715</cy><w>38.2228</w><h>35.0659</h><angle>1.840438</angle></robndbox></object><object><type>robndbox</type><name>wheat_head</name><pose>Unspecified</pose><truncated>0</truncated><difficult>0</difficult><robndbox><cx>266.1389</cx><cy>315.6458</cy><w>145.2203</w><h>40.3352</h><angle>0.598013</angle></robndbox></object><object><type>robndbox</type><name>wheat_head</name><pose>Unspecified</pose><truncated>0</truncated><difficult>0</difficult><robndbox><cx>247.3859</cx><cy>392.8816</cy><w>41.5787</w><h>29.9738</h><angle>0.421722</angle></robndbox></object><object><type>robndbox</type><name>wheat_head</name><pose>Unspecified</pose><truncated>0</truncated><difficult>0</difficult><robndbox><cx>996.0</cx><cy>332.0</cy><w>37.6721</w><h>33.9585</h><angle>0.299054</angle></robndbox></object><object><type>robndbox</type><name>wheat_head</name><pose>Unspecified</pose><truncated>0</truncated><difficult>0</difficult><robndbox><cx>1002.8841</cx><cy>238.901</cy><w>25.9446</w><h>25.1407</h><angle>0.138368</angle></robndbox></object><object><type>robndbox</type><name>wheat_head</name><pose>Unspecified</pose><truncated>0</truncated><difficult>0</difficult><robndbox><cx>9.8466</cx><cy>353.4041</cy><w>24.6999</w><h>19.5156</h><angle>1.698032</angle></robndbox></object><object><type>robndbox</type><name>wheat_head</name><pose>Unspecified</pose><truncated>0</truncated><difficult>0</difficult><robndbox><cx>17.5</cx><cy>132.5</cy><w>58.9088</w><h>26.3201</h><angle>2.02252</angle></robndbox></object><object><type>robndbox</type><name>wheat_head</name><pose>Unspecified</pose><truncated>0</truncated><difficult>0</difficult><robndbox><cx>283.3661</cx><cy>46.7532</cy><w>123.8467</w><h>53.8756</h><angle>0.670958</angle></robndbox></object><object><type>robndbox</type><name>wheat_head</name><pose>Unspecified</pose><truncated>0</truncated><difficult>0</difficult><robndbox><cx>919.7793</cx><cy>514.2053</cy><w>63.9531</w><h>28.9118</h><angle>0.470641</angle></robndbox></object></annotation>