<annotation verified="no"><folder>images</folder><filename>10c433ecf</filename><path>/home/badhon/Documents/thesis/final_dataset/ethz_1/images/10c433ecf.jpg</path><source><database>Unknown</database></source><size><width>1024</width><height>1024</height><depth>3</depth></size><segmented>0</segmented><object><type>robndbox</type><name>wheat_head</name><pose>Unspecified</pose><truncated>0</truncated><difficult>0</difficult><robndbox><cx>134.5868</cx><cy>357.9026</cy><w>79.532</w><h>31.667</h><angle>1.210731</angle></robndbox></object><object><type>robndbox</type><name>wheat_head</name><pose>Unspecified</pose><truncated>0</truncated><difficult>0</difficult><robndbox><cx>525.0102</cx><cy>778.1077</cy><w>67.1335</w><h>32.9396</h><angle>1.029477</angle></robndbox></object><object><type>robndbox</type><name>wheat_head</name><pose>Unspecified</pose><truncated>0</truncated><difficult>0</difficult><robndbox><cx>238.1939</cx><cy>60.3373</cy><w>71.2893</w><h>18.0225</h><angle>1.288344</angle></robndbox></object><object><type>robndbox</type><name>wheat_head</name><pose>Unspecified</pose><truncated>0</truncated><difficult>0</difficult><robndbox><cx>162.1392</cx><cy>870.282</cy><w>67.8107</w><h>32.4798</h><angle>1.144519</angle></robndbox></object><object><type>robndbox</type><name>wheat_head</name><pose>Unspecified</pose><truncated>0</truncated><difficult>0</difficult><robndbox><cx>802.2773</cx><cy>582.4922</cy><w>99.6066</w><h>38.0917</h><angle>1.010192</angle></robndbox></object><object><type>robndbox</type><name>wheat_head</name><pose>Unspecified</pose><truncated>0</truncated><difficult>0</difficult><robndbox><cx>114.2291</cx><cy>183.0523</cy><w>75.3039</w><h>36.9221</h><angle>1.06956</angle></robndbox></object><object><type>robndbox</type><name>wheat_head</name><pose>Unspecified</pose><truncated>0</truncated><difficult>0</difficult><robndbox><cx>477.3332</cx><cy>498.4973</cy><w>92.3947</w><h>36.7567</h><angle>0.743089</angle></robndbox></object><object><type>robndbox</type><name>wheat_head</name><pose>Unspecified</pose><truncated>0</truncated><difficult>0</difficult><robndbox><cx>216.765</cx><cy>167.6981</cy><w>113.3543</w><h>38.0074</h><angle>1.048762</angle></robndbox></object><object><type>robndbox</type><name>wheat_head</name><pose>Unspecified</pose><truncated>0</truncated><difficult>0</difficult><robndbox><cx>77.9472</cx><cy>528.9846</cy><w>74.5849</w><h>34.278</h><angle>1.208116</angle></robndbox></object><object><type>robndbox</type><name>wheat_head</name><pose>Unspecified</pose><truncated>0</truncated><difficult>0</difficult><robndbox><cx>686.0129</cx><cy>315.2027</cy><w>107.426</w><h>37.8291</h><angle>1.145253</angle></robndbox></object><object><type>robndbox</type><name>wheat_head</name><pose>Unspecified</pose><truncated>0</truncated><difficult>0</difficult><robndbox><cx>34.8741</cx><cy>326.2674</cy><w>79.6608</w><h>41.5293</h><angle>1.185374</angle></robndbox></object><object><type>robndbox</type><name>wheat_head</name><pose>Unspecified</pose><truncated>0</truncated><difficult>0</difficult><robndbox><cx>527.4357</cx><cy>446.1579</cy><w>125.228</w><h>38.1081</h><angle>1.025433</angle></robndbox></object><object><type>robndbox</type><name>wheat_head</name><pose>Unspecified</pose><truncated>0</truncated><difficult>0</difficult><robndbox><cx>966.7236</cx><cy>199.0403</cy><w>86.7396</w><h>33.7183</h><angle>1.909929</angle></robndbox></object><object><type>robndbox</type><name>wheat_head</name><pose>Unspecified</pose><truncated>0</truncated><difficult>0</difficult><robndbox><cx>720.8221</cx><cy>605.575</cy><w>96.5163</w><h>32.0082</h><angle>1.322828</angle></robndbox></object><object><type>robndbox</type><name>wheat_head</name><pose>Unspecified</pose><truncated>0</truncated><difficult>0</difficult><robndbox><cx>365.9237</cx><cy>314.7701</cy><w>107.6857</w><h>33.6272</h><angle>1.371053</angle></robndbox></object><object><type>robndbox</type><name>wheat_head</name><pose>Unspecified</pose><truncated>0</truncated><difficult>0</difficult><robndbox><cx>139.5395</cx><cy>507.4178</cy><w>140.6955</w><h>40.2161</h><angle>0.893512</angle></robndbox></object><object><type>robndbox</type><name>wheat_head</name><pose>Unspecified</pose><truncated>0</truncated><difficult>0</difficult><robndbox><cx>11.6171</cx><cy>812.176</cy><w>51.5728</w><h>20.3827</h><angle>1.412289</angle></robndbox></object><object><type>robndbox</type><name>wheat_head</name><pose>Unspecified</pose><truncated>0</truncated><difficult>0</difficult><robndbox><cx>158.3893</cx><cy>658.8292</cy><w>79.1873</w><h>30.4003</h><angle>0.395531</angle></robndbox></object><object><type>robndbox</type><name>wheat_head</name><pose>Unspecified</pose><truncated>0</truncated><difficult>0</difficult><robndbox><cx>665.0655</cx><cy>82.7298</cy><w>104.9114</w><h>34.499</h><angle>1.335707</angle></robndbox></object><object><type>robndbox</type><name>wheat_head</name><pose>Unspecified</pose><truncated>0</truncated><difficult>0</difficult><robndbox><cx>593.1216</cx><cy>603.496</cy><w>88.2727</w><h>36.5024</h><angle>0.690508</angle></robndbox></object><object><type>robndbox</type><name>wheat_head</name><pose>Unspecified</pose><truncated>0</truncated><difficult>0</difficult><robndbox><cx>692.5755</cx><cy>464.091</cy><w>82.8335</w><h>35.1478</h><angle>0.905777</angle></robndbox></object><object><type>robndbox</type><name>wheat_head</name><pose>Unspecified</pose><truncated>0</truncated><difficult>0</difficult><robndbox><cx>371.0126</cx><cy>788.9254</cy><w>70.2508</w><h>36.1984</h><angle>0.842048</angle></robndbox></object><object><type>robndbox</type><name>wheat_head</name><pose>Unspecified</pose><truncated>0</truncated><difficult>0</difficult><robndbox><cx>924.9012</cx><cy>21.7384</cy><w>41.9281</w><h>33.0559</h><angle>2.054445</angle></robndbox></object><object><type>robndbox</type><name>wheat_head</name><pose>Unspecified</pose><truncated>0</truncated><difficult>0</difficult><robndbox><cx>363.4186</cx><cy>129.2411</cy><w>117.443</w><h>37.9436</h><angle>2.432172</angle></robndbox></object><object><type>robndbox</type><name>wheat_head</name><pose>Unspecified</pose><truncated>0</truncated><difficult>0</difficult><robndbox><cx>130.6723</cx><cy>563.8636</cy><w>67.833</w><h>31.2684</h><angle>1.109212</angle></robndbox></object><object><type>robndbox</type><name>wheat_head</name><pose>Unspecified</pose><truncated>0</truncated><difficult>0</difficult><robndbox><cx>350.432</cx><cy>518.8719</cy><w>55.1185</w><h>31.6125</h><angle>1.089261</angle></robndbox></object><object><type>robndbox</type><name>wheat_head</name><pose>Unspecified</pose><truncated>0</truncated><difficult>0</difficult><robndbox><cx>593.5278</cx><cy>880.9122</cy><w>96.6519</w><h>43.1076</h><angle>0.518881</angle></robndbox></object><object><type>robndbox</type><name>wheat_head</name><pose>Unspecified</pose><truncated>0</truncated><difficult>0</difficult><robndbox><cx>582.1815</cx><cy>231.7718</cy><w>89.8445</w><h>39.8039</h><angle>0.918606</angle></robndbox></object><object><type>robndbox</type><name>wheat_head</name><pose>Unspecified</pose><truncated>0</truncated><difficult>0</difficult><robndbox><cx>967.3543</cx><cy>884.218</cy><w>87.0525</w><h>31.6181</h><angle>1.324591</angle></robndbox></object><object><type>robndbox</type><name>wheat_head</name><pose>Unspecified</pose><truncated>0</truncated><difficult>0</difficult><robndbox><cx>150.7772</cx><cy>973.8601</cy><w>64.4275</w><h>35.7306</h><angle>0.883459</angle></robndbox></object><object><type>robndbox</type><name>wheat_head</name><pose>Unspecified</pose><truncated>0</truncated><difficult>0</difficult><robndbox><cx>809.5923</cx><cy>159.1975</cy><w>85.7434</w><h>40.1467</h><angle>1.518609</angle></robndbox></object><object><type>robndbox</type><name>wheat_head</name><pose>Unspecified</pose><truncated>0</truncated><difficult>0</difficult><robndbox><cx>347.4161</cx><cy>627.1868</cy><w>61.3729</w><h>35.5449</h><angle>0.976828</angle></robndbox></object><object><type>robndbox</type><name>wheat_head</name><pose>Unspecified</pose><truncated>0</truncated><difficult>0</difficult><robndbox><cx>683.0313</cx><cy>225.7241</cy><w>56.5925</w><h>30.3061</h><angle>0.914884</angle></robndbox></object><object><type>robndbox</type><name>wheat_head</name><pose>Unspecified</pose><truncated>0</truncated><difficult>0</difficult><robndbox><cx>497.093</cx><cy>936.4069</cy><w>61.7602</w><h>18.1281</h><angle>1.158052</angle></robndbox></object><object><type>robndbox</type><name>wheat_head</name><pose>Unspecified</pose><truncated>0</truncated><difficult>0</difficult><robndbox><cx>801.2253</cx><cy>760.1932</cy><w>79.6097</w><h>24.5889</h><angle>0.977706</angle></robndbox></object><object><type>robndbox</type><name>wheat_head</name><pose>Unspecified</pose><truncated>0</truncated><difficult>0</difficult><robndbox><cx>424.2693</cx><cy>18.5224</cy><w>32.5035</w><h>26.6583</h><angle>1.530142</angle></robndbox></object><object><type>robndbox</type><name>wheat_head</name><pose>Unspecified</pose><truncated>0</truncated><difficult>0</difficult><robndbox><cx>442.3315</cx><cy>958.0817</cy><w>91.453</w><h>35.24</h><angle>0.725928</angle></robndbox></object><object><type>robndbox</type><name>wheat_head</name><pose>Unspecified</pose><truncated>0</truncated><difficult>0</difficult><robndbox><cx>941.1496</cx><cy>538.6929</cy><w>122.9314</w><h>35.8079</h><angle>1.714272</angle></robndbox></object><object><type>robndbox</type><name>wheat_head</name><pose>Unspecified</pose><truncated>0</truncated><difficult>0</difficult><robndbox><cx>660.0971</cx><cy>605.1885</cy><w>80.515</w><h>35.8962</h><angle>1.912785</angle></robndbox></object><object><type>robndbox</type><name>wheat_head</name><pose>Unspecified</pose><truncated>0</truncated><difficult>0</difficult><robndbox><cx>743.1122</cx><cy>986.6547</cy><w>62.5399</w><h>31.551</h><angle>2.461983</angle></robndbox></object><object><type>robndbox</type><name>wheat_head</name><pose>Unspecified</pose><truncated>0</truncated><difficult>0</difficult><robndbox><cx>480.5373</cx><cy>635.7502</cy><w>58.8324</w><h>35.595</h><angle>0.948815</angle></robndbox></object><object><type>robndbox</type><name>wheat_head</name><pose>Unspecified</pose><truncated>0</truncated><difficult>0</difficult><robndbox><cx>1002.5381</cx><cy>783.4402</cy><w>67.2885</w><h>27.2157</h><angle>1.707133</angle></robndbox></object><object><type>robndbox</type><name>wheat_head</name><pose>Unspecified</pose><truncated>0</truncated><difficult>0</difficult><robndbox><cx>310.2824</cx><cy>914.2355</cy><w>60.7616</w><h>31.5014</h><angle>0.875455</angle></robndbox></object><object><type>robndbox</type><name>wheat_head</name><pose>Unspecified</pose><truncated>0</truncated><difficult>0</difficult><robndbox><cx>223.3014</cx><cy>80.9133</cy><w>65.4755</w><h>23.6507</h><angle>1.288344</angle></robndbox></object><object><type>robndbox</type><name>wheat_head</name><pose>Unspecified</pose><truncated>0</truncated><difficult>0</difficult><robndbox><cx>250.8627</cx><cy>339.2552</cy><w>43.2959</w><h>30.1725</h><angle>1.60205</angle></robndbox></object><object><type>robndbox</type><name>wheat_head</name><pose>Unspecified</pose><truncated>0</truncated><difficult>0</difficult><robndbox><cx>836.242</cx><cy>188.9895</cy><w>113.744</w><h>38.25</h><angle>1.718609</angle></robndbox></object><object><type>robndbox</type><name>wheat_head</name><pose>Unspecified</pose><truncated>0</truncated><difficult>0</difficult><robndbox><cx>957.8947</cx><cy>92.3458</cy><w>94.6882</w><h>36.0762</h><angle>1.700085</angle></robndbox></object><object><type>robndbox</type><name>wheat_head</name><pose>Unspecified</pose><truncated>0</truncated><difficult>0</difficult><robndbox><cx>810.8646</cx><cy>887.4028</cy><w>44.7237</w><h>29.5854</h><angle>1.051546</angle></robndbox></object><object><type>robndbox</type><name>wheat_head</name><pose>Unspecified</pose><truncated>0</truncated><difficult>0</difficult><robndbox><cx>963.3855</cx><cy>435.9905</cy><w>66.6569</w><h>27.5039</h><angle>1.316872</angle></robndbox></object><object><type>robndbox</type><name>wheat_head</name><pose>Unspecified</pose><truncated>0</truncated><difficult>0</difficult><robndbox><cx>486.0005</cx><cy>956.6675</cy><w>80.0344</w><h>35.5352</h><angle>1.258052</angle></robndbox></object><object><type>robndbox</type><name>wheat_head</name><pose>Unspecified</pose><truncated>0</truncated><difficult>0</difficult><robndbox><cx>756.8467</cx><cy>855.4106</cy><w>40.8015</w><h>27.4122</h><angle>1.270493</angle></robndbox></object><object><type>robndbox</type><name>wheat_head</name><pose>Unspecified</pose><truncated>0</truncated><difficult>0</difficult><robndbox><cx>314.1699</cx><cy>674.4958</cy><w>40.534</w><h>26.6088</h><angle>1.403259</angle></robndbox></object><object><type>robndbox</type><name>wheat_head</name><pose>Unspecified</pose><truncated>0</truncated><difficult>0</difficult><robndbox><cx>938.2915</cx><cy>421.1252</cy><w>88.2927</w><h>28.4998</h><angle>1.657135</angle></robndbox></object><object><type>robndbox</type><name>wheat_head</name><pose>Unspecified</pose><truncated>0</truncated><difficult>0</difficult><robndbox><cx>521.534</cx><cy>876.7335</cy><w>43.1511</w><h>29.5589</h><angle>1.913557</angle></robndbox></object><object><type>robndbox</type><name>wheat_head</name><pose>Unspecified</pose><truncated>0</truncated><difficult>0</difficult><robndbox><cx>56.9568</cx><cy>714.3242</cy><w>100.0185</w><h>43.1917</h><angle>0.159167</angle></robndbox></object><object><type>robndbox</type><name>wheat_head</name><pose>Unspecified</pose><truncated>0</truncated><difficult>0</difficult><robndbox><cx>21.9474</cx><cy>344.7541</cy><w>30.0819</w><h>25.0139</h><angle>1.039624</angle></robndbox></object><object><type>robndbox</type><name>wheat_head</name><pose>Unspecified</pose><truncated>0</truncated><difficult>0</difficult><robndbox><cx>811.8542</cx><cy>480.597</cy><w>53.3359</w><h>30.1412</h><angle>1.611281</angle></robndbox></object><object><type>robndbox</type><name>wheat_head</name><pose>Unspecified</pose><truncated>0</truncated><difficult>0</difficult><robndbox><cx>1002.6906</cx><cy>252.558</cy><w>60.2573</w><h>28.341</h><angle>1.095999</angle></robndbox></object><object><type>robndbox</type><name>wheat_head</name><pose>Unspecified</pose><truncated>0</truncated><difficult>0</difficult><robndbox><cx>137.3243</cx><cy>13.7933</cy><w>37.0109</w><h>30.5983</h><angle>0.258486</angle></robndbox></object><object><type>robndbox</type><name>wheat_head</name><pose>Unspecified</pose><truncated>0</truncated><difficult>0</difficult><robndbox><cx>780.5897</cx><cy>768.9246</cy><w>105.4752</w><h>40.5137</h><angle>0.977706</angle></robndbox></object><object><type>robndbox</type><name>wheat_head</name><pose>Unspecified</pose><truncated>0</truncated><difficult>0</difficult><robndbox><cx>840.7631</cx><cy>705.1315</cy><w>76.1593</w><h>35.44</h><angle>2.90885</angle></robndbox></object><object><type>robndbox</type><name>wheat_head</name><pose>Unspecified</pose><truncated>0</truncated><difficult>0</difficult><robndbox><cx>8.9291</cx><cy>919.6909</cy><w>31.9573</w><h>14.2828</h><angle>1.584022</angle></robndbox></object><object><type>robndbox</type><name>wheat_head</name><pose>Unspecified</pose><truncated>0</truncated><difficult>0</difficult><robndbox><cx>25.6538</cx><cy>650.2302</cy><w>38.3104</w><h>30.2568</h><angle>1.107613</angle></robndbox></object><object><type>robndbox</type><name>wheat_head</name><pose>Unspecified</pose><truncated>0</truncated><difficult>0</difficult><robndbox><cx>769.1664</cx><cy>299.518</cy><w>78.0262</w><h>39.341</h><angle>0.047354</angle></robndbox></object><object><type>robndbox</type><name>wheat_head</name><pose>Unspecified</pose><truncated>0</truncated><difficult>0</difficult><robndbox><cx>10.0</cx><cy>17.5</cy><w>20.827</w><h>11.9793</h><angle>2.858837</angle></robndbox></object><object><type>robndbox</type><name>wheat_head</name><pose>Unspecified</pose><truncated>0</truncated><difficult>0</difficult><robndbox><cx>1011.4272</cx><cy>860.7162</cy><w>59.0555</w><h>17.517</h><angle>1.534743</angle></robndbox></object><object><type>robndbox</type><name>wheat_head</name><pose>Unspecified</pose><truncated>0</truncated><difficult>0</difficult><robndbox><cx>775.0021</cx><cy>678.4277</cy><w>40.1547</w><h>37.0648</h><angle>1.436496</angle></robndbox></object><object><type>robndbox</type><name>wheat_head</name><pose>Unspecified</pose><truncated>0</truncated><difficult>0</difficult><robndbox><cx>137.3243</cx><cy>13.7933</cy><w>37.0109</w><h>30.5983</h><angle>0.258486</angle></robndbox></object><object><type>robndbox</type><name>wheat_head</name><pose>Unspecified</pose><truncated>0</truncated><difficult>0</difficult><robndbox><cx>481.5373</cx><cy>638.7502</cy><w>58.8324</w><h>35.595</h><angle>1.048815</angle></robndbox></object><object><type>robndbox</type><name>wheat_head</name><pose>Unspecified</pose><truncated>0</truncated><difficult>0</difficult><robndbox><cx>720.8221</cx><cy>605.575</cy><w>96.5163</w><h>32.0082</h><angle>1.322828</angle></robndbox></object><object><type>robndbox</type><name>wheat_head</name><pose>Unspecified</pose><truncated>0</truncated><difficult>0</difficult><robndbox><cx>543.7133</cx><cy>675.1697</cy><w>109.3724</w><h>40.9844</h><angle>2.969743</angle></robndbox></object><object><type>robndbox</type><name>wheat_head</name><pose>Unspecified</pose><truncated>0</truncated><difficult>0</difficult><robndbox><cx>538.6647</cx><cy>637.9334</cy><w>39.2587</w><h>33.3504</h><angle>0.109513</angle></robndbox></object><object><type>robndbox</type><name>wheat_head</name><pose>Unspecified</pose><truncated>0</truncated><difficult>0</difficult><robndbox><cx>438.7826</cx><cy>643.1289</cy><w>40.0</w><h>24.2187</h><angle>0.0</angle></robndbox></object></annotation>