<annotation verified="no"><folder>images</folder><filename>132a92818</filename><path>/home/badhon/Documents/thesis/final_dataset/ethz_1/images/132a92818.jpg</path><source><database>Unknown</database></source><size><width>1024</width><height>1024</height><depth>3</depth></size><segmented>0</segmented><object><type>robndbox</type><name>wheat_head</name><pose>Unspecified</pose><truncated>0</truncated><difficult>0</difficult><robndbox><cx>811.6194</cx><cy>405.4015</cy><w>89.3406</w><h>35.5879</h><angle>0.612492</angle></robndbox></object><object><type>robndbox</type><name>wheat_head</name><pose>Unspecified</pose><truncated>0</truncated><difficult>0</difficult><robndbox><cx>1004.3774</cx><cy>457.1666</cy><w>35.3531</w><h>25.877</h><angle>1.313056</angle></robndbox></object><object><type>robndbox</type><name>wheat_head</name><pose>Unspecified</pose><truncated>0</truncated><difficult>0</difficult><robndbox><cx>480.5321</cx><cy>665.5976</cy><w>99.9806</w><h>32.7779</h><angle>0.45909</angle></robndbox></object><object><type>robndbox</type><name>wheat_head</name><pose>Unspecified</pose><truncated>0</truncated><difficult>0</difficult><robndbox><cx>598.3959</cx><cy>64.9698</cy><w>91.6319</w><h>36.1613</h><angle>0.915073</angle></robndbox></object><object><type>robndbox</type><name>wheat_head</name><pose>Unspecified</pose><truncated>0</truncated><difficult>0</difficult><robndbox><cx>477.9455</cx><cy>93.0259</cy><w>85.3738</w><h>33.4143</h><angle>1.02411</angle></robndbox></object><object><type>robndbox</type><name>wheat_head</name><pose>Unspecified</pose><truncated>0</truncated><difficult>0</difficult><robndbox><cx>706.9369</cx><cy>678.317</cy><w>95.3211</w><h>35.457</h><angle>0.822287</angle></robndbox></object><object><type>robndbox</type><name>wheat_head</name><pose>Unspecified</pose><truncated>0</truncated><difficult>0</difficult><robndbox><cx>673.0535</cx><cy>40.6339</cy><w>70.0692</w><h>29.7416</h><angle>1.268012</angle></robndbox></object><object><type>robndbox</type><name>wheat_head</name><pose>Unspecified</pose><truncated>0</truncated><difficult>0</difficult><robndbox><cx>265.783</cx><cy>20.1278</cy><w>86.1831</w><h>37.3867</h><angle>0.505265</angle></robndbox></object><object><type>robndbox</type><name>wheat_head</name><pose>Unspecified</pose><truncated>0</truncated><difficult>0</difficult><robndbox><cx>304.6692</cx><cy>372.0635</cy><w>80.4909</w><h>40.4905</h><angle>0.913847</angle></robndbox></object><object><type>robndbox</type><name>wheat_head</name><pose>Unspecified</pose><truncated>0</truncated><difficult>0</difficult><robndbox><cx>944.2311</cx><cy>146.2325</cy><w>103.9078</w><h>39.884</h><angle>0.449149</angle></robndbox></object><object><type>robndbox</type><name>wheat_head</name><pose>Unspecified</pose><truncated>0</truncated><difficult>0</difficult><robndbox><cx>918.5317</cx><cy>826.2603</cy><w>87.4686</w><h>39.3235</h><angle>0.614376</angle></robndbox></object><object><type>robndbox</type><name>wheat_head</name><pose>Unspecified</pose><truncated>0</truncated><difficult>0</difficult><robndbox><cx>822.5101</cx><cy>268.8485</cy><w>58.6994</w><h>35.6224</h><angle>0.557094</angle></robndbox></object><object><type>robndbox</type><name>wheat_head</name><pose>Unspecified</pose><truncated>0</truncated><difficult>0</difficult><robndbox><cx>205.447</cx><cy>98.3219</cy><w>100.2454</w><h>26.0988</h><angle>0.457625</angle></robndbox></object><object><type>robndbox</type><name>wheat_head</name><pose>Unspecified</pose><truncated>0</truncated><difficult>0</difficult><robndbox><cx>202.7382</cx><cy>134.6459</cy><w>79.366</w><h>31.6908</h><angle>0.439722</angle></robndbox></object><object><type>robndbox</type><name>wheat_head</name><pose>Unspecified</pose><truncated>0</truncated><difficult>0</difficult><robndbox><cx>304.6313</cx><cy>749.073</cy><w>83.965</w><h>32.5523</h><angle>0.273618</angle></robndbox></object><object><type>robndbox</type><name>wheat_head</name><pose>Unspecified</pose><truncated>0</truncated><difficult>0</difficult><robndbox><cx>428.9632</cx><cy>157.313</cy><w>77.4942</w><h>35.4119</h><angle>0.486438</angle></robndbox></object><object><type>robndbox</type><name>wheat_head</name><pose>Unspecified</pose><truncated>0</truncated><difficult>0</difficult><robndbox><cx>618.2109</cx><cy>356.4816</cy><w>62.659</w><h>35.4486</h><angle>0.521053</angle></robndbox></object><object><type>robndbox</type><name>wheat_head</name><pose>Unspecified</pose><truncated>0</truncated><difficult>0</difficult><robndbox><cx>790.4836</cx><cy>979.355</cy><w>75.9312</w><h>31.8047</h><angle>0.469225</angle></robndbox></object><object><type>robndbox</type><name>wheat_head</name><pose>Unspecified</pose><truncated>0</truncated><difficult>0</difficult><robndbox><cx>217.5807</cx><cy>62.316</cy><w>82.6799</w><h>31.3401</h><angle>0.506766</angle></robndbox></object><object><type>robndbox</type><name>wheat_head</name><pose>Unspecified</pose><truncated>0</truncated><difficult>0</difficult><robndbox><cx>464.266</cx><cy>383.6491</cy><w>96.169</w><h>31.369</h><angle>0.142596</angle></robndbox></object><object><type>robndbox</type><name>wheat_head</name><pose>Unspecified</pose><truncated>0</truncated><difficult>0</difficult><robndbox><cx>973.8417</cx><cy>56.6889</cy><w>79.9831</w><h>33.7082</h><angle>0.240561</angle></robndbox></object><object><type>robndbox</type><name>wheat_head</name><pose>Unspecified</pose><truncated>0</truncated><difficult>0</difficult><robndbox><cx>330.3997</cx><cy>626.967</cy><w>146.6979</w><h>43.94</h><angle>0.444818</angle></robndbox></object><object><type>robndbox</type><name>wheat_head</name><pose>Unspecified</pose><truncated>0</truncated><difficult>0</difficult><robndbox><cx>965.0112</cx><cy>618.5258</cy><w>59.7583</w><h>33.6636</h><angle>0.503295</angle></robndbox></object><object><type>robndbox</type><name>wheat_head</name><pose>Unspecified</pose><truncated>0</truncated><difficult>0</difficult><robndbox><cx>27.8601</cx><cy>102.7286</cy><w>60.0696</w><h>30.1727</h><angle>0.960481</angle></robndbox></object><object><type>robndbox</type><name>wheat_head</name><pose>Unspecified</pose><truncated>0</truncated><difficult>0</difficult><robndbox><cx>909.4241</cx><cy>988.0008</cy><w>50.8685</w><h>34.0268</h><angle>1.092268</angle></robndbox></object><object><type>robndbox</type><name>wheat_head</name><pose>Unspecified</pose><truncated>0</truncated><difficult>0</difficult><robndbox><cx>314.6537</cx><cy>180.039</cy><w>72.2093</w><h>32.7221</h><angle>0.32507</angle></robndbox></object><object><type>robndbox</type><name>wheat_head</name><pose>Unspecified</pose><truncated>0</truncated><difficult>0</difficult><robndbox><cx>66.0567</cx><cy>66.9842</cy><w>83.6227</w><h>34.7371</h><angle>0.667546</angle></robndbox></object><object><type>robndbox</type><name>wheat_head</name><pose>Unspecified</pose><truncated>0</truncated><difficult>0</difficult><robndbox><cx>752.1431</cx><cy>455.4003</cy><w>53.0288</w><h>32.9496</h><angle>0.363411</angle></robndbox></object><object><type>robndbox</type><name>wheat_head</name><pose>Unspecified</pose><truncated>0</truncated><difficult>0</difficult><robndbox><cx>706.8855</cx><cy>20.0082</cy><w>50.0727</w><h>25.7384</h><angle>1.255179</angle></robndbox></object><object><type>robndbox</type><name>wheat_head</name><pose>Unspecified</pose><truncated>0</truncated><difficult>0</difficult><robndbox><cx>672.5058</cx><cy>92.1929</cy><w>50.3407</w><h>29.197</h><angle>0.42225</angle></robndbox></object><object><type>robndbox</type><name>wheat_head</name><pose>Unspecified</pose><truncated>0</truncated><difficult>0</difficult><robndbox><cx>858.9782</cx><cy>472.8448</cy><w>54.5306</w><h>33.311</h><angle>0.292546</angle></robndbox></object><object><type>robndbox</type><name>wheat_head</name><pose>Unspecified</pose><truncated>0</truncated><difficult>0</difficult><robndbox><cx>32.6146</cx><cy>744.9846</cy><w>61.4882</w><h>36.4865</h><angle>0.305164</angle></robndbox></object><object><type>robndbox</type><name>wheat_head</name><pose>Unspecified</pose><truncated>0</truncated><difficult>0</difficult><robndbox><cx>486.9651</cx><cy>9.6929</cy><w>66.0981</w><h>27.3183</h><angle>0.107751</angle></robndbox></object><object><type>robndbox</type><name>wheat_head</name><pose>Unspecified</pose><truncated>0</truncated><difficult>0</difficult><robndbox><cx>299.3416</cx><cy>480.3717</cy><w>92.4296</w><h>34.816</h><angle>0.09489</angle></robndbox></object><object><type>robndbox</type><name>wheat_head</name><pose>Unspecified</pose><truncated>0</truncated><difficult>0</difficult><robndbox><cx>713.9249</cx><cy>506.4709</cy><w>92.6211</w><h>35.8591</h><angle>0.199425</angle></robndbox></object><object><type>robndbox</type><name>wheat_head</name><pose>Unspecified</pose><truncated>0</truncated><difficult>0</difficult><robndbox><cx>900.954</cx><cy>767.258</cy><w>61.2843</w><h>19.8608</h><angle>0.490766</angle></robndbox></object><object><type>robndbox</type><name>wheat_head</name><pose>Unspecified</pose><truncated>0</truncated><difficult>0</difficult><robndbox><cx>617.8246</cx><cy>704.3162</cy><w>64.8458</w><h>34.4937</h><angle>0.26206</angle></robndbox></object><object><type>robndbox</type><name>wheat_head</name><pose>Unspecified</pose><truncated>0</truncated><difficult>0</difficult><robndbox><cx>314.211</cx><cy>848.287</cy><w>106.8019</w><h>41.5311</h><angle>0.382243</angle></robndbox></object><object><type>robndbox</type><name>wheat_head</name><pose>Unspecified</pose><truncated>0</truncated><difficult>0</difficult><robndbox><cx>425.6427</cx><cy>786.3707</cy><w>87.7439</w><h>29.1276</h><angle>0.053147</angle></robndbox></object><object><type>robndbox</type><name>wheat_head</name><pose>Unspecified</pose><truncated>0</truncated><difficult>0</difficult><robndbox><cx>855.3159</cx><cy>972.5385</cy><w>42.2198</w><h>30.9791</h><angle>3.089818</angle></robndbox></object><object><type>robndbox</type><name>wheat_head</name><pose>Unspecified</pose><truncated>0</truncated><difficult>0</difficult><robndbox><cx>51.8761</cx><cy>8.5627</cy><w>27.1148</w><h>20.7589</h><angle>0.095807</angle></robndbox></object><object><type>robndbox</type><name>wheat_head</name><pose>Unspecified</pose><truncated>0</truncated><difficult>0</difficult><robndbox><cx>400.8627</cx><cy>1004.4087</cy><w>76.4544</w><h>19.488</h><angle>0.085318</angle></robndbox></object><object><type>robndbox</type><name>wheat_head</name><pose>Unspecified</pose><truncated>0</truncated><difficult>0</difficult><robndbox><cx>224.5353</cx><cy>1008.6388</cy><w>63.1467</w><h>12.5525</h><angle>3.086726</angle></robndbox></object><object><type>robndbox</type><name>wheat_head</name><pose>Unspecified</pose><truncated>0</truncated><difficult>0</difficult><robndbox><cx>517.6617</cx><cy>526.5372</cy><w>55.0077</w><h>28.2236</h><angle>0.028515</angle></robndbox></object><object><type>robndbox</type><name>wheat_head</name><pose>Unspecified</pose><truncated>0</truncated><difficult>0</difficult><robndbox><cx>932.8228</cx><cy>577.9904</cy><w>54.3</w><h>25.1117</h><angle>0.067013</angle></robndbox></object><object><type>robndbox</type><name>wheat_head</name><pose>Unspecified</pose><truncated>0</truncated><difficult>0</difficult><robndbox><cx>990.5677</cx><cy>9.2447</cy><w>34.9459</w><h>28.9771</h><angle>1.096202</angle></robndbox></object><object><type>robndbox</type><name>wheat_head</name><pose>Unspecified</pose><truncated>0</truncated><difficult>0</difficult><robndbox><cx>217.4426</cx><cy>558.5964</cy><w>106.6806</w><h>29.0475</h><angle>3.102048</angle></robndbox></object><object><type>robndbox</type><name>wheat_head</name><pose>Unspecified</pose><truncated>0</truncated><difficult>0</difficult><robndbox><cx>641.2279</cx><cy>999.1931</cy><w>49.5611</w><h>28.4813</h><angle>0.263527</angle></robndbox></object><object><type>robndbox</type><name>wheat_head</name><pose>Unspecified</pose><truncated>0</truncated><difficult>0</difficult><robndbox><cx>945.498</cx><cy>713.456</cy><w>50.529</w><h>39.0383</h><angle>0.583271</angle></robndbox></object><object><type>robndbox</type><name>wheat_head</name><pose>Unspecified</pose><truncated>0</truncated><difficult>0</difficult><robndbox><cx>139.0467</cx><cy>859.7309</cy><w>89.1726</w><h>35.5148</h><angle>3.136937</angle></robndbox></object><object><type>robndbox</type><name>wheat_head</name><pose>Unspecified</pose><truncated>0</truncated><difficult>0</difficult><robndbox><cx>123.6061</cx><cy>542.671</cy><w>64.6134</w><h>36.2362</h><angle>0.191327</angle></robndbox></object><object><type>robndbox</type><name>wheat_head</name><pose>Unspecified</pose><truncated>0</truncated><difficult>0</difficult><robndbox><cx>582.3712</cx><cy>978.2679</cy><w>49.8091</w><h>28.6614</h><angle>0.244043</angle></robndbox></object><object><type>robndbox</type><name>wheat_head</name><pose>Unspecified</pose><truncated>0</truncated><difficult>0</difficult><robndbox><cx>321.8922</cx><cy>1006.9305</cy><w>51.7072</w><h>24.7166</h><angle>0.093093</angle></robndbox></object><object><type>robndbox</type><name>wheat_head</name><pose>Unspecified</pose><truncated>0</truncated><difficult>0</difficult><robndbox><cx>190.9693</cx><cy>760.1961</cy><w>138.7631</w><h>28.1041</h><angle>0.619774</angle></robndbox></object><object><type>robndbox</type><name>wheat_head</name><pose>Unspecified</pose><truncated>0</truncated><difficult>0</difficult><robndbox><cx>1010.1162</cx><cy>820.4924</cy><w>27.0138</w><h>24.2032</h><angle>0.089202</angle></robndbox></object><object><type>robndbox</type><name>wheat_head</name><pose>Unspecified</pose><truncated>0</truncated><difficult>0</difficult><robndbox><cx>481.9651</cx><cy>20.6929</cy><w>66.0981</w><h>27.3183</h><angle>0.607751</angle></robndbox></object><object><type>robndbox</type><name>wheat_head</name><pose>Unspecified</pose><truncated>0</truncated><difficult>0</difficult><robndbox><cx>106.073</cx><cy>10.9578</cy><w>33.2736</w><h>23.3835</h><angle>0.207865</angle></robndbox></object><object><type>robndbox</type><name>wheat_head</name><pose>Unspecified</pose><truncated>0</truncated><difficult>0</difficult><robndbox><cx>918.2068</cx><cy>268.2598</cy><w>94.8135</w><h>33.0966</h><angle>0.295154</angle></robndbox></object><object><type>robndbox</type><name>wheat_head</name><pose>Unspecified</pose><truncated>0</truncated><difficult>0</difficult><robndbox><cx>352.5503</cx><cy>427.6015</cy><w>68.0515</w><h>29.9989</h><angle>3.120156</angle></robndbox></object><object><type>robndbox</type><name>wheat_head</name><pose>Unspecified</pose><truncated>0</truncated><difficult>0</difficult><robndbox><cx>385.6185</cx><cy>749.681</cy><w>55.8053</w><h>21.7018</h><angle>0.008154</angle></robndbox></object><object><type>robndbox</type><name>wheat_head</name><pose>Unspecified</pose><truncated>0</truncated><difficult>0</difficult><robndbox><cx>753.3173</cx><cy>1010.716</cy><w>30.8599</w><h>15.4654</h><angle>3.112752</angle></robndbox></object><object><type>robndbox</type><name>wheat_head</name><pose>Unspecified</pose><truncated>0</truncated><difficult>0</difficult><robndbox><cx>159.2169</cx><cy>17.4125</cy><w>42.5933</w><h>31.306</h><angle>1.075076</angle></robndbox></object><object><type>robndbox</type><name>wheat_head</name><pose>Unspecified</pose><truncated>0</truncated><difficult>0</difficult><robndbox><cx>894.2939</cx><cy>743.5643</cy><w>53.4311</w><h>28.2484</h><angle>2.975269</angle></robndbox></object><object><type>robndbox</type><name>wheat_head</name><pose>Unspecified</pose><truncated>0</truncated><difficult>0</difficult><robndbox><cx>433.743</cx><cy>896.2346</cy><w>52.1569</w><h>34.3926</h><angle>0.230198</angle></robndbox></object><object><type>robndbox</type><name>wheat_head</name><pose>Unspecified</pose><truncated>0</truncated><difficult>0</difficult><robndbox><cx>17.0285</cx><cy>896.2005</cy><w>33.2165</w><h>31.977</h><angle>1.972718</angle></robndbox></object><object><type>robndbox</type><name>wheat_head</name><pose>Unspecified</pose><truncated>0</truncated><difficult>0</difficult><robndbox><cx>910.2461</cx><cy>373.1734</cy><w>37.2829</w><h>32.6058</h><angle>1.354133</angle></robndbox></object><object><type>robndbox</type><name>wheat_head</name><pose>Unspecified</pose><truncated>0</truncated><difficult>0</difficult><robndbox><cx>136.176</cx><cy>557.9591</cy><w>33.2942</w><h>20.9344</h><angle>3.061334</angle></robndbox></object><object><type>robndbox</type><name>wheat_head</name><pose>Unspecified</pose><truncated>0</truncated><difficult>0</difficult><robndbox><cx>1003.4547</cx><cy>587.1747</cy><w>27.605</w><h>26.9919</h><angle>3.141513</angle></robndbox></object><object><type>robndbox</type><name>wheat_head</name><pose>Unspecified</pose><truncated>0</truncated><difficult>0</difficult><robndbox><cx>9.1279</cx><cy>554.102</cy><w>22.5727</w><h>17.2196</h><angle>1.635452</angle></robndbox></object><object><type>robndbox</type><name>wheat_head</name><pose>Unspecified</pose><truncated>0</truncated><difficult>0</difficult><robndbox><cx>8.1993</cx><cy>479.4705</cy><w>23.1725</w><h>13.0656</h><angle>1.718801</angle></robndbox></object><object><type>robndbox</type><name>wheat_head</name><pose>Unspecified</pose><truncated>0</truncated><difficult>0</difficult><robndbox><cx>167.0</cx><cy>481.0</cy><w>27.7211</w><h>19.6874</h><angle>1.92503</angle></robndbox></object><object><type>robndbox</type><name>wheat_head</name><pose>Unspecified</pose><truncated>0</truncated><difficult>0</difficult><robndbox><cx>26.3165</cx><cy>311.3694</cy><w>47.2942</w><h>29.7585</h><angle>0.400475</angle></robndbox></object><object><type>robndbox</type><name>wheat_head</name><pose>Unspecified</pose><truncated>0</truncated><difficult>0</difficult><robndbox><cx>981.6075</cx><cy>296.1211</cy><w>67.1711</w><h>36.0201</h><angle>0.553435</angle></robndbox></object><object><type>robndbox</type><name>wheat_head</name><pose>Unspecified</pose><truncated>0</truncated><difficult>0</difficult><robndbox><cx>26.0</cx><cy>24.5</cy><w>62.601</w><h>19.8041</h><angle>2.242544</angle></robndbox></object><object><type>robndbox</type><name>wheat_head</name><pose>Unspecified</pose><truncated>0</truncated><difficult>0</difficult><robndbox><cx>1014.5</cx><cy>782.0</cy><w>20.4372</w><h>19.319</h><angle>1.388818</angle></robndbox></object></annotation>