<annotation verified="no"><folder>images</folder><filename>14b4ef410</filename><path>/home/badhon/Documents/thesis/final_dataset/ethz_1/images/14b4ef410.jpg</path><source><database>Unknown</database></source><size><width>1024</width><height>1024</height><depth>3</depth></size><segmented>0</segmented><object><type>robndbox</type><name>wheat_head</name><pose>Unspecified</pose><truncated>0</truncated><difficult>0</difficult><robndbox><cx>587.079</cx><cy>328.1677</cy><w>107.9071</w><h>34.1943</h><angle>0.571365</angle></robndbox></object><object><type>robndbox</type><name>wheat_head</name><pose>Unspecified</pose><truncated>0</truncated><difficult>0</difficult><robndbox><cx>980.8439</cx><cy>883.5293</cy><w>59.4882</w><h>43.1087</h><angle>0.867724</angle></robndbox></object><object><type>robndbox</type><name>wheat_head</name><pose>Unspecified</pose><truncated>0</truncated><difficult>0</difficult><robndbox><cx>571.5063</cx><cy>609.9539</cy><w>95.2625</w><h>35.4158</h><angle>1.0974</angle></robndbox></object><object><type>robndbox</type><name>wheat_head</name><pose>Unspecified</pose><truncated>0</truncated><difficult>0</difficult><robndbox><cx>458.1697</cx><cy>274.437</cy><w>112.0442</w><h>35.2435</h><angle>0.643671</angle></robndbox></object><object><type>robndbox</type><name>wheat_head</name><pose>Unspecified</pose><truncated>0</truncated><difficult>0</difficult><robndbox><cx>855.4188</cx><cy>594.5632</cy><w>111.7176</w><h>38.1141</h><angle>0.325824</angle></robndbox></object><object><type>robndbox</type><name>wheat_head</name><pose>Unspecified</pose><truncated>0</truncated><difficult>0</difficult><robndbox><cx>964.0682</cx><cy>786.306</cy><w>110.1971</w><h>36.4143</h><angle>0.340594</angle></robndbox></object><object><type>robndbox</type><name>wheat_head</name><pose>Unspecified</pose><truncated>0</truncated><difficult>0</difficult><robndbox><cx>717.163</cx><cy>381.3471</cy><w>94.6088</w><h>24.6653</h><angle>0.560694</angle></robndbox></object><object><type>robndbox</type><name>wheat_head</name><pose>Unspecified</pose><truncated>0</truncated><difficult>0</difficult><robndbox><cx>978.0389</cx><cy>950.2974</cy><w>81.2899</w><h>36.2908</h><angle>0.5897</angle></robndbox></object><object><type>robndbox</type><name>wheat_head</name><pose>Unspecified</pose><truncated>0</truncated><difficult>0</difficult><robndbox><cx>423.0951</cx><cy>31.9256</cy><w>87.9324</w><h>37.3009</h><angle>0.362797</angle></robndbox></object><object><type>robndbox</type><name>wheat_head</name><pose>Unspecified</pose><truncated>0</truncated><difficult>0</difficult><robndbox><cx>184.7984</cx><cy>555.6785</cy><w>109.845</w><h>33.1947</h><angle>0.296457</angle></robndbox></object><object><type>robndbox</type><name>wheat_head</name><pose>Unspecified</pose><truncated>0</truncated><difficult>0</difficult><robndbox><cx>153.8702</cx><cy>340.4315</cy><w>116.0121</w><h>35.4756</h><angle>0.67208</angle></robndbox></object><object><type>robndbox</type><name>wheat_head</name><pose>Unspecified</pose><truncated>0</truncated><difficult>0</difficult><robndbox><cx>188.5357</cx><cy>319.1013</cy><w>156.5582</w><h>37.6339</h><angle>0.516903</angle></robndbox></object><object><type>robndbox</type><name>wheat_head</name><pose>Unspecified</pose><truncated>0</truncated><difficult>0</difficult><robndbox><cx>140.4775</cx><cy>601.0756</cy><w>49.649</w><h>32.4989</h><angle>1.106443</angle></robndbox></object><object><type>robndbox</type><name>wheat_head</name><pose>Unspecified</pose><truncated>0</truncated><difficult>0</difficult><robndbox><cx>852.5576</cx><cy>132.4105</cy><w>99.816</w><h>38.4518</h><angle>0.353229</angle></robndbox></object><object><type>robndbox</type><name>wheat_head</name><pose>Unspecified</pose><truncated>0</truncated><difficult>0</difficult><robndbox><cx>709.8564</cx><cy>265.4676</cy><w>122.2359</w><h>38.1427</h><angle>0.534666</angle></robndbox></object><object><type>robndbox</type><name>wheat_head</name><pose>Unspecified</pose><truncated>0</truncated><difficult>0</difficult><robndbox><cx>202.9836</cx><cy>519.9915</cy><w>89.8516</w><h>32.8727</h><angle>0.210301</angle></robndbox></object><object><type>robndbox</type><name>wheat_head</name><pose>Unspecified</pose><truncated>0</truncated><difficult>0</difficult><robndbox><cx>292.4098</cx><cy>184.7421</cy><w>85.2664</w><h>36.3042</h><angle>0.226801</angle></robndbox></object><object><type>robndbox</type><name>wheat_head</name><pose>Unspecified</pose><truncated>0</truncated><difficult>0</difficult><robndbox><cx>117.3544</cx><cy>64.5546</cy><w>178.5884</w><h>42.2108</h><angle>0.506214</angle></robndbox></object><object><type>robndbox</type><name>wheat_head</name><pose>Unspecified</pose><truncated>0</truncated><difficult>0</difficult><robndbox><cx>337.395</cx><cy>477.0936</cy><w>218.5658</w><h>41.5979</h><angle>0.385749</angle></robndbox></object><object><type>robndbox</type><name>wheat_head</name><pose>Unspecified</pose><truncated>0</truncated><difficult>0</difficult><robndbox><cx>772.8691</cx><cy>708.2782</cy><w>132.9901</w><h>37.8618</h><angle>0.560587</angle></robndbox></object><object><type>robndbox</type><name>wheat_head</name><pose>Unspecified</pose><truncated>0</truncated><difficult>0</difficult><robndbox><cx>608.2511</cx><cy>759.6755</cy><w>58.1602</w><h>22.9628</h><angle>0.192646</angle></robndbox></object><object><type>robndbox</type><name>wheat_head</name><pose>Unspecified</pose><truncated>0</truncated><difficult>0</difficult><robndbox><cx>215.7261</cx><cy>758.9333</cy><w>124.3389</w><h>19.7601</h><angle>0.17151</angle></robndbox></object><object><type>robndbox</type><name>wheat_head</name><pose>Unspecified</pose><truncated>0</truncated><difficult>0</difficult><robndbox><cx>547.5155</cx><cy>187.4115</cy><w>95.1459</w><h>29.1341</h><angle>0.130779</angle></robndbox></object><object><type>robndbox</type><name>wheat_head</name><pose>Unspecified</pose><truncated>0</truncated><difficult>0</difficult><robndbox><cx>299.8154</cx><cy>364.3472</cy><w>99.695</w><h>28.2218</h><angle>0.382854</angle></robndbox></object><object><type>robndbox</type><name>wheat_head</name><pose>Unspecified</pose><truncated>0</truncated><difficult>0</difficult><robndbox><cx>113.8479</cx><cy>151.165</cy><w>154.101</w><h>36.6012</h><angle>0.434654</angle></robndbox></object><object><type>robndbox</type><name>wheat_head</name><pose>Unspecified</pose><truncated>0</truncated><difficult>0</difficult><robndbox><cx>773.8433</cx><cy>66.6365</cy><w>93.6787</w><h>21.724</h><angle>0.446349</angle></robndbox></object><object><type>robndbox</type><name>wheat_head</name><pose>Unspecified</pose><truncated>0</truncated><difficult>0</difficult><robndbox><cx>77.0449</cx><cy>589.0082</cy><w>128.4997</w><h>31.4097</h><angle>0.574135</angle></robndbox></object><object><type>robndbox</type><name>wheat_head</name><pose>Unspecified</pose><truncated>0</truncated><difficult>0</difficult><robndbox><cx>28.8891</cx><cy>78.7204</cy><w>57.1115</w><h>38.6222</h><angle>0.615685</angle></robndbox></object><object><type>robndbox</type><name>wheat_head</name><pose>Unspecified</pose><truncated>0</truncated><difficult>0</difficult><robndbox><cx>855.4996</cx><cy>873.5933</cy><w>39.4101</w><h>35.7609</h><angle>2.601939</angle></robndbox></object><object><type>robndbox</type><name>wheat_head</name><pose>Unspecified</pose><truncated>0</truncated><difficult>0</difficult><robndbox><cx>991.2838</cx><cy>456.5305</cy><w>60.6518</w><h>31.8358</h><angle>0.096318</angle></robndbox></object><object><type>robndbox</type><name>wheat_head</name><pose>Unspecified</pose><truncated>0</truncated><difficult>0</difficult><robndbox><cx>59.1021</cx><cy>1003.1101</cy><w>108.4485</w><h>29.394</h><angle>0.06881</angle></robndbox></object><object><type>robndbox</type><name>wheat_head</name><pose>Unspecified</pose><truncated>0</truncated><difficult>0</difficult><robndbox><cx>878.1201</cx><cy>924.0968</cy><w>83.5199</w><h>38.4151</h><angle>0.931143</angle></robndbox></object><object><type>robndbox</type><name>wheat_head</name><pose>Unspecified</pose><truncated>0</truncated><difficult>0</difficult><robndbox><cx>504.0708</cx><cy>706.5867</cy><w>154.1975</w><h>44.2668</h><angle>0.235302</angle></robndbox></object><object><type>robndbox</type><name>wheat_head</name><pose>Unspecified</pose><truncated>0</truncated><difficult>0</difficult><robndbox><cx>354.8911</cx><cy>393.4316</cy><w>99.2088</w><h>31.7421</h><angle>0.182854</angle></robndbox></object><object><type>robndbox</type><name>wheat_head</name><pose>Unspecified</pose><truncated>0</truncated><difficult>0</difficult><robndbox><cx>802.1212</cx><cy>260.6696</cy><w>93.4582</w><h>23.3393</h><angle>0.47122</angle></robndbox></object><object><type>robndbox</type><name>wheat_head</name><pose>Unspecified</pose><truncated>0</truncated><difficult>0</difficult><robndbox><cx>800.759</cx><cy>239.1417</cy><w>97.7502</w><h>30.4472</h><angle>0.37122</angle></robndbox></object><object><type>robndbox</type><name>wheat_head</name><pose>Unspecified</pose><truncated>0</truncated><difficult>0</difficult><robndbox><cx>351.2199</cx><cy>1005.5106</cy><w>72.4481</w><h>32.3892</h><angle>3.07357</angle></robndbox></object><object><type>robndbox</type><name>wheat_head</name><pose>Unspecified</pose><truncated>0</truncated><difficult>0</difficult><robndbox><cx>943.452</cx><cy>77.4056</cy><w>141.1608</w><h>38.1988</h><angle>0.332931</angle></robndbox></object><object><type>robndbox</type><name>wheat_head</name><pose>Unspecified</pose><truncated>0</truncated><difficult>0</difficult><robndbox><cx>970.5513</cx><cy>422.7298</cy><w>84.6055</w><h>34.8449</h><angle>2.827068</angle></robndbox></object><object><type>robndbox</type><name>wheat_head</name><pose>Unspecified</pose><truncated>0</truncated><difficult>0</difficult><robndbox><cx>986.8913</cx><cy>492.4507</cy><w>67.8625</w><h>29.009</h><angle>0.196318</angle></robndbox></object><object><type>robndbox</type><name>wheat_head</name><pose>Unspecified</pose><truncated>0</truncated><difficult>0</difficult><robndbox><cx>357.1394</cx><cy>764.0747</cy><w>160.8502</w><h>33.1159</h><angle>0.042792</angle></robndbox></object><object><type>robndbox</type><name>wheat_head</name><pose>Unspecified</pose><truncated>0</truncated><difficult>0</difficult><robndbox><cx>637.3424</cx><cy>1002.3539</cy><w>42.4461</w><h>36.2892</h><angle>0.200998</angle></robndbox></object><object><type>robndbox</type><name>wheat_head</name><pose>Unspecified</pose><truncated>0</truncated><difficult>0</difficult><robndbox><cx>612.713</cx><cy>453.9688</cy><w>96.1807</w><h>35.6023</h><angle>0.065893</angle></robndbox></object><object><type>robndbox</type><name>wheat_head</name><pose>Unspecified</pose><truncated>0</truncated><difficult>0</difficult><robndbox><cx>97.9287</cx><cy>772.3004</cy><w>97.6305</w><h>34.0034</h><angle>2.892836</angle></robndbox></object><object><type>robndbox</type><name>wheat_head</name><pose>Unspecified</pose><truncated>0</truncated><difficult>0</difficult><robndbox><cx>949.022</cx><cy>126.4827</cy><w>144.3821</w><h>34.9549</h><angle>0.327227</angle></robndbox></object><object><type>robndbox</type><name>wheat_head</name><pose>Unspecified</pose><truncated>0</truncated><difficult>0</difficult><robndbox><cx>183.9539</cx><cy>725.8833</cy><w>138.3571</w><h>37.5303</h><angle>0.154347</angle></robndbox></object><object><type>robndbox</type><name>wheat_head</name><pose>Unspecified</pose><truncated>0</truncated><difficult>0</difficult><robndbox><cx>250.2963</cx><cy>92.3433</cy><w>58.7539</w><h>33.8237</h><angle>2.441624</angle></robndbox></object><object><type>robndbox</type><name>wheat_head</name><pose>Unspecified</pose><truncated>0</truncated><difficult>0</difficult><robndbox><cx>43.0065</cx><cy>358.9399</cy><w>80.5315</w><h>42.8144</h><angle>0.417213</angle></robndbox></object><object><type>robndbox</type><name>wheat_head</name><pose>Unspecified</pose><truncated>0</truncated><difficult>0</difficult><robndbox><cx>772.1232</cx><cy>273.7564</cy><w>35.2083</w><h>35.0919</h><angle>1.672945</angle></robndbox></object><object><type>robndbox</type><name>wheat_head</name><pose>Unspecified</pose><truncated>0</truncated><difficult>0</difficult><robndbox><cx>403.8948</cx><cy>163.9485</cy><w>55.6472</w><h>30.7513</h><angle>0.271707</angle></robndbox></object><object><type>robndbox</type><name>wheat_head</name><pose>Unspecified</pose><truncated>0</truncated><difficult>0</difficult><robndbox><cx>321.8386</cx><cy>292.1863</cy><w>90.523</w><h>34.0955</h><angle>0.149731</angle></robndbox></object><object><type>robndbox</type><name>wheat_head</name><pose>Unspecified</pose><truncated>0</truncated><difficult>0</difficult><robndbox><cx>937.1777</cx><cy>381.5698</cy><w>97.9806</w><h>35.5166</h><angle>0.060568</angle></robndbox></object><object><type>robndbox</type><name>wheat_head</name><pose>Unspecified</pose><truncated>0</truncated><difficult>0</difficult><robndbox><cx>758.2913</cx><cy>460.9307</cy><w>131.7176</w><h>38.9784</h><angle>3.009595</angle></robndbox></object><object><type>robndbox</type><name>wheat_head</name><pose>Unspecified</pose><truncated>0</truncated><difficult>0</difficult><robndbox><cx>752.3507</cx><cy>743.4048</cy><w>70.2802</w><h>26.9531</h><angle>0.097334</angle></robndbox></object><object><type>robndbox</type><name>wheat_head</name><pose>Unspecified</pose><truncated>0</truncated><difficult>0</difficult><robndbox><cx>685.1774</cx><cy>15.7261</cy><w>38.8129</w><h>34.4366</h><angle>0.493765</angle></robndbox></object><object><type>robndbox</type><name>wheat_head</name><pose>Unspecified</pose><truncated>0</truncated><difficult>0</difficult><robndbox><cx>540.3219</cx><cy>1004.6825</cy><w>68.1811</w><h>30.7087</h><angle>0.067414</angle></robndbox></object><object><type>robndbox</type><name>wheat_head</name><pose>Unspecified</pose><truncated>0</truncated><difficult>0</difficult><robndbox><cx>1015.5</cx><cy>861.0</cy><w>19.3419</w><h>16.0039</h><angle>2.644389</angle></robndbox></object><object><type>robndbox</type><name>wheat_head</name><pose>Unspecified</pose><truncated>0</truncated><difficult>0</difficult><robndbox><cx>626.5211</cx><cy>785.7076</cy><w>97.8638</w><h>31.8212</h><angle>0.292646</angle></robndbox></object><object><type>robndbox</type><name>wheat_head</name><pose>Unspecified</pose><truncated>0</truncated><difficult>0</difficult><robndbox><cx>924.0411</cx><cy>440.4392</cy><w>51.4013</w><h>27.5235</h><angle>0.317643</angle></robndbox></object><object><type>robndbox</type><name>wheat_head</name><pose>Unspecified</pose><truncated>0</truncated><difficult>0</difficult><robndbox><cx>806.8731</cx><cy>54.949</cy><w>153.9383</w><h>38.2314</h><angle>0.346349</angle></robndbox></object><object><type>robndbox</type><name>wheat_head</name><pose>Unspecified</pose><truncated>0</truncated><difficult>0</difficult><robndbox><cx>523.5185</cx><cy>157.6681</cy><w>150.2038</w><h>33.5278</h><angle>0.730779</angle></robndbox></object><object><type>robndbox</type><name>wheat_head</name><pose>Unspecified</pose><truncated>0</truncated><difficult>0</difficult><robndbox><cx>739.8079</cx><cy>381.7356</cy><w>88.3687</w><h>37.3745</h><angle>0.860694</angle></robndbox></object><object><type>robndbox</type><name>wheat_head</name><pose>Unspecified</pose><truncated>0</truncated><difficult>0</difficult><robndbox><cx>77.6689</cx><cy>710.3192</cy><w>97.4166</w><h>30.0544</h><angle>0.302272</angle></robndbox></object></annotation>