<annotation verified="no"><folder>images</folder><filename>14da8934d</filename><path>/home/badhon/Documents/thesis/final_dataset/ethz_1/images/14da8934d.jpg</path><source><database>Unknown</database></source><size><width>1024</width><height>1024</height><depth>3</depth></size><segmented>0</segmented><object><type>robndbox</type><name>wheat_head</name><pose>Unspecified</pose><truncated>0</truncated><difficult>0</difficult><robndbox><cx>121.2762</cx><cy>825.3284</cy><w>93.1943</w><h>42.2857</h><angle>1.020298</angle></robndbox></object><object><type>robndbox</type><name>wheat_head</name><pose>Unspecified</pose><truncated>0</truncated><difficult>0</difficult><robndbox><cx>325.3987</cx><cy>438.5033</cy><w>68.8444</w><h>35.1047</h><angle>0.972891</angle></robndbox></object><object><type>robndbox</type><name>wheat_head</name><pose>Unspecified</pose><truncated>0</truncated><difficult>0</difficult><robndbox><cx>220.5603</cx><cy>87.2592</cy><w>92.8373</w><h>39.0293</h><angle>1.063215</angle></robndbox></object><object><type>robndbox</type><name>wheat_head</name><pose>Unspecified</pose><truncated>0</truncated><difficult>0</difficult><robndbox><cx>558.325</cx><cy>518.1841</cy><w>97.1821</w><h>43.444</h><angle>1.037032</angle></robndbox></object><object><type>robndbox</type><name>wheat_head</name><pose>Unspecified</pose><truncated>0</truncated><difficult>0</difficult><robndbox><cx>834.6894</cx><cy>469.9138</cy><w>72.5427</w><h>36.4745</h><angle>0.875311</angle></robndbox></object><object><type>robndbox</type><name>wheat_head</name><pose>Unspecified</pose><truncated>0</truncated><difficult>0</difficult><robndbox><cx>164.4915</cx><cy>311.8736</cy><w>71.9361</w><h>36.1967</h><angle>1.038057</angle></robndbox></object><object><type>robndbox</type><name>wheat_head</name><pose>Unspecified</pose><truncated>0</truncated><difficult>0</difficult><robndbox><cx>426.15</cx><cy>335.5391</cy><w>114.1422</w><h>40.1225</h><angle>1.06882</angle></robndbox></object><object><type>robndbox</type><name>wheat_head</name><pose>Unspecified</pose><truncated>0</truncated><difficult>0</difficult><robndbox><cx>488.9919</cx><cy>110.603</cy><w>81.1219</w><h>36.501</h><angle>0.978283</angle></robndbox></object><object><type>robndbox</type><name>wheat_head</name><pose>Unspecified</pose><truncated>0</truncated><difficult>0</difficult><robndbox><cx>121.5534</cx><cy>33.3811</cy><w>82.0475</w><h>42.0654</h><angle>0.68226</angle></robndbox></object><object><type>robndbox</type><name>wheat_head</name><pose>Unspecified</pose><truncated>0</truncated><difficult>0</difficult><robndbox><cx>688.4529</cx><cy>38.1421</cy><w>91.9326</w><h>44.2588</h><angle>0.940837</angle></robndbox></object><object><type>robndbox</type><name>wheat_head</name><pose>Unspecified</pose><truncated>0</truncated><difficult>0</difficult><robndbox><cx>950.8253</cx><cy>763.0131</cy><w>53.7388</w><h>26.0874</h><angle>1.243306</angle></robndbox></object><object><type>robndbox</type><name>wheat_head</name><pose>Unspecified</pose><truncated>0</truncated><difficult>0</difficult><robndbox><cx>780.1065</cx><cy>288.1854</cy><w>73.64</w><h>46.3384</h><angle>0.813982</angle></robndbox></object><object><type>robndbox</type><name>wheat_head</name><pose>Unspecified</pose><truncated>0</truncated><difficult>0</difficult><robndbox><cx>717.038</cx><cy>762.8018</cy><w>161.1658</w><h>45.7815</h><angle>0.86115</angle></robndbox></object><object><type>robndbox</type><name>wheat_head</name><pose>Unspecified</pose><truncated>0</truncated><difficult>0</difficult><robndbox><cx>71.9094</cx><cy>528.9465</cy><w>63.9208</w><h>35.203</h><angle>0.936595</angle></robndbox></object><object><type>robndbox</type><name>wheat_head</name><pose>Unspecified</pose><truncated>0</truncated><difficult>0</difficult><robndbox><cx>605.5</cx><cy>856.5</cy><w>78.2795</w><h>39.3473</h><angle>2.998099</angle></robndbox></object><object><type>robndbox</type><name>wheat_head</name><pose>Unspecified</pose><truncated>0</truncated><difficult>0</difficult><robndbox><cx>94.8847</cx><cy>679.2956</cy><w>118.9596</w><h>40.7868</h><angle>0.912318</angle></robndbox></object><object><type>robndbox</type><name>wheat_head</name><pose>Unspecified</pose><truncated>0</truncated><difficult>0</difficult><robndbox><cx>558.428</cx><cy>758.3355</cy><w>58.3515</w><h>29.6168</h><angle>1.265517</angle></robndbox></object><object><type>robndbox</type><name>wheat_head</name><pose>Unspecified</pose><truncated>0</truncated><difficult>0</difficult><robndbox><cx>238.3643</cx><cy>747.265</cy><w>145.4487</w><h>39.3964</h><angle>0.888211</angle></robndbox></object><object><type>robndbox</type><name>wheat_head</name><pose>Unspecified</pose><truncated>0</truncated><difficult>0</difficult><robndbox><cx>780.1065</cx><cy>288.1854</cy><w>73.64</w><h>46.3384</h><angle>0.813982</angle></robndbox></object><object><type>robndbox</type><name>wheat_head</name><pose>Unspecified</pose><truncated>0</truncated><difficult>0</difficult><robndbox><cx>656.7506</cx><cy>237.7202</cy><w>49.9671</w><h>30.8983</h><angle>0.925716</angle></robndbox></object><object><type>robndbox</type><name>wheat_head</name><pose>Unspecified</pose><truncated>0</truncated><difficult>0</difficult><robndbox><cx>393.7354</cx><cy>65.6325</cy><w>110.1426</w><h>48.1893</h><angle>0.508512</angle></robndbox></object><object><type>robndbox</type><name>wheat_head</name><pose>Unspecified</pose><truncated>0</truncated><difficult>0</difficult><robndbox><cx>27.4367</cx><cy>418.468</cy><w>49.381</w><h>33.4288</h><angle>0.577021</angle></robndbox></object><object><type>robndbox</type><name>wheat_head</name><pose>Unspecified</pose><truncated>0</truncated><difficult>0</difficult><robndbox><cx>52.4417</cx><cy>907.3441</cy><w>84.2958</w><h>42.6017</h><angle>0.26019</angle></robndbox></object><object><type>robndbox</type><name>wheat_head</name><pose>Unspecified</pose><truncated>0</truncated><difficult>0</difficult><robndbox><cx>944.2175</cx><cy>530.9327</cy><w>88.5716</w><h>30.6917</h><angle>1.763693</angle></robndbox></object><object><type>robndbox</type><name>wheat_head</name><pose>Unspecified</pose><truncated>0</truncated><difficult>0</difficult><robndbox><cx>516.3209</cx><cy>263.5624</cy><w>54.0895</w><h>47.3208</h><angle>0.697305</angle></robndbox></object><object><type>robndbox</type><name>wheat_head</name><pose>Unspecified</pose><truncated>0</truncated><difficult>0</difficult><robndbox><cx>41.5092</cx><cy>231.1395</cy><w>58.0293</w><h>39.801</h><angle>0.997534</angle></robndbox></object><object><type>robndbox</type><name>wheat_head</name><pose>Unspecified</pose><truncated>0</truncated><difficult>0</difficult><robndbox><cx>909.8781</cx><cy>883.4386</cy><w>49.6487</w><h>32.775</h><angle>0.870249</angle></robndbox></object><object><type>robndbox</type><name>wheat_head</name><pose>Unspecified</pose><truncated>0</truncated><difficult>0</difficult><robndbox><cx>957.1406</cx><cy>73.1567</cy><w>141.2046</w><h>43.9089</h><angle>1.354803</angle></robndbox></object><object><type>robndbox</type><name>wheat_head</name><pose>Unspecified</pose><truncated>0</truncated><difficult>0</difficult><robndbox><cx>302.993</cx><cy>896.554</cy><w>97.7879</w><h>43.7378</h><angle>0.214003</angle></robndbox></object><object><type>robndbox</type><name>wheat_head</name><pose>Unspecified</pose><truncated>0</truncated><difficult>0</difficult><robndbox><cx>828.812</cx><cy>997.8512</cy><w>31.6455</w><h>31.6172</h><angle>2.689138</angle></robndbox></object><object><type>robndbox</type><name>wheat_head</name><pose>Unspecified</pose><truncated>0</truncated><difficult>0</difficult><robndbox><cx>684.5587</cx><cy>137.0303</cy><w>123.523</w><h>39.1753</h><angle>0.575535</angle></robndbox></object><object><type>robndbox</type><name>wheat_head</name><pose>Unspecified</pose><truncated>0</truncated><difficult>0</difficult><robndbox><cx>153.4725</cx><cy>15.9072</cy><w>31.758</w><h>29.3279</h><angle>1.790411</angle></robndbox></object><object><type>robndbox</type><name>wheat_head</name><pose>Unspecified</pose><truncated>0</truncated><difficult>0</difficult><robndbox><cx>185.8235</cx><cy>408.6035</cy><w>116.0854</w><h>38.3133</h><angle>1.704118</angle></robndbox></object><object><type>robndbox</type><name>wheat_head</name><pose>Unspecified</pose><truncated>0</truncated><difficult>0</difficult><robndbox><cx>786.1533</cx><cy>373.7311</cy><w>67.6924</w><h>39.0861</h><angle>0.565658</angle></robndbox></object><object><type>robndbox</type><name>wheat_head</name><pose>Unspecified</pose><truncated>0</truncated><difficult>0</difficult><robndbox><cx>949.4291</cx><cy>457.3934</cy><w>83.2085</w><h>30.5345</h><angle>1.367478</angle></robndbox></object><object><type>robndbox</type><name>wheat_head</name><pose>Unspecified</pose><truncated>0</truncated><difficult>0</difficult><robndbox><cx>874.2549</cx><cy>737.6445</cy><w>47.4542</w><h>33.7728</h><angle>0.585402</angle></robndbox></object><object><type>robndbox</type><name>wheat_head</name><pose>Unspecified</pose><truncated>0</truncated><difficult>0</difficult><robndbox><cx>715.8642</cx><cy>469.6679</cy><w>50.5519</w><h>30.9215</h><angle>0.53345</angle></robndbox></object><object><type>robndbox</type><name>wheat_head</name><pose>Unspecified</pose><truncated>0</truncated><difficult>0</difficult><robndbox><cx>554.428</cx><cy>714.8355</cy><w>112.6118</w><h>40.425</h><angle>1.265517</angle></robndbox></object><object><type>robndbox</type><name>wheat_head</name><pose>Unspecified</pose><truncated>0</truncated><difficult>0</difficult><robndbox><cx>257.8131</cx><cy>239.9079</cy><w>91.8089</w><h>41.8957</h><angle>0.778566</angle></robndbox></object><object><type>robndbox</type><name>wheat_head</name><pose>Unspecified</pose><truncated>0</truncated><difficult>0</difficult><robndbox><cx>101.024</cx><cy>187.2009</cy><w>42.874</w><h>32.5922</h><angle>1.27044</angle></robndbox></object><object><type>robndbox</type><name>wheat_head</name><pose>Unspecified</pose><truncated>0</truncated><difficult>0</difficult><robndbox><cx>15.0044</cx><cy>720.2732</cy><w>37.8088</w><h>29.3957</h><angle>0.964956</angle></robndbox></object><object><type>robndbox</type><name>wheat_head</name><pose>Unspecified</pose><truncated>0</truncated><difficult>0</difficult><robndbox><cx>805.7943</cx><cy>622.4169</cy><w>51.6246</w><h>41.7415</h><angle>0.63811</angle></robndbox></object><object><type>robndbox</type><name>wheat_head</name><pose>Unspecified</pose><truncated>0</truncated><difficult>0</difficult><robndbox><cx>9.8074</cx><cy>55.8991</cy><w>30.9265</w><h>15.2568</h><angle>1.58793</angle></robndbox></object><object><type>robndbox</type><name>wheat_head</name><pose>Unspecified</pose><truncated>0</truncated><difficult>0</difficult><robndbox><cx>121.5264</cx><cy>919.1739</cy><w>57.0359</w><h>39.1863</h><angle>1.130692</angle></robndbox></object><object><type>robndbox</type><name>wheat_head</name><pose>Unspecified</pose><truncated>0</truncated><difficult>0</difficult><robndbox><cx>401.374</cx><cy>547.7878</cy><w>66.2511</w><h>39.9847</h><angle>0.363811</angle></robndbox></object><object><type>robndbox</type><name>wheat_head</name><pose>Unspecified</pose><truncated>0</truncated><difficult>0</difficult><robndbox><cx>204.1303</cx><cy>209.1876</cy><w>147.9906</w><h>41.2568</h><angle>0.878566</angle></robndbox></object><object><type>robndbox</type><name>wheat_head</name><pose>Unspecified</pose><truncated>0</truncated><difficult>0</difficult><robndbox><cx>10.8471</cx><cy>570.8007</cy><w>33.0286</w><h>21.2875</h><angle>1.453223</angle></robndbox></object><object><type>robndbox</type><name>wheat_head</name><pose>Unspecified</pose><truncated>0</truncated><difficult>0</difficult><robndbox><cx>451.7943</cx><cy>855.7249</cy><w>49.7238</w><h>30.7274</h><angle>0.587677</angle></robndbox></object><object><type>robndbox</type><name>wheat_head</name><pose>Unspecified</pose><truncated>0</truncated><difficult>0</difficult><robndbox><cx>254.7149</cx><cy>401.8062</cy><w>79.4774</w><h>40.5575</h><angle>1.382328</angle></robndbox></object><object><type>robndbox</type><name>wheat_head</name><pose>Unspecified</pose><truncated>0</truncated><difficult>0</difficult><robndbox><cx>68.153</cx><cy>718.9937</cy><w>34.0482</w><h>33.4126</h><angle>2.057276</angle></robndbox></object><object><type>robndbox</type><name>wheat_head</name><pose>Unspecified</pose><truncated>0</truncated><difficult>0</difficult><robndbox><cx>693.5887</cx><cy>975.0224</cy><w>35.015</w><h>28.0404</h><angle>1.399529</angle></robndbox></object><object><type>robndbox</type><name>wheat_head</name><pose>Unspecified</pose><truncated>0</truncated><difficult>0</difficult><robndbox><cx>707.5291</cx><cy>197.0007</cy><w>87.9577</w><h>39.8876</h><angle>0.035411</angle></robndbox></object><object><type>robndbox</type><name>wheat_head</name><pose>Unspecified</pose><truncated>0</truncated><difficult>0</difficult><robndbox><cx>40.1608</cx><cy>790.8394</cy><w>45.4224</w><h>43.5093</h><angle>0.726404</angle></robndbox></object><object><type>robndbox</type><name>wheat_head</name><pose>Unspecified</pose><truncated>0</truncated><difficult>0</difficult><robndbox><cx>988.0841</cx><cy>740.2896</cy><w>86.4308</w><h>36.1874</h><angle>1.002002</angle></robndbox></object><object><type>robndbox</type><name>wheat_head</name><pose>Unspecified</pose><truncated>0</truncated><difficult>0</difficult><robndbox><cx>469.333</cx><cy>243.3095</cy><w>98.7654</w><h>49.7634</h><angle>3.138897</angle></robndbox></object><object><type>robndbox</type><name>wheat_head</name><pose>Unspecified</pose><truncated>0</truncated><difficult>0</difficult><robndbox><cx>692.8757</cx><cy>576.4208</cy><w>52.731</w><h>37.6694</h><angle>0.377107</angle></robndbox></object><object><type>robndbox</type><name>wheat_head</name><pose>Unspecified</pose><truncated>0</truncated><difficult>0</difficult><robndbox><cx>255.2061</cx><cy>697.1826</cy><w>44.5402</w><h>34.305</h><angle>2.206558</angle></robndbox></object><object><type>robndbox</type><name>wheat_head</name><pose>Unspecified</pose><truncated>0</truncated><difficult>0</difficult><robndbox><cx>964.5</cx><cy>24.5</cy><w>29.1955</w><h>25.897</h><angle>0.115797</angle></robndbox></object><object><type>robndbox</type><name>wheat_head</name><pose>Unspecified</pose><truncated>0</truncated><difficult>0</difficult><robndbox><cx>442.9944</cx><cy>805.4105</cy><w>51.4246</w><h>30.0748</h><angle>0.788842</angle></robndbox></object><object><type>robndbox</type><name>wheat_head</name><pose>Unspecified</pose><truncated>0</truncated><difficult>0</difficult><robndbox><cx>988.0841</cx><cy>740.2896</cy><w>86.4308</w><h>36.1874</h><angle>1.002002</angle></robndbox></object><object><type>robndbox</type><name>wheat_head</name><pose>Unspecified</pose><truncated>0</truncated><difficult>0</difficult><robndbox><cx>907.5497</cx><cy>290.7678</cy><w>70.8953</w><h>47.6394</h><angle>2.676307</angle></robndbox></object><object><type>robndbox</type><name>wheat_head</name><pose>Unspecified</pose><truncated>0</truncated><difficult>0</difficult><robndbox><cx>785.3341</cx><cy>43.9611</cy><w>80.4923</w><h>42.3049</h><angle>1.496663</angle></robndbox></object><object><type>robndbox</type><name>wheat_head</name><pose>Unspecified</pose><truncated>0</truncated><difficult>0</difficult><robndbox><cx>808.4614</cx><cy>908.9661</cy><w>101.9902</w><h>42.7278</h><angle>3.113286</angle></robndbox></object><object><type>robndbox</type><name>wheat_head</name><pose>Unspecified</pose><truncated>0</truncated><difficult>0</difficult><robndbox><cx>978.011</cx><cy>266.2051</cy><w>59.4449</w><h>38.7686</h><angle>1.070404</angle></robndbox></object><object><type>robndbox</type><name>wheat_head</name><pose>Unspecified</pose><truncated>0</truncated><difficult>0</difficult><robndbox><cx>422.9047</cx><cy>153.4154</cy><w>59.5779</w><h>43.8894</h><angle>0.244698</angle></robndbox></object><object><type>robndbox</type><name>wheat_head</name><pose>Unspecified</pose><truncated>0</truncated><difficult>0</difficult><robndbox><cx>441.6965</cx><cy>190.6671</cy><w>49.0432</w><h>33.4714</h><angle>1.373515</angle></robndbox></object><object><type>robndbox</type><name>wheat_head</name><pose>Unspecified</pose><truncated>0</truncated><difficult>0</difficult><robndbox><cx>1009.6039</cx><cy>856.577</cy><w>36.1705</w><h>21.769</h><angle>1.583456</angle></robndbox></object><object><type>robndbox</type><name>wheat_head</name><pose>Unspecified</pose><truncated>0</truncated><difficult>0</difficult><robndbox><cx>369.1022</cx><cy>10.2441</cy><w>29.1763</w><h>23.4031</h><angle>2.952803</angle></robndbox></object><object><type>robndbox</type><name>wheat_head</name><pose>Unspecified</pose><truncated>0</truncated><difficult>0</difficult><robndbox><cx>1008.3276</cx><cy>206.6595</cy><w>37.3319</w><h>25.9619</h><angle>1.368923</angle></robndbox></object><object><type>robndbox</type><name>wheat_head</name><pose>Unspecified</pose><truncated>0</truncated><difficult>0</difficult><robndbox><cx>680.6442</cx><cy>866.3894</cy><w>71.3812</w><h>39.4766</h><angle>0.410097</angle></robndbox></object><object><type>robndbox</type><name>wheat_head</name><pose>Unspecified</pose><truncated>0</truncated><difficult>0</difficult><robndbox><cx>908.1658</cx><cy>216.767</cy><w>50.1535</w><h>38.187</h><angle>2.726209</angle></robndbox></object><object><type>robndbox</type><name>wheat_head</name><pose>Unspecified</pose><truncated>0</truncated><difficult>0</difficult><robndbox><cx>933.7967</cx><cy>450.883</cy><w>40.4315</w><h>33.7925</h><angle>2.286269</angle></robndbox></object><object><type>robndbox</type><name>wheat_head</name><pose>Unspecified</pose><truncated>0</truncated><difficult>0</difficult><robndbox><cx>895.5309</cx><cy>31.2518</cy><w>41.112</w><h>33.5821</h><angle>1.28475</angle></robndbox></object><object><type>robndbox</type><name>wheat_head</name><pose>Unspecified</pose><truncated>0</truncated><difficult>0</difficult><robndbox><cx>1011.8179</cx><cy>55.22</cy><w>75.0807</w><h>14.0522</h><angle>1.586036</angle></robndbox></object><object><type>robndbox</type><name>wheat_head</name><pose>Unspecified</pose><truncated>0</truncated><difficult>0</difficult><robndbox><cx>494.3984</cx><cy>818.6893</cy><w>86.6133</w><h>41.3188</h><angle>0.749752</angle></robndbox></object><object><type>robndbox</type><name>wheat_head</name><pose>Unspecified</pose><truncated>0</truncated><difficult>0</difficult><robndbox><cx>551.1343</cx><cy>838.22</cy><w>111.5747</w><h>35.3809</h><angle>1.010097</angle></robndbox></object><object><type>robndbox</type><name>wheat_head</name><pose>Unspecified</pose><truncated>0</truncated><difficult>0</difficult><robndbox><cx>894.9013</cx><cy>261.9184</cy><w>35.3884</w><h>35.3087</h><angle>2.347515</angle></robndbox></object><object><type>robndbox</type><name>wheat_head</name><pose>Unspecified</pose><truncated>0</truncated><difficult>0</difficult><robndbox><cx>807.562</cx><cy>20.9615</cy><w>34.9285</w><h>22.8422</h><angle>1.983207</angle></robndbox></object></annotation>