<annotation verified="no"><folder>images</folder><filename>155e8d59d</filename><path>/home/badhon/Documents/thesis/final_dataset/ethz_1/images/155e8d59d.jpg</path><source><database>Unknown</database></source><size><width>1024</width><height>1024</height><depth>3</depth></size><segmented>0</segmented><object><type>robndbox</type><name>wheat_head</name><pose>Unspecified</pose><truncated>0</truncated><difficult>0</difficult><robndbox><cx>719.2107</cx><cy>831.7191</cy><w>102.3945</w><h>44.4068</h><angle>0.649515</angle></robndbox></object><object><type>robndbox</type><name>wheat_head</name><pose>Unspecified</pose><truncated>0</truncated><difficult>0</difficult><robndbox><cx>933.7476</cx><cy>927.0642</cy><w>73.874</w><h>38.4612</h><angle>0.598255</angle></robndbox></object><object><type>robndbox</type><name>wheat_head</name><pose>Unspecified</pose><truncated>0</truncated><difficult>0</difficult><robndbox><cx>747.45</cx><cy>131.2216</cy><w>82.6926</w><h>42.3502</h><angle>0.647332</angle></robndbox></object><object><type>robndbox</type><name>wheat_head</name><pose>Unspecified</pose><truncated>0</truncated><difficult>0</difficult><robndbox><cx>608.6003</cx><cy>122.9021</cy><w>109.8868</w><h>36.5457</h><angle>1.130521</angle></robndbox></object><object><type>robndbox</type><name>wheat_head</name><pose>Unspecified</pose><truncated>0</truncated><difficult>0</difficult><robndbox><cx>413.1096</cx><cy>406.3402</cy><w>98.5676</w><h>36.3757</h><angle>0.399401</angle></robndbox></object><object><type>robndbox</type><name>wheat_head</name><pose>Unspecified</pose><truncated>0</truncated><difficult>0</difficult><robndbox><cx>327.8252</cx><cy>198.6104</cy><w>116.1606</w><h>36.0974</h><angle>0.559315</angle></robndbox></object><object><type>robndbox</type><name>wheat_head</name><pose>Unspecified</pose><truncated>0</truncated><difficult>0</difficult><robndbox><cx>810.9993</cx><cy>913.1608</cy><w>85.7679</w><h>42.7752</h><angle>0.631681</angle></robndbox></object><object><type>robndbox</type><name>wheat_head</name><pose>Unspecified</pose><truncated>0</truncated><difficult>0</difficult><robndbox><cx>299.0901</cx><cy>459.0767</cy><w>92.886</w><h>24.5419</h><angle>0.510392</angle></robndbox></object><object><type>robndbox</type><name>wheat_head</name><pose>Unspecified</pose><truncated>0</truncated><difficult>0</difficult><robndbox><cx>264.9048</cx><cy>492.2515</cy><w>90.8092</w><h>25.7133</h><angle>0.461339</angle></robndbox></object><object><type>robndbox</type><name>wheat_head</name><pose>Unspecified</pose><truncated>0</truncated><difficult>0</difficult><robndbox><cx>40.5973</cx><cy>809.8129</cy><w>87.072</w><h>44.9732</h><angle>0.384092</angle></robndbox></object><object><type>robndbox</type><name>wheat_head</name><pose>Unspecified</pose><truncated>0</truncated><difficult>0</difficult><robndbox><cx>146.5867</cx><cy>520.0749</cy><w>84.4572</w><h>33.2132</h><angle>0.387903</angle></robndbox></object><object><type>robndbox</type><name>wheat_head</name><pose>Unspecified</pose><truncated>0</truncated><difficult>0</difficult><robndbox><cx>590.7712</cx><cy>861.9587</cy><w>86.2213</w><h>31.1997</h><angle>0.327549</angle></robndbox></object><object><type>robndbox</type><name>wheat_head</name><pose>Unspecified</pose><truncated>0</truncated><difficult>0</difficult><robndbox><cx>114.4509</cx><cy>885.2775</cy><w>92.705</w><h>29.8243</h><angle>0.394118</angle></robndbox></object><object><type>robndbox</type><name>wheat_head</name><pose>Unspecified</pose><truncated>0</truncated><difficult>0</difficult><robndbox><cx>563.2204</cx><cy>22.1126</cy><w>83.5672</w><h>37.5294</h><angle>0.441301</angle></robndbox></object><object><type>robndbox</type><name>wheat_head</name><pose>Unspecified</pose><truncated>0</truncated><difficult>0</difficult><robndbox><cx>62.5762</cx><cy>406.147</cy><w>128.9602</w><h>35.3216</h><angle>0.904597</angle></robndbox></object><object><type>robndbox</type><name>wheat_head</name><pose>Unspecified</pose><truncated>0</truncated><difficult>0</difficult><robndbox><cx>593.1951</cx><cy>467.272</cy><w>89.3594</w><h>40.1982</h><angle>0.411914</angle></robndbox></object><object><type>robndbox</type><name>wheat_head</name><pose>Unspecified</pose><truncated>0</truncated><difficult>0</difficult><robndbox><cx>629.3558</cx><cy>218.1615</cy><w>73.8826</w><h>31.9534</h><angle>0.327247</angle></robndbox></object><object><type>robndbox</type><name>wheat_head</name><pose>Unspecified</pose><truncated>0</truncated><difficult>0</difficult><robndbox><cx>879.2681</cx><cy>634.4039</cy><w>86.2117</w><h>38.0751</h><angle>0.321884</angle></robndbox></object><object><type>robndbox</type><name>wheat_head</name><pose>Unspecified</pose><truncated>0</truncated><difficult>0</difficult><robndbox><cx>236.1752</cx><cy>524.0411</cy><w>104.2167</w><h>33.9454</h><angle>0.593258</angle></robndbox></object><object><type>robndbox</type><name>wheat_head</name><pose>Unspecified</pose><truncated>0</truncated><difficult>0</difficult><robndbox><cx>930.9393</cx><cy>158.5259</cy><w>80.4912</w><h>37.9646</h><angle>0.434704</angle></robndbox></object><object><type>robndbox</type><name>wheat_head</name><pose>Unspecified</pose><truncated>0</truncated><difficult>0</difficult><robndbox><cx>149.8911</cx><cy>186.3048</cy><w>120.0441</w><h>43.5538</h><angle>0.313122</angle></robndbox></object><object><type>robndbox</type><name>wheat_head</name><pose>Unspecified</pose><truncated>0</truncated><difficult>0</difficult><robndbox><cx>778.5217</cx><cy>549.4056</cy><w>80.3145</w><h>27.8274</h><angle>1.257664</angle></robndbox></object><object><type>robndbox</type><name>wheat_head</name><pose>Unspecified</pose><truncated>0</truncated><difficult>0</difficult><robndbox><cx>670.2305</cx><cy>104.1609</cy><w>80.9641</w><h>37.4807</h><angle>1.016546</angle></robndbox></object><object><type>robndbox</type><name>wheat_head</name><pose>Unspecified</pose><truncated>0</truncated><difficult>0</difficult><robndbox><cx>439.9949</cx><cy>197.507</cy><w>48.5611</w><h>23.5123</h><angle>0.236275</angle></robndbox></object><object><type>robndbox</type><name>wheat_head</name><pose>Unspecified</pose><truncated>0</truncated><difficult>0</difficult><robndbox><cx>32.4591</cx><cy>638.9346</cy><w>54.7658</w><h>30.2982</h><angle>0.369119</angle></robndbox></object><object><type>robndbox</type><name>wheat_head</name><pose>Unspecified</pose><truncated>0</truncated><difficult>0</difficult><robndbox><cx>813.4476</cx><cy>827.5159</cy><w>80.037</w><h>33.2605</h><angle>3.129457</angle></robndbox></object><object><type>robndbox</type><name>wheat_head</name><pose>Unspecified</pose><truncated>0</truncated><difficult>0</difficult><robndbox><cx>348.4273</cx><cy>830.1575</cy><w>76.0044</w><h>26.927</h><angle>0.263606</angle></robndbox></object><object><type>robndbox</type><name>wheat_head</name><pose>Unspecified</pose><truncated>0</truncated><difficult>0</difficult><robndbox><cx>808.2543</cx><cy>665.0128</cy><w>78.7075</w><h>38.201</h><angle>0.199878</angle></robndbox></object><object><type>robndbox</type><name>wheat_head</name><pose>Unspecified</pose><truncated>0</truncated><difficult>0</difficult><robndbox><cx>670.2305</cx><cy>104.1609</cy><w>80.9641</w><h>37.4807</h><angle>1.016546</angle></robndbox></object><object><type>robndbox</type><name>wheat_head</name><pose>Unspecified</pose><truncated>0</truncated><difficult>0</difficult><robndbox><cx>80.4472</cx><cy>608.0753</cy><w>105.4377</w><h>29.9677</h><angle>0.090354</angle></robndbox></object><object><type>robndbox</type><name>wheat_head</name><pose>Unspecified</pose><truncated>0</truncated><difficult>0</difficult><robndbox><cx>614.0817</cx><cy>599.5975</cy><w>59.3867</w><h>39.3417</h><angle>2.602711</angle></robndbox></object><object><type>robndbox</type><name>wheat_head</name><pose>Unspecified</pose><truncated>0</truncated><difficult>0</difficult><robndbox><cx>154.4208</cx><cy>484.7781</cy><w>66.8992</w><h>27.6553</h><angle>0.372098</angle></robndbox></object><object><type>robndbox</type><name>wheat_head</name><pose>Unspecified</pose><truncated>0</truncated><difficult>0</difficult><robndbox><cx>1012.4086</cx><cy>317.6647</cy><w>30.1638</w><h>20.7941</h><angle>1.546245</angle></robndbox></object><object><type>robndbox</type><name>wheat_head</name><pose>Unspecified</pose><truncated>0</truncated><difficult>0</difficult><robndbox><cx>63.3446</cx><cy>715.5626</cy><w>82.5805</w><h>34.2491</h><angle>0.542358</angle></robndbox></object><object><type>robndbox</type><name>wheat_head</name><pose>Unspecified</pose><truncated>0</truncated><difficult>0</difficult><robndbox><cx>614.6646</cx><cy>978.1129</cy><w>94.6119</w><h>30.9455</h><angle>3.090073</angle></robndbox></object><object><type>robndbox</type><name>wheat_head</name><pose>Unspecified</pose><truncated>0</truncated><difficult>0</difficult><robndbox><cx>230.0188</cx><cy>562.0046</cy><w>51.3328</w><h>21.154</h><angle>0.291357</angle></robndbox></object><object><type>robndbox</type><name>wheat_head</name><pose>Unspecified</pose><truncated>0</truncated><difficult>0</difficult><robndbox><cx>306.0497</cx><cy>986.4863</cy><w>119.9274</w><h>35.0708</h><angle>0.190488</angle></robndbox></object><object><type>robndbox</type><name>wheat_head</name><pose>Unspecified</pose><truncated>0</truncated><difficult>0</difficult><robndbox><cx>672.2992</cx><cy>150.3922</cy><w>98.8727</w><h>24.2052</h><angle>1.016546</angle></robndbox></object><object><type>robndbox</type><name>wheat_head</name><pose>Unspecified</pose><truncated>0</truncated><difficult>0</difficult><robndbox><cx>427.6242</cx><cy>588.269</cy><w>99.6745</w><h>35.7669</h><angle>2.989446</angle></robndbox></object><object><type>robndbox</type><name>wheat_head</name><pose>Unspecified</pose><truncated>0</truncated><difficult>0</difficult><robndbox><cx>453.4325</cx><cy>875.8334</cy><w>89.288</w><h>32.1</h><angle>0.035768</angle></robndbox></object><object><type>robndbox</type><name>wheat_head</name><pose>Unspecified</pose><truncated>0</truncated><difficult>0</difficult><robndbox><cx>575.4215</cx><cy>340.633</cy><w>114.4589</w><h>33.1168</h><angle>0.012571</angle></robndbox></object><object><type>robndbox</type><name>wheat_head</name><pose>Unspecified</pose><truncated>0</truncated><difficult>0</difficult><robndbox><cx>928.855</cx><cy>565.9571</cy><w>98.6259</w><h>35.7461</h><angle>2.959768</angle></robndbox></object><object><type>robndbox</type><name>wheat_head</name><pose>Unspecified</pose><truncated>0</truncated><difficult>0</difficult><robndbox><cx>117.8345</cx><cy>677.419</cy><w>106.767</w><h>32.0106</h><angle>3.116092</angle></robndbox></object><object><type>robndbox</type><name>wheat_head</name><pose>Unspecified</pose><truncated>0</truncated><difficult>0</difficult><robndbox><cx>28.8841</cx><cy>866.935</cy><w>49.1461</w><h>26.852</h><angle>0.20919</angle></robndbox></object><object><type>robndbox</type><name>wheat_head</name><pose>Unspecified</pose><truncated>0</truncated><difficult>0</difficult><robndbox><cx>886.6424</cx><cy>972.2614</cy><w>72.7542</w><h>31.7911</h><angle>3.022796</angle></robndbox></object><object><type>robndbox</type><name>wheat_head</name><pose>Unspecified</pose><truncated>0</truncated><difficult>0</difficult><robndbox><cx>746.2836</cx><cy>933.5402</cy><w>52.3796</w><h>29.4835</h><angle>0.025349</angle></robndbox></object><object><type>robndbox</type><name>wheat_head</name><pose>Unspecified</pose><truncated>0</truncated><difficult>0</difficult><robndbox><cx>950.3362</cx><cy>1007.4108</cy><w>37.9579</w><h>21.8399</h><angle>0.223897</angle></robndbox></object><object><type>robndbox</type><name>wheat_head</name><pose>Unspecified</pose><truncated>0</truncated><difficult>0</difficult><robndbox><cx>845.9558</cx><cy>399.7704</cy><w>34.9004</w><h>22.3228</h><angle>0.001595</angle></robndbox></object><object><type>robndbox</type><name>wheat_head</name><pose>Unspecified</pose><truncated>0</truncated><difficult>0</difficult><robndbox><cx>180.9521</cx><cy>861.4071</cy><w>102.2607</w><h>38.7687</h><angle>2.809413</angle></robndbox></object><object><type>robndbox</type><name>wheat_head</name><pose>Unspecified</pose><truncated>0</truncated><difficult>0</difficult><robndbox><cx>75.7468</cx><cy>53.1936</cy><w>123.8766</w><h>28.4958</h><angle>0.04477</angle></robndbox></object><object><type>robndbox</type><name>wheat_head</name><pose>Unspecified</pose><truncated>0</truncated><difficult>0</difficult><robndbox><cx>840.6366</cx><cy>522.7029</cy><w>49.2231</w><h>32.8415</h><angle>0.016959</angle></robndbox></object><object><type>robndbox</type><name>wheat_head</name><pose>Unspecified</pose><truncated>0</truncated><difficult>0</difficult><robndbox><cx>108.2717</cx><cy>6.7073</cy><w>103.8098</w><h>12.6263</h><angle>3.10823</angle></robndbox></object><object><type>robndbox</type><name>wheat_head</name><pose>Unspecified</pose><truncated>0</truncated><difficult>0</difficult><robndbox><cx>149.8911</cx><cy>186.3048</cy><w>120.0441</w><h>43.5538</h><angle>0.313122</angle></robndbox></object><object><type>robndbox</type><name>wheat_head</name><pose>Unspecified</pose><truncated>0</truncated><difficult>0</difficult><robndbox><cx>225.5769</cx><cy>825.5631</cy><w>75.9618</w><h>29.7833</h><angle>0.287006</angle></robndbox></object><object><type>robndbox</type><name>wheat_head</name><pose>Unspecified</pose><truncated>0</truncated><difficult>0</difficult><robndbox><cx>427.6242</cx><cy>588.269</cy><w>99.6745</w><h>35.7669</h><angle>2.989446</angle></robndbox></object><object><type>robndbox</type><name>wheat_head</name><pose>Unspecified</pose><truncated>0</truncated><difficult>0</difficult><robndbox><cx>33.2982</cx><cy>529.886</cy><w>55.8652</w><h>26.594</h><angle>0.044619</angle></robndbox></object><object><type>robndbox</type><name>wheat_head</name><pose>Unspecified</pose><truncated>0</truncated><difficult>0</difficult><robndbox><cx>236.1752</cx><cy>524.0411</cy><w>104.2167</w><h>33.9454</h><angle>0.593258</angle></robndbox></object><object><type>robndbox</type><name>wheat_head</name><pose>Unspecified</pose><truncated>0</truncated><difficult>0</difficult><robndbox><cx>325.4576</cx><cy>862.1215</cy><w>101.4305</w><h>33.0466</h><angle>0.171511</angle></robndbox></object><object><type>robndbox</type><name>wheat_head</name><pose>Unspecified</pose><truncated>0</truncated><difficult>0</difficult><robndbox><cx>805.4684</cx><cy>548.687</cy><w>76.9541</w><h>26.6173</h><angle>1.070287</angle></robndbox></object><object><type>robndbox</type><name>wheat_head</name><pose>Unspecified</pose><truncated>0</truncated><difficult>0</difficult><robndbox><cx>192.366</cx><cy>739.8778</cy><w>136.8275</w><h>42.7191</h><angle>2.829645</angle></robndbox></object><object><type>robndbox</type><name>wheat_head</name><pose>Unspecified</pose><truncated>0</truncated><difficult>0</difficult><robndbox><cx>418.2178</cx><cy>896.9798</cy><w>59.4434</w><h>27.2845</h><angle>3.089567</angle></robndbox></object><object><type>robndbox</type><name>wheat_head</name><pose>Unspecified</pose><truncated>0</truncated><difficult>0</difficult><robndbox><cx>321.1646</cx><cy>962.1446</cy><w>58.2174</w><h>11.9602</h><angle>0.206676</angle></robndbox></object></annotation>