<annotation verified="no"><folder>images</folder><filename>1690036d7</filename><path>/home/badhon/Documents/thesis/final_dataset/ethz_1/images/1690036d7.jpg</path><source><database>Unknown</database></source><size><width>1024</width><height>1024</height><depth>3</depth></size><segmented>0</segmented><object><type>robndbox</type><name>wheat_head</name><pose>Unspecified</pose><truncated>0</truncated><difficult>0</difficult><robndbox><cx>56.6401</cx><cy>137.8035</cy><w>82.8657</w><h>32.0514</h><angle>1.112527</angle></robndbox></object><object><type>robndbox</type><name>wheat_head</name><pose>Unspecified</pose><truncated>0</truncated><difficult>0</difficult><robndbox><cx>321.5952</cx><cy>241.3979</cy><w>103.5927</w><h>32.6958</h><angle>0.962233</angle></robndbox></object><object><type>robndbox</type><name>wheat_head</name><pose>Unspecified</pose><truncated>0</truncated><difficult>0</difficult><robndbox><cx>149.465</cx><cy>479.2522</cy><w>104.227</w><h>38.0363</h><angle>0.87925</angle></robndbox></object><object><type>robndbox</type><name>wheat_head</name><pose>Unspecified</pose><truncated>0</truncated><difficult>0</difficult><robndbox><cx>767.9544</cx><cy>548.3452</cy><w>125.4687</w><h>36.7923</h><angle>1.038059</angle></robndbox></object><object><type>robndbox</type><name>wheat_head</name><pose>Unspecified</pose><truncated>0</truncated><difficult>0</difficult><robndbox><cx>679.1109</cx><cy>316.1844</cy><w>82.4642</w><h>32.8703</h><angle>0.981822</angle></robndbox></object><object><type>robndbox</type><name>wheat_head</name><pose>Unspecified</pose><truncated>0</truncated><difficult>0</difficult><robndbox><cx>642.1205</cx><cy>811.6155</cy><w>74.8572</w><h>33.2715</h><angle>1.110651</angle></robndbox></object><object><type>robndbox</type><name>wheat_head</name><pose>Unspecified</pose><truncated>0</truncated><difficult>0</difficult><robndbox><cx>9.5</cx><cy>584.5</cy><w>21.5652</w><h>19.0347</h><angle>1.510446</angle></robndbox></object><object><type>robndbox</type><name>wheat_head</name><pose>Unspecified</pose><truncated>0</truncated><difficult>0</difficult><robndbox><cx>236.5172</cx><cy>48.5647</cy><w>93.5268</w><h>37.3534</h><angle>0.582576</angle></robndbox></object><object><type>robndbox</type><name>wheat_head</name><pose>Unspecified</pose><truncated>0</truncated><difficult>0</difficult><robndbox><cx>94.3898</cx><cy>807.386</cy><w>85.8511</w><h>35.0543</h><angle>0.908395</angle></robndbox></object><object><type>robndbox</type><name>wheat_head</name><pose>Unspecified</pose><truncated>0</truncated><difficult>0</difficult><robndbox><cx>986.2918</cx><cy>34.5675</cy><w>74.5551</w><h>32.1957</h><angle>1.197096</angle></robndbox></object><object><type>robndbox</type><name>wheat_head</name><pose>Unspecified</pose><truncated>0</truncated><difficult>0</difficult><robndbox><cx>654.4178</cx><cy>539.3969</cy><w>88.8227</w><h>40.4697</h><angle>0.524749</angle></robndbox></object><object><type>robndbox</type><name>wheat_head</name><pose>Unspecified</pose><truncated>0</truncated><difficult>0</difficult><robndbox><cx>654.2006</cx><cy>22.079</cy><w>66.4221</w><h>29.9259</h><angle>0.978872</angle></robndbox></object><object><type>robndbox</type><name>wheat_head</name><pose>Unspecified</pose><truncated>0</truncated><difficult>0</difficult><robndbox><cx>525.4825</cx><cy>372.4883</cy><w>129.3133</w><h>37.4352</h><angle>1.287576</angle></robndbox></object><object><type>robndbox</type><name>wheat_head</name><pose>Unspecified</pose><truncated>0</truncated><difficult>0</difficult><robndbox><cx>172.7315</cx><cy>675.1316</cy><w>63.6599</w><h>35.3463</h><angle>0.680393</angle></robndbox></object><object><type>robndbox</type><name>wheat_head</name><pose>Unspecified</pose><truncated>0</truncated><difficult>0</difficult><robndbox><cx>916.4515</cx><cy>111.8556</cy><w>118.813</w><h>39.169</h><angle>1.968099</angle></robndbox></object><object><type>robndbox</type><name>wheat_head</name><pose>Unspecified</pose><truncated>0</truncated><difficult>0</difficult><robndbox><cx>549.2977</cx><cy>535.2642</cy><w>80.6842</w><h>37.7839</h><angle>1.108269</angle></robndbox></object><object><type>robndbox</type><name>wheat_head</name><pose>Unspecified</pose><truncated>0</truncated><difficult>0</difficult><robndbox><cx>826.8198</cx><cy>478.17</cy><w>79.151</w><h>31.8232</h><angle>1.110348</angle></robndbox></object><object><type>robndbox</type><name>wheat_head</name><pose>Unspecified</pose><truncated>0</truncated><difficult>0</difficult><robndbox><cx>590.9653</cx><cy>297.0615</cy><w>62.171</w><h>33.3752</h><angle>1.184748</angle></robndbox></object><object><type>robndbox</type><name>wheat_head</name><pose>Unspecified</pose><truncated>0</truncated><difficult>0</difficult><robndbox><cx>46.7777</cx><cy>532.6456</cy><w>76.2554</w><h>40.0327</h><angle>0.625276</angle></robndbox></object><object><type>robndbox</type><name>wheat_head</name><pose>Unspecified</pose><truncated>0</truncated><difficult>0</difficult><robndbox><cx>254.7161</cx><cy>511.1806</cy><w>90.0625</w><h>27.9776</h><angle>1.019641</angle></robndbox></object><object><type>robndbox</type><name>wheat_head</name><pose>Unspecified</pose><truncated>0</truncated><difficult>0</difficult><robndbox><cx>12.8587</cx><cy>148.3105</cy><w>63.7361</w><h>22.3662</h><angle>1.515384</angle></robndbox></object><object><type>robndbox</type><name>wheat_head</name><pose>Unspecified</pose><truncated>0</truncated><difficult>0</difficult><robndbox><cx>259.5675</cx><cy>156.8655</cy><w>65.1335</w><h>34.7516</h><angle>1.330154</angle></robndbox></object><object><type>robndbox</type><name>wheat_head</name><pose>Unspecified</pose><truncated>0</truncated><difficult>0</difficult><robndbox><cx>383.3403</cx><cy>618.4754</cy><w>52.835</w><h>34.3039</h><angle>1.319687</angle></robndbox></object><object><type>robndbox</type><name>wheat_head</name><pose>Unspecified</pose><truncated>0</truncated><difficult>0</difficult><robndbox><cx>472.8697</cx><cy>502.1235</cy><w>55.0238</w><h>33.2532</h><angle>1.126316</angle></robndbox></object><object><type>robndbox</type><name>wheat_head</name><pose>Unspecified</pose><truncated>0</truncated><difficult>0</difficult><robndbox><cx>74.8854</cx><cy>373.4883</cy><w>58.0948</w><h>28.1143</h><angle>1.073275</angle></robndbox></object><object><type>robndbox</type><name>wheat_head</name><pose>Unspecified</pose><truncated>0</truncated><difficult>0</difficult><robndbox><cx>752.4648</cx><cy>845.5071</cy><w>63.2659</w><h>31.8655</h><angle>1.028066</angle></robndbox></object><object><type>robndbox</type><name>wheat_head</name><pose>Unspecified</pose><truncated>0</truncated><difficult>0</difficult><robndbox><cx>946.6581</cx><cy>238.367</cy><w>81.9131</w><h>29.1225</h><angle>1.500345</angle></robndbox></object><object><type>robndbox</type><name>wheat_head</name><pose>Unspecified</pose><truncated>0</truncated><difficult>0</difficult><robndbox><cx>177.7033</cx><cy>840.092</cy><w>74.7556</w><h>30.3351</h><angle>1.549788</angle></robndbox></object><object><type>robndbox</type><name>wheat_head</name><pose>Unspecified</pose><truncated>0</truncated><difficult>0</difficult><robndbox><cx>145.494</cx><cy>30.3975</cy><w>52.9265</w><h>33.6268</h><angle>1.274107</angle></robndbox></object><object><type>robndbox</type><name>wheat_head</name><pose>Unspecified</pose><truncated>0</truncated><difficult>0</difficult><robndbox><cx>367.4776</cx><cy>854.9311</cy><w>59.384</w><h>31.117</h><angle>1.01717</angle></robndbox></object><object><type>robndbox</type><name>wheat_head</name><pose>Unspecified</pose><truncated>0</truncated><difficult>0</difficult><robndbox><cx>944.4576</cx><cy>598.0593</cy><w>62.9214</w><h>30.7206</h><angle>1.746446</angle></robndbox></object><object><type>robndbox</type><name>wheat_head</name><pose>Unspecified</pose><truncated>0</truncated><difficult>0</difficult><robndbox><cx>712.8858</cx><cy>457.0106</cy><w>65.1739</w><h>32.6909</h><angle>1.284432</angle></robndbox></object><object><type>robndbox</type><name>wheat_head</name><pose>Unspecified</pose><truncated>0</truncated><difficult>0</difficult><robndbox><cx>512.7105</cx><cy>277.4679</cy><w>72.427</w><h>32.2384</h><angle>1.028496</angle></robndbox></object><object><type>robndbox</type><name>wheat_head</name><pose>Unspecified</pose><truncated>0</truncated><difficult>0</difficult><robndbox><cx>837.326</cx><cy>983.9894</cy><w>43.5947</w><h>30.6237</h><angle>1.292664</angle></robndbox></object><object><type>robndbox</type><name>wheat_head</name><pose>Unspecified</pose><truncated>0</truncated><difficult>0</difficult><robndbox><cx>12.8587</cx><cy>148.3105</cy><w>63.7361</w><h>22.3662</h><angle>1.515384</angle></robndbox></object><object><type>robndbox</type><name>wheat_head</name><pose>Unspecified</pose><truncated>0</truncated><difficult>0</difficult><robndbox><cx>648.6602</cx><cy>205.5256</cy><w>51.4916</w><h>28.8162</h><angle>1.147567</angle></robndbox></object><object><type>robndbox</type><name>wheat_head</name><pose>Unspecified</pose><truncated>0</truncated><difficult>0</difficult><robndbox><cx>303.0508</cx><cy>498.236</cy><w>136.3282</w><h>29.0716</h><angle>0.53388</angle></robndbox></object><object><type>robndbox</type><name>wheat_head</name><pose>Unspecified</pose><truncated>0</truncated><difficult>0</difficult><robndbox><cx>626.9688</cx><cy>835.1163</cy><w>47.2038</w><h>26.2703</h><angle>1.354703</angle></robndbox></object><object><type>robndbox</type><name>wheat_head</name><pose>Unspecified</pose><truncated>0</truncated><difficult>0</difficult><robndbox><cx>615.1439</cx><cy>909.7236</cy><w>125.7702</w><h>33.6991</h><angle>1.402014</angle></robndbox></object><object><type>robndbox</type><name>wheat_head</name><pose>Unspecified</pose><truncated>0</truncated><difficult>0</difficult><robndbox><cx>86.3822</cx><cy>880.6896</cy><w>65.4534</w><h>35.5576</h><angle>0.65925</angle></robndbox></object><object><type>robndbox</type><name>wheat_head</name><pose>Unspecified</pose><truncated>0</truncated><difficult>0</difficult><robndbox><cx>878.3248</cx><cy>36.6022</cy><w>56.7276</w><h>24.6989</h><angle>1.257415</angle></robndbox></object><object><type>robndbox</type><name>wheat_head</name><pose>Unspecified</pose><truncated>0</truncated><difficult>0</difficult><robndbox><cx>432.1862</cx><cy>140.5098</cy><w>61.5681</w><h>37.6943</h><angle>1.027668</angle></robndbox></object><object><type>robndbox</type><name>wheat_head</name><pose>Unspecified</pose><truncated>0</truncated><difficult>0</difficult><robndbox><cx>432.1862</cx><cy>140.5098</cy><w>61.5681</w><h>37.6943</h><angle>1.027668</angle></robndbox></object><object><type>robndbox</type><name>wheat_head</name><pose>Unspecified</pose><truncated>0</truncated><difficult>0</difficult><robndbox><cx>746.0016</cx><cy>787.6403</cy><w>90.0222</w><h>34.1089</h><angle>1.241693</angle></robndbox></object><object><type>robndbox</type><name>wheat_head</name><pose>Unspecified</pose><truncated>0</truncated><difficult>0</difficult><robndbox><cx>971.1335</cx><cy>876.4433</cy><w>60.9122</w><h>28.9618</h><angle>1.674424</angle></robndbox></object><object><type>robndbox</type><name>wheat_head</name><pose>Unspecified</pose><truncated>0</truncated><difficult>0</difficult><robndbox><cx>759.4336</cx><cy>991.595</cy><w>38.2812</w><h>28.0128</h><angle>1.390782</angle></robndbox></object><object><type>robndbox</type><name>wheat_head</name><pose>Unspecified</pose><truncated>0</truncated><difficult>0</difficult><robndbox><cx>589.5666</cx><cy>734.0878</cy><w>51.3867</w><h>34.3714</h><angle>0.546283</angle></robndbox></object><object><type>robndbox</type><name>wheat_head</name><pose>Unspecified</pose><truncated>0</truncated><difficult>0</difficult><robndbox><cx>227.1689</cx><cy>624.1558</cy><w>45.8729</w><h>43.3704</h><angle>1.550454</angle></robndbox></object><object><type>robndbox</type><name>wheat_head</name><pose>Unspecified</pose><truncated>0</truncated><difficult>0</difficult><robndbox><cx>607.7815</cx><cy>161.3044</cy><w>46.5414</w><h>30.8595</h><angle>1.170043</angle></robndbox></object><object><type>robndbox</type><name>wheat_head</name><pose>Unspecified</pose><truncated>0</truncated><difficult>0</difficult><robndbox><cx>18.0</cx><cy>88.5</cy><w>37.0253</w><h>36.2149</h><angle>1.461793</angle></robndbox></object><object><type>robndbox</type><name>wheat_head</name><pose>Unspecified</pose><truncated>0</truncated><difficult>0</difficult><robndbox><cx>474.2591</cx><cy>966.3735</cy><w>45.9016</w><h>34.2664</h><angle>1.052041</angle></robndbox></object><object><type>robndbox</type><name>wheat_head</name><pose>Unspecified</pose><truncated>0</truncated><difficult>0</difficult><robndbox><cx>566.1992</cx><cy>919.5187</cy><w>53.1926</w><h>32.8385</h><angle>0.339503</angle></robndbox></object><object><type>robndbox</type><name>wheat_head</name><pose>Unspecified</pose><truncated>0</truncated><difficult>0</difficult><robndbox><cx>987.5139</cx><cy>937.3447</cy><w>51.3351</w><h>32.3248</h><angle>1.191359</angle></robndbox></object><object><type>robndbox</type><name>wheat_head</name><pose>Unspecified</pose><truncated>0</truncated><difficult>0</difficult><robndbox><cx>736.2491</cx><cy>195.4548</cy><w>46.6648</w><h>35.9905</h><angle>1.238859</angle></robndbox></object><object><type>robndbox</type><name>wheat_head</name><pose>Unspecified</pose><truncated>0</truncated><difficult>0</difficult><robndbox><cx>628.2599</cx><cy>419.9338</cy><w>49.0176</w><h>30.3661</h><angle>1.49474</angle></robndbox></object><object><type>robndbox</type><name>wheat_head</name><pose>Unspecified</pose><truncated>0</truncated><difficult>0</difficult><robndbox><cx>836.4288</cx><cy>531.1722</cy><w>55.1478</w><h>25.8233</h><angle>1.325204</angle></robndbox></object><object><type>robndbox</type><name>wheat_head</name><pose>Unspecified</pose><truncated>0</truncated><difficult>0</difficult><robndbox><cx>902.8394</cx><cy>603.6588</cy><w>52.007</w><h>28.4864</h><angle>1.875537</angle></robndbox></object><object><type>robndbox</type><name>wheat_head</name><pose>Unspecified</pose><truncated>0</truncated><difficult>0</difficult><robndbox><cx>865.6843</cx><cy>542.1112</cy><w>57.1629</w><h>29.5395</h><angle>1.07921</angle></robndbox></object><object><type>robndbox</type><name>wheat_head</name><pose>Unspecified</pose><truncated>0</truncated><difficult>0</difficult><robndbox><cx>285.2902</cx><cy>884.8231</cy><w>59.5967</w><h>33.6736</h><angle>1.170088</angle></robndbox></object><object><type>robndbox</type><name>wheat_head</name><pose>Unspecified</pose><truncated>0</truncated><difficult>0</difficult><robndbox><cx>951.9751</cx><cy>972.4185</cy><w>37.3066</w><h>21.331</h><angle>1.422898</angle></robndbox></object><object><type>robndbox</type><name>wheat_head</name><pose>Unspecified</pose><truncated>0</truncated><difficult>0</difficult><robndbox><cx>335.5879</cx><cy>480.0986</cy><w>41.9049</w><h>26.3334</h><angle>1.316111</angle></robndbox></object><object><type>robndbox</type><name>wheat_head</name><pose>Unspecified</pose><truncated>0</truncated><difficult>0</difficult><robndbox><cx>386.9049</cx><cy>178.1091</cy><w>81.6179</w><h>34.6072</h><angle>0.540022</angle></robndbox></object><object><type>robndbox</type><name>wheat_head</name><pose>Unspecified</pose><truncated>0</truncated><difficult>0</difficult><robndbox><cx>331.1905</cx><cy>881.1596</cy><w>46.3556</w><h>26.6159</h><angle>1.062507</angle></robndbox></object><object><type>robndbox</type><name>wheat_head</name><pose>Unspecified</pose><truncated>0</truncated><difficult>0</difficult><robndbox><cx>197.8896</cx><cy>961.2365</cy><w>55.9814</w><h>29.9645</h><angle>2.879431</angle></robndbox></object><object><type>robndbox</type><name>wheat_head</name><pose>Unspecified</pose><truncated>0</truncated><difficult>0</difficult><robndbox><cx>10.8009</cx><cy>888.936</cy><w>38.7849</w><h>25.5019</h><angle>1.375544</angle></robndbox></object><object><type>robndbox</type><name>wheat_head</name><pose>Unspecified</pose><truncated>0</truncated><difficult>0</difficult><robndbox><cx>586.0721</cx><cy>805.4139</cy><w>49.4277</w><h>24.5857</h><angle>1.725788</angle></robndbox></object><object><type>robndbox</type><name>wheat_head</name><pose>Unspecified</pose><truncated>0</truncated><difficult>0</difficult><robndbox><cx>745.1524</cx><cy>638.6836</cy><w>57.8869</w><h>37.7769</h><angle>0.503695</angle></robndbox></object><object><type>robndbox</type><name>wheat_head</name><pose>Unspecified</pose><truncated>0</truncated><difficult>0</difficult><robndbox><cx>821.1002</cx><cy>570.0538</cy><w>37.4205</w><h>34.0924</h><angle>0.314997</angle></robndbox></object><object><type>robndbox</type><name>wheat_head</name><pose>Unspecified</pose><truncated>0</truncated><difficult>0</difficult><robndbox><cx>298.5806</cx><cy>456.7524</cy><w>29.1493</w><h>26.4918</h><angle>0.834552</angle></robndbox></object><object><type>robndbox</type><name>wheat_head</name><pose>Unspecified</pose><truncated>0</truncated><difficult>0</difficult><robndbox><cx>629.6286</cx><cy>481.9854</cy><w>50.5333</w><h>32.9521</h><angle>1.300857</angle></robndbox></object><object><type>robndbox</type><name>wheat_head</name><pose>Unspecified</pose><truncated>0</truncated><difficult>0</difficult><robndbox><cx>285.2902</cx><cy>884.8231</cy><w>59.5967</w><h>33.6736</h><angle>1.170088</angle></robndbox></object><object><type>robndbox</type><name>wheat_head</name><pose>Unspecified</pose><truncated>0</truncated><difficult>0</difficult><robndbox><cx>861.3179</cx><cy>75.3989</cy><w>51.6418</w><h>27.7787</h><angle>1.085136</angle></robndbox></object><object><type>robndbox</type><name>wheat_head</name><pose>Unspecified</pose><truncated>0</truncated><difficult>0</difficult><robndbox><cx>777.4818</cx><cy>317.6233</cy><w>49.3907</w><h>37.7773</h><angle>0.370341</angle></robndbox></object><object><type>robndbox</type><name>wheat_head</name><pose>Unspecified</pose><truncated>0</truncated><difficult>0</difficult><robndbox><cx>443.3919</cx><cy>938.9642</cy><w>38.2165</w><h>26.3731</h><angle>0.803067</angle></robndbox></object><object><type>robndbox</type><name>wheat_head</name><pose>Unspecified</pose><truncated>0</truncated><difficult>0</difficult><robndbox><cx>349.9406</cx><cy>1013.1619</cy><w>21.7986</w><h>16.8166</h><angle>3.075555</angle></robndbox></object><object><type>robndbox</type><name>wheat_head</name><pose>Unspecified</pose><truncated>0</truncated><difficult>0</difficult><robndbox><cx>1017.5</cx><cy>545.5</cy><w>13.0035</w><h>12.5973</h><angle>3.118411</angle></robndbox></object></annotation>