<annotation verified="no"><folder>images</folder><filename>17117532b</filename><path>/home/badhon/Documents/thesis/final_dataset/ethz_1/images/17117532b.jpg</path><source><database>Unknown</database></source><size><width>1024</width><height>1024</height><depth>3</depth></size><segmented>0</segmented><object><type>robndbox</type><name>wheat_head</name><pose>Unspecified</pose><truncated>0</truncated><difficult>0</difficult><robndbox><cx>365.2823</cx><cy>613.2169</cy><w>92.7936</w><h>34.382</h><angle>1.195941</angle></robndbox></object><object><type>robndbox</type><name>wheat_head</name><pose>Unspecified</pose><truncated>0</truncated><difficult>0</difficult><robndbox><cx>136.9903</cx><cy>345.1509</cy><w>101.631</w><h>36.2144</h><angle>0.6826</angle></robndbox></object><object><type>robndbox</type><name>wheat_head</name><pose>Unspecified</pose><truncated>0</truncated><difficult>0</difficult><robndbox><cx>265.7849</cx><cy>45.4251</cy><w>97.4801</w><h>36.8014</h><angle>0.525558</angle></robndbox></object><object><type>robndbox</type><name>wheat_head</name><pose>Unspecified</pose><truncated>0</truncated><difficult>0</difficult><robndbox><cx>573.7306</cx><cy>632.7503</cy><w>92.8152</w><h>38.9306</h><angle>0.456409</angle></robndbox></object><object><type>robndbox</type><name>wheat_head</name><pose>Unspecified</pose><truncated>0</truncated><difficult>0</difficult><robndbox><cx>422.5106</cx><cy>700.8298</cy><w>120.0152</w><h>40.2443</h><angle>0.525375</angle></robndbox></object><object><type>robndbox</type><name>wheat_head</name><pose>Unspecified</pose><truncated>0</truncated><difficult>0</difficult><robndbox><cx>41.7796</cx><cy>126.2927</cy><w>86.2914</w><h>37.8218</h><angle>0.389887</angle></robndbox></object><object><type>robndbox</type><name>wheat_head</name><pose>Unspecified</pose><truncated>0</truncated><difficult>0</difficult><robndbox><cx>982.0126</cx><cy>406.4968</cy><w>65.2602</w><h>31.6633</h><angle>0.483684</angle></robndbox></object><object><type>robndbox</type><name>wheat_head</name><pose>Unspecified</pose><truncated>0</truncated><difficult>0</difficult><robndbox><cx>566.2597</cx><cy>871.3511</cy><w>125.762</w><h>31.7137</h><angle>0.292109</angle></robndbox></object><object><type>robndbox</type><name>wheat_head</name><pose>Unspecified</pose><truncated>0</truncated><difficult>0</difficult><robndbox><cx>724.0067</cx><cy>979.0024</cy><w>69.7757</w><h>27.8471</h><angle>0.610157</angle></robndbox></object><object><type>robndbox</type><name>wheat_head</name><pose>Unspecified</pose><truncated>0</truncated><difficult>0</difficult><robndbox><cx>930.5789</cx><cy>270.3781</cy><w>84.3052</w><h>28.7335</h><angle>0.479044</angle></robndbox></object><object><type>robndbox</type><name>wheat_head</name><pose>Unspecified</pose><truncated>0</truncated><difficult>0</difficult><robndbox><cx>76.8125</cx><cy>221.8476</cy><w>120.2466</w><h>38.658</h><angle>0.263692</angle></robndbox></object><object><type>robndbox</type><name>wheat_head</name><pose>Unspecified</pose><truncated>0</truncated><difficult>0</difficult><robndbox><cx>982.0126</cx><cy>406.4968</cy><w>65.2602</w><h>31.6633</h><angle>0.483684</angle></robndbox></object><object><type>robndbox</type><name>wheat_head</name><pose>Unspecified</pose><truncated>0</truncated><difficult>0</difficult><robndbox><cx>528.2113</cx><cy>75.1535</cy><w>146.9421</w><h>35.6738</h><angle>0.620942</angle></robndbox></object><object><type>robndbox</type><name>wheat_head</name><pose>Unspecified</pose><truncated>0</truncated><difficult>0</difficult><robndbox><cx>892.3119</cx><cy>176.5632</cy><w>80.8721</w><h>33.2793</h><angle>0.51387</angle></robndbox></object><object><type>robndbox</type><name>wheat_head</name><pose>Unspecified</pose><truncated>0</truncated><difficult>0</difficult><robndbox><cx>773.7794</cx><cy>636.672</cy><w>100.6294</w><h>35.6571</h><angle>0.359405</angle></robndbox></object><object><type>robndbox</type><name>wheat_head</name><pose>Unspecified</pose><truncated>0</truncated><difficult>0</difficult><robndbox><cx>337.5228</cx><cy>383.5102</cy><w>81.0865</w><h>31.6098</h><angle>1.170268</angle></robndbox></object><object><type>robndbox</type><name>wheat_head</name><pose>Unspecified</pose><truncated>0</truncated><difficult>0</difficult><robndbox><cx>663.7328</cx><cy>697.3709</cy><w>80.6148</w><h>36.5603</h><angle>0.493242</angle></robndbox></object><object><type>robndbox</type><name>wheat_head</name><pose>Unspecified</pose><truncated>0</truncated><difficult>0</difficult><robndbox><cx>641.7968</cx><cy>814.0221</cy><w>84.9782</w><h>37.3251</h><angle>0.361946</angle></robndbox></object><object><type>robndbox</type><name>wheat_head</name><pose>Unspecified</pose><truncated>0</truncated><difficult>0</difficult><robndbox><cx>932.1827</cx><cy>38.5734</cy><w>103.8273</w><h>36.9937</h><angle>0.43964</angle></robndbox></object><object><type>robndbox</type><name>wheat_head</name><pose>Unspecified</pose><truncated>0</truncated><difficult>0</difficult><robndbox><cx>777.6008</cx><cy>239.7384</cy><w>126.3252</w><h>36.6236</h><angle>2.864407</angle></robndbox></object><object><type>robndbox</type><name>wheat_head</name><pose>Unspecified</pose><truncated>0</truncated><difficult>0</difficult><robndbox><cx>352.8878</cx><cy>242.4509</cy><w>104.2888</w><h>33.3367</h><angle>0.300364</angle></robndbox></object><object><type>robndbox</type><name>wheat_head</name><pose>Unspecified</pose><truncated>0</truncated><difficult>0</difficult><robndbox><cx>663.1702</cx><cy>737.1334</cy><w>87.8354</w><h>30.6198</h><angle>0.550471</angle></robndbox></object><object><type>robndbox</type><name>wheat_head</name><pose>Unspecified</pose><truncated>0</truncated><difficult>0</difficult><robndbox><cx>995.068</cx><cy>382.775</cy><w>51.0979</w><h>25.2053</h><angle>0.413203</angle></robndbox></object><object><type>robndbox</type><name>wheat_head</name><pose>Unspecified</pose><truncated>0</truncated><difficult>0</difficult><robndbox><cx>699.4511</cx><cy>537.1418</cy><w>76.1913</w><h>31.4016</h><angle>0.420305</angle></robndbox></object><object><type>robndbox</type><name>wheat_head</name><pose>Unspecified</pose><truncated>0</truncated><difficult>0</difficult><robndbox><cx>47.5202</cx><cy>399.3844</cy><w>81.5342</w><h>33.7477</h><angle>0.355803</angle></robndbox></object><object><type>robndbox</type><name>wheat_head</name><pose>Unspecified</pose><truncated>0</truncated><difficult>0</difficult><robndbox><cx>60.3729</cx><cy>441.0428</cy><w>111.2744</w><h>29.4365</h><angle>0.363325</angle></robndbox></object><object><type>robndbox</type><name>wheat_head</name><pose>Unspecified</pose><truncated>0</truncated><difficult>0</difficult><robndbox><cx>61.3344</cx><cy>656.1456</cy><w>121.9448</w><h>33.1097</h><angle>0.285883</angle></robndbox></object><object><type>robndbox</type><name>wheat_head</name><pose>Unspecified</pose><truncated>0</truncated><difficult>0</difficult><robndbox><cx>358.955</cx><cy>736.3553</cy><w>60.1143</w><h>27.3613</h><angle>0.989325</angle></robndbox></object><object><type>robndbox</type><name>wheat_head</name><pose>Unspecified</pose><truncated>0</truncated><difficult>0</difficult><robndbox><cx>304.4479</cx><cy>738.9661</cy><w>93.3913</w><h>31.1149</h><angle>0.564092</angle></robndbox></object><object><type>robndbox</type><name>wheat_head</name><pose>Unspecified</pose><truncated>0</truncated><difficult>0</difficult><robndbox><cx>512.1136</cx><cy>471.3228</cy><w>110.4236</w><h>38.9728</h><angle>0.230033</angle></robndbox></object><object><type>robndbox</type><name>wheat_head</name><pose>Unspecified</pose><truncated>0</truncated><difficult>0</difficult><robndbox><cx>1012.7802</cx><cy>738.5853</cy><w>26.3014</w><h>18.0082</h><angle>1.561142</angle></robndbox></object><object><type>robndbox</type><name>wheat_head</name><pose>Unspecified</pose><truncated>0</truncated><difficult>0</difficult><robndbox><cx>130.5589</cx><cy>538.0281</cy><w>92.1179</w><h>40.5184</h><angle>0.45828</angle></robndbox></object><object><type>robndbox</type><name>wheat_head</name><pose>Unspecified</pose><truncated>0</truncated><difficult>0</difficult><robndbox><cx>852.2081</cx><cy>817.0308</cy><w>58.3294</w><h>32.1734</h><angle>0.612817</angle></robndbox></object><object><type>robndbox</type><name>wheat_head</name><pose>Unspecified</pose><truncated>0</truncated><difficult>0</difficult><robndbox><cx>505.0587</cx><cy>1003.076</cy><w>49.2454</w><h>26.1326</h><angle>0.308417</angle></robndbox></object><object><type>robndbox</type><name>wheat_head</name><pose>Unspecified</pose><truncated>0</truncated><difficult>0</difficult><robndbox><cx>920.9728</cx><cy>472.9418</cy><w>64.9124</w><h>34.1568</h><angle>0.379362</angle></robndbox></object><object><type>robndbox</type><name>wheat_head</name><pose>Unspecified</pose><truncated>0</truncated><difficult>0</difficult><robndbox><cx>440.1902</cx><cy>386.2183</cy><w>65.7914</w><h>28.1923</h><angle>0.575039</angle></robndbox></object><object><type>robndbox</type><name>wheat_head</name><pose>Unspecified</pose><truncated>0</truncated><difficult>0</difficult><robndbox><cx>683.2587</cx><cy>126.1361</cy><w>72.3375</w><h>33.6373</h><angle>0.399344</angle></robndbox></object><object><type>robndbox</type><name>wheat_head</name><pose>Unspecified</pose><truncated>0</truncated><difficult>0</difficult><robndbox><cx>243.8981</cx><cy>196.725</cy><w>78.4451</w><h>29.8995</h><angle>0.314675</angle></robndbox></object><object><type>robndbox</type><name>wheat_head</name><pose>Unspecified</pose><truncated>0</truncated><difficult>0</difficult><robndbox><cx>735.8054</cx><cy>497.9463</cy><w>137.1769</w><h>40.3638</h><angle>0.236601</angle></robndbox></object><object><type>robndbox</type><name>wheat_head</name><pose>Unspecified</pose><truncated>0</truncated><difficult>0</difficult><robndbox><cx>152.4174</cx><cy>96.6845</cy><w>100.3653</w><h>40.7308</h><angle>0.485148</angle></robndbox></object><object><type>robndbox</type><name>wheat_head</name><pose>Unspecified</pose><truncated>0</truncated><difficult>0</difficult><robndbox><cx>881.7018</cx><cy>74.3756</cy><w>55.3032</w><h>30.2894</h><angle>0.558544</angle></robndbox></object><object><type>robndbox</type><name>wheat_head</name><pose>Unspecified</pose><truncated>0</truncated><difficult>0</difficult><robndbox><cx>43.1826</cx><cy>596.3237</cy><w>98.9832</w><h>36.5466</h><angle>0.470307</angle></robndbox></object><object><type>robndbox</type><name>wheat_head</name><pose>Unspecified</pose><truncated>0</truncated><difficult>0</difficult><robndbox><cx>735.5154</cx><cy>781.6286</cy><w>97.0611</w><h>39.7377</h><angle>0.319672</angle></robndbox></object><object><type>robndbox</type><name>wheat_head</name><pose>Unspecified</pose><truncated>0</truncated><difficult>0</difficult><robndbox><cx>556.2812</cx><cy>174.0555</cy><w>100.1351</w><h>34.5157</h><angle>0.248962</angle></robndbox></object><object><type>robndbox</type><name>wheat_head</name><pose>Unspecified</pose><truncated>0</truncated><difficult>0</difficult><robndbox><cx>699.5182</cx><cy>996.1884</cy><w>52.9407</w><h>30.4766</h><angle>0.518343</angle></robndbox></object><object><type>robndbox</type><name>wheat_head</name><pose>Unspecified</pose><truncated>0</truncated><difficult>0</difficult><robndbox><cx>202.1087</cx><cy>1017.058</cy><w>66.5876</w><h>10.9126</h><angle>0.043599</angle></robndbox></object><object><type>robndbox</type><name>wheat_head</name><pose>Unspecified</pose><truncated>0</truncated><difficult>0</difficult><robndbox><cx>189.7764</cx><cy>270.1612</cy><w>64.3394</w><h>29.1097</h><angle>0.376016</angle></robndbox></object><object><type>robndbox</type><name>wheat_head</name><pose>Unspecified</pose><truncated>0</truncated><difficult>0</difficult><robndbox><cx>991.3668</cx><cy>659.9581</cy><w>44.0734</w><h>23.7243</h><angle>0.054809</angle></robndbox></object><object><type>robndbox</type><name>wheat_head</name><pose>Unspecified</pose><truncated>0</truncated><difficult>0</difficult><robndbox><cx>349.9141</cx><cy>984.7538</cy><w>50.0356</w><h>23.798</h><angle>0.418834</angle></robndbox></object><object><type>robndbox</type><name>wheat_head</name><pose>Unspecified</pose><truncated>0</truncated><difficult>0</difficult><robndbox><cx>461.5819</cx><cy>549.1408</cy><w>45.0144</w><h>26.2364</h><angle>0.224485</angle></robndbox></object><object><type>robndbox</type><name>wheat_head</name><pose>Unspecified</pose><truncated>0</truncated><difficult>0</difficult><robndbox><cx>883.4794</cx><cy>792.9315</cy><w>54.5111</w><h>29.3735</h><angle>0.438067</angle></robndbox></object><object><type>robndbox</type><name>wheat_head</name><pose>Unspecified</pose><truncated>0</truncated><difficult>0</difficult><robndbox><cx>550.7866</cx><cy>225.3166</cy><w>54.4771</w><h>25.4175</h><angle>0.646915</angle></robndbox></object><object><type>robndbox</type><name>wheat_head</name><pose>Unspecified</pose><truncated>0</truncated><difficult>0</difficult><robndbox><cx>156.3506</cx><cy>822.996</cy><w>133.7439</w><h>39.3428</h><angle>2.79925</angle></robndbox></object><object><type>robndbox</type><name>wheat_head</name><pose>Unspecified</pose><truncated>0</truncated><difficult>0</difficult><robndbox><cx>778.503</cx><cy>889.1158</cy><w>142.485</w><h>32.7784</h><angle>2.965823</angle></robndbox></object><object><type>robndbox</type><name>wheat_head</name><pose>Unspecified</pose><truncated>0</truncated><difficult>0</difficult><robndbox><cx>449.6578</cx><cy>38.2765</cy><w>73.869</w><h>20.833</h><angle>0.74919</angle></robndbox></object><object><type>robndbox</type><name>wheat_head</name><pose>Unspecified</pose><truncated>0</truncated><difficult>0</difficult><robndbox><cx>379.8719</cx><cy>199.898</cy><w>46.7068</w><h>19.8393</h><angle>0.248548</angle></robndbox></object><object><type>robndbox</type><name>wheat_head</name><pose>Unspecified</pose><truncated>0</truncated><difficult>0</difficult><robndbox><cx>926.7945</cx><cy>124.7557</cy><w>134.749</w><h>33.7381</h><angle>0.085297</angle></robndbox></object><object><type>robndbox</type><name>wheat_head</name><pose>Unspecified</pose><truncated>0</truncated><difficult>0</difficult><robndbox><cx>219.4263</cx><cy>148.3757</cy><w>79.3958</w><h>26.2044</h><angle>0.357327</angle></robndbox></object><object><type>robndbox</type><name>wheat_head</name><pose>Unspecified</pose><truncated>0</truncated><difficult>0</difficult><robndbox><cx>927.1296</cx><cy>983.6358</cy><w>56.8039</w><h>30.6802</h><angle>0.920936</angle></robndbox></object><object><type>robndbox</type><name>wheat_head</name><pose>Unspecified</pose><truncated>0</truncated><difficult>0</difficult><robndbox><cx>416.2738</cx><cy>433.2912</cy><w>52.8803</w><h>28.2644</h><angle>0.460878</angle></robndbox></object><object><type>robndbox</type><name>wheat_head</name><pose>Unspecified</pose><truncated>0</truncated><difficult>0</difficult><robndbox><cx>620.4111</cx><cy>234.3358</cy><w>43.6185</w><h>32.2248</h><angle>2.47945</angle></robndbox></object><object><type>robndbox</type><name>wheat_head</name><pose>Unspecified</pose><truncated>0</truncated><difficult>0</difficult><robndbox><cx>29.127</cx><cy>455.2837</cy><w>48.6372</w><h>30.4368</h><angle>0.597921</angle></robndbox></object><object><type>robndbox</type><name>wheat_head</name><pose>Unspecified</pose><truncated>0</truncated><difficult>0</difficult><robndbox><cx>852.3277</cx><cy>967.0324</cy><w>56.5261</w><h>23.9977</h><angle>0.296329</angle></robndbox></object><object><type>robndbox</type><name>wheat_head</name><pose>Unspecified</pose><truncated>0</truncated><difficult>0</difficult><robndbox><cx>921.1976</cx><cy>594.9127</cy><w>38.8384</w><h>26.8464</h><angle>0.252125</angle></robndbox></object><object><type>robndbox</type><name>wheat_head</name><pose>Unspecified</pose><truncated>0</truncated><difficult>0</difficult><robndbox><cx>292.8544</cx><cy>254.4732</cy><w>79.7621</w><h>27.8367</h><angle>0.440676</angle></robndbox></object><object><type>robndbox</type><name>wheat_head</name><pose>Unspecified</pose><truncated>0</truncated><difficult>0</difficult><robndbox><cx>1013.5</cx><cy>520.0</cy><w>23.5929</w><h>21.1379</h><angle>1.456501</angle></robndbox></object><object><type>robndbox</type><name>wheat_head</name><pose>Unspecified</pose><truncated>0</truncated><difficult>0</difficult><robndbox><cx>241.3</cx><cy>536.7527</cy><w>66.3169</w><h>28.2653</h><angle>0.021932</angle></robndbox></object><object><type>robndbox</type><name>wheat_head</name><pose>Unspecified</pose><truncated>0</truncated><difficult>0</difficult><robndbox><cx>590.3412</cx><cy>747.6678</cy><w>117.6</w><h>34.9505</h><angle>0.109525</angle></robndbox></object><object><type>robndbox</type><name>wheat_head</name><pose>Unspecified</pose><truncated>0</truncated><difficult>0</difficult><robndbox><cx>823.3513</cx><cy>560.5531</cy><w>54.7465</w><h>29.1963</h><angle>0.484005</angle></robndbox></object><object><type>robndbox</type><name>wheat_head</name><pose>Unspecified</pose><truncated>0</truncated><difficult>0</difficult><robndbox><cx>64.0</cx><cy>1015.0</cy><w>18.6674</w><h>18.014</h><angle>0.039487</angle></robndbox></object><object><type>robndbox</type><name>wheat_head</name><pose>Unspecified</pose><truncated>0</truncated><difficult>0</difficult><robndbox><cx>79.7454</cx><cy>799.405</cy><w>86.2619</w><h>30.971</h><angle>0.139294</angle></robndbox></object><object><type>robndbox</type><name>wheat_head</name><pose>Unspecified</pose><truncated>0</truncated><difficult>0</difficult><robndbox><cx>874.3332</cx><cy>995.9762</cy><w>68.8735</w><h>32.9014</h><angle>0.314143</angle></robndbox></object><object><type>robndbox</type><name>wheat_head</name><pose>Unspecified</pose><truncated>0</truncated><difficult>0</difficult><robndbox><cx>34.5612</cx><cy>713.9426</cy><w>57.396</w><h>24.4876</h><angle>0.099567</angle></robndbox></object><object><type>robndbox</type><name>wheat_head</name><pose>Unspecified</pose><truncated>0</truncated><difficult>0</difficult><robndbox><cx>266.2774</cx><cy>796.4885</cy><w>96.161</w><h>42.7562</h><angle>2.944896</angle></robndbox></object><object><type>robndbox</type><name>wheat_head</name><pose>Unspecified</pose><truncated>0</truncated><difficult>0</difficult><robndbox><cx>428.9197</cx><cy>797.1968</cy><w>95.6123</w><h>39.2482</h><angle>3.00855</angle></robndbox></object><object><type>robndbox</type><name>wheat_head</name><pose>Unspecified</pose><truncated>0</truncated><difficult>0</difficult><robndbox><cx>547.838</cx><cy>790.9784</cy><w>57.4458</w><h>30.6252</h><angle>1.228392</angle></robndbox></object><object><type>robndbox</type><name>wheat_head</name><pose>Unspecified</pose><truncated>0</truncated><difficult>0</difficult><robndbox><cx>663.7328</cx><cy>697.3709</cy><w>80.6148</w><h>36.5603</h><angle>0.493242</angle></robndbox></object><object><type>robndbox</type><name>wheat_head</name><pose>Unspecified</pose><truncated>0</truncated><difficult>0</difficult><robndbox><cx>264.4019</cx><cy>832.3943</cy><w>53.866</w><h>27.5634</h><angle>0.205509</angle></robndbox></object><object><type>robndbox</type><name>wheat_head</name><pose>Unspecified</pose><truncated>0</truncated><difficult>0</difficult><robndbox><cx>56.7372</cx><cy>756.1881</cy><w>51.8041</w><h>21.3761</h><angle>0.13111</angle></robndbox></object><object><type>robndbox</type><name>wheat_head</name><pose>Unspecified</pose><truncated>0</truncated><difficult>0</difficult><robndbox><cx>217.2506</cx><cy>437.8121</cy><w>38.3677</w><h>19.8932</h><angle>0.82027</angle></robndbox></object><object><type>robndbox</type><name>wheat_head</name><pose>Unspecified</pose><truncated>0</truncated><difficult>0</difficult><robndbox><cx>279.2239</cx><cy>468.5896</cy><w>119.4178</w><h>32.7836</h><angle>0.159533</angle></robndbox></object><object><type>robndbox</type><name>wheat_head</name><pose>Unspecified</pose><truncated>0</truncated><difficult>0</difficult><robndbox><cx>778.503</cx><cy>889.1158</cy><w>142.485</w><h>32.7784</h><angle>2.965823</angle></robndbox></object><object><type>robndbox</type><name>wheat_head</name><pose>Unspecified</pose><truncated>0</truncated><difficult>0</difficult><robndbox><cx>627.0815</cx><cy>512.3021</cy><w>37.5887</w><h>25.8281</h><angle>0.28861</angle></robndbox></object><object><type>robndbox</type><name>wheat_head</name><pose>Unspecified</pose><truncated>0</truncated><difficult>0</difficult><robndbox><cx>979.1085</cx><cy>206.0167</cy><w>32.3334</w><h>31.772</h><angle>3.013619</angle></robndbox></object><object><type>robndbox</type><name>wheat_head</name><pose>Unspecified</pose><truncated>0</truncated><difficult>0</difficult><robndbox><cx>499.7793</cx><cy>141.3087</cy><w>38.607</w><h>25.2641</h><angle>0.824572</angle></robndbox></object><object><type>robndbox</type><name>wheat_head</name><pose>Unspecified</pose><truncated>0</truncated><difficult>0</difficult><robndbox><cx>797.5126</cx><cy>983.4823</cy><w>95.2828</w><h>30.301</h><angle>0.118248</angle></robndbox></object><object><type>robndbox</type><name>wheat_head</name><pose>Unspecified</pose><truncated>0</truncated><difficult>0</difficult><robndbox><cx>945.3121</cx><cy>86.6133</cy><w>47.8017</w><h>20.1009</h><angle>0.918927</angle></robndbox></object></annotation>