<annotation verified="no"><folder>images</folder><filename>174a9e2e7</filename><path>/home/badhon/Documents/thesis/final_dataset/ethz_1/images/174a9e2e7.jpg</path><source><database>Unknown</database></source><size><width>1024</width><height>1024</height><depth>3</depth></size><segmented>0</segmented><object><type>robndbox</type><name>wheat_head</name><pose>Unspecified</pose><truncated>0</truncated><difficult>0</difficult><robndbox><cx>758.8297</cx><cy>26.7913</cy><w>80.7058</w><h>38.4151</h><angle>0.674443</angle></robndbox></object><object><type>robndbox</type><name>wheat_head</name><pose>Unspecified</pose><truncated>0</truncated><difficult>0</difficult><robndbox><cx>405.7957</cx><cy>936.6988</cy><w>77.2843</w><h>32.2963</h><angle>1.020952</angle></robndbox></object><object><type>robndbox</type><name>wheat_head</name><pose>Unspecified</pose><truncated>0</truncated><difficult>0</difficult><robndbox><cx>151.5815</cx><cy>750.2795</cy><w>118.2402</w><h>36.6896</h><angle>1.086275</angle></robndbox></object><object><type>robndbox</type><name>wheat_head</name><pose>Unspecified</pose><truncated>0</truncated><difficult>0</difficult><robndbox><cx>546.6281</cx><cy>879.7739</cy><w>115.031</w><h>32.51</h><angle>0.931855</angle></robndbox></object><object><type>robndbox</type><name>wheat_head</name><pose>Unspecified</pose><truncated>0</truncated><difficult>0</difficult><robndbox><cx>880.7297</cx><cy>26.7596</cy><w>59.8238</w><h>31.5588</h><angle>1.148715</angle></robndbox></object><object><type>robndbox</type><name>wheat_head</name><pose>Unspecified</pose><truncated>0</truncated><difficult>0</difficult><robndbox><cx>153.0345</cx><cy>973.0472</cy><w>74.8291</w><h>34.2763</h><angle>0.699525</angle></robndbox></object><object><type>robndbox</type><name>wheat_head</name><pose>Unspecified</pose><truncated>0</truncated><difficult>0</difficult><robndbox><cx>563.1143</cx><cy>722.0346</cy><w>102.127</w><h>35.077</h><angle>0.68872</angle></robndbox></object><object><type>robndbox</type><name>wheat_head</name><pose>Unspecified</pose><truncated>0</truncated><difficult>0</difficult><robndbox><cx>960.3452</cx><cy>441.1233</cy><w>124.6435</w><h>26.92</h><angle>1.350673</angle></robndbox></object><object><type>robndbox</type><name>wheat_head</name><pose>Unspecified</pose><truncated>0</truncated><difficult>0</difficult><robndbox><cx>978.3867</cx><cy>891.2354</cy><w>81.7689</w><h>37.0488</h><angle>0.315283</angle></robndbox></object><object><type>robndbox</type><name>wheat_head</name><pose>Unspecified</pose><truncated>0</truncated><difficult>0</difficult><robndbox><cx>182.3293</cx><cy>489.9202</cy><w>61.1768</w><h>32.0381</h><angle>0.814125</angle></robndbox></object><object><type>robndbox</type><name>wheat_head</name><pose>Unspecified</pose><truncated>0</truncated><difficult>0</difficult><robndbox><cx>854.5275</cx><cy>581.8427</cy><w>82.3332</w><h>32.278</h><angle>1.137714</angle></robndbox></object><object><type>robndbox</type><name>wheat_head</name><pose>Unspecified</pose><truncated>0</truncated><difficult>0</difficult><robndbox><cx>953.6104</cx><cy>89.9587</cy><w>128.3671</w><h>39.1877</h><angle>0.278675</angle></robndbox></object><object><type>robndbox</type><name>wheat_head</name><pose>Unspecified</pose><truncated>0</truncated><difficult>0</difficult><robndbox><cx>452.0635</cx><cy>783.0746</cy><w>84.9003</w><h>29.8684</h><angle>0.952868</angle></robndbox></object><object><type>robndbox</type><name>wheat_head</name><pose>Unspecified</pose><truncated>0</truncated><difficult>0</difficult><robndbox><cx>274.3207</cx><cy>593.5233</cy><w>114.3696</w><h>34.7392</h><angle>0.265005</angle></robndbox></object><object><type>robndbox</type><name>wheat_head</name><pose>Unspecified</pose><truncated>0</truncated><difficult>0</difficult><robndbox><cx>697.0313</cx><cy>835.7809</cy><w>114.2214</w><h>39.7413</h><angle>2.727487</angle></robndbox></object><object><type>robndbox</type><name>wheat_head</name><pose>Unspecified</pose><truncated>0</truncated><difficult>0</difficult><robndbox><cx>82.2503</cx><cy>399.2434</cy><w>169.5819</w><h>44.0291</h><angle>0.872827</angle></robndbox></object><object><type>robndbox</type><name>wheat_head</name><pose>Unspecified</pose><truncated>0</truncated><difficult>0</difficult><robndbox><cx>248.0333</cx><cy>448.0632</cy><w>141.6523</w><h>42.662</h><angle>0.716711</angle></robndbox></object><object><type>robndbox</type><name>wheat_head</name><pose>Unspecified</pose><truncated>0</truncated><difficult>0</difficult><robndbox><cx>173.7273</cx><cy>372.3622</cy><w>75.2451</w><h>38.0864</h><angle>0.799361</angle></robndbox></object><object><type>robndbox</type><name>wheat_head</name><pose>Unspecified</pose><truncated>0</truncated><difficult>0</difficult><robndbox><cx>426.3276</cx><cy>535.2178</cy><w>71.098</w><h>36.7618</h><angle>0.480158</angle></robndbox></object><object><type>robndbox</type><name>wheat_head</name><pose>Unspecified</pose><truncated>0</truncated><difficult>0</difficult><robndbox><cx>36.7229</cx><cy>641.0712</cy><w>82.8404</w><h>31.7241</h><angle>1.89192</angle></robndbox></object><object><type>robndbox</type><name>wheat_head</name><pose>Unspecified</pose><truncated>0</truncated><difficult>0</difficult><robndbox><cx>73.5708</cx><cy>184.0596</cy><w>174.3079</w><h>30.3253</h><angle>0.466042</angle></robndbox></object><object><type>robndbox</type><name>wheat_head</name><pose>Unspecified</pose><truncated>0</truncated><difficult>0</difficult><robndbox><cx>976.9997</cx><cy>220.8616</cy><w>51.342</w><h>27.9787</h><angle>1.051749</angle></robndbox></object><object><type>robndbox</type><name>wheat_head</name><pose>Unspecified</pose><truncated>0</truncated><difficult>0</difficult><robndbox><cx>339.7844</cx><cy>998.2163</cy><w>37.7808</w><h>25.7415</h><angle>0.293673</angle></robndbox></object><object><type>robndbox</type><name>wheat_head</name><pose>Unspecified</pose><truncated>0</truncated><difficult>0</difficult><robndbox><cx>333.4134</cx><cy>681.2828</cy><w>84.3357</w><h>39.0512</h><angle>0.388253</angle></robndbox></object><object><type>robndbox</type><name>wheat_head</name><pose>Unspecified</pose><truncated>0</truncated><difficult>0</difficult><robndbox><cx>909.8204</cx><cy>306.9127</cy><w>41.2945</w><h>29.2982</h><angle>1.024412</angle></robndbox></object><object><type>robndbox</type><name>wheat_head</name><pose>Unspecified</pose><truncated>0</truncated><difficult>0</difficult><robndbox><cx>50.2145</cx><cy>57.7393</cy><w>94.3024</w><h>37.2163</h><angle>0.423787</angle></robndbox></object><object><type>robndbox</type><name>wheat_head</name><pose>Unspecified</pose><truncated>0</truncated><difficult>0</difficult><robndbox><cx>602.6813</cx><cy>351.1296</cy><w>118.3692</w><h>37.5306</h><angle>1.471797</angle></robndbox></object><object><type>robndbox</type><name>wheat_head</name><pose>Unspecified</pose><truncated>0</truncated><difficult>0</difficult><robndbox><cx>355.0365</cx><cy>851.0372</cy><w>54.149</w><h>45.5212</h><angle>1.008543</angle></robndbox></object><object><type>robndbox</type><name>wheat_head</name><pose>Unspecified</pose><truncated>0</truncated><difficult>0</difficult><robndbox><cx>202.8649</cx><cy>204.627</cy><w>64.0523</w><h>31.7984</h><angle>0.679913</angle></robndbox></object><object><type>robndbox</type><name>wheat_head</name><pose>Unspecified</pose><truncated>0</truncated><difficult>0</difficult><robndbox><cx>954.1566</cx><cy>160.3553</cy><w>137.7125</w><h>39.1718</h><angle>0.874182</angle></robndbox></object><object><type>robndbox</type><name>wheat_head</name><pose>Unspecified</pose><truncated>0</truncated><difficult>0</difficult><robndbox><cx>868.1899</cx><cy>1000.1139</cy><w>30.386</w><h>29.6332</h><angle>1.554485</angle></robndbox></object><object><type>robndbox</type><name>wheat_head</name><pose>Unspecified</pose><truncated>0</truncated><difficult>0</difficult><robndbox><cx>529.4917</cx><cy>228.1847</cy><w>56.1187</w><h>26.4644</h><angle>1.426983</angle></robndbox></object><object><type>robndbox</type><name>wheat_head</name><pose>Unspecified</pose><truncated>0</truncated><difficult>0</difficult><robndbox><cx>359.9195</cx><cy>598.4574</cy><w>94.7073</w><h>30.0184</h><angle>1.143712</angle></robndbox></object><object><type>robndbox</type><name>wheat_head</name><pose>Unspecified</pose><truncated>0</truncated><difficult>0</difficult><robndbox><cx>999.1302</cx><cy>538.1076</cy><w>34.5125</w><h>32.9059</h><angle>1.761407</angle></robndbox></object><object><type>robndbox</type><name>wheat_head</name><pose>Unspecified</pose><truncated>0</truncated><difficult>0</difficult><robndbox><cx>259.0</cx><cy>28.0</cy><w>56.3829</w><h>34.4988</h><angle>1.862563</angle></robndbox></object><object><type>robndbox</type><name>wheat_head</name><pose>Unspecified</pose><truncated>0</truncated><difficult>0</difficult><robndbox><cx>628.9141</cx><cy>534.468</cy><w>56.1259</w><h>32.0876</h><angle>0.666209</angle></robndbox></object><object><type>robndbox</type><name>wheat_head</name><pose>Unspecified</pose><truncated>0</truncated><difficult>0</difficult><robndbox><cx>183.447</cx><cy>139.4001</cy><w>74.5035</w><h>36.3425</h><angle>0.707411</angle></robndbox></object><object><type>robndbox</type><name>wheat_head</name><pose>Unspecified</pose><truncated>0</truncated><difficult>0</difficult><robndbox><cx>703.7386</cx><cy>251.7444</cy><w>108.3076</w><h>36.0999</h><angle>0.143736</angle></robndbox></object><object><type>robndbox</type><name>wheat_head</name><pose>Unspecified</pose><truncated>0</truncated><difficult>0</difficult><robndbox><cx>901.6083</cx><cy>698.8473</cy><w>77.2871</w><h>36.5272</h><angle>2.91832</angle></robndbox></object><object><type>robndbox</type><name>wheat_head</name><pose>Unspecified</pose><truncated>0</truncated><difficult>0</difficult><robndbox><cx>838.8052</cx><cy>647.8234</cy><w>52.7719</w><h>29.8859</h><angle>0.507617</angle></robndbox></object><object><type>robndbox</type><name>wheat_head</name><pose>Unspecified</pose><truncated>0</truncated><difficult>0</difficult><robndbox><cx>251.8269</cx><cy>842.3041</cy><w>32.0667</w><h>12.1833</h><angle>0.801196</angle></robndbox></object><object><type>robndbox</type><name>wheat_head</name><pose>Unspecified</pose><truncated>0</truncated><difficult>0</difficult><robndbox><cx>982.2065</cx><cy>657.5103</cy><w>118.6384</w><h>39.2359</h><angle>1.491011</angle></robndbox></object><object><type>robndbox</type><name>wheat_head</name><pose>Unspecified</pose><truncated>0</truncated><difficult>0</difficult><robndbox><cx>622.186</cx><cy>198.8117</cy><w>69.3612</w><h>30.4536</h><angle>0.682708</angle></robndbox></object><object><type>robndbox</type><name>wheat_head</name><pose>Unspecified</pose><truncated>0</truncated><difficult>0</difficult><robndbox><cx>93.7627</cx><cy>709.9753</cy><w>44.2759</w><h>24.8557</h><angle>0.291962</angle></robndbox></object><object><type>robndbox</type><name>wheat_head</name><pose>Unspecified</pose><truncated>0</truncated><difficult>0</difficult><robndbox><cx>285.1015</cx><cy>223.3709</cy><w>78.1598</w><h>25.7567</h><angle>0.353778</angle></robndbox></object><object><type>robndbox</type><name>wheat_head</name><pose>Unspecified</pose><truncated>0</truncated><difficult>0</difficult><robndbox><cx>653.118</cx><cy>918.8915</cy><w>45.8679</w><h>28.8359</h><angle>2.926817</angle></robndbox></object><object><type>robndbox</type><name>wheat_head</name><pose>Unspecified</pose><truncated>0</truncated><difficult>0</difficult><robndbox><cx>352.7766</cx><cy>964.5693</cy><w>63.1844</w><h>25.469</h><angle>0.190463</angle></robndbox></object><object><type>robndbox</type><name>wheat_head</name><pose>Unspecified</pose><truncated>0</truncated><difficult>0</difficult><robndbox><cx>516.1623</cx><cy>915.8499</cy><w>36.2776</w><h>24.2267</h><angle>1.223672</angle></robndbox></object><object><type>robndbox</type><name>wheat_head</name><pose>Unspecified</pose><truncated>0</truncated><difficult>0</difficult><robndbox><cx>359.9195</cx><cy>598.4574</cy><w>94.7073</w><h>30.0184</h><angle>1.143712</angle></robndbox></object><object><type>robndbox</type><name>wheat_head</name><pose>Unspecified</pose><truncated>0</truncated><difficult>0</difficult><robndbox><cx>502.0814</cx><cy>680.2081</cy><w>158.594</w><h>28.6182</h><angle>0.213904</angle></robndbox></object><object><type>robndbox</type><name>wheat_head</name><pose>Unspecified</pose><truncated>0</truncated><difficult>0</difficult><robndbox><cx>546.9888</cx><cy>10.1659</cy><w>35.979</w><h>23.1443</h><angle>0.427514</angle></robndbox></object><object><type>robndbox</type><name>wheat_head</name><pose>Unspecified</pose><truncated>0</truncated><difficult>0</difficult><robndbox><cx>607.5212</cx><cy>594.115</cy><w>146.9043</w><h>28.1533</h><angle>0.615904</angle></robndbox></object><object><type>robndbox</type><name>wheat_head</name><pose>Unspecified</pose><truncated>0</truncated><difficult>0</difficult><robndbox><cx>102.0512</cx><cy>281.8441</cy><w>121.1203</w><h>29.9747</h><angle>1.174833</angle></robndbox></object><object><type>robndbox</type><name>wheat_head</name><pose>Unspecified</pose><truncated>0</truncated><difficult>0</difficult><robndbox><cx>646.912</cx><cy>1007.4123</cy><w>33.4483</w><h>27.0507</h><angle>3.011022</angle></robndbox></object><object><type>robndbox</type><name>wheat_head</name><pose>Unspecified</pose><truncated>0</truncated><difficult>0</difficult><robndbox><cx>873.8094</cx><cy>924.2194</cy><w>95.6608</w><h>35.6646</h><angle>3.01088</angle></robndbox></object><object><type>robndbox</type><name>wheat_head</name><pose>Unspecified</pose><truncated>0</truncated><difficult>0</difficult><robndbox><cx>280.1543</cx><cy>839.1589</cy><w>46.9256</w><h>35.3424</h><angle>1.442682</angle></robndbox></object><object><type>robndbox</type><name>wheat_head</name><pose>Unspecified</pose><truncated>0</truncated><difficult>0</difficult><robndbox><cx>614.0183</cx><cy>619.8422</cy><w>53.0995</w><h>45.3736</h><angle>1.581192</angle></robndbox></object><object><type>robndbox</type><name>wheat_head</name><pose>Unspecified</pose><truncated>0</truncated><difficult>0</difficult><robndbox><cx>892.6218</cx><cy>252.5206</cy><w>41.5678</w><h>27.402</h><angle>1.367495</angle></robndbox></object><object><type>robndbox</type><name>wheat_head</name><pose>Unspecified</pose><truncated>0</truncated><difficult>0</difficult><robndbox><cx>879.6609</cx><cy>968.0676</cy><w>41.2202</w><h>28.3845</h><angle>0.682068</angle></robndbox></object><object><type>robndbox</type><name>wheat_head</name><pose>Unspecified</pose><truncated>0</truncated><difficult>0</difficult><robndbox><cx>92.5398</cx><cy>664.2361</cy><w>67.9813</w><h>26.8075</h><angle>0.548043</angle></robndbox></object><object><type>robndbox</type><name>wheat_head</name><pose>Unspecified</pose><truncated>0</truncated><difficult>0</difficult><robndbox><cx>414.1558</cx><cy>814.1286</cy><w>54.0833</w><h>35.7815</h><angle>2.55359</angle></robndbox></object></annotation>