<annotation verified="no"><folder>images</folder><filename>17f1fa29e</filename><path>/home/badhon/Documents/thesis/final_dataset/ethz_1/images/17f1fa29e.jpg</path><source><database>Unknown</database></source><size><width>1024</width><height>1024</height><depth>3</depth></size><segmented>0</segmented><object><type>robndbox</type><name>wheat_head</name><pose>Unspecified</pose><truncated>0</truncated><difficult>0</difficult><robndbox><cx>309.5252</cx><cy>296.0238</cy><w>88.5142</w><h>33.6622</h><angle>1.156361</angle></robndbox></object><object><type>robndbox</type><name>wheat_head</name><pose>Unspecified</pose><truncated>0</truncated><difficult>0</difficult><robndbox><cx>653.3519</cx><cy>830.4581</cy><w>95.3653</w><h>38.7433</h><angle>2.173283</angle></robndbox></object><object><type>robndbox</type><name>wheat_head</name><pose>Unspecified</pose><truncated>0</truncated><difficult>0</difficult><robndbox><cx>903.8551</cx><cy>578.064</cy><w>94.3051</w><h>41.3615</h><angle>1.226849</angle></robndbox></object><object><type>robndbox</type><name>wheat_head</name><pose>Unspecified</pose><truncated>0</truncated><difficult>0</difficult><robndbox><cx>487.7236</cx><cy>868.5622</cy><w>91.8174</w><h>36.8039</h><angle>1.168251</angle></robndbox></object><object><type>robndbox</type><name>wheat_head</name><pose>Unspecified</pose><truncated>0</truncated><difficult>0</difficult><robndbox><cx>131.8525</cx><cy>315.3214</cy><w>72.8636</w><h>36.2062</h><angle>0.669258</angle></robndbox></object><object><type>robndbox</type><name>wheat_head</name><pose>Unspecified</pose><truncated>0</truncated><difficult>0</difficult><robndbox><cx>103.8395</cx><cy>229.0097</cy><w>93.8936</w><h>39.8384</h><angle>0.292589</angle></robndbox></object><object><type>robndbox</type><name>wheat_head</name><pose>Unspecified</pose><truncated>0</truncated><difficult>0</difficult><robndbox><cx>604.3932</cx><cy>651.6529</cy><w>104.9241</w><h>32.4278</h><angle>1.153731</angle></robndbox></object><object><type>robndbox</type><name>wheat_head</name><pose>Unspecified</pose><truncated>0</truncated><difficult>0</difficult><robndbox><cx>640.9085</cx><cy>325.122</cy><w>72.3309</w><h>35.2743</h><angle>1.580874</angle></robndbox></object><object><type>robndbox</type><name>wheat_head</name><pose>Unspecified</pose><truncated>0</truncated><difficult>0</difficult><robndbox><cx>840.8828</cx><cy>841.3767</cy><w>63.3603</w><h>32.8978</h><angle>1.296972</angle></robndbox></object><object><type>robndbox</type><name>wheat_head</name><pose>Unspecified</pose><truncated>0</truncated><difficult>0</difficult><robndbox><cx>871.4113</cx><cy>52.1123</cy><w>79.8843</w><h>31.451</h><angle>1.819727</angle></robndbox></object><object><type>robndbox</type><name>wheat_head</name><pose>Unspecified</pose><truncated>0</truncated><difficult>0</difficult><robndbox><cx>514.0751</cx><cy>83.304</cy><w>73.9906</w><h>30.5222</h><angle>1.171865</angle></robndbox></object><object><type>robndbox</type><name>wheat_head</name><pose>Unspecified</pose><truncated>0</truncated><difficult>0</difficult><robndbox><cx>16.3167</cx><cy>986.5212</cy><w>48.478</w><h>28.7321</h><angle>1.098577</angle></robndbox></object><object><type>robndbox</type><name>wheat_head</name><pose>Unspecified</pose><truncated>0</truncated><difficult>0</difficult><robndbox><cx>936.1722</cx><cy>331.8144</cy><w>46.8714</w><h>24.9001</h><angle>1.633161</angle></robndbox></object><object><type>robndbox</type><name>wheat_head</name><pose>Unspecified</pose><truncated>0</truncated><difficult>0</difficult><robndbox><cx>434.9949</cx><cy>501.9002</cy><w>90.3661</w><h>34.8515</h><angle>1.395534</angle></robndbox></object><object><type>robndbox</type><name>wheat_head</name><pose>Unspecified</pose><truncated>0</truncated><difficult>0</difficult><robndbox><cx>866.0147</cx><cy>196.8823</cy><w>59.3542</w><h>30.8371</h><angle>1.527805</angle></robndbox></object><object><type>robndbox</type><name>wheat_head</name><pose>Unspecified</pose><truncated>0</truncated><difficult>0</difficult><robndbox><cx>919.9464</cx><cy>529.7436</cy><w>54.7576</w><h>29.5381</h><angle>1.402587</angle></robndbox></object><object><type>robndbox</type><name>wheat_head</name><pose>Unspecified</pose><truncated>0</truncated><difficult>0</difficult><robndbox><cx>76.7947</cx><cy>622.3977</cy><w>89.9287</w><h>39.1149</h><angle>1.170904</angle></robndbox></object><object><type>robndbox</type><name>wheat_head</name><pose>Unspecified</pose><truncated>0</truncated><difficult>0</difficult><robndbox><cx>597.8958</cx><cy>154.8646</cy><w>76.0733</w><h>39.4459</h><angle>1.169007</angle></robndbox></object><object><type>robndbox</type><name>wheat_head</name><pose>Unspecified</pose><truncated>0</truncated><difficult>0</difficult><robndbox><cx>347.6971</cx><cy>556.078</cy><w>47.4019</w><h>23.8762</h><angle>0.758995</angle></robndbox></object><object><type>robndbox</type><name>wheat_head</name><pose>Unspecified</pose><truncated>0</truncated><difficult>0</difficult><robndbox><cx>927.4223</cx><cy>380.5888</cy><w>47.387</w><h>21.2282</h><angle>1.233161</angle></robndbox></object><object><type>robndbox</type><name>wheat_head</name><pose>Unspecified</pose><truncated>0</truncated><difficult>0</difficult><robndbox><cx>939.3229</cx><cy>118.9968</cy><w>98.4659</w><h>30.7408</h><angle>0.703226</angle></robndbox></object><object><type>robndbox</type><name>wheat_head</name><pose>Unspecified</pose><truncated>0</truncated><difficult>0</difficult><robndbox><cx>732.5223</cx><cy>987.4256</cy><w>54.2205</w><h>33.6118</h><angle>1.958487</angle></robndbox></object><object><type>robndbox</type><name>wheat_head</name><pose>Unspecified</pose><truncated>0</truncated><difficult>0</difficult><robndbox><cx>432.548</cx><cy>738.394</cy><w>66.1139</w><h>40.1501</h><angle>0.5809</angle></robndbox></object><object><type>robndbox</type><name>wheat_head</name><pose>Unspecified</pose><truncated>0</truncated><difficult>0</difficult><robndbox><cx>257.5394</cx><cy>950.9801</cy><w>81.5534</w><h>40.9291</h><angle>0.444565</angle></robndbox></object><object><type>robndbox</type><name>wheat_head</name><pose>Unspecified</pose><truncated>0</truncated><difficult>0</difficult><robndbox><cx>691.5016</cx><cy>615.8188</cy><w>163.8929</w><h>35.5536</h><angle>1.239163</angle></robndbox></object><object><type>robndbox</type><name>wheat_head</name><pose>Unspecified</pose><truncated>0</truncated><difficult>0</difficult><robndbox><cx>327.5167</cx><cy>782.6695</cy><w>73.1028</w><h>35.5086</h><angle>0.497486</angle></robndbox></object><object><type>robndbox</type><name>wheat_head</name><pose>Unspecified</pose><truncated>0</truncated><difficult>0</difficult><robndbox><cx>354.1539</cx><cy>995.8422</cy><w>53.0197</w><h>38.7153</h><angle>0.430889</angle></robndbox></object><object><type>robndbox</type><name>wheat_head</name><pose>Unspecified</pose><truncated>0</truncated><difficult>0</difficult><robndbox><cx>403.0427</cx><cy>354.2307</cy><w>64.172</w><h>37.6071</h><angle>1.525312</angle></robndbox></object><object><type>robndbox</type><name>wheat_head</name><pose>Unspecified</pose><truncated>0</truncated><difficult>0</difficult><robndbox><cx>261.5305</cx><cy>331.0541</cy><w>119.0957</w><h>42.6588</h><angle>0.932308</angle></robndbox></object><object><type>robndbox</type><name>wheat_head</name><pose>Unspecified</pose><truncated>0</truncated><difficult>0</difficult><robndbox><cx>753.5932</cx><cy>612.7661</cy><w>50.7641</w><h>33.5899</h><angle>1.094583</angle></robndbox></object><object><type>robndbox</type><name>wheat_head</name><pose>Unspecified</pose><truncated>0</truncated><difficult>0</difficult><robndbox><cx>559.2516</cx><cy>66.9709</cy><w>82.9951</w><h>31.1872</h><angle>1.281769</angle></robndbox></object><object><type>robndbox</type><name>wheat_head</name><pose>Unspecified</pose><truncated>0</truncated><difficult>0</difficult><robndbox><cx>935.0</cx><cy>585.0</cy><w>26.6724</w><h>26.0066</h><angle>1.593306</angle></robndbox></object><object><type>robndbox</type><name>wheat_head</name><pose>Unspecified</pose><truncated>0</truncated><difficult>0</difficult><robndbox><cx>729.2092</cx><cy>561.5789</cy><w>57.1889</w><h>32.3971</h><angle>1.464605</angle></robndbox></object><object><type>robndbox</type><name>wheat_head</name><pose>Unspecified</pose><truncated>0</truncated><difficult>0</difficult><robndbox><cx>552.4867</cx><cy>542.6642</cy><w>68.494</w><h>39.1856</h><angle>0.360076</angle></robndbox></object><object><type>robndbox</type><name>wheat_head</name><pose>Unspecified</pose><truncated>0</truncated><difficult>0</difficult><robndbox><cx>126.8869</cx><cy>689.3899</cy><w>101.731</w><h>30.779</h><angle>0.940904</angle></robndbox></object><object><type>robndbox</type><name>wheat_head</name><pose>Unspecified</pose><truncated>0</truncated><difficult>0</difficult><robndbox><cx>566.9934</cx><cy>145.7359</cy><w>60.9798</w><h>32.6698</h><angle>1.623447</angle></robndbox></object><object><type>robndbox</type><name>wheat_head</name><pose>Unspecified</pose><truncated>0</truncated><difficult>0</difficult><robndbox><cx>404.8797</cx><cy>564.002</cy><w>51.8504</w><h>30.4733</h><angle>0.743233</angle></robndbox></object><object><type>robndbox</type><name>wheat_head</name><pose>Unspecified</pose><truncated>0</truncated><difficult>0</difficult><robndbox><cx>613.2617</cx><cy>252.6425</cy><w>43.2958</w><h>33.5294</h><angle>1.083865</angle></robndbox></object><object><type>robndbox</type><name>wheat_head</name><pose>Unspecified</pose><truncated>0</truncated><difficult>0</difficult><robndbox><cx>217.4442</cx><cy>666.6521</cy><w>60.6254</w><h>40.248</h><angle>0.517125</angle></robndbox></object><object><type>robndbox</type><name>wheat_head</name><pose>Unspecified</pose><truncated>0</truncated><difficult>0</difficult><robndbox><cx>235.0975</cx><cy>25.3603</cy><w>51.735</w><h>36.7763</h><angle>0.909392</angle></robndbox></object><object><type>robndbox</type><name>wheat_head</name><pose>Unspecified</pose><truncated>0</truncated><difficult>0</difficult><robndbox><cx>927.5732</cx><cy>52.5552</cy><w>36.121</w><h>29.4189</h><angle>1.751285</angle></robndbox></object><object><type>robndbox</type><name>wheat_head</name><pose>Unspecified</pose><truncated>0</truncated><difficult>0</difficult><robndbox><cx>794.6807</cx><cy>350.6461</cy><w>102.534</w><h>40.9445</h><angle>0.034319</angle></robndbox></object><object><type>robndbox</type><name>wheat_head</name><pose>Unspecified</pose><truncated>0</truncated><difficult>0</difficult><robndbox><cx>246.4125</cx><cy>727.8066</cy><w>70.0598</w><h>41.2615</h><angle>0.315126</angle></robndbox></object><object><type>robndbox</type><name>wheat_head</name><pose>Unspecified</pose><truncated>0</truncated><difficult>0</difficult><robndbox><cx>439.3821</cx><cy>327.9352</cy><w>103.6592</w><h>36.7489</h><angle>1.18752</angle></robndbox></object><object><type>robndbox</type><name>wheat_head</name><pose>Unspecified</pose><truncated>0</truncated><difficult>0</difficult><robndbox><cx>357.9404</cx><cy>724.0294</cy><w>54.6396</w><h>32.1085</h><angle>1.113593</angle></robndbox></object><object><type>robndbox</type><name>wheat_head</name><pose>Unspecified</pose><truncated>0</truncated><difficult>0</difficult><robndbox><cx>599.432</cx><cy>995.7798</cy><w>40.368</w><h>38.4508</h><angle>1.026393</angle></robndbox></object><object><type>robndbox</type><name>wheat_head</name><pose>Unspecified</pose><truncated>0</truncated><difficult>0</difficult><robndbox><cx>971.0</cx><cy>143.5</cy><w>28.1658</w><h>21.726</h><angle>0.108545</angle></robndbox></object><object><type>robndbox</type><name>wheat_head</name><pose>Unspecified</pose><truncated>0</truncated><difficult>0</difficult><robndbox><cx>677.1428</cx><cy>248.2336</cy><w>68.8743</w><h>25.0605</h><angle>1.934756</angle></robndbox></object><object><type>robndbox</type><name>wheat_head</name><pose>Unspecified</pose><truncated>0</truncated><difficult>0</difficult><robndbox><cx>720.4559</cx><cy>926.5875</cy><w>35.0774</w><h>33.2276</h><angle>1.313515</angle></robndbox></object><object><type>robndbox</type><name>wheat_head</name><pose>Unspecified</pose><truncated>0</truncated><difficult>0</difficult><robndbox><cx>137.8623</cx><cy>112.0848</cy><w>60.807</w><h>39.0823</h><angle>0.613747</angle></robndbox></object><object><type>robndbox</type><name>wheat_head</name><pose>Unspecified</pose><truncated>0</truncated><difficult>0</difficult><robndbox><cx>820.13</cx><cy>791.6524</cy><w>47.4901</w><h>32.1699</h><angle>1.854404</angle></robndbox></object><object><type>robndbox</type><name>wheat_head</name><pose>Unspecified</pose><truncated>0</truncated><difficult>0</difficult><robndbox><cx>75.2849</cx><cy>991.4799</cy><w>37.6257</w><h>32.8197</h><angle>1.420139</angle></robndbox></object><object><type>robndbox</type><name>wheat_head</name><pose>Unspecified</pose><truncated>0</truncated><difficult>0</difficult><robndbox><cx>409.0339</cx><cy>183.0284</cy><w>125.1933</w><h>39.7964</h><angle>0.964858</angle></robndbox></object><object><type>robndbox</type><name>wheat_head</name><pose>Unspecified</pose><truncated>0</truncated><difficult>0</difficult><robndbox><cx>767.5611</cx><cy>697.7977</cy><w>45.8295</w><h>33.107</h><angle>1.0332</angle></robndbox></object><object><type>robndbox</type><name>wheat_head</name><pose>Unspecified</pose><truncated>0</truncated><difficult>0</difficult><robndbox><cx>1007.6363</cx><cy>717.0107</cy><w>41.5564</w><h>27.268</h><angle>1.75997</angle></robndbox></object><object><type>robndbox</type><name>wheat_head</name><pose>Unspecified</pose><truncated>0</truncated><difficult>0</difficult><robndbox><cx>529.1244</cx><cy>691.9592</cy><w>59.9325</w><h>35.2289</h><angle>2.586707</angle></robndbox></object><object><type>robndbox</type><name>wheat_head</name><pose>Unspecified</pose><truncated>0</truncated><difficult>0</difficult><robndbox><cx>540.8851</cx><cy>622.5197</cy><w>69.0186</w><h>31.7633</h><angle>1.112155</angle></robndbox></object><object><type>robndbox</type><name>wheat_head</name><pose>Unspecified</pose><truncated>0</truncated><difficult>0</difficult><robndbox><cx>303.0431</cx><cy>515.9357</cy><w>152.4997</w><h>43.1305</h><angle>1.158995</angle></robndbox></object><object><type>robndbox</type><name>wheat_head</name><pose>Unspecified</pose><truncated>0</truncated><difficult>0</difficult><robndbox><cx>958.2897</cx><cy>951.8226</cy><w>113.1592</w><h>30.017</h><angle>1.623844</angle></robndbox></object><object><type>robndbox</type><name>wheat_head</name><pose>Unspecified</pose><truncated>0</truncated><difficult>0</difficult><robndbox><cx>975.9393</cx><cy>876.266</cy><w>57.2189</w><h>27.9708</h><angle>1.483301</angle></robndbox></object><object><type>robndbox</type><name>wheat_head</name><pose>Unspecified</pose><truncated>0</truncated><difficult>0</difficult><robndbox><cx>999.4049</cx><cy>864.9367</cy><w>47.0106</w><h>26.2568</h><angle>1.549523</angle></robndbox></object><object><type>robndbox</type><name>wheat_head</name><pose>Unspecified</pose><truncated>0</truncated><difficult>0</difficult><robndbox><cx>852.6666</cx><cy>698.353</cy><w>119.3399</w><h>34.1762</h><angle>3.066106</angle></robndbox></object><object><type>robndbox</type><name>wheat_head</name><pose>Unspecified</pose><truncated>0</truncated><difficult>0</difficult><robndbox><cx>370.8275</cx><cy>345.7106</cy><w>30.5287</w><h>19.5152</h><angle>1.019141</angle></robndbox></object></annotation>