<annotation verified="no"><folder>images</folder><filename>190f2ca1d</filename><path>/home/badhon/Documents/thesis/final_dataset/ethz_1/images/190f2ca1d.jpg</path><source><database>Unknown</database></source><size><width>1024</width><height>1024</height><depth>3</depth></size><segmented>0</segmented><object><type>robndbox</type><name>wheat_head</name><pose>Unspecified</pose><truncated>0</truncated><difficult>0</difficult><robndbox><cx>874.6575</cx><cy>846.9195</cy><w>127.3356</w><h>29.279</h><angle>0.958247</angle></robndbox></object><object><type>robndbox</type><name>wheat_head</name><pose>Unspecified</pose><truncated>0</truncated><difficult>0</difficult><robndbox><cx>735.9478</cx><cy>164.433</cy><w>97.9289</w><h>38.0055</h><angle>0.579685</angle></robndbox></object><object><type>robndbox</type><name>wheat_head</name><pose>Unspecified</pose><truncated>0</truncated><difficult>0</difficult><robndbox><cx>946.045</cx><cy>414.1228</cy><w>65.2352</w><h>39.4557</h><angle>1.126135</angle></robndbox></object><object><type>robndbox</type><name>wheat_head</name><pose>Unspecified</pose><truncated>0</truncated><difficult>0</difficult><robndbox><cx>504.3021</cx><cy>652.6247</cy><w>111.6071</w><h>35.7996</h><angle>0.632544</angle></robndbox></object><object><type>robndbox</type><name>wheat_head</name><pose>Unspecified</pose><truncated>0</truncated><difficult>0</difficult><robndbox><cx>433.3192</cx><cy>405.0644</cy><w>175.7322</w><h>43.1805</h><angle>0.529129</angle></robndbox></object><object><type>robndbox</type><name>wheat_head</name><pose>Unspecified</pose><truncated>0</truncated><difficult>0</difficult><robndbox><cx>363.8592</cx><cy>639.0367</cy><w>86.2959</w><h>32.7139</h><angle>0.596242</angle></robndbox></object><object><type>robndbox</type><name>wheat_head</name><pose>Unspecified</pose><truncated>0</truncated><difficult>0</difficult><robndbox><cx>314.8586</cx><cy>809.6735</cy><w>78.8397</w><h>35.9224</h><angle>0.628212</angle></robndbox></object><object><type>robndbox</type><name>wheat_head</name><pose>Unspecified</pose><truncated>0</truncated><difficult>0</difficult><robndbox><cx>143.0681</cx><cy>569.8634</cy><w>86.3255</w><h>33.5304</h><angle>0.843282</angle></robndbox></object><object><type>robndbox</type><name>wheat_head</name><pose>Unspecified</pose><truncated>0</truncated><difficult>0</difficult><robndbox><cx>600.1633</cx><cy>257.5555</cy><w>122.4987</w><h>43.9077</h><angle>0.58733</angle></robndbox></object><object><type>robndbox</type><name>wheat_head</name><pose>Unspecified</pose><truncated>0</truncated><difficult>0</difficult><robndbox><cx>335.5034</cx><cy>451.1579</cy><w>99.071</w><h>31.0842</h><angle>0.605555</angle></robndbox></object><object><type>robndbox</type><name>wheat_head</name><pose>Unspecified</pose><truncated>0</truncated><difficult>0</difficult><robndbox><cx>306.1451</cx><cy>335.4919</cy><w>73.0476</w><h>39.3324</h><angle>0.691274</angle></robndbox></object><object><type>robndbox</type><name>wheat_head</name><pose>Unspecified</pose><truncated>0</truncated><difficult>0</difficult><robndbox><cx>682.8217</cx><cy>80.6851</cy><w>99.3875</w><h>35.205</h><angle>0.754052</angle></robndbox></object><object><type>robndbox</type><name>wheat_head</name><pose>Unspecified</pose><truncated>0</truncated><difficult>0</difficult><robndbox><cx>137.6411</cx><cy>910.6918</cy><w>89.7735</w><h>38.1156</h><angle>0.626213</angle></robndbox></object><object><type>robndbox</type><name>wheat_head</name><pose>Unspecified</pose><truncated>0</truncated><difficult>0</difficult><robndbox><cx>733.0071</cx><cy>662.4594</cy><w>99.2684</w><h>27.4882</h><angle>0.565048</angle></robndbox></object><object><type>robndbox</type><name>wheat_head</name><pose>Unspecified</pose><truncated>0</truncated><difficult>0</difficult><robndbox><cx>539.3761</cx><cy>514.6318</cy><w>94.7381</w><h>30.9071</h><angle>0.659195</angle></robndbox></object><object><type>robndbox</type><name>wheat_head</name><pose>Unspecified</pose><truncated>0</truncated><difficult>0</difficult><robndbox><cx>560.1907</cx><cy>212.6152</cy><w>97.926</w><h>37.6905</h><angle>0.269026</angle></robndbox></object><object><type>robndbox</type><name>wheat_head</name><pose>Unspecified</pose><truncated>0</truncated><difficult>0</difficult><robndbox><cx>735.0854</cx><cy>235.3972</cy><w>79.5387</w><h>40.2411</h><angle>0.69571</angle></robndbox></object><object><type>robndbox</type><name>wheat_head</name><pose>Unspecified</pose><truncated>0</truncated><difficult>0</difficult><robndbox><cx>525.5324</cx><cy>159.0792</cy><w>61.2475</w><h>38.4916</h><angle>0.682828</angle></robndbox></object><object><type>robndbox</type><name>wheat_head</name><pose>Unspecified</pose><truncated>0</truncated><difficult>0</difficult><robndbox><cx>684.2177</cx><cy>395.3744</cy><w>75.4513</w><h>35.8377</h><angle>0.545574</angle></robndbox></object><object><type>robndbox</type><name>wheat_head</name><pose>Unspecified</pose><truncated>0</truncated><difficult>0</difficult><robndbox><cx>929.2734</cx><cy>604.5538</cy><w>96.9558</w><h>43.6172</h><angle>0.6601</angle></robndbox></object><object><type>robndbox</type><name>wheat_head</name><pose>Unspecified</pose><truncated>0</truncated><difficult>0</difficult><robndbox><cx>936.8553</cx><cy>304.224</cy><w>166.2343</w><h>42.9816</h><angle>0.342702</angle></robndbox></object><object><type>robndbox</type><name>wheat_head</name><pose>Unspecified</pose><truncated>0</truncated><difficult>0</difficult><robndbox><cx>494.3685</cx><cy>75.4701</cy><w>96.4621</w><h>39.4466</h><angle>0.234037</angle></robndbox></object><object><type>robndbox</type><name>wheat_head</name><pose>Unspecified</pose><truncated>0</truncated><difficult>0</difficult><robndbox><cx>880.6575</cx><cy>1004.2131</cy><w>81.9517</w><h>20.9723</h><angle>3.03504</angle></robndbox></object><object><type>robndbox</type><name>wheat_head</name><pose>Unspecified</pose><truncated>0</truncated><difficult>0</difficult><robndbox><cx>759.979</cx><cy>578.8767</cy><w>88.3418</w><h>38.8677</h><angle>0.227233</angle></robndbox></object><object><type>robndbox</type><name>wheat_head</name><pose>Unspecified</pose><truncated>0</truncated><difficult>0</difficult><robndbox><cx>259.0853</cx><cy>612.9972</cy><w>90.9342</w><h>40.6041</h><angle>0.261793</angle></robndbox></object><object><type>robndbox</type><name>wheat_head</name><pose>Unspecified</pose><truncated>0</truncated><difficult>0</difficult><robndbox><cx>21.9336</cx><cy>17.8604</cy><w>41.3324</w><h>32.2108</h><angle>0.149749</angle></robndbox></object><object><type>robndbox</type><name>wheat_head</name><pose>Unspecified</pose><truncated>0</truncated><difficult>0</difficult><robndbox><cx>979.0892</cx><cy>705.5222</cy><w>80.1327</w><h>39.3043</h><angle>0.035688</angle></robndbox></object><object><type>robndbox</type><name>wheat_head</name><pose>Unspecified</pose><truncated>0</truncated><difficult>0</difficult><robndbox><cx>266.7239</cx><cy>891.3323</cy><w>67.5169</w><h>32.7111</h><angle>0.492901</angle></robndbox></object><object><type>robndbox</type><name>wheat_head</name><pose>Unspecified</pose><truncated>0</truncated><difficult>0</difficult><robndbox><cx>757.3096</cx><cy>717.3368</cy><w>65.6243</w><h>29.5578</h><angle>1.770494</angle></robndbox></object><object><type>robndbox</type><name>wheat_head</name><pose>Unspecified</pose><truncated>0</truncated><difficult>0</difficult><robndbox><cx>388.0458</cx><cy>84.6817</cy><w>68.4041</w><h>35.4741</h><angle>2.96335</angle></robndbox></object><object><type>robndbox</type><name>wheat_head</name><pose>Unspecified</pose><truncated>0</truncated><difficult>0</difficult><robndbox><cx>887.127</cx><cy>469.9648</cy><w>110.7182</w><h>34.0537</h><angle>0.955403</angle></robndbox></object><object><type>robndbox</type><name>wheat_head</name><pose>Unspecified</pose><truncated>0</truncated><difficult>0</difficult><robndbox><cx>356.7716</cx><cy>911.7831</cy><w>69.2407</w><h>45.2571</h><angle>0.365376</angle></robndbox></object><object><type>robndbox</type><name>wheat_head</name><pose>Unspecified</pose><truncated>0</truncated><difficult>0</difficult><robndbox><cx>302.7815</cx><cy>36.9636</cy><w>88.8336</w><h>37.628</h><angle>0.437565</angle></robndbox></object><object><type>robndbox</type><name>wheat_head</name><pose>Unspecified</pose><truncated>0</truncated><difficult>0</difficult><robndbox><cx>537.5485</cx><cy>476.9401</cy><w>72.4034</w><h>36.8959</h><angle>0.200171</angle></robndbox></object><object><type>robndbox</type><name>wheat_head</name><pose>Unspecified</pose><truncated>0</truncated><difficult>0</difficult><robndbox><cx>159.4437</cx><cy>669.7134</cy><w>90.7675</w><h>39.4807</h><angle>0.172175</angle></robndbox></object><object><type>robndbox</type><name>wheat_head</name><pose>Unspecified</pose><truncated>0</truncated><difficult>0</difficult><robndbox><cx>507.7586</cx><cy>12.1793</cy><w>81.4759</w><h>32.3041</h><angle>0.181391</angle></robndbox></object><object><type>robndbox</type><name>wheat_head</name><pose>Unspecified</pose><truncated>0</truncated><difficult>0</difficult><robndbox><cx>658.7741</cx><cy>958.6185</cy><w>74.0472</w><h>25.373</h><angle>0.424531</angle></robndbox></object><object><type>robndbox</type><name>wheat_head</name><pose>Unspecified</pose><truncated>0</truncated><difficult>0</difficult><robndbox><cx>468.0595</cx><cy>580.7616</cy><w>81.6661</w><h>32.331</h><angle>0.42575</angle></robndbox></object><object><type>robndbox</type><name>wheat_head</name><pose>Unspecified</pose><truncated>0</truncated><difficult>0</difficult><robndbox><cx>25.9316</cx><cy>213.3074</cy><w>53.9207</w><h>30.8275</h><angle>0.568233</angle></robndbox></object><object><type>robndbox</type><name>wheat_head</name><pose>Unspecified</pose><truncated>0</truncated><difficult>0</difficult><robndbox><cx>95.0552</cx><cy>191.214</cy><w>176.527</w><h>39.2169</h><angle>0.710964</angle></robndbox></object><object><type>robndbox</type><name>wheat_head</name><pose>Unspecified</pose><truncated>0</truncated><difficult>0</difficult><robndbox><cx>591.4965</cx><cy>184.4027</cy><w>71.2474</w><h>29.4672</h><angle>0.499906</angle></robndbox></object><object><type>robndbox</type><name>wheat_head</name><pose>Unspecified</pose><truncated>0</truncated><difficult>0</difficult><robndbox><cx>998.6499</cx><cy>419.6295</cy><w>63.4034</w><h>29.7782</h><angle>1.162339</angle></robndbox></object><object><type>robndbox</type><name>wheat_head</name><pose>Unspecified</pose><truncated>0</truncated><difficult>0</difficult><robndbox><cx>145.3222</cx><cy>450.7534</cy><w>71.9697</w><h>32.1936</h><angle>0.067263</angle></robndbox></object><object><type>robndbox</type><name>wheat_head</name><pose>Unspecified</pose><truncated>0</truncated><difficult>0</difficult><robndbox><cx>826.4355</cx><cy>471.3262</cy><w>67.6038</w><h>30.9903</h><angle>0.234748</angle></robndbox></object><object><type>robndbox</type><name>wheat_head</name><pose>Unspecified</pose><truncated>0</truncated><difficult>0</difficult><robndbox><cx>422.8365</cx><cy>932.091</cy><w>62.8987</w><h>34.1578</h><angle>2.869398</angle></robndbox></object><object><type>robndbox</type><name>wheat_head</name><pose>Unspecified</pose><truncated>0</truncated><difficult>0</difficult><robndbox><cx>619.0638</cx><cy>907.5011</cy><w>82.3403</w><h>36.2655</h><angle>3.12344</angle></robndbox></object><object><type>robndbox</type><name>wheat_head</name><pose>Unspecified</pose><truncated>0</truncated><difficult>0</difficult><robndbox><cx>436.2849</cx><cy>974.8058</cy><w>103.9228</w><h>29.4104</h><angle>2.858817</angle></robndbox></object><object><type>robndbox</type><name>wheat_head</name><pose>Unspecified</pose><truncated>0</truncated><difficult>0</difficult><robndbox><cx>825.2623</cx><cy>622.5977</cy><w>71.1461</w><h>36.6132</h><angle>0.062579</angle></robndbox></object><object><type>robndbox</type><name>wheat_head</name><pose>Unspecified</pose><truncated>0</truncated><difficult>0</difficult><robndbox><cx>522.535</cx><cy>705.892</cy><w>103.3305</w><h>29.972</h><angle>3.023181</angle></robndbox></object><object><type>robndbox</type><name>wheat_head</name><pose>Unspecified</pose><truncated>0</truncated><difficult>0</difficult><robndbox><cx>990.7532</cx><cy>339.5324</cy><w>63.7321</w><h>27.1617</h><angle>3.089284</angle></robndbox></object><object><type>robndbox</type><name>wheat_head</name><pose>Unspecified</pose><truncated>0</truncated><difficult>0</difficult><robndbox><cx>811.9739</cx><cy>300.3336</cy><w>195.8232</w><h>31.9133</h><angle>0.33311</angle></robndbox></object><object><type>robndbox</type><name>wheat_head</name><pose>Unspecified</pose><truncated>0</truncated><difficult>0</difficult><robndbox><cx>290.2851</cx><cy>999.9277</cy><w>80.7199</w><h>33.0908</h><angle>3.081913</angle></robndbox></object><object><type>robndbox</type><name>wheat_head</name><pose>Unspecified</pose><truncated>0</truncated><difficult>0</difficult><robndbox><cx>212.9085</cx><cy>995.2569</cy><w>61.4556</w><h>36.3202</h><angle>3.019372</angle></robndbox></object><object><type>robndbox</type><name>wheat_head</name><pose>Unspecified</pose><truncated>0</truncated><difficult>0</difficult><robndbox><cx>68.0083</cx><cy>767.9567</cy><w>129.1506</w><h>45.3033</h><angle>2.988652</angle></robndbox></object><object><type>robndbox</type><name>wheat_head</name><pose>Unspecified</pose><truncated>0</truncated><difficult>0</difficult><robndbox><cx>82.8577</cx><cy>969.9273</cy><w>177.9269</w><h>38.462</h><angle>2.799479</angle></robndbox></object><object><type>robndbox</type><name>wheat_head</name><pose>Unspecified</pose><truncated>0</truncated><difficult>0</difficult><robndbox><cx>29.8565</cx><cy>370.4524</cy><w>53.7936</w><h>26.2565</h><angle>3.099184</angle></robndbox></object><object><type>robndbox</type><name>wheat_head</name><pose>Unspecified</pose><truncated>0</truncated><difficult>0</difficult><robndbox><cx>34.1413</cx><cy>900.984</cy><w>62.0096</w><h>37.5634</h><angle>3.08537</angle></robndbox></object><object><type>robndbox</type><name>wheat_head</name><pose>Unspecified</pose><truncated>0</truncated><difficult>0</difficult><robndbox><cx>988.3571</cx><cy>779.581</cy><w>42.839</w><h>35.9137</h><angle>0.14795</angle></robndbox></object><object><type>robndbox</type><name>wheat_head</name><pose>Unspecified</pose><truncated>0</truncated><difficult>0</difficult><robndbox><cx>565.68</cx><cy>559.7569</cy><w>112.3299</w><h>30.5471</h><angle>0.121939</angle></robndbox></object><object><type>robndbox</type><name>wheat_head</name><pose>Unspecified</pose><truncated>0</truncated><difficult>0</difficult><robndbox><cx>403.5107</cx><cy>608.8842</cy><w>54.4743</w><h>31.1992</h><angle>0.086665</angle></robndbox></object><object><type>robndbox</type><name>wheat_head</name><pose>Unspecified</pose><truncated>0</truncated><difficult>0</difficult><robndbox><cx>93.9757</cx><cy>122.2876</cy><w>55.7836</w><h>19.0779</h><angle>0.436285</angle></robndbox></object><object><type>robndbox</type><name>wheat_head</name><pose>Unspecified</pose><truncated>0</truncated><difficult>0</difficult><robndbox><cx>500.4809</cx><cy>954.4257</cy><w>69.1086</w><h>26.1729</h><angle>0.116153</angle></robndbox></object><object><type>robndbox</type><name>wheat_head</name><pose>Unspecified</pose><truncated>0</truncated><difficult>0</difficult><robndbox><cx>335.8915</cx><cy>739.5453</cy><w>50.428</w><h>30.4512</h><angle>0.60723</angle></robndbox></object><object><type>robndbox</type><name>wheat_head</name><pose>Unspecified</pose><truncated>0</truncated><difficult>0</difficult><robndbox><cx>87.9248</cx><cy>792.0381</cy><w>47.2812</w><h>23.1755</h><angle>0.168602</angle></robndbox></object><object><type>robndbox</type><name>wheat_head</name><pose>Unspecified</pose><truncated>0</truncated><difficult>0</difficult><robndbox><cx>953.761</cx><cy>13.7468</cy><w>40.3764</w><h>30.5436</h><angle>0.250644</angle></robndbox></object><object><type>robndbox</type><name>wheat_head</name><pose>Unspecified</pose><truncated>0</truncated><difficult>0</difficult><robndbox><cx>887.127</cx><cy>469.9648</cy><w>110.7182</w><h>34.0537</h><angle>0.955403</angle></robndbox></object><object><type>robndbox</type><name>wheat_head</name><pose>Unspecified</pose><truncated>0</truncated><difficult>0</difficult><robndbox><cx>95.0552</cx><cy>191.214</cy><w>176.527</w><h>39.2169</h><angle>0.710964</angle></robndbox></object><object><type>robndbox</type><name>wheat_head</name><pose>Unspecified</pose><truncated>0</truncated><difficult>0</difficult><robndbox><cx>582.4314</cx><cy>978.0003</cy><w>51.393</w><h>26.7289</h><angle>0.123507</angle></robndbox></object><object><type>robndbox</type><name>wheat_head</name><pose>Unspecified</pose><truncated>0</truncated><difficult>0</difficult><robndbox><cx>31.9744</cx><cy>399.5677</cy><w>53.3134</w><h>32.0107</h><angle>2.999184</angle></robndbox></object><object><type>robndbox</type><name>wheat_head</name><pose>Unspecified</pose><truncated>0</truncated><difficult>0</difficult><robndbox><cx>216.0815</cx><cy>794.7251</cy><w>75.558</w><h>33.2996</h><angle>3.059845</angle></robndbox></object><object><type>robndbox</type><name>wheat_head</name><pose>Unspecified</pose><truncated>0</truncated><difficult>0</difficult><robndbox><cx>507.7586</cx><cy>12.1793</cy><w>81.4759</w><h>32.3041</h><angle>0.181391</angle></robndbox></object><object><type>robndbox</type><name>wheat_head</name><pose>Unspecified</pose><truncated>0</truncated><difficult>0</difficult><robndbox><cx>162.0</cx><cy>959.5</cy><w>33.0061</w><h>27.983</h><angle>1.551578</angle></robndbox></object><object><type>robndbox</type><name>wheat_head</name><pose>Unspecified</pose><truncated>0</truncated><difficult>0</difficult><robndbox><cx>384.0766</cx><cy>768.4622</cy><w>58.6477</w><h>31.5096</h><angle>0.00723</angle></robndbox></object><object><type>robndbox</type><name>wheat_head</name><pose>Unspecified</pose><truncated>0</truncated><difficult>0</difficult><robndbox><cx>668.9191</cx><cy>1000.6157</cy><w>56.0803</w><h>28.1622</h><angle>2.444571</angle></robndbox></object><object><type>robndbox</type><name>wheat_head</name><pose>Unspecified</pose><truncated>0</truncated><difficult>0</difficult><robndbox><cx>62.7857</cx><cy>278.4286</cy><w>80.0562</w><h>25.5539</h><angle>2.784284</angle></robndbox></object><object><type>robndbox</type><name>wheat_head</name><pose>Unspecified</pose><truncated>0</truncated><difficult>0</difficult><robndbox><cx>19.6585</cx><cy>258.7635</cy><w>45.2217</w><h>27.3233</h><angle>0.612538</angle></robndbox></object><object><type>robndbox</type><name>wheat_head</name><pose>Unspecified</pose><truncated>0</truncated><difficult>0</difficult><robndbox><cx>20.6728</cx><cy>158.7201</cy><w>33.2415</w><h>28.7856</h><angle>0.369334</angle></robndbox></object></annotation>