<annotation verified="no"><folder>images</folder><filename>20331cd3a</filename><path>/home/badhon/Documents/thesis/final_dataset/ethz_1/images/20331cd3a.jpg</path><source><database>Unknown</database></source><size><width>1024</width><height>1024</height><depth>3</depth></size><segmented>0</segmented><object><type>robndbox</type><name>wheat_head</name><pose>Unspecified</pose><truncated>0</truncated><difficult>0</difficult><robndbox><cx>838.2579</cx><cy>756.3282</cy><w>145.3901</w><h>35.2378</h><angle>0.5649</angle></robndbox></object><object><type>robndbox</type><name>wheat_head</name><pose>Unspecified</pose><truncated>0</truncated><difficult>0</difficult><robndbox><cx>509.7488</cx><cy>312.7144</cy><w>80.3054</w><h>33.6506</h><angle>0.956108</angle></robndbox></object><object><type>robndbox</type><name>wheat_head</name><pose>Unspecified</pose><truncated>0</truncated><difficult>0</difficult><robndbox><cx>697.6743</cx><cy>93.2022</cy><w>108.3217</w><h>39.0832</h><angle>2.70359</angle></robndbox></object><object><type>robndbox</type><name>wheat_head</name><pose>Unspecified</pose><truncated>0</truncated><difficult>0</difficult><robndbox><cx>151.6269</cx><cy>298.3654</cy><w>43.6013</w><h>30.307</h><angle>1.068299</angle></robndbox></object><object><type>robndbox</type><name>wheat_head</name><pose>Unspecified</pose><truncated>0</truncated><difficult>0</difficult><robndbox><cx>768.9044</cx><cy>350.618</cy><w>139.5342</w><h>36.083</h><angle>0.202778</angle></robndbox></object><object><type>robndbox</type><name>wheat_head</name><pose>Unspecified</pose><truncated>0</truncated><difficult>0</difficult><robndbox><cx>104.4459</cx><cy>709.0707</cy><w>123.7327</w><h>44.4514</h><angle>0.321315</angle></robndbox></object><object><type>robndbox</type><name>wheat_head</name><pose>Unspecified</pose><truncated>0</truncated><difficult>0</difficult><robndbox><cx>189.9475</cx><cy>20.8612</cy><w>45.7516</w><h>33.0067</h><angle>1.011876</angle></robndbox></object><object><type>robndbox</type><name>wheat_head</name><pose>Unspecified</pose><truncated>0</truncated><difficult>0</difficult><robndbox><cx>322.6508</cx><cy>24.361</cy><w>58.0244</w><h>34.8938</h><angle>1.041373</angle></robndbox></object><object><type>robndbox</type><name>wheat_head</name><pose>Unspecified</pose><truncated>0</truncated><difficult>0</difficult><robndbox><cx>259.2359</cx><cy>98.0336</cy><w>61.4045</w><h>35.6147</h><angle>2.123185</angle></robndbox></object><object><type>robndbox</type><name>wheat_head</name><pose>Unspecified</pose><truncated>0</truncated><difficult>0</difficult><robndbox><cx>598.6116</cx><cy>334.5075</cy><w>112.6874</w><h>39.2629</h><angle>0.901378</angle></robndbox></object><object><type>robndbox</type><name>wheat_head</name><pose>Unspecified</pose><truncated>0</truncated><difficult>0</difficult><robndbox><cx>17.7008</cx><cy>283.4004</cy><w>83.2576</w><h>26.5054</h><angle>1.503803</angle></robndbox></object><object><type>robndbox</type><name>wheat_head</name><pose>Unspecified</pose><truncated>0</truncated><difficult>0</difficult><robndbox><cx>678.7197</cx><cy>289.51</cy><w>85.0548</w><h>43.3227</h><angle>0.479293</angle></robndbox></object><object><type>robndbox</type><name>wheat_head</name><pose>Unspecified</pose><truncated>0</truncated><difficult>0</difficult><robndbox><cx>738.1429</cx><cy>148.0581</cy><w>108.5319</w><h>42.7156</h><angle>0.18839</angle></robndbox></object><object><type>robndbox</type><name>wheat_head</name><pose>Unspecified</pose><truncated>0</truncated><difficult>0</difficult><robndbox><cx>876.8245</cx><cy>209.8597</cy><w>59.1379</w><h>35.54</h><angle>0.638341</angle></robndbox></object><object><type>robndbox</type><name>wheat_head</name><pose>Unspecified</pose><truncated>0</truncated><difficult>0</difficult><robndbox><cx>102.054</cx><cy>579.7039</cy><w>81.496</w><h>35.8595</h><angle>0.738638</angle></robndbox></object><object><type>robndbox</type><name>wheat_head</name><pose>Unspecified</pose><truncated>0</truncated><difficult>0</difficult><robndbox><cx>83.3796</cx><cy>142.3808</cy><w>41.8037</w><h>33.4009</h><angle>2.103151</angle></robndbox></object><object><type>robndbox</type><name>wheat_head</name><pose>Unspecified</pose><truncated>0</truncated><difficult>0</difficult><robndbox><cx>144.7341</cx><cy>329.3308</cy><w>102.9986</w><h>33.6387</h><angle>0.868299</angle></robndbox></object><object><type>robndbox</type><name>wheat_head</name><pose>Unspecified</pose><truncated>0</truncated><difficult>0</difficult><robndbox><cx>81.9742</cx><cy>316.1079</cy><w>65.0576</w><h>29.0357</h><angle>1.892247</angle></robndbox></object><object><type>robndbox</type><name>wheat_head</name><pose>Unspecified</pose><truncated>0</truncated><difficult>0</difficult><robndbox><cx>211.1042</cx><cy>988.4641</cy><w>50.6523</w><h>34.6011</h><angle>1.735475</angle></robndbox></object><object><type>robndbox</type><name>wheat_head</name><pose>Unspecified</pose><truncated>0</truncated><difficult>0</difficult><robndbox><cx>881.8176</cx><cy>471.8563</cy><w>98.7726</w><h>43.4503</h><angle>0.108407</angle></robndbox></object><object><type>robndbox</type><name>wheat_head</name><pose>Unspecified</pose><truncated>0</truncated><difficult>0</difficult><robndbox><cx>25.7932</cx><cy>17.6275</cy><w>51.2322</w><h>33.9543</h><angle>0.045798</angle></robndbox></object><object><type>robndbox</type><name>wheat_head</name><pose>Unspecified</pose><truncated>0</truncated><difficult>0</difficult><robndbox><cx>720.4725</cx><cy>373.7142</cy><w>61.7398</w><h>33.3438</h><angle>0.385136</angle></robndbox></object><object><type>robndbox</type><name>wheat_head</name><pose>Unspecified</pose><truncated>0</truncated><difficult>0</difficult><robndbox><cx>268.2146</cx><cy>416.9904</cy><w>108.2859</w><h>47.6982</h><angle>0.224919</angle></robndbox></object><object><type>robndbox</type><name>wheat_head</name><pose>Unspecified</pose><truncated>0</truncated><difficult>0</difficult><robndbox><cx>14.681</cx><cy>699.0715</cy><w>30.3575</w><h>28.4202</h><angle>1.530699</angle></robndbox></object><object><type>robndbox</type><name>wheat_head</name><pose>Unspecified</pose><truncated>0</truncated><difficult>0</difficult><robndbox><cx>503.3153</cx><cy>738.9785</cy><w>91.7629</w><h>42.3174</h><angle>0.068158</angle></robndbox></object><object><type>robndbox</type><name>wheat_head</name><pose>Unspecified</pose><truncated>0</truncated><difficult>0</difficult><robndbox><cx>195.6584</cx><cy>697.4647</cy><w>51.185</w><h>35.6826</h><angle>0.433706</angle></robndbox></object><object><type>robndbox</type><name>wheat_head</name><pose>Unspecified</pose><truncated>0</truncated><difficult>0</difficult><robndbox><cx>691.5452</cx><cy>468.6602</cy><w>57.0182</w><h>33.6068</h><angle>0.495016</angle></robndbox></object><object><type>robndbox</type><name>wheat_head</name><pose>Unspecified</pose><truncated>0</truncated><difficult>0</difficult><robndbox><cx>294.333</cx><cy>274.147</cy><w>72.5121</w><h>36.4063</h><angle>0.429175</angle></robndbox></object><object><type>robndbox</type><name>wheat_head</name><pose>Unspecified</pose><truncated>0</truncated><difficult>0</difficult><robndbox><cx>807.7324</cx><cy>34.1557</cy><w>76.4297</w><h>43.4802</h><angle>1.257534</angle></robndbox></object><object><type>robndbox</type><name>wheat_head</name><pose>Unspecified</pose><truncated>0</truncated><difficult>0</difficult><robndbox><cx>118.6665</cx><cy>185.1564</cy><w>61.1061</w><h>38.5421</h><angle>0.293356</angle></robndbox></object><object><type>robndbox</type><name>wheat_head</name><pose>Unspecified</pose><truncated>0</truncated><difficult>0</difficult><robndbox><cx>276.8913</cx><cy>315.1451</cy><w>58.2395</w><h>36.5507</h><angle>0.586108</angle></robndbox></object><object><type>robndbox</type><name>wheat_head</name><pose>Unspecified</pose><truncated>0</truncated><difficult>0</difficult><robndbox><cx>485.1149</cx><cy>405.6193</cy><w>48.7328</w><h>33.0643</h><angle>1.540247</angle></robndbox></object><object><type>robndbox</type><name>wheat_head</name><pose>Unspecified</pose><truncated>0</truncated><difficult>0</difficult><robndbox><cx>969.8041</cx><cy>359.7782</cy><w>60.1613</w><h>39.4497</h><angle>0.231722</angle></robndbox></object><object><type>robndbox</type><name>wheat_head</name><pose>Unspecified</pose><truncated>0</truncated><difficult>0</difficult><robndbox><cx>937.452</cx><cy>647.7719</cy><w>76.8028</w><h>42.2365</h><angle>2.692744</angle></robndbox></object><object><type>robndbox</type><name>wheat_head</name><pose>Unspecified</pose><truncated>0</truncated><difficult>0</difficult><robndbox><cx>543.582</cx><cy>645.6887</cy><w>94.8307</w><h>45.5528</h><angle>0.399983</angle></robndbox></object><object><type>robndbox</type><name>wheat_head</name><pose>Unspecified</pose><truncated>0</truncated><difficult>0</difficult><robndbox><cx>399.9488</cx><cy>465.6687</cy><w>77.685</w><h>36.2191</h><angle>3.117796</angle></robndbox></object><object><type>robndbox</type><name>wheat_head</name><pose>Unspecified</pose><truncated>0</truncated><difficult>0</difficult><robndbox><cx>741.5338</cx><cy>16.9484</cy><w>33.2271</w><h>31.0666</h><angle>1.721352</angle></robndbox></object><object><type>robndbox</type><name>wheat_head</name><pose>Unspecified</pose><truncated>0</truncated><difficult>0</difficult><robndbox><cx>984.5636</cx><cy>1000.9595</cy><w>36.6926</w><h>33.9258</h><angle>1.609907</angle></robndbox></object><object><type>robndbox</type><name>wheat_head</name><pose>Unspecified</pose><truncated>0</truncated><difficult>0</difficult><robndbox><cx>141.2673</cx><cy>847.421</cy><w>79.5043</w><h>42.0787</h><angle>2.512836</angle></robndbox></object><object><type>robndbox</type><name>wheat_head</name><pose>Unspecified</pose><truncated>0</truncated><difficult>0</difficult><robndbox><cx>959.5052</cx><cy>399.5757</cy><w>36.7824</w><h>34.7002</h><angle>1.865112</angle></robndbox></object><object><type>robndbox</type><name>wheat_head</name><pose>Unspecified</pose><truncated>0</truncated><difficult>0</difficult><robndbox><cx>169.413</cx><cy>222.6423</cy><w>95.4555</w><h>39.6848</h><angle>0.493356</angle></robndbox></object><object><type>robndbox</type><name>wheat_head</name><pose>Unspecified</pose><truncated>0</truncated><difficult>0</difficult><robndbox><cx>685.1572</cx><cy>978.7714</cy><w>58.3009</w><h>38.6144</h><angle>2.741117</angle></robndbox></object><object><type>robndbox</type><name>wheat_head</name><pose>Unspecified</pose><truncated>0</truncated><difficult>0</difficult><robndbox><cx>813.4198</cx><cy>243.5642</cy><w>102.2377</w><h>34.9164</h><angle>3.100032</angle></robndbox></object><object><type>robndbox</type><name>wheat_head</name><pose>Unspecified</pose><truncated>0</truncated><difficult>0</difficult><robndbox><cx>631.4749</cx><cy>674.3259</cy><w>69.5138</w><h>38.1897</h><angle>0.623676</angle></robndbox></object><object><type>robndbox</type><name>wheat_head</name><pose>Unspecified</pose><truncated>0</truncated><difficult>0</difficult><robndbox><cx>395.3682</cx><cy>381.3497</cy><w>87.9544</w><h>31.2416</h><angle>0.05879</angle></robndbox></object><object><type>robndbox</type><name>wheat_head</name><pose>Unspecified</pose><truncated>0</truncated><difficult>0</difficult><robndbox><cx>440.3741</cx><cy>336.5768</cy><w>166.9811</w><h>40.2174</h><angle>0.46017</angle></robndbox></object><object><type>robndbox</type><name>wheat_head</name><pose>Unspecified</pose><truncated>0</truncated><difficult>0</difficult><robndbox><cx>201.9468</cx><cy>641.6659</cy><w>96.5821</w><h>40.7879</h><angle>0.040452</angle></robndbox></object><object><type>robndbox</type><name>wheat_head</name><pose>Unspecified</pose><truncated>0</truncated><difficult>0</difficult><robndbox><cx>64.219</cx><cy>822.3247</cy><w>72.7721</w><h>34.0383</h><angle>3.098932</angle></robndbox></object><object><type>robndbox</type><name>wheat_head</name><pose>Unspecified</pose><truncated>0</truncated><difficult>0</difficult><robndbox><cx>681.437</cx><cy>238.3457</cy><w>39.6756</w><h>35.8651</h><angle>2.166194</angle></robndbox></object><object><type>robndbox</type><name>wheat_head</name><pose>Unspecified</pose><truncated>0</truncated><difficult>0</difficult><robndbox><cx>18.6025</cx><cy>655.9654</cy><w>35.7973</w><h>35.1682</h><angle>3.137426</angle></robndbox></object><object><type>robndbox</type><name>wheat_head</name><pose>Unspecified</pose><truncated>0</truncated><difficult>0</difficult><robndbox><cx>238.9884</cx><cy>455.2883</cy><w>129.8731</w><h>36.0991</h><angle>0.144375</angle></robndbox></object><object><type>robndbox</type><name>wheat_head</name><pose>Unspecified</pose><truncated>0</truncated><difficult>0</difficult><robndbox><cx>556.6183</cx><cy>9.64</cy><w>45.8962</w><h>29.1772</h><angle>0.120272</angle></robndbox></object><object><type>robndbox</type><name>wheat_head</name><pose>Unspecified</pose><truncated>0</truncated><difficult>0</difficult><robndbox><cx>395.3682</cx><cy>381.3497</cy><w>87.9544</w><h>31.2416</h><angle>0.05879</angle></robndbox></object><object><type>robndbox</type><name>wheat_head</name><pose>Unspecified</pose><truncated>0</truncated><difficult>0</difficult><robndbox><cx>1002.1553</cx><cy>689.1509</cy><w>36.3727</w><h>33.2386</h><angle>0.211432</angle></robndbox></object><object><type>robndbox</type><name>wheat_head</name><pose>Unspecified</pose><truncated>0</truncated><difficult>0</difficult><robndbox><cx>131.9216</cx><cy>738.9104</cy><w>53.6269</w><h>31.3168</h><angle>3.096206</angle></robndbox></object><object><type>robndbox</type><name>wheat_head</name><pose>Unspecified</pose><truncated>0</truncated><difficult>0</difficult><robndbox><cx>888.6522</cx><cy>106.7215</cy><w>198.7869</w><h>48.7453</h><angle>1.107863</angle></robndbox></object><object><type>robndbox</type><name>wheat_head</name><pose>Unspecified</pose><truncated>0</truncated><difficult>0</difficult><robndbox><cx>615.1223</cx><cy>882.335</cy><w>46.1069</w><h>36.7169</h><angle>1.654732</angle></robndbox></object><object><type>robndbox</type><name>wheat_head</name><pose>Unspecified</pose><truncated>0</truncated><difficult>0</difficult><robndbox><cx>1007.9827</cx><cy>151.3783</cy><w>45.7617</w><h>32.479</h><angle>1.729291</angle></robndbox></object><object><type>robndbox</type><name>wheat_head</name><pose>Unspecified</pose><truncated>0</truncated><difficult>0</difficult><robndbox><cx>354.9192</cx><cy>333.8339</cy><w>64.3562</w><h>28.3837</h><angle>1.39643</angle></robndbox></object><object><type>robndbox</type><name>wheat_head</name><pose>Unspecified</pose><truncated>0</truncated><difficult>0</difficult><robndbox><cx>261.5</cx><cy>676.5</cy><w>26.8155</w><h>24.1449</h><angle>1.200713</angle></robndbox></object><object><type>robndbox</type><name>wheat_head</name><pose>Unspecified</pose><truncated>0</truncated><difficult>0</difficult><robndbox><cx>17.0199</cx><cy>195.8586</cy><w>52.6611</w><h>28.6867</h><angle>1.899675</angle></robndbox></object><object><type>robndbox</type><name>wheat_head</name><pose>Unspecified</pose><truncated>0</truncated><difficult>0</difficult><robndbox><cx>1006.0474</cx><cy>648.941</cy><w>38.5263</w><h>32.4203</h><angle>1.608415</angle></robndbox></object><object><type>robndbox</type><name>wheat_head</name><pose>Unspecified</pose><truncated>0</truncated><difficult>0</difficult><robndbox><cx>461.626</cx><cy>994.4801</cy><w>53.1134</w><h>34.3095</h><angle>2.6466</angle></robndbox></object><object><type>robndbox</type><name>wheat_head</name><pose>Unspecified</pose><truncated>0</truncated><difficult>0</difficult><robndbox><cx>531.9524</cx><cy>920.8546</cy><w>38.0789</w><h>30.5373</h><angle>0.404892</angle></robndbox></object></annotation>