<annotation verified="no"><folder>images</folder><filename>21a9818dd</filename><path>/home/badhon/Documents/thesis/final_dataset/ethz_1/images/21a9818dd.jpg</path><source><database>Unknown</database></source><size><width>1024</width><height>1024</height><depth>3</depth></size><segmented>0</segmented><object><type>robndbox</type><name>wheat_head</name><pose>Unspecified</pose><truncated>0</truncated><difficult>0</difficult><robndbox><cx>145.0046</cx><cy>959.1679</cy><w>112.2958</w><h>35.0268</h><angle>1.075929</angle></robndbox></object><object><type>robndbox</type><name>wheat_head</name><pose>Unspecified</pose><truncated>0</truncated><difficult>0</difficult><robndbox><cx>392.2</cx><cy>251.4642</cy><w>91.6196</w><h>31.2241</h><angle>1.34777</angle></robndbox></object><object><type>robndbox</type><name>wheat_head</name><pose>Unspecified</pose><truncated>0</truncated><difficult>0</difficult><robndbox><cx>293.0513</cx><cy>71.0072</cy><w>116.2081</w><h>34.5077</h><angle>1.007313</angle></robndbox></object><object><type>robndbox</type><name>wheat_head</name><pose>Unspecified</pose><truncated>0</truncated><difficult>0</difficult><robndbox><cx>90.6783</cx><cy>199.111</cy><w>77.3184</w><h>32.6247</h><angle>1.228637</angle></robndbox></object><object><type>robndbox</type><name>wheat_head</name><pose>Unspecified</pose><truncated>0</truncated><difficult>0</difficult><robndbox><cx>167.3997</cx><cy>205.0195</cy><w>75.1986</w><h>31.9013</h><angle>0.889842</angle></robndbox></object><object><type>robndbox</type><name>wheat_head</name><pose>Unspecified</pose><truncated>0</truncated><difficult>0</difficult><robndbox><cx>523.2558</cx><cy>768.9284</cy><w>113.0002</w><h>39.5298</h><angle>0.366039</angle></robndbox></object><object><type>robndbox</type><name>wheat_head</name><pose>Unspecified</pose><truncated>0</truncated><difficult>0</difficult><robndbox><cx>356.588</cx><cy>47.4962</cy><w>77.1926</w><h>27.6383</h><angle>1.977375</angle></robndbox></object><object><type>robndbox</type><name>wheat_head</name><pose>Unspecified</pose><truncated>0</truncated><difficult>0</difficult><robndbox><cx>342.1508</cx><cy>190.2934</cy><w>113.7767</w><h>37.9252</h><angle>2.079645</angle></robndbox></object><object><type>robndbox</type><name>wheat_head</name><pose>Unspecified</pose><truncated>0</truncated><difficult>0</difficult><robndbox><cx>866.4061</cx><cy>159.8147</cy><w>71.4846</w><h>32.4953</h><angle>1.15873</angle></robndbox></object><object><type>robndbox</type><name>wheat_head</name><pose>Unspecified</pose><truncated>0</truncated><difficult>0</difficult><robndbox><cx>864.2042</cx><cy>320.4157</cy><w>87.8009</w><h>35.2896</h><angle>1.262316</angle></robndbox></object><object><type>robndbox</type><name>wheat_head</name><pose>Unspecified</pose><truncated>0</truncated><difficult>0</difficult><robndbox><cx>296.5946</cx><cy>342.985</cy><w>107.1438</w><h>29.7018</h><angle>1.582762</angle></robndbox></object><object><type>robndbox</type><name>wheat_head</name><pose>Unspecified</pose><truncated>0</truncated><difficult>0</difficult><robndbox><cx>364.3486</cx><cy>779.561</cy><w>88.0443</w><h>36.0203</h><angle>0.906712</angle></robndbox></object><object><type>robndbox</type><name>wheat_head</name><pose>Unspecified</pose><truncated>0</truncated><difficult>0</difficult><robndbox><cx>824.4418</cx><cy>180.4363</cy><w>69.4942</w><h>27.5086</h><angle>0.712088</angle></robndbox></object><object><type>robndbox</type><name>wheat_head</name><pose>Unspecified</pose><truncated>0</truncated><difficult>0</difficult><robndbox><cx>698.8283</cx><cy>435.4886</cy><w>98.6193</w><h>33.8802</h><angle>0.347676</angle></robndbox></object><object><type>robndbox</type><name>wheat_head</name><pose>Unspecified</pose><truncated>0</truncated><difficult>0</difficult><robndbox><cx>448.2462</cx><cy>407.0656</cy><w>62.3923</w><h>37.1179</h><angle>1.068754</angle></robndbox></object><object><type>robndbox</type><name>wheat_head</name><pose>Unspecified</pose><truncated>0</truncated><difficult>0</difficult><robndbox><cx>947.8367</cx><cy>390.8334</cy><w>50.0017</w><h>32.807</h><angle>1.106873</angle></robndbox></object><object><type>robndbox</type><name>wheat_head</name><pose>Unspecified</pose><truncated>0</truncated><difficult>0</difficult><robndbox><cx>543.0021</cx><cy>655.6006</cy><w>49.5556</w><h>31.2624</h><angle>1.349654</angle></robndbox></object><object><type>robndbox</type><name>wheat_head</name><pose>Unspecified</pose><truncated>0</truncated><difficult>0</difficult><robndbox><cx>83.3383</cx><cy>324.4898</cy><w>114.6725</w><h>38.9812</h><angle>1.044394</angle></robndbox></object><object><type>robndbox</type><name>wheat_head</name><pose>Unspecified</pose><truncated>0</truncated><difficult>0</difficult><robndbox><cx>969.5341</cx><cy>823.2882</cy><w>83.0391</w><h>34.587</h><angle>2.71109</angle></robndbox></object><object><type>robndbox</type><name>wheat_head</name><pose>Unspecified</pose><truncated>0</truncated><difficult>0</difficult><robndbox><cx>453.198</cx><cy>200.3367</cy><w>75.742</w><h>25.7837</h><angle>1.051821</angle></robndbox></object><object><type>robndbox</type><name>wheat_head</name><pose>Unspecified</pose><truncated>0</truncated><difficult>0</difficult><robndbox><cx>499.9455</cx><cy>302.7136</cy><w>140.688</w><h>30.618</h><angle>1.177461</angle></robndbox></object><object><type>robndbox</type><name>wheat_head</name><pose>Unspecified</pose><truncated>0</truncated><difficult>0</difficult><robndbox><cx>858.0018</cx><cy>427.9402</cy><w>53.9881</w><h>33.0891</h><angle>0.523756</angle></robndbox></object><object><type>robndbox</type><name>wheat_head</name><pose>Unspecified</pose><truncated>0</truncated><difficult>0</difficult><robndbox><cx>7.9585</cx><cy>728.0546</cy><w>30.8008</w><h>12.7037</h><angle>1.580554</angle></robndbox></object><object><type>robndbox</type><name>wheat_head</name><pose>Unspecified</pose><truncated>0</truncated><difficult>0</difficult><robndbox><cx>21.9431</cx><cy>375.0658</cy><w>43.8783</w><h>33.8079</h><angle>0.577678</angle></robndbox></object><object><type>robndbox</type><name>wheat_head</name><pose>Unspecified</pose><truncated>0</truncated><difficult>0</difficult><robndbox><cx>1003.8226</cx><cy>707.056</cy><w>49.5381</w><h>24.6977</h><angle>1.374474</angle></robndbox></object><object><type>robndbox</type><name>wheat_head</name><pose>Unspecified</pose><truncated>0</truncated><difficult>0</difficult><robndbox><cx>953.5024</cx><cy>623.5366</cy><w>124.2747</w><h>39.4006</h><angle>1.11029</angle></robndbox></object><object><type>robndbox</type><name>wheat_head</name><pose>Unspecified</pose><truncated>0</truncated><difficult>0</difficult><robndbox><cx>762.1671</cx><cy>885.7835</cy><w>47.9221</w><h>38.5773</h><angle>1.704655</angle></robndbox></object><object><type>robndbox</type><name>wheat_head</name><pose>Unspecified</pose><truncated>0</truncated><difficult>0</difficult><robndbox><cx>316.1205</cx><cy>544.1948</cy><w>127.4441</w><h>32.4392</h><angle>1.255139</angle></robndbox></object><object><type>robndbox</type><name>wheat_head</name><pose>Unspecified</pose><truncated>0</truncated><difficult>0</difficult><robndbox><cx>424.7978</cx><cy>774.6937</cy><w>101.8627</w><h>32.0639</h><angle>1.231918</angle></robndbox></object><object><type>robndbox</type><name>wheat_head</name><pose>Unspecified</pose><truncated>0</truncated><difficult>0</difficult><robndbox><cx>17.2859</cx><cy>486.1583</cy><w>29.1916</w><h>28.6735</h><angle>1.400772</angle></robndbox></object><object><type>robndbox</type><name>wheat_head</name><pose>Unspecified</pose><truncated>0</truncated><difficult>0</difficult><robndbox><cx>158.615</cx><cy>372.9627</cy><w>120.8524</w><h>33.4994</h><angle>1.309742</angle></robndbox></object><object><type>robndbox</type><name>wheat_head</name><pose>Unspecified</pose><truncated>0</truncated><difficult>0</difficult><robndbox><cx>991.3795</cx><cy>534.1034</cy><w>77.0551</w><h>33.8658</h><angle>2.206754</angle></robndbox></object><object><type>robndbox</type><name>wheat_head</name><pose>Unspecified</pose><truncated>0</truncated><difficult>0</difficult><robndbox><cx>472.5449</cx><cy>818.049</cy><w>60.3685</w><h>34.8373</h><angle>1.060541</angle></robndbox></object><object><type>robndbox</type><name>wheat_head</name><pose>Unspecified</pose><truncated>0</truncated><difficult>0</difficult><robndbox><cx>552.9143</cx><cy>395.9538</cy><w>74.5052</w><h>28.2678</h><angle>0.894188</angle></robndbox></object><object><type>robndbox</type><name>wheat_head</name><pose>Unspecified</pose><truncated>0</truncated><difficult>0</difficult><robndbox><cx>358.8132</cx><cy>874.4817</cy><w>29.672</w><h>28.5207</h><angle>0.066599</angle></robndbox></object><object><type>robndbox</type><name>wheat_head</name><pose>Unspecified</pose><truncated>0</truncated><difficult>0</difficult><robndbox><cx>914.5176</cx><cy>776.7971</cy><w>39.1952</w><h>27.0994</h><angle>1.308834</angle></robndbox></object><object><type>robndbox</type><name>wheat_head</name><pose>Unspecified</pose><truncated>0</truncated><difficult>0</difficult><robndbox><cx>663.0164</cx><cy>462.3351</cy><w>64.2146</w><h>23.476</h><angle>0.267925</angle></robndbox></object><object><type>robndbox</type><name>wheat_head</name><pose>Unspecified</pose><truncated>0</truncated><difficult>0</difficult><robndbox><cx>214.3639</cx><cy>887.5575</cy><w>70.9592</w><h>37.7221</h><angle>2.663373</angle></robndbox></object><object><type>robndbox</type><name>wheat_head</name><pose>Unspecified</pose><truncated>0</truncated><difficult>0</difficult><robndbox><cx>112.5</cx><cy>765.0</cy><w>91.2963</w><h>22.7872</h><angle>0.423182</angle></robndbox></object><object><type>robndbox</type><name>wheat_head</name><pose>Unspecified</pose><truncated>0</truncated><difficult>0</difficult><robndbox><cx>487.1583</cx><cy>886.7839</cy><w>49.1829</w><h>28.8628</h><angle>0.141713</angle></robndbox></object><object><type>robndbox</type><name>wheat_head</name><pose>Unspecified</pose><truncated>0</truncated><difficult>0</difficult><robndbox><cx>719.6873</cx><cy>67.1096</cy><w>160.9319</w><h>37.4176</h><angle>0.944302</angle></robndbox></object><object><type>robndbox</type><name>wheat_head</name><pose>Unspecified</pose><truncated>0</truncated><difficult>0</difficult><robndbox><cx>336.4426</cx><cy>476.3124</cy><w>88.4402</w><h>24.8688</h><angle>1.414501</angle></robndbox></object><object><type>robndbox</type><name>wheat_head</name><pose>Unspecified</pose><truncated>0</truncated><difficult>0</difficult><robndbox><cx>833.0012</cx><cy>838.8275</cy><w>30.6464</w><h>27.1722</h><angle>1.462148</angle></robndbox></object><object><type>robndbox</type><name>wheat_head</name><pose>Unspecified</pose><truncated>0</truncated><difficult>0</difficult><robndbox><cx>967.0125</cx><cy>185.5295</cy><w>61.4108</w><h>25.7982</h><angle>1.653916</angle></robndbox></object><object><type>robndbox</type><name>wheat_head</name><pose>Unspecified</pose><truncated>0</truncated><difficult>0</difficult><robndbox><cx>85.2847</cx><cy>678.0749</cy><w>124.9102</w><h>35.7513</h><angle>1.230676</angle></robndbox></object><object><type>robndbox</type><name>wheat_head</name><pose>Unspecified</pose><truncated>0</truncated><difficult>0</difficult><robndbox><cx>626.5211</cx><cy>474.7277</cy><w>67.4252</w><h>25.6119</h><angle>0.596118</angle></robndbox></object><object><type>robndbox</type><name>wheat_head</name><pose>Unspecified</pose><truncated>0</truncated><difficult>0</difficult><robndbox><cx>270.1731</cx><cy>1005.6248</cy><w>29.7675</w><h>23.3802</h><angle>3.123232</angle></robndbox></object><object><type>robndbox</type><name>wheat_head</name><pose>Unspecified</pose><truncated>0</truncated><difficult>0</difficult><robndbox><cx>553.6367</cx><cy>494.1461</cy><w>51.3765</w><h>26.6653</h><angle>1.335566</angle></robndbox></object><object><type>robndbox</type><name>wheat_head</name><pose>Unspecified</pose><truncated>0</truncated><difficult>0</difficult><robndbox><cx>166.6047</cx><cy>451.5154</cy><w>43.4132</w><h>28.9076</h><angle>3.133125</angle></robndbox></object><object><type>robndbox</type><name>wheat_head</name><pose>Unspecified</pose><truncated>0</truncated><difficult>0</difficult><robndbox><cx>356.3196</cx><cy>513.924</cy><w>72.6809</w><h>27.8464</h><angle>0.983428</angle></robndbox></object><object><type>robndbox</type><name>wheat_head</name><pose>Unspecified</pose><truncated>0</truncated><difficult>0</difficult><robndbox><cx>310.084</cx><cy>745.2569</cy><w>51.537</w><h>35.8933</h><angle>0.115684</angle></robndbox></object><object><type>robndbox</type><name>wheat_head</name><pose>Unspecified</pose><truncated>0</truncated><difficult>0</difficult><robndbox><cx>684.4099</cx><cy>826.0486</cy><w>36.7105</w><h>27.3019</h><angle>0.23467</angle></robndbox></object><object><type>robndbox</type><name>wheat_head</name><pose>Unspecified</pose><truncated>0</truncated><difficult>0</difficult><robndbox><cx>516.6389</cx><cy>503.9449</cy><w>69.2412</w><h>28.9257</h><angle>0.582027</angle></robndbox></object><object><type>robndbox</type><name>wheat_head</name><pose>Unspecified</pose><truncated>0</truncated><difficult>0</difficult><robndbox><cx>999.2145</cx><cy>289.3708</cy><w>40.2556</w><h>35.7158</h><angle>0.139179</angle></robndbox></object><object><type>robndbox</type><name>wheat_head</name><pose>Unspecified</pose><truncated>0</truncated><difficult>0</difficult><robndbox><cx>853.6321</cx><cy>85.5013</cy><w>47.8722</w><h>31.7028</h><angle>0.358567</angle></robndbox></object><object><type>robndbox</type><name>wheat_head</name><pose>Unspecified</pose><truncated>0</truncated><difficult>0</difficult><robndbox><cx>718.3089</cx><cy>124.4229</cy><w>54.4899</w><h>23.4642</h><angle>1.120346</angle></robndbox></object><object><type>robndbox</type><name>wheat_head</name><pose>Unspecified</pose><truncated>0</truncated><difficult>0</difficult><robndbox><cx>908.9077</cx><cy>540.0091</cy><w>55.1972</w><h>30.7552</h><angle>2.920503</angle></robndbox></object><object><type>robndbox</type><name>wheat_head</name><pose>Unspecified</pose><truncated>0</truncated><difficult>0</difficult><robndbox><cx>81.7971</cx><cy>961.4833</cy><w>55.9235</w><h>38.6855</h><angle>0.178132</angle></robndbox></object><object><type>robndbox</type><name>wheat_head</name><pose>Unspecified</pose><truncated>0</truncated><difficult>0</difficult><robndbox><cx>1005.1972</cx><cy>943.3117</cy><w>46.8701</w><h>28.0331</h><angle>2.723237</angle></robndbox></object><object><type>robndbox</type><name>wheat_head</name><pose>Unspecified</pose><truncated>0</truncated><difficult>0</difficult><robndbox><cx>879.5989</cx><cy>1009.6395</cy><w>31.235</w><h>16.9942</h><angle>0.385383</angle></robndbox></object><object><type>robndbox</type><name>wheat_head</name><pose>Unspecified</pose><truncated>0</truncated><difficult>0</difficult><robndbox><cx>762.1671</cx><cy>885.7835</cy><w>47.9221</w><h>38.5773</h><angle>1.704655</angle></robndbox></object><object><type>robndbox</type><name>wheat_head</name><pose>Unspecified</pose><truncated>0</truncated><difficult>0</difficult><robndbox><cx>787.5926</cx><cy>894.4078</cy><w>30.3645</w><h>23.6849</h><angle>1.269876</angle></robndbox></object><object><type>robndbox</type><name>wheat_head</name><pose>Unspecified</pose><truncated>0</truncated><difficult>0</difficult><robndbox><cx>916.8839</cx><cy>101.7529</cy><w>59.3633</w><h>27.6595</h><angle>0.569313</angle></robndbox></object></annotation>