<annotation verified="no"><folder>images</folder><filename>22c35fcbf</filename><path>/home/badhon/Documents/thesis/final_dataset/ethz_1/images/22c35fcbf.jpg</path><source><database>Unknown</database></source><size><width>1024</width><height>1024</height><depth>3</depth></size><segmented>0</segmented><object><type>robndbox</type><name>wheat_head</name><pose>Unspecified</pose><truncated>0</truncated><difficult>0</difficult><robndbox><cx>83.1546</cx><cy>613.8809</cy><w>102.9587</w><h>35.6375</h><angle>1.125827</angle></robndbox></object><object><type>robndbox</type><name>wheat_head</name><pose>Unspecified</pose><truncated>0</truncated><difficult>0</difficult><robndbox><cx>895.2974</cx><cy>359.0461</cy><w>96.2638</w><h>32.6401</h><angle>1.008468</angle></robndbox></object><object><type>robndbox</type><name>wheat_head</name><pose>Unspecified</pose><truncated>0</truncated><difficult>0</difficult><robndbox><cx>71.4301</cx><cy>687.6124</cy><w>65.8261</w><h>29.466</h><angle>1.115469</angle></robndbox></object><object><type>robndbox</type><name>wheat_head</name><pose>Unspecified</pose><truncated>0</truncated><difficult>0</difficult><robndbox><cx>510.0893</cx><cy>247.7072</cy><w>72.1</w><h>28.1189</h><angle>0.779791</angle></robndbox></object><object><type>robndbox</type><name>wheat_head</name><pose>Unspecified</pose><truncated>0</truncated><difficult>0</difficult><robndbox><cx>822.9188</cx><cy>88.8631</cy><w>91.4805</w><h>33.3029</h><angle>1.139569</angle></robndbox></object><object><type>robndbox</type><name>wheat_head</name><pose>Unspecified</pose><truncated>0</truncated><difficult>0</difficult><robndbox><cx>915.0053</cx><cy>445.3922</cy><w>90.815</w><h>38.9952</h><angle>0.944096</angle></robndbox></object><object><type>robndbox</type><name>wheat_head</name><pose>Unspecified</pose><truncated>0</truncated><difficult>0</difficult><robndbox><cx>248.4173</cx><cy>341.3192</cy><w>85.476</w><h>33.6388</h><angle>0.949104</angle></robndbox></object><object><type>robndbox</type><name>wheat_head</name><pose>Unspecified</pose><truncated>0</truncated><difficult>0</difficult><robndbox><cx>607.5208</cx><cy>25.5259</cy><w>70.1249</w><h>30.0507</h><angle>0.934026</angle></robndbox></object><object><type>robndbox</type><name>wheat_head</name><pose>Unspecified</pose><truncated>0</truncated><difficult>0</difficult><robndbox><cx>816.3988</cx><cy>744.9327</cy><w>78.8751</w><h>32.266</h><angle>0.990073</angle></robndbox></object><object><type>robndbox</type><name>wheat_head</name><pose>Unspecified</pose><truncated>0</truncated><difficult>0</difficult><robndbox><cx>342.8224</cx><cy>615.698</cy><w>99.9122</w><h>30.827</h><angle>1.389935</angle></robndbox></object><object><type>robndbox</type><name>wheat_head</name><pose>Unspecified</pose><truncated>0</truncated><difficult>0</difficult><robndbox><cx>975.2619</cx><cy>331.011</cy><w>74.0019</w><h>30.4674</h><angle>1.362369</angle></robndbox></object><object><type>robndbox</type><name>wheat_head</name><pose>Unspecified</pose><truncated>0</truncated><difficult>0</difficult><robndbox><cx>723.5284</cx><cy>24.6597</cy><w>43.4553</w><h>27.25</h><angle>1.288971</angle></robndbox></object><object><type>robndbox</type><name>wheat_head</name><pose>Unspecified</pose><truncated>0</truncated><difficult>0</difficult><robndbox><cx>874.6523</cx><cy>76.9032</cy><w>131.0848</w><h>32.7276</h><angle>1.127567</angle></robndbox></object><object><type>robndbox</type><name>wheat_head</name><pose>Unspecified</pose><truncated>0</truncated><difficult>0</difficult><robndbox><cx>288.2866</cx><cy>60.0285</cy><w>158.2804</w><h>41.3817</h><angle>0.435232</angle></robndbox></object><object><type>robndbox</type><name>wheat_head</name><pose>Unspecified</pose><truncated>0</truncated><difficult>0</difficult><robndbox><cx>792.8566</cx><cy>935.1331</cy><w>134.8732</w><h>33.4876</h><angle>1.283123</angle></robndbox></object><object><type>robndbox</type><name>wheat_head</name><pose>Unspecified</pose><truncated>0</truncated><difficult>0</difficult><robndbox><cx>931.4362</cx><cy>41.4097</cy><w>79.5321</w><h>32.1386</h><angle>0.923257</angle></robndbox></object><object><type>robndbox</type><name>wheat_head</name><pose>Unspecified</pose><truncated>0</truncated><difficult>0</difficult><robndbox><cx>337.2354</cx><cy>273.7712</cy><w>111.2537</w><h>20.2278</h><angle>1.219843</angle></robndbox></object><object><type>robndbox</type><name>wheat_head</name><pose>Unspecified</pose><truncated>0</truncated><difficult>0</difficult><robndbox><cx>127.0047</cx><cy>930.4087</cy><w>98.6895</w><h>32.043</h><angle>1.113804</angle></robndbox></object><object><type>robndbox</type><name>wheat_head</name><pose>Unspecified</pose><truncated>0</truncated><difficult>0</difficult><robndbox><cx>835.533</cx><cy>161.3313</cy><w>73.3933</w><h>33.4862</h><angle>0.641629</angle></robndbox></object><object><type>robndbox</type><name>wheat_head</name><pose>Unspecified</pose><truncated>0</truncated><difficult>0</difficult><robndbox><cx>323.8087</cx><cy>302.5719</cy><w>96.2404</w><h>36.863</h><angle>1.419843</angle></robndbox></object><object><type>robndbox</type><name>wheat_head</name><pose>Unspecified</pose><truncated>0</truncated><difficult>0</difficult><robndbox><cx>930.5777</cx><cy>94.691</cy><w>70.4948</w><h>27.4676</h><angle>0.974768</angle></robndbox></object><object><type>robndbox</type><name>wheat_head</name><pose>Unspecified</pose><truncated>0</truncated><difficult>0</difficult><robndbox><cx>233.6827</cx><cy>511.6205</cy><w>89.1049</w><h>24.8331</h><angle>1.129788</angle></robndbox></object><object><type>robndbox</type><name>wheat_head</name><pose>Unspecified</pose><truncated>0</truncated><difficult>0</difficult><robndbox><cx>724.8891</cx><cy>162.8449</cy><w>79.2333</w><h>21.5551</h><angle>0.140338</angle></robndbox></object><object><type>robndbox</type><name>wheat_head</name><pose>Unspecified</pose><truncated>0</truncated><difficult>0</difficult><robndbox><cx>571.7676</cx><cy>487.8334</cy><w>68.3498</w><h>28.8066</h><angle>1.250513</angle></robndbox></object><object><type>robndbox</type><name>wheat_head</name><pose>Unspecified</pose><truncated>0</truncated><difficult>0</difficult><robndbox><cx>413.0398</cx><cy>43.1834</cy><w>108.5809</w><h>35.1439</h><angle>0.732524</angle></robndbox></object><object><type>robndbox</type><name>wheat_head</name><pose>Unspecified</pose><truncated>0</truncated><difficult>0</difficult><robndbox><cx>179.5262</cx><cy>736.8843</cy><w>123.9488</w><h>37.9212</h><angle>0.978977</angle></robndbox></object><object><type>robndbox</type><name>wheat_head</name><pose>Unspecified</pose><truncated>0</truncated><difficult>0</difficult><robndbox><cx>468.8025</cx><cy>726.1996</cy><w>62.4847</w><h>32.6423</h><angle>1.379363</angle></robndbox></object><object><type>robndbox</type><name>wheat_head</name><pose>Unspecified</pose><truncated>0</truncated><difficult>0</difficult><robndbox><cx>911.923</cx><cy>726.5524</cy><w>122.9645</w><h>37.5146</h><angle>1.022304</angle></robndbox></object><object><type>robndbox</type><name>wheat_head</name><pose>Unspecified</pose><truncated>0</truncated><difficult>0</difficult><robndbox><cx>632.9031</cx><cy>670.5199</cy><w>99.6595</w><h>37.7764</h><angle>1.387889</angle></robndbox></object><object><type>robndbox</type><name>wheat_head</name><pose>Unspecified</pose><truncated>0</truncated><difficult>0</difficult><robndbox><cx>181.6424</cx><cy>68.6797</cy><w>106.8455</w><h>35.1565</h><angle>1.229407</angle></robndbox></object><object><type>robndbox</type><name>wheat_head</name><pose>Unspecified</pose><truncated>0</truncated><difficult>0</difficult><robndbox><cx>775.6669</cx><cy>742.1595</cy><w>45.1487</w><h>18.9174</h><angle>1.387106</angle></robndbox></object><object><type>robndbox</type><name>wheat_head</name><pose>Unspecified</pose><truncated>0</truncated><difficult>0</difficult><robndbox><cx>319.2487</cx><cy>882.9383</cy><w>126.7799</w><h>29.8086</h><angle>0.665899</angle></robndbox></object><object><type>robndbox</type><name>wheat_head</name><pose>Unspecified</pose><truncated>0</truncated><difficult>0</difficult><robndbox><cx>683.0723</cx><cy>469.699</cy><w>93.222</w><h>44.5219</h><angle>0.574544</angle></robndbox></object><object><type>robndbox</type><name>wheat_head</name><pose>Unspecified</pose><truncated>0</truncated><difficult>0</difficult><robndbox><cx>53.7481</cx><cy>138.3976</cy><w>114.7837</w><h>37.93</h><angle>0.889991</angle></robndbox></object><object><type>robndbox</type><name>wheat_head</name><pose>Unspecified</pose><truncated>0</truncated><difficult>0</difficult><robndbox><cx>469.8855</cx><cy>18.4268</cy><w>57.7246</w><h>30.0249</h><angle>0.932029</angle></robndbox></object><object><type>robndbox</type><name>wheat_head</name><pose>Unspecified</pose><truncated>0</truncated><difficult>0</difficult><robndbox><cx>183.543</cx><cy>300.8391</cy><w>98.0597</w><h>35.997</h><angle>1.366464</angle></robndbox></object><object><type>robndbox</type><name>wheat_head</name><pose>Unspecified</pose><truncated>0</truncated><difficult>0</difficult><robndbox><cx>27.8124</cx><cy>304.7468</cy><w>74.5618</w><h>37.4821</h><angle>0.775853</angle></robndbox></object><object><type>robndbox</type><name>wheat_head</name><pose>Unspecified</pose><truncated>0</truncated><difficult>0</difficult><robndbox><cx>629.3815</cx><cy>257.0783</cy><w>54.3347</w><h>28.944</h><angle>0.96209</angle></robndbox></object><object><type>robndbox</type><name>wheat_head</name><pose>Unspecified</pose><truncated>0</truncated><difficult>0</difficult><robndbox><cx>211.446</cx><cy>411.5053</cy><w>83.5906</w><h>38.1881</h><angle>0.885636</angle></robndbox></object><object><type>robndbox</type><name>wheat_head</name><pose>Unspecified</pose><truncated>0</truncated><difficult>0</difficult><robndbox><cx>20.0703</cx><cy>1001.7361</cy><w>34.3265</w><h>27.6036</h><angle>1.32687</angle></robndbox></object><object><type>robndbox</type><name>wheat_head</name><pose>Unspecified</pose><truncated>0</truncated><difficult>0</difficult><robndbox><cx>614.4344</cx><cy>310.8983</cy><w>94.2593</w><h>36.4206</h><angle>0.357945</angle></robndbox></object><object><type>robndbox</type><name>wheat_head</name><pose>Unspecified</pose><truncated>0</truncated><difficult>0</difficult><robndbox><cx>665.5038</cx><cy>50.0837</cy><w>92.202</w><h>29.185</h><angle>1.465011</angle></robndbox></object><object><type>robndbox</type><name>wheat_head</name><pose>Unspecified</pose><truncated>0</truncated><difficult>0</difficult><robndbox><cx>602.0999</cx><cy>469.4966</cy><w>49.2981</w><h>24.4913</h><angle>1.597678</angle></robndbox></object><object><type>robndbox</type><name>wheat_head</name><pose>Unspecified</pose><truncated>0</truncated><difficult>0</difficult><robndbox><cx>694.8791</cx><cy>396.7553</cy><w>67.5858</w><h>33.7822</h><angle>1.998779</angle></robndbox></object><object><type>robndbox</type><name>wheat_head</name><pose>Unspecified</pose><truncated>0</truncated><difficult>0</difficult><robndbox><cx>346.2916</cx><cy>188.4188</cy><w>77.1442</w><h>37.0496</h><angle>0.90794</angle></robndbox></object><object><type>robndbox</type><name>wheat_head</name><pose>Unspecified</pose><truncated>0</truncated><difficult>0</difficult><robndbox><cx>265.5764</cx><cy>492.3179</cy><w>95.9424</w><h>25.2183</h><angle>0.762768</angle></robndbox></object><object><type>robndbox</type><name>wheat_head</name><pose>Unspecified</pose><truncated>0</truncated><difficult>0</difficult><robndbox><cx>741.0755</cx><cy>977.6977</cy><w>60.5569</w><h>31.6765</h><angle>1.438436</angle></robndbox></object><object><type>robndbox</type><name>wheat_head</name><pose>Unspecified</pose><truncated>0</truncated><difficult>0</difficult><robndbox><cx>685.6582</cx><cy>31.9447</cy><w>57.2249</w><h>22.6209</h><angle>0.965011</angle></robndbox></object><object><type>robndbox</type><name>wheat_head</name><pose>Unspecified</pose><truncated>0</truncated><difficult>0</difficult><robndbox><cx>704.541</cx><cy>852.9781</cy><w>74.8456</w><h>40.5937</h><angle>0.700169</angle></robndbox></object><object><type>robndbox</type><name>wheat_head</name><pose>Unspecified</pose><truncated>0</truncated><difficult>0</difficult><robndbox><cx>12.1032</cx><cy>536.6374</cy><w>66.3701</w><h>22.1587</h><angle>1.451295</angle></robndbox></object><object><type>robndbox</type><name>wheat_head</name><pose>Unspecified</pose><truncated>0</truncated><difficult>0</difficult><robndbox><cx>973.0468</cx><cy>836.708</cy><w>41.8974</w><h>30.8174</h><angle>0.967356</angle></robndbox></object><object><type>robndbox</type><name>wheat_head</name><pose>Unspecified</pose><truncated>0</truncated><difficult>0</difficult><robndbox><cx>893.6354</cx><cy>585.9008</cy><w>94.0892</w><h>38.2325</h><angle>0.330013</angle></robndbox></object><object><type>robndbox</type><name>wheat_head</name><pose>Unspecified</pose><truncated>0</truncated><difficult>0</difficult><robndbox><cx>38.514</cx><cy>959.8752</cy><w>91.2959</w><h>35.4038</h><angle>1.351182</angle></robndbox></object><object><type>robndbox</type><name>wheat_head</name><pose>Unspecified</pose><truncated>0</truncated><difficult>0</difficult><robndbox><cx>360.4514</cx><cy>454.4586</cy><w>79.0921</w><h>36.7222</h><angle>0.400847</angle></robndbox></object><object><type>robndbox</type><name>wheat_head</name><pose>Unspecified</pose><truncated>0</truncated><difficult>0</difficult><robndbox><cx>485.8202</cx><cy>616.3626</cy><w>38.035</w><h>29.7037</h><angle>1.486615</angle></robndbox></object><object><type>robndbox</type><name>wheat_head</name><pose>Unspecified</pose><truncated>0</truncated><difficult>0</difficult><robndbox><cx>710.8653</cx><cy>796.9724</cy><w>39.9925</w><h>27.4062</h><angle>1.491891</angle></robndbox></object><object><type>robndbox</type><name>wheat_head</name><pose>Unspecified</pose><truncated>0</truncated><difficult>0</difficult><robndbox><cx>462.8163</cx><cy>1003.9013</cy><w>51.0298</w><h>19.2941</h><angle>0.127907</angle></robndbox></object><object><type>robndbox</type><name>wheat_head</name><pose>Unspecified</pose><truncated>0</truncated><difficult>0</difficult><robndbox><cx>123.3407</cx><cy>461.4372</cy><w>41.4428</w><h>31.2214</h><angle>0.268408</angle></robndbox></object><object><type>robndbox</type><name>wheat_head</name><pose>Unspecified</pose><truncated>0</truncated><difficult>0</difficult><robndbox><cx>490.2428</cx><cy>519.2552</cy><w>80.1284</w><h>33.1925</h><angle>0.095694</angle></robndbox></object><object><type>robndbox</type><name>wheat_head</name><pose>Unspecified</pose><truncated>0</truncated><difficult>0</difficult><robndbox><cx>186.3211</cx><cy>547.2999</cy><w>117.7677</w><h>36.8251</h><angle>0.236386</angle></robndbox></object><object><type>robndbox</type><name>wheat_head</name><pose>Unspecified</pose><truncated>0</truncated><difficult>0</difficult><robndbox><cx>44.1966</cx><cy>785.2698</cy><w>66.6176</w><h>37.8361</h><angle>2.553232</angle></robndbox></object><object><type>robndbox</type><name>wheat_head</name><pose>Unspecified</pose><truncated>0</truncated><difficult>0</difficult><robndbox><cx>147.7311</cx><cy>778.6947</cy><w>58.7289</w><h>30.2311</h><angle>1.390677</angle></robndbox></object><object><type>robndbox</type><name>wheat_head</name><pose>Unspecified</pose><truncated>0</truncated><difficult>0</difficult><robndbox><cx>958.1555</cx><cy>640.6324</cy><w>76.6403</w><h>37.07</h><angle>2.649849</angle></robndbox></object><object><type>robndbox</type><name>wheat_head</name><pose>Unspecified</pose><truncated>0</truncated><difficult>0</difficult><robndbox><cx>17.8178</cx><cy>465.6888</cy><w>48.5426</w><h>30.7521</h><angle>0.603596</angle></robndbox></object><object><type>robndbox</type><name>wheat_head</name><pose>Unspecified</pose><truncated>0</truncated><difficult>0</difficult><robndbox><cx>709.7486</cx><cy>536.3566</cy><w>57.3714</w><h>34.1244</h><angle>2.152517</angle></robndbox></object><object><type>robndbox</type><name>wheat_head</name><pose>Unspecified</pose><truncated>0</truncated><difficult>0</difficult><robndbox><cx>499.0585</cx><cy>176.3873</cy><w>53.8883</w><h>27.5891</h><angle>0.344243</angle></robndbox></object><object><type>robndbox</type><name>wheat_head</name><pose>Unspecified</pose><truncated>0</truncated><difficult>0</difficult><robndbox><cx>124.2853</cx><cy>503.5806</cy><w>54.9882</w><h>27.1935</h><angle>1.086209</angle></robndbox></object><object><type>robndbox</type><name>wheat_head</name><pose>Unspecified</pose><truncated>0</truncated><difficult>0</difficult><robndbox><cx>72.4438</cx><cy>428.6924</cy><w>73.7421</w><h>40.173</h><angle>2.598524</angle></robndbox></object><object><type>robndbox</type><name>wheat_head</name><pose>Unspecified</pose><truncated>0</truncated><difficult>0</difficult><robndbox><cx>790.1481</cx><cy>534.3997</cy><w>78.3654</w><h>41.303</h><angle>0.333381</angle></robndbox></object><object><type>robndbox</type><name>wheat_head</name><pose>Unspecified</pose><truncated>0</truncated><difficult>0</difficult><robndbox><cx>284.2561</cx><cy>943.4092</cy><w>138.8562</w><h>37.0663</h><angle>0.079403</angle></robndbox></object><object><type>robndbox</type><name>wheat_head</name><pose>Unspecified</pose><truncated>0</truncated><difficult>0</difficult><robndbox><cx>711.2675</cx><cy>184.1504</cy><w>95.8403</w><h>37.9139</h><angle>0.540338</angle></robndbox></object><object><type>robndbox</type><name>wheat_head</name><pose>Unspecified</pose><truncated>0</truncated><difficult>0</difficult><robndbox><cx>539.4226</cx><cy>558.7803</cy><w>54.6954</w><h>28.7448</h><angle>2.96913</angle></robndbox></object><object><type>robndbox</type><name>wheat_head</name><pose>Unspecified</pose><truncated>0</truncated><difficult>0</difficult><robndbox><cx>286.619</cx><cy>892.5469</cy><w>40.9696</w><h>25.0186</h><angle>1.39573</angle></robndbox></object><object><type>robndbox</type><name>wheat_head</name><pose>Unspecified</pose><truncated>0</truncated><difficult>0</difficult><robndbox><cx>357.1504</cx><cy>377.6358</cy><w>100.5793</w><h>31.4836</h><angle>1.43218</angle></robndbox></object><object><type>robndbox</type><name>wheat_head</name><pose>Unspecified</pose><truncated>0</truncated><difficult>0</difficult><robndbox><cx>276.5182</cx><cy>660.3279</cy><w>95.6051</w><h>35.5492</h><angle>3.019458</angle></robndbox></object><object><type>robndbox</type><name>wheat_head</name><pose>Unspecified</pose><truncated>0</truncated><difficult>0</difficult><robndbox><cx>63.7412</cx><cy>865.0845</cy><w>35.4522</w><h>23.9178</h><angle>0.271046</angle></robndbox></object><object><type>robndbox</type><name>wheat_head</name><pose>Unspecified</pose><truncated>0</truncated><difficult>0</difficult><robndbox><cx>170.3105</cx><cy>505.7971</cy><w>40.4444</w><h>24.1601</h><angle>1.365404</angle></robndbox></object><object><type>robndbox</type><name>wheat_head</name><pose>Unspecified</pose><truncated>0</truncated><difficult>0</difficult><robndbox><cx>442.0878</cx><cy>551.1128</cy><w>32.5307</w><h>25.6188</h><angle>0.145118</angle></robndbox></object><object><type>robndbox</type><name>wheat_head</name><pose>Unspecified</pose><truncated>0</truncated><difficult>0</difficult><robndbox><cx>12.2522</cx><cy>51.718</cy><w>33.8808</w><h>20.4556</h><angle>1.446304</angle></robndbox></object><object><type>robndbox</type><name>wheat_head</name><pose>Unspecified</pose><truncated>0</truncated><difficult>0</difficult><robndbox><cx>8.7071</cx><cy>654.322</cy><w>40.722</w><h>15.9131</h><angle>1.55428</angle></robndbox></object><object><type>robndbox</type><name>wheat_head</name><pose>Unspecified</pose><truncated>0</truncated><difficult>0</difficult><robndbox><cx>387.5779</cx><cy>248.0942</cy><w>76.9297</w><h>28.8746</h><angle>1.607122</angle></robndbox></object><object><type>robndbox</type><name>wheat_head</name><pose>Unspecified</pose><truncated>0</truncated><difficult>0</difficult><robndbox><cx>247.5899</cx><cy>392.3895</cy><w>47.9192</w><h>11.5154</h><angle>0.924947</angle></robndbox></object><object><type>robndbox</type><name>wheat_head</name><pose>Unspecified</pose><truncated>0</truncated><difficult>0</difficult><robndbox><cx>197.5871</cx><cy>513.1217</cy><w>37.5023</w><h>25.0903</h><angle>2.223517</angle></robndbox></object><object><type>robndbox</type><name>wheat_head</name><pose>Unspecified</pose><truncated>0</truncated><difficult>0</difficult><robndbox><cx>144.0401</cx><cy>912.8478</cy><w>124.3021</w><h>21.5364</h><angle>0.913804</angle></robndbox></object><object><type>robndbox</type><name>wheat_head</name><pose>Unspecified</pose><truncated>0</truncated><difficult>0</difficult><robndbox><cx>752.6511</cx><cy>904.3087</cy><w>29.6369</w><h>27.7764</h><angle>3.086397</angle></robndbox></object><object><type>robndbox</type><name>wheat_head</name><pose>Unspecified</pose><truncated>0</truncated><difficult>0</difficult><robndbox><cx>416.7118</cx><cy>887.1415</cy><w>21.3776</w><h>20.2733</h><angle>0.188222</angle></robndbox></object><object><type>robndbox</type><name>wheat_head</name><pose>Unspecified</pose><truncated>0</truncated><difficult>0</difficult><robndbox><cx>959.6456</cx><cy>519.7258</cy><w>36.1412</w><h>34.5398</h><angle>1.184914</angle></robndbox></object></annotation>