<annotation verified="no"><folder>images</folder><filename>251ed33a8</filename><path>/home/badhon/Documents/thesis/final_dataset/ethz_1/images/251ed33a8.jpg</path><source><database>Unknown</database></source><size><width>1024</width><height>1024</height><depth>3</depth></size><segmented>0</segmented><object><type>robndbox</type><name>wheat_head</name><pose>Unspecified</pose><truncated>0</truncated><difficult>0</difficult><robndbox><cx>274.8092</cx><cy>335.5581</cy><w>87.0604</w><h>27.5618</h><angle>0.745126</angle></robndbox></object><object><type>robndbox</type><name>wheat_head</name><pose>Unspecified</pose><truncated>0</truncated><difficult>0</difficult><robndbox><cx>935.5406</cx><cy>485.9871</cy><w>96.1584</w><h>33.1509</h><angle>1.034911</angle></robndbox></object><object><type>robndbox</type><name>wheat_head</name><pose>Unspecified</pose><truncated>0</truncated><difficult>0</difficult><robndbox><cx>673.5497</cx><cy>380.2993</cy><w>96.7507</w><h>31.8748</h><angle>0.743944</angle></robndbox></object><object><type>robndbox</type><name>wheat_head</name><pose>Unspecified</pose><truncated>0</truncated><difficult>0</difficult><robndbox><cx>594.6681</cx><cy>375.6022</cy><w>79.3338</w><h>27.3268</h><angle>0.649672</angle></robndbox></object><object><type>robndbox</type><name>wheat_head</name><pose>Unspecified</pose><truncated>0</truncated><difficult>0</difficult><robndbox><cx>68.5753</cx><cy>405.651</cy><w>107.4336</w><h>35.3589</h><angle>0.626228</angle></robndbox></object><object><type>robndbox</type><name>wheat_head</name><pose>Unspecified</pose><truncated>0</truncated><difficult>0</difficult><robndbox><cx>894.5275</cx><cy>50.2623</cy><w>80.3102</w><h>35.9289</h><angle>0.696265</angle></robndbox></object><object><type>robndbox</type><name>wheat_head</name><pose>Unspecified</pose><truncated>0</truncated><difficult>0</difficult><robndbox><cx>575.9775</cx><cy>128.398</cy><w>121.384</w><h>41.9966</h><angle>1.049036</angle></robndbox></object><object><type>robndbox</type><name>wheat_head</name><pose>Unspecified</pose><truncated>0</truncated><difficult>0</difficult><robndbox><cx>295.0667</cx><cy>875.9227</cy><w>98.8677</w><h>34.2818</h><angle>0.591588</angle></robndbox></object><object><type>robndbox</type><name>wheat_head</name><pose>Unspecified</pose><truncated>0</truncated><difficult>0</difficult><robndbox><cx>402.5779</cx><cy>409.8848</cy><w>111.7639</w><h>31.4062</h><angle>0.334507</angle></robndbox></object><object><type>robndbox</type><name>wheat_head</name><pose>Unspecified</pose><truncated>0</truncated><difficult>0</difficult><robndbox><cx>273.882</cx><cy>173.3304</cy><w>130.8402</w><h>31.8736</h><angle>0.677828</angle></robndbox></object><object><type>robndbox</type><name>wheat_head</name><pose>Unspecified</pose><truncated>0</truncated><difficult>0</difficult><robndbox><cx>461.1898</cx><cy>858.939</cy><w>106.494</w><h>32.4839</h><angle>0.479492</angle></robndbox></object><object><type>robndbox</type><name>wheat_head</name><pose>Unspecified</pose><truncated>0</truncated><difficult>0</difficult><robndbox><cx>976.2137</cx><cy>888.329</cy><w>88.7675</w><h>36.7212</h><angle>0.466521</angle></robndbox></object><object><type>robndbox</type><name>wheat_head</name><pose>Unspecified</pose><truncated>0</truncated><difficult>0</difficult><robndbox><cx>994.6938</cx><cy>748.7215</cy><w>58.9919</w><h>35.6366</h><angle>0.354651</angle></robndbox></object><object><type>robndbox</type><name>wheat_head</name><pose>Unspecified</pose><truncated>0</truncated><difficult>0</difficult><robndbox><cx>727.0214</cx><cy>707.6008</cy><w>134.4131</w><h>32.8735</h><angle>1.434764</angle></robndbox></object><object><type>robndbox</type><name>wheat_head</name><pose>Unspecified</pose><truncated>0</truncated><difficult>0</difficult><robndbox><cx>332.6945</cx><cy>576.0306</cy><w>110.8248</w><h>35.4455</h><angle>0.339442</angle></robndbox></object><object><type>robndbox</type><name>wheat_head</name><pose>Unspecified</pose><truncated>0</truncated><difficult>0</difficult><robndbox><cx>831.2358</cx><cy>485.3711</cy><w>64.3081</w><h>36.9171</h><angle>0.895996</angle></robndbox></object><object><type>robndbox</type><name>wheat_head</name><pose>Unspecified</pose><truncated>0</truncated><difficult>0</difficult><robndbox><cx>168.5141</cx><cy>239.9003</cy><w>114.4927</w><h>23.3389</h><angle>0.494322</angle></robndbox></object><object><type>robndbox</type><name>wheat_head</name><pose>Unspecified</pose><truncated>0</truncated><difficult>0</difficult><robndbox><cx>377.0299</cx><cy>22.3846</cy><w>38.5196</w><h>24.0578</h><angle>0.843652</angle></robndbox></object><object><type>robndbox</type><name>wheat_head</name><pose>Unspecified</pose><truncated>0</truncated><difficult>0</difficult><robndbox><cx>48.5151</cx><cy>644.8862</cy><w>91.0788</w><h>37.0609</h><angle>0.230394</angle></robndbox></object><object><type>robndbox</type><name>wheat_head</name><pose>Unspecified</pose><truncated>0</truncated><difficult>0</difficult><robndbox><cx>557.6409</cx><cy>451.7214</cy><w>134.8082</w><h>39.8777</h><angle>0.841147</angle></robndbox></object><object><type>robndbox</type><name>wheat_head</name><pose>Unspecified</pose><truncated>0</truncated><difficult>0</difficult><robndbox><cx>570.993</cx><cy>734.9264</cy><w>143.5245</w><h>33.1672</h><angle>0.610155</angle></robndbox></object><object><type>robndbox</type><name>wheat_head</name><pose>Unspecified</pose><truncated>0</truncated><difficult>0</difficult><robndbox><cx>492.859</cx><cy>986.9853</cy><w>75.0055</w><h>35.1093</h><angle>0.585193</angle></robndbox></object><object><type>robndbox</type><name>wheat_head</name><pose>Unspecified</pose><truncated>0</truncated><difficult>0</difficult><robndbox><cx>794.2504</cx><cy>216.7381</cy><w>153.4594</w><h>39.1021</h><angle>0.836432</angle></robndbox></object><object><type>robndbox</type><name>wheat_head</name><pose>Unspecified</pose><truncated>0</truncated><difficult>0</difficult><robndbox><cx>503.2764</cx><cy>748.3036</cy><w>137.613</w><h>32.8705</h><angle>0.584985</angle></robndbox></object><object><type>robndbox</type><name>wheat_head</name><pose>Unspecified</pose><truncated>0</truncated><difficult>0</difficult><robndbox><cx>112.4553</cx><cy>134.3766</cy><w>107.1645</w><h>26.6748</h><angle>0.760876</angle></robndbox></object><object><type>robndbox</type><name>wheat_head</name><pose>Unspecified</pose><truncated>0</truncated><difficult>0</difficult><robndbox><cx>470.2854</cx><cy>903.9489</cy><w>94.6279</w><h>24.9301</h><angle>0.298311</angle></robndbox></object><object><type>robndbox</type><name>wheat_head</name><pose>Unspecified</pose><truncated>0</truncated><difficult>0</difficult><robndbox><cx>87.1076</cx><cy>518.5935</cy><w>114.9725</w><h>13.8289</h><angle>0.511662</angle></robndbox></object><object><type>robndbox</type><name>wheat_head</name><pose>Unspecified</pose><truncated>0</truncated><difficult>0</difficult><robndbox><cx>107.9471</cx><cy>554.929</cy><w>118.3094</w><h>26.5598</h><angle>0.411662</angle></robndbox></object><object><type>robndbox</type><name>wheat_head</name><pose>Unspecified</pose><truncated>0</truncated><difficult>0</difficult><robndbox><cx>270.4968</cx><cy>93.465</cy><w>75.5099</w><h>28.5207</h><angle>0.202622</angle></robndbox></object><object><type>robndbox</type><name>wheat_head</name><pose>Unspecified</pose><truncated>0</truncated><difficult>0</difficult><robndbox><cx>551.2418</cx><cy>244.0329</cy><w>68.0771</w><h>35.7299</h><angle>0.329827</angle></robndbox></object><object><type>robndbox</type><name>wheat_head</name><pose>Unspecified</pose><truncated>0</truncated><difficult>0</difficult><robndbox><cx>107.6084</cx><cy>932.8707</cy><w>135.1062</w><h>41.7759</h><angle>0.153383</angle></robndbox></object><object><type>robndbox</type><name>wheat_head</name><pose>Unspecified</pose><truncated>0</truncated><difficult>0</difficult><robndbox><cx>638.0468</cx><cy>541.6731</cy><w>70.977</w><h>28.4368</h><angle>0.483889</angle></robndbox></object><object><type>robndbox</type><name>wheat_head</name><pose>Unspecified</pose><truncated>0</truncated><difficult>0</difficult><robndbox><cx>198.2899</cx><cy>373.0097</cy><w>171.3916</w><h>32.1256</h><angle>0.903151</angle></robndbox></object><object><type>robndbox</type><name>wheat_head</name><pose>Unspecified</pose><truncated>0</truncated><difficult>0</difficult><robndbox><cx>531.0933</cx><cy>390.0555</cy><w>61.217</w><h>27.6014</h><angle>0.79821</angle></robndbox></object><object><type>robndbox</type><name>wheat_head</name><pose>Unspecified</pose><truncated>0</truncated><difficult>0</difficult><robndbox><cx>285.6111</cx><cy>776.0107</cy><w>142.003</w><h>37.9405</h><angle>0.394717</angle></robndbox></object><object><type>robndbox</type><name>wheat_head</name><pose>Unspecified</pose><truncated>0</truncated><difficult>0</difficult><robndbox><cx>581.5723</cx><cy>545.8199</cy><w>116.856</w><h>39.4437</h><angle>0.438464</angle></robndbox></object><object><type>robndbox</type><name>wheat_head</name><pose>Unspecified</pose><truncated>0</truncated><difficult>0</difficult><robndbox><cx>803.7634</cx><cy>888.8015</cy><w>73.0763</w><h>28.2782</h><angle>0.524929</angle></robndbox></object><object><type>robndbox</type><name>wheat_head</name><pose>Unspecified</pose><truncated>0</truncated><difficult>0</difficult><robndbox><cx>99.1856</cx><cy>86.0334</cy><w>159.2891</w><h>30.4657</h><angle>0.560876</angle></robndbox></object><object><type>robndbox</type><name>wheat_head</name><pose>Unspecified</pose><truncated>0</truncated><difficult>0</difficult><robndbox><cx>202.7446</cx><cy>10.4272</cy><w>51.7072</w><h>26.6705</h><angle>0.162657</angle></robndbox></object><object><type>robndbox</type><name>wheat_head</name><pose>Unspecified</pose><truncated>0</truncated><difficult>0</difficult><robndbox><cx>800.8413</cx><cy>563.556</cy><w>125.1494</w><h>35.3318</h><angle>0.295051</angle></robndbox></object><object><type>robndbox</type><name>wheat_head</name><pose>Unspecified</pose><truncated>0</truncated><difficult>0</difficult><robndbox><cx>639.619</cx><cy>206.1825</cy><w>74.1627</w><h>32.4779</h><angle>0.886023</angle></robndbox></object><object><type>robndbox</type><name>wheat_head</name><pose>Unspecified</pose><truncated>0</truncated><difficult>0</difficult><robndbox><cx>208.1742</cx><cy>526.0374</cy><w>140.8012</w><h>29.438</h><angle>0.50115</angle></robndbox></object><object><type>robndbox</type><name>wheat_head</name><pose>Unspecified</pose><truncated>0</truncated><difficult>0</difficult><robndbox><cx>842.0189</cx><cy>934.7181</cy><w>66.8234</w><h>39.9346</h><angle>0.399714</angle></robndbox></object><object><type>robndbox</type><name>wheat_head</name><pose>Unspecified</pose><truncated>0</truncated><difficult>0</difficult><robndbox><cx>700.9876</cx><cy>524.5213</cy><w>137.3415</w><h>30.9687</h><angle>0.26465</angle></robndbox></object><object><type>robndbox</type><name>wheat_head</name><pose>Unspecified</pose><truncated>0</truncated><difficult>0</difficult><robndbox><cx>40.7301</cx><cy>711.4231</cy><w>61.6338</w><h>32.0999</h><angle>0.463025</angle></robndbox></object><object><type>robndbox</type><name>wheat_head</name><pose>Unspecified</pose><truncated>0</truncated><difficult>0</difficult><robndbox><cx>52.3874</cx><cy>352.5881</cy><w>92.7518</w><h>34.8899</h><angle>0.322308</angle></robndbox></object><object><type>robndbox</type><name>wheat_head</name><pose>Unspecified</pose><truncated>0</truncated><difficult>0</difficult><robndbox><cx>890.685</cx><cy>557.8769</cy><w>139.3775</w><h>37.8363</h><angle>0.556865</angle></robndbox></object><object><type>robndbox</type><name>wheat_head</name><pose>Unspecified</pose><truncated>0</truncated><difficult>0</difficult><robndbox><cx>198.4553</cx><cy>202.3481</cy><w>155.7959</w><h>31.8939</h><angle>0.277176</angle></robndbox></object><object><type>robndbox</type><name>wheat_head</name><pose>Unspecified</pose><truncated>0</truncated><difficult>0</difficult><robndbox><cx>979.3993</cx><cy>323.5213</cy><w>73.7916</w><h>18.958</h><angle>0.891559</angle></robndbox></object><object><type>robndbox</type><name>wheat_head</name><pose>Unspecified</pose><truncated>0</truncated><difficult>0</difficult><robndbox><cx>189.8119</cx><cy>772.8351</cy><w>117.4375</w><h>30.3883</h><angle>0.433406</angle></robndbox></object><object><type>robndbox</type><name>wheat_head</name><pose>Unspecified</pose><truncated>0</truncated><difficult>0</difficult><robndbox><cx>999.8408</cx><cy>443.7345</cy><w>49.2513</w><h>32.6525</h><angle>0.495406</angle></robndbox></object><object><type>robndbox</type><name>wheat_head</name><pose>Unspecified</pose><truncated>0</truncated><difficult>0</difficult><robndbox><cx>430.3466</cx><cy>676.5089</cy><w>93.1248</w><h>25.0157</h><angle>3.13661</angle></robndbox></object><object><type>robndbox</type><name>wheat_head</name><pose>Unspecified</pose><truncated>0</truncated><difficult>0</difficult><robndbox><cx>440.386</cx><cy>919.2923</cy><w>109.9259</w><h>36.9035</h><angle>0.498311</angle></robndbox></object><object><type>robndbox</type><name>wheat_head</name><pose>Unspecified</pose><truncated>0</truncated><difficult>0</difficult><robndbox><cx>629.6177</cx><cy>292.6266</cy><w>116.1072</w><h>36.8354</h><angle>0.330572</angle></robndbox></object><object><type>robndbox</type><name>wheat_head</name><pose>Unspecified</pose><truncated>0</truncated><difficult>0</difficult><robndbox><cx>478.3387</cx><cy>19.7713</cy><w>40.5944</w><h>12.5437</h><angle>0.807099</angle></robndbox></object><object><type>robndbox</type><name>wheat_head</name><pose>Unspecified</pose><truncated>0</truncated><difficult>0</difficult><robndbox><cx>155.243</cx><cy>815.0875</cy><w>173.3431</w><h>26.9915</h><angle>0.523379</angle></robndbox></object><object><type>robndbox</type><name>wheat_head</name><pose>Unspecified</pose><truncated>0</truncated><difficult>0</difficult><robndbox><cx>102.0593</cx><cy>804.1603</cy><w>125.8061</w><h>32.3354</h><angle>0.910926</angle></robndbox></object><object><type>robndbox</type><name>wheat_head</name><pose>Unspecified</pose><truncated>0</truncated><difficult>0</difficult><robndbox><cx>41.8351</cx><cy>837.2032</cy><w>67.9397</w><h>35.985</h><angle>0.088714</angle></robndbox></object><object><type>robndbox</type><name>wheat_head</name><pose>Unspecified</pose><truncated>0</truncated><difficult>0</difficult><robndbox><cx>874.0342</cx><cy>303.4599</cy><w>83.2646</w><h>26.9405</h><angle>3.047821</angle></robndbox></object><object><type>robndbox</type><name>wheat_head</name><pose>Unspecified</pose><truncated>0</truncated><difficult>0</difficult><robndbox><cx>897.2768</cx><cy>981.486</cy><w>49.2677</w><h>37.2295</h><angle>3.134442</angle></robndbox></object><object><type>robndbox</type><name>wheat_head</name><pose>Unspecified</pose><truncated>0</truncated><difficult>0</difficult><robndbox><cx>49.3843</cx><cy>936.4091</cy><w>48.8003</w><h>26.503</h><angle>1.433701</angle></robndbox></object><object><type>robndbox</type><name>wheat_head</name><pose>Unspecified</pose><truncated>0</truncated><difficult>0</difficult><robndbox><cx>20.8073</cx><cy>281.5383</cy><w>32.5535</w><h>31.1259</h><angle>0.455762</angle></robndbox></object><object><type>robndbox</type><name>wheat_head</name><pose>Unspecified</pose><truncated>0</truncated><difficult>0</difficult><robndbox><cx>1010.0</cx><cy>887.5</cy><w>31.873</w><h>29.2049</h><angle>1.85904</angle></robndbox></object><object><type>robndbox</type><name>wheat_head</name><pose>Unspecified</pose><truncated>0</truncated><difficult>0</difficult><robndbox><cx>450.5763</cx><cy>696.7031</cy><w>111.599</w><h>27.5765</h><angle>3.13661</angle></robndbox></object><object><type>robndbox</type><name>wheat_head</name><pose>Unspecified</pose><truncated>0</truncated><difficult>0</difficult><robndbox><cx>463.6566</cx><cy>800.0104</cy><w>54.6139</w><h>28.287</h><angle>0.142359</angle></robndbox></object><object><type>robndbox</type><name>wheat_head</name><pose>Unspecified</pose><truncated>0</truncated><difficult>0</difficult><robndbox><cx>163.8964</cx><cy>148.5377</cy><w>46.5821</w><h>21.9735</h><angle>0.852719</angle></robndbox></object><object><type>robndbox</type><name>wheat_head</name><pose>Unspecified</pose><truncated>0</truncated><difficult>0</difficult><robndbox><cx>629.6177</cx><cy>292.6266</cy><w>116.1072</w><h>36.8354</h><angle>0.330572</angle></robndbox></object><object><type>robndbox</type><name>wheat_head</name><pose>Unspecified</pose><truncated>0</truncated><difficult>0</difficult><robndbox><cx>503.3201</cx><cy>504.451</cy><w>76.1448</w><h>29.4562</h><angle>0.238464</angle></robndbox></object><object><type>robndbox</type><name>wheat_head</name><pose>Unspecified</pose><truncated>0</truncated><difficult>0</difficult><robndbox><cx>407.6067</cx><cy>60.2446</cy><w>97.5518</w><h>27.8071</h><angle>0.343652</angle></robndbox></object><object><type>robndbox</type><name>wheat_head</name><pose>Unspecified</pose><truncated>0</truncated><difficult>0</difficult><robndbox><cx>26.8901</cx><cy>870.288</cy><w>43.5029</w><h>38.3125</h><angle>0.239578</angle></robndbox></object><object><type>robndbox</type><name>wheat_head</name><pose>Unspecified</pose><truncated>0</truncated><difficult>0</difficult><robndbox><cx>569.6827</cx><cy>932.0074</cy><w>30.7337</w><h>30.4032</h><angle>1.81376</angle></robndbox></object><object><type>robndbox</type><name>wheat_head</name><pose>Unspecified</pose><truncated>0</truncated><difficult>0</difficult><robndbox><cx>602.9757</cx><cy>890.9493</cy><w>49.703</w><h>25.3079</h><angle>0.390234</angle></robndbox></object><object><type>robndbox</type><name>wheat_head</name><pose>Unspecified</pose><truncated>0</truncated><difficult>0</difficult><robndbox><cx>582.3836</cx><cy>107.8163</cy><w>49.5142</w><h>20.2213</h><angle>1.026913</angle></robndbox></object><object><type>robndbox</type><name>wheat_head</name><pose>Unspecified</pose><truncated>0</truncated><difficult>0</difficult><robndbox><cx>155.243</cx><cy>815.0875</cy><w>173.3431</w><h>26.9915</h><angle>0.523379</angle></robndbox></object><object><type>robndbox</type><name>wheat_head</name><pose>Unspecified</pose><truncated>0</truncated><difficult>0</difficult><robndbox><cx>438.6512</cx><cy>474.105</cy><w>79.108</w><h>30.8095</h><angle>0.338464</angle></robndbox></object><object><type>robndbox</type><name>wheat_head</name><pose>Unspecified</pose><truncated>0</truncated><difficult>0</difficult><robndbox><cx>845.0785</cx><cy>286.0106</cy><w>53.951</w><h>26.2729</h><angle>0.578775</angle></robndbox></object><object><type>robndbox</type><name>wheat_head</name><pose>Unspecified</pose><truncated>0</truncated><difficult>0</difficult><robndbox><cx>50.0477</cx><cy>538.3885</cy><w>96.1769</w><h>27.1681</h><angle>0.486899</angle></robndbox></object><object><type>robndbox</type><name>wheat_head</name><pose>Unspecified</pose><truncated>0</truncated><difficult>0</difficult><robndbox><cx>944.8501</cx><cy>558.9276</cy><w>162.213</w><h>39.3479</h><angle>0.596564</angle></robndbox></object></annotation>