<annotation verified="no"><folder>images</folder><filename>26373af4b</filename><path>/home/badhon/Documents/thesis/final_dataset/ethz_1/images/26373af4b.jpg</path><source><database>Unknown</database></source><size><width>1024</width><height>1024</height><depth>3</depth></size><segmented>0</segmented><object><type>robndbox</type><name>wheat_head</name><pose>Unspecified</pose><truncated>0</truncated><difficult>0</difficult><robndbox><cx>927.852</cx><cy>242.1743</cy><w>70.2453</w><h>36.0653</h><angle>0.966989</angle></robndbox></object><object><type>robndbox</type><name>wheat_head</name><pose>Unspecified</pose><truncated>0</truncated><difficult>0</difficult><robndbox><cx>463.7596</cx><cy>483.1322</cy><w>83.3517</w><h>36.303</h><angle>0.940182</angle></robndbox></object><object><type>robndbox</type><name>wheat_head</name><pose>Unspecified</pose><truncated>0</truncated><difficult>0</difficult><robndbox><cx>886.939</cx><cy>895.8793</cy><w>124.7434</w><h>43.5644</h><angle>1.069158</angle></robndbox></object><object><type>robndbox</type><name>wheat_head</name><pose>Unspecified</pose><truncated>0</truncated><difficult>0</difficult><robndbox><cx>1000.0402</cx><cy>871.519</cy><w>91.7282</w><h>27.2553</h><angle>1.543343</angle></robndbox></object><object><type>robndbox</type><name>wheat_head</name><pose>Unspecified</pose><truncated>0</truncated><difficult>0</difficult><robndbox><cx>590.4376</cx><cy>673.1398</cy><w>106.6542</w><h>38.2346</h><angle>0.469138</angle></robndbox></object><object><type>robndbox</type><name>wheat_head</name><pose>Unspecified</pose><truncated>0</truncated><difficult>0</difficult><robndbox><cx>380.4085</cx><cy>403.0993</cy><w>83.2976</w><h>30.1478</h><angle>0.911057</angle></robndbox></object><object><type>robndbox</type><name>wheat_head</name><pose>Unspecified</pose><truncated>0</truncated><difficult>0</difficult><robndbox><cx>915.861</cx><cy>415.6028</cy><w>80.9631</w><h>41.4033</h><angle>0.71506</angle></robndbox></object><object><type>robndbox</type><name>wheat_head</name><pose>Unspecified</pose><truncated>0</truncated><difficult>0</difficult><robndbox><cx>866.4726</cx><cy>345.3542</cy><w>76.763</w><h>34.0136</h><angle>1.311242</angle></robndbox></object><object><type>robndbox</type><name>wheat_head</name><pose>Unspecified</pose><truncated>0</truncated><difficult>0</difficult><robndbox><cx>641.8043</cx><cy>425.7954</cy><w>60.1546</w><h>42.4016</h><angle>2.917118</angle></robndbox></object><object><type>robndbox</type><name>wheat_head</name><pose>Unspecified</pose><truncated>0</truncated><difficult>0</difficult><robndbox><cx>998.0903</cx><cy>208.2897</cy><w>55.089</w><h>33.2981</h><angle>0.985941</angle></robndbox></object><object><type>robndbox</type><name>wheat_head</name><pose>Unspecified</pose><truncated>0</truncated><difficult>0</difficult><robndbox><cx>33.294</cx><cy>194.5366</cy><w>96.0568</w><h>38.9222</h><angle>1.240864</angle></robndbox></object><object><type>robndbox</type><name>wheat_head</name><pose>Unspecified</pose><truncated>0</truncated><difficult>0</difficult><robndbox><cx>252.7557</cx><cy>385.4792</cy><w>84.5142</w><h>35.5127</h><angle>0.712312</angle></robndbox></object><object><type>robndbox</type><name>wheat_head</name><pose>Unspecified</pose><truncated>0</truncated><difficult>0</difficult><robndbox><cx>29.1644</cx><cy>574.6534</cy><w>60.3406</w><h>37.1436</h><angle>0.487316</angle></robndbox></object><object><type>robndbox</type><name>wheat_head</name><pose>Unspecified</pose><truncated>0</truncated><difficult>0</difficult><robndbox><cx>789.205</cx><cy>750.3477</cy><w>62.3825</w><h>35.2713</h><angle>1.283759</angle></robndbox></object><object><type>robndbox</type><name>wheat_head</name><pose>Unspecified</pose><truncated>0</truncated><difficult>0</difficult><robndbox><cx>88.6456</cx><cy>528.9487</cy><w>65.4206</w><h>34.9611</h><angle>2.187706</angle></robndbox></object><object><type>robndbox</type><name>wheat_head</name><pose>Unspecified</pose><truncated>0</truncated><difficult>0</difficult><robndbox><cx>559.9195</cx><cy>117.1929</cy><w>175.13</w><h>43.8917</h><angle>0.711751</angle></robndbox></object><object><type>robndbox</type><name>wheat_head</name><pose>Unspecified</pose><truncated>0</truncated><difficult>0</difficult><robndbox><cx>849.0242</cx><cy>819.8281</cy><w>68.9217</w><h>41.5717</h><angle>0.539163</angle></robndbox></object><object><type>robndbox</type><name>wheat_head</name><pose>Unspecified</pose><truncated>0</truncated><difficult>0</difficult><robndbox><cx>937.9039</cx><cy>915.5812</cy><w>71.9699</w><h>40.3866</h><angle>0.221922</angle></robndbox></object><object><type>robndbox</type><name>wheat_head</name><pose>Unspecified</pose><truncated>0</truncated><difficult>0</difficult><robndbox><cx>905.4581</cx><cy>993.2827</cy><w>44.9975</w><h>35.9037</h><angle>1.889024</angle></robndbox></object><object><type>robndbox</type><name>wheat_head</name><pose>Unspecified</pose><truncated>0</truncated><difficult>0</difficult><robndbox><cx>805.0323</cx><cy>464.7007</cy><w>41.5396</w><h>39.8616</h><angle>2.439599</angle></robndbox></object><object><type>robndbox</type><name>wheat_head</name><pose>Unspecified</pose><truncated>0</truncated><difficult>0</difficult><robndbox><cx>379.167</cx><cy>827.0782</cy><w>64.6424</w><h>45.7667</h><angle>0.368745</angle></robndbox></object><object><type>robndbox</type><name>wheat_head</name><pose>Unspecified</pose><truncated>0</truncated><difficult>0</difficult><robndbox><cx>620.5317</cx><cy>889.0278</cy><w>85.9234</w><h>44.5409</h><angle>0.952289</angle></robndbox></object><object><type>robndbox</type><name>wheat_head</name><pose>Unspecified</pose><truncated>0</truncated><difficult>0</difficult><robndbox><cx>225.9899</cx><cy>292.0038</cy><w>84.0401</w><h>35.9467</h><angle>0.858916</angle></robndbox></object><object><type>robndbox</type><name>wheat_head</name><pose>Unspecified</pose><truncated>0</truncated><difficult>0</difficult><robndbox><cx>416.2093</cx><cy>21.3601</cy><w>91.6611</w><h>35.8319</h><angle>0.011695</angle></robndbox></object><object><type>robndbox</type><name>wheat_head</name><pose>Unspecified</pose><truncated>0</truncated><difficult>0</difficult><robndbox><cx>153.3005</cx><cy>329.1288</cy><w>59.8838</w><h>40.4605</h><angle>2.767532</angle></robndbox></object><object><type>robndbox</type><name>wheat_head</name><pose>Unspecified</pose><truncated>0</truncated><difficult>0</difficult><robndbox><cx>33.294</cx><cy>194.5366</cy><w>96.0568</w><h>38.9222</h><angle>1.240864</angle></robndbox></object><object><type>robndbox</type><name>wheat_head</name><pose>Unspecified</pose><truncated>0</truncated><difficult>0</difficult><robndbox><cx>548.4788</cx><cy>17.7913</cy><w>52.1602</w><h>39.3893</h><angle>0.47964</angle></robndbox></object><object><type>robndbox</type><name>wheat_head</name><pose>Unspecified</pose><truncated>0</truncated><difficult>0</difficult><robndbox><cx>690.7474</cx><cy>730.8124</cy><w>76.268</w><h>34.7255</h><angle>1.673591</angle></robndbox></object><object><type>robndbox</type><name>wheat_head</name><pose>Unspecified</pose><truncated>0</truncated><difficult>0</difficult><robndbox><cx>861.78</cx><cy>441.243</cy><w>54.1126</w><h>28.9226</h><angle>0.708378</angle></robndbox></object><object><type>robndbox</type><name>wheat_head</name><pose>Unspecified</pose><truncated>0</truncated><difficult>0</difficult><robndbox><cx>171.6648</cx><cy>61.2756</cy><w>53.277</w><h>46.2273</h><angle>1.315126</angle></robndbox></object><object><type>robndbox</type><name>wheat_head</name><pose>Unspecified</pose><truncated>0</truncated><difficult>0</difficult><robndbox><cx>679.9618</cx><cy>825.136</cy><w>70.0243</w><h>30.8076</h><angle>1.417879</angle></robndbox></object><object><type>robndbox</type><name>wheat_head</name><pose>Unspecified</pose><truncated>0</truncated><difficult>0</difficult><robndbox><cx>96.5397</cx><cy>38.2723</cy><w>60.5444</w><h>39.9493</h><angle>0.629854</angle></robndbox></object><object><type>robndbox</type><name>wheat_head</name><pose>Unspecified</pose><truncated>0</truncated><difficult>0</difficult><robndbox><cx>135.4971</cx><cy>806.4553</cy><w>85.575</w><h>45.3967</h><angle>0.356614</angle></robndbox></object><object><type>robndbox</type><name>wheat_head</name><pose>Unspecified</pose><truncated>0</truncated><difficult>0</difficult><robndbox><cx>283.3938</cx><cy>347.8778</cy><w>85.6743</w><h>37.9964</h><angle>0.378524</angle></robndbox></object><object><type>robndbox</type><name>wheat_head</name><pose>Unspecified</pose><truncated>0</truncated><difficult>0</difficult><robndbox><cx>216.7801</cx><cy>618.1201</cy><w>60.4163</w><h>42.0875</h><angle>0.397521</angle></robndbox></object><object><type>robndbox</type><name>wheat_head</name><pose>Unspecified</pose><truncated>0</truncated><difficult>0</difficult><robndbox><cx>491.7825</cx><cy>903.9515</cy><w>137.9206</w><h>41.8981</h><angle>0.096962</angle></robndbox></object><object><type>robndbox</type><name>wheat_head</name><pose>Unspecified</pose><truncated>0</truncated><difficult>0</difficult><robndbox><cx>979.1346</cx><cy>664.4879</cy><w>59.0971</w><h>40.1986</h><angle>2.709298</angle></robndbox></object><object><type>robndbox</type><name>wheat_head</name><pose>Unspecified</pose><truncated>0</truncated><difficult>0</difficult><robndbox><cx>238.9616</cx><cy>683.0677</cy><w>75.1346</w><h>37.0474</h><angle>0.385423</angle></robndbox></object><object><type>robndbox</type><name>wheat_head</name><pose>Unspecified</pose><truncated>0</truncated><difficult>0</difficult><robndbox><cx>195.3857</cx><cy>871.4549</cy><w>66.0538</w><h>27.4679</h><angle>0.262712</angle></robndbox></object><object><type>robndbox</type><name>wheat_head</name><pose>Unspecified</pose><truncated>0</truncated><difficult>0</difficult><robndbox><cx>467.5436</cx><cy>714.9183</cy><w>56.3878</w><h>40.9251</h><angle>0.160179</angle></robndbox></object><object><type>robndbox</type><name>wheat_head</name><pose>Unspecified</pose><truncated>0</truncated><difficult>0</difficult><robndbox><cx>451.9218</cx><cy>769.8397</cy><w>44.3388</w><h>40.8064</h><angle>1.449502</angle></robndbox></object><object><type>robndbox</type><name>wheat_head</name><pose>Unspecified</pose><truncated>0</truncated><difficult>0</difficult><robndbox><cx>294.605</cx><cy>599.6152</cy><w>41.9799</w><h>32.9004</h><angle>0.415239</angle></robndbox></object><object><type>robndbox</type><name>wheat_head</name><pose>Unspecified</pose><truncated>0</truncated><difficult>0</difficult><robndbox><cx>777.9993</cx><cy>928.8644</cy><w>42.4075</w><h>25.635</h><angle>2.595267</angle></robndbox></object><object><type>robndbox</type><name>wheat_head</name><pose>Unspecified</pose><truncated>0</truncated><difficult>0</difficult><robndbox><cx>946.7377</cx><cy>27.1753</cy><w>111.5651</w><h>49.5817</h><angle>3.103295</angle></robndbox></object><object><type>robndbox</type><name>wheat_head</name><pose>Unspecified</pose><truncated>0</truncated><difficult>0</difficult><robndbox><cx>359.1748</cx><cy>898.0392</cy><w>67.3285</w><h>36.2857</h><angle>2.664558</angle></robndbox></object><object><type>robndbox</type><name>wheat_head</name><pose>Unspecified</pose><truncated>0</truncated><difficult>0</difficult><robndbox><cx>623.3952</cx><cy>747.6061</cy><w>55.6275</w><h>37.0904</h><angle>3.006976</angle></robndbox></object><object><type>robndbox</type><name>wheat_head</name><pose>Unspecified</pose><truncated>0</truncated><difficult>0</difficult><robndbox><cx>639.7872</cx><cy>791.5578</cy><w>48.0124</w><h>23.1798</h><angle>0.180032</angle></robndbox></object><object><type>robndbox</type><name>wheat_head</name><pose>Unspecified</pose><truncated>0</truncated><difficult>0</difficult><robndbox><cx>946.7377</cx><cy>27.1753</cy><w>111.5651</w><h>49.5817</h><angle>3.103295</angle></robndbox></object><object><type>robndbox</type><name>wheat_head</name><pose>Unspecified</pose><truncated>0</truncated><difficult>0</difficult><robndbox><cx>639.7872</cx><cy>791.5578</cy><w>48.0124</w><h>23.1798</h><angle>0.180032</angle></robndbox></object><object><type>robndbox</type><name>wheat_head</name><pose>Unspecified</pose><truncated>0</truncated><difficult>0</difficult><robndbox><cx>880.5815</cx><cy>600.0581</cy><w>42.9822</w><h>30.2772</h><angle>2.699198</angle></robndbox></object><object><type>robndbox</type><name>wheat_head</name><pose>Unspecified</pose><truncated>0</truncated><difficult>0</difficult><robndbox><cx>260.8281</cx><cy>36.1444</cy><w>52.1455</w><h>35.2444</h><angle>1.117723</angle></robndbox></object><object><type>robndbox</type><name>wheat_head</name><pose>Unspecified</pose><truncated>0</truncated><difficult>0</difficult><robndbox><cx>645.3243</cx><cy>176.4815</cy><w>48.8966</w><h>22.2776</h><angle>0.587788</angle></robndbox></object><object><type>robndbox</type><name>wheat_head</name><pose>Unspecified</pose><truncated>0</truncated><difficult>0</difficult><robndbox><cx>588.4713</cx><cy>951.7872</cy><w>55.7453</w><h>40.3376</h><angle>0.259153</angle></robndbox></object><object><type>robndbox</type><name>wheat_head</name><pose>Unspecified</pose><truncated>0</truncated><difficult>0</difficult><robndbox><cx>535.1721</cx><cy>413.178</cy><w>99.4947</w><h>44.0087</h><angle>1.326642</angle></robndbox></object><object><type>robndbox</type><name>wheat_head</name><pose>Unspecified</pose><truncated>0</truncated><difficult>0</difficult><robndbox><cx>570.6856</cx><cy>418.0322</cy><w>99.5691</w><h>26.6318</h><angle>0.985579</angle></robndbox></object></annotation>