<annotation verified="no"><folder>images</folder><filename>279a356f8</filename><path>/home/badhon/Documents/thesis/final_dataset/ethz_1/images/279a356f8.jpg</path><source><database>Unknown</database></source><size><width>1024</width><height>1024</height><depth>3</depth></size><segmented>0</segmented><object><type>robndbox</type><name>wheat_head</name><pose>Unspecified</pose><truncated>0</truncated><difficult>0</difficult><robndbox><cx>53.4929</cx><cy>20.0999</cy><w>98.0502</w><h>34.3508</h><angle>0.330401</angle></robndbox></object><object><type>robndbox</type><name>wheat_head</name><pose>Unspecified</pose><truncated>0</truncated><difficult>0</difficult><robndbox><cx>349.7992</cx><cy>121.2613</cy><w>129.4338</w><h>39.9185</h><angle>0.64139</angle></robndbox></object><object><type>robndbox</type><name>wheat_head</name><pose>Unspecified</pose><truncated>0</truncated><difficult>0</difficult><robndbox><cx>769.0668</cx><cy>981.4446</cy><w>71.8016</w><h>30.5212</h><angle>0.961204</angle></robndbox></object><object><type>robndbox</type><name>wheat_head</name><pose>Unspecified</pose><truncated>0</truncated><difficult>0</difficult><robndbox><cx>879.7686</cx><cy>851.3182</cy><w>90.1872</w><h>44.7604</h><angle>0.636923</angle></robndbox></object><object><type>robndbox</type><name>wheat_head</name><pose>Unspecified</pose><truncated>0</truncated><difficult>0</difficult><robndbox><cx>682.8477</cx><cy>213.6196</cy><w>86.6035</w><h>34.6135</h><angle>0.304515</angle></robndbox></object><object><type>robndbox</type><name>wheat_head</name><pose>Unspecified</pose><truncated>0</truncated><difficult>0</difficult><robndbox><cx>295.9974</cx><cy>578.3779</cy><w>94.5394</w><h>29.422</h><angle>0.509143</angle></robndbox></object><object><type>robndbox</type><name>wheat_head</name><pose>Unspecified</pose><truncated>0</truncated><difficult>0</difficult><robndbox><cx>53.6234</cx><cy>206.822</cy><w>99.3746</w><h>38.4237</h><angle>0.561613</angle></robndbox></object><object><type>robndbox</type><name>wheat_head</name><pose>Unspecified</pose><truncated>0</truncated><difficult>0</difficult><robndbox><cx>376.0882</cx><cy>451.042</cy><w>93.9843</w><h>33.2062</h><angle>0.343067</angle></robndbox></object><object><type>robndbox</type><name>wheat_head</name><pose>Unspecified</pose><truncated>0</truncated><difficult>0</difficult><robndbox><cx>891.6606</cx><cy>273.1555</cy><w>74.9651</w><h>29.9576</h><angle>1.017647</angle></robndbox></object><object><type>robndbox</type><name>wheat_head</name><pose>Unspecified</pose><truncated>0</truncated><difficult>0</difficult><robndbox><cx>154.5969</cx><cy>251.7193</cy><w>99.3005</w><h>38.9967</h><angle>0.405158</angle></robndbox></object><object><type>robndbox</type><name>wheat_head</name><pose>Unspecified</pose><truncated>0</truncated><difficult>0</difficult><robndbox><cx>860.2039</cx><cy>595.1739</cy><w>76.1869</w><h>36.3511</h><angle>0.546639</angle></robndbox></object><object><type>robndbox</type><name>wheat_head</name><pose>Unspecified</pose><truncated>0</truncated><difficult>0</difficult><robndbox><cx>144.6691</cx><cy>163.1001</cy><w>117.3298</w><h>36.1999</h><angle>0.682525</angle></robndbox></object><object><type>robndbox</type><name>wheat_head</name><pose>Unspecified</pose><truncated>0</truncated><difficult>0</difficult><robndbox><cx>403.612</cx><cy>244.7632</cy><w>72.1291</w><h>36.6931</h><angle>0.558499</angle></robndbox></object><object><type>robndbox</type><name>wheat_head</name><pose>Unspecified</pose><truncated>0</truncated><difficult>0</difficult><robndbox><cx>872.6873</cx><cy>330.7414</cy><w>83.9029</w><h>34.2647</h><angle>0.521574</angle></robndbox></object><object><type>robndbox</type><name>wheat_head</name><pose>Unspecified</pose><truncated>0</truncated><difficult>0</difficult><robndbox><cx>448.2498</cx><cy>306.6988</cy><w>87.2939</w><h>39.3528</h><angle>0.429804</angle></robndbox></object><object><type>robndbox</type><name>wheat_head</name><pose>Unspecified</pose><truncated>0</truncated><difficult>0</difficult><robndbox><cx>242.0</cx><cy>644.0</cy><w>58.4207</w><h>54.0623</h><angle>1.859673</angle></robndbox></object><object><type>robndbox</type><name>wheat_head</name><pose>Unspecified</pose><truncated>0</truncated><difficult>0</difficult><robndbox><cx>395.9819</cx><cy>567.5336</cy><w>65.3004</w><h>31.5543</h><angle>0.647349</angle></robndbox></object><object><type>robndbox</type><name>wheat_head</name><pose>Unspecified</pose><truncated>0</truncated><difficult>0</difficult><robndbox><cx>499.9852</cx><cy>255.1891</cy><w>69.3739</w><h>28.3742</h><angle>1.210718</angle></robndbox></object><object><type>robndbox</type><name>wheat_head</name><pose>Unspecified</pose><truncated>0</truncated><difficult>0</difficult><robndbox><cx>608.8986</cx><cy>248.1793</cy><w>88.1326</w><h>35.4311</h><angle>0.407184</angle></robndbox></object><object><type>robndbox</type><name>wheat_head</name><pose>Unspecified</pose><truncated>0</truncated><difficult>0</difficult><robndbox><cx>547.7709</cx><cy>148.3364</cy><w>93.5046</w><h>33.3127</h><angle>0.408547</angle></robndbox></object><object><type>robndbox</type><name>wheat_head</name><pose>Unspecified</pose><truncated>0</truncated><difficult>0</difficult><robndbox><cx>729.395</cx><cy>156.9402</cy><w>62.4773</w><h>36.0524</h><angle>0.493231</angle></robndbox></object><object><type>robndbox</type><name>wheat_head</name><pose>Unspecified</pose><truncated>0</truncated><difficult>0</difficult><robndbox><cx>187.0588</cx><cy>523.7404</cy><w>76.5217</w><h>31.7107</h><angle>0.208585</angle></robndbox></object><object><type>robndbox</type><name>wheat_head</name><pose>Unspecified</pose><truncated>0</truncated><difficult>0</difficult><robndbox><cx>413.8008</cx><cy>717.8152</cy><w>87.0145</w><h>30.1837</h><angle>2.867713</angle></robndbox></object><object><type>robndbox</type><name>wheat_head</name><pose>Unspecified</pose><truncated>0</truncated><difficult>0</difficult><robndbox><cx>538.5375</cx><cy>626.0665</cy><w>92.0969</w><h>35.8345</h><angle>0.313845</angle></robndbox></object><object><type>robndbox</type><name>wheat_head</name><pose>Unspecified</pose><truncated>0</truncated><difficult>0</difficult><robndbox><cx>55.7304</cx><cy>342.4752</cy><w>91.026</w><h>34.8311</h><angle>2.849387</angle></robndbox></object><object><type>robndbox</type><name>wheat_head</name><pose>Unspecified</pose><truncated>0</truncated><difficult>0</difficult><robndbox><cx>347.5369</cx><cy>571.9246</cy><w>64.2158</w><h>27.7799</h><angle>0.572123</angle></robndbox></object><object><type>robndbox</type><name>wheat_head</name><pose>Unspecified</pose><truncated>0</truncated><difficult>0</difficult><robndbox><cx>642.68</cx><cy>594.7162</cy><w>117.9939</w><h>39.5928</h><angle>0.118902</angle></robndbox></object><object><type>robndbox</type><name>wheat_head</name><pose>Unspecified</pose><truncated>0</truncated><difficult>0</difficult><robndbox><cx>333.3497</cx><cy>931.9481</cy><w>94.532</w><h>29.5643</h><angle>0.291224</angle></robndbox></object><object><type>robndbox</type><name>wheat_head</name><pose>Unspecified</pose><truncated>0</truncated><difficult>0</difficult><robndbox><cx>557.522</cx><cy>921.6161</cy><w>111.5748</w><h>33.8792</h><angle>0.105983</angle></robndbox></object><object><type>robndbox</type><name>wheat_head</name><pose>Unspecified</pose><truncated>0</truncated><difficult>0</difficult><robndbox><cx>647.1126</cx><cy>223.5342</cy><w>63.5789</w><h>29.8108</h><angle>0.742855</angle></robndbox></object><object><type>robndbox</type><name>wheat_head</name><pose>Unspecified</pose><truncated>0</truncated><difficult>0</difficult><robndbox><cx>734.5044</cx><cy>624.8429</cy><w>80.0431</w><h>33.2293</h><angle>0.253795</angle></robndbox></object><object><type>robndbox</type><name>wheat_head</name><pose>Unspecified</pose><truncated>0</truncated><difficult>0</difficult><robndbox><cx>909.4252</cx><cy>383.01</cy><w>60.1138</w><h>32.3553</h><angle>0.321563</angle></robndbox></object><object><type>robndbox</type><name>wheat_head</name><pose>Unspecified</pose><truncated>0</truncated><difficult>0</difficult><robndbox><cx>889.3519</cx><cy>656.132</cy><w>79.1813</w><h>32.7725</h><angle>0.248851</angle></robndbox></object><object><type>robndbox</type><name>wheat_head</name><pose>Unspecified</pose><truncated>0</truncated><difficult>0</difficult><robndbox><cx>122.0642</cx><cy>886.1531</cy><w>110.4761</w><h>31.8722</h><angle>0.177019</angle></robndbox></object><object><type>robndbox</type><name>wheat_head</name><pose>Unspecified</pose><truncated>0</truncated><difficult>0</difficult><robndbox><cx>705.9158</cx><cy>547.3384</cy><w>62.0857</w><h>30.1989</h><angle>0.263538</angle></robndbox></object><object><type>robndbox</type><name>wheat_head</name><pose>Unspecified</pose><truncated>0</truncated><difficult>0</difficult><robndbox><cx>903.3043</cx><cy>954.3317</cy><w>85.7663</w><h>28.5644</h><angle>0.172125</angle></robndbox></object><object><type>robndbox</type><name>wheat_head</name><pose>Unspecified</pose><truncated>0</truncated><difficult>0</difficult><robndbox><cx>7.5</cx><cy>260.0</cy><w>18.2846</w><h>10.95</h><angle>2.532838</angle></robndbox></object><object><type>robndbox</type><name>wheat_head</name><pose>Unspecified</pose><truncated>0</truncated><difficult>0</difficult><robndbox><cx>514.5246</cx><cy>309.6838</cy><w>44.1033</w><h>25.1866</h><angle>0.033954</angle></robndbox></object><object><type>robndbox</type><name>wheat_head</name><pose>Unspecified</pose><truncated>0</truncated><difficult>0</difficult><robndbox><cx>334.0225</cx><cy>888.5065</cy><w>76.8752</w><h>34.6811</h><angle>0.546561</angle></robndbox></object><object><type>robndbox</type><name>wheat_head</name><pose>Unspecified</pose><truncated>0</truncated><difficult>0</difficult><robndbox><cx>285.5432</cx><cy>683.7989</cy><w>102.9906</w><h>33.4483</h><angle>2.84342</angle></robndbox></object><object><type>robndbox</type><name>wheat_head</name><pose>Unspecified</pose><truncated>0</truncated><difficult>0</difficult><robndbox><cx>499.8733</cx><cy>694.3668</cy><w>72.7259</w><h>32.4413</h><angle>1.093496</angle></robndbox></object><object><type>robndbox</type><name>wheat_head</name><pose>Unspecified</pose><truncated>0</truncated><difficult>0</difficult><robndbox><cx>540.7748</cx><cy>988.6912</cy><w>55.4307</w><h>31.1891</h><angle>0.163776</angle></robndbox></object><object><type>robndbox</type><name>wheat_head</name><pose>Unspecified</pose><truncated>0</truncated><difficult>0</difficult><robndbox><cx>832.8928</cx><cy>378.2625</cy><w>48.5264</w><h>32.0121</h><angle>0.507363</angle></robndbox></object><object><type>robndbox</type><name>wheat_head</name><pose>Unspecified</pose><truncated>0</truncated><difficult>0</difficult><robndbox><cx>456.7819</cx><cy>178.4865</cy><w>71.1123</w><h>34.7067</h><angle>0.656811</angle></robndbox></object><object><type>robndbox</type><name>wheat_head</name><pose>Unspecified</pose><truncated>0</truncated><difficult>0</difficult><robndbox><cx>654.1256</cx><cy>302.3845</cy><w>115.77</w><h>34.2999</h><angle>2.910202</angle></robndbox></object><object><type>robndbox</type><name>wheat_head</name><pose>Unspecified</pose><truncated>0</truncated><difficult>0</difficult><robndbox><cx>943.7158</cx><cy>255.1547</cy><w>55.393</w><h>29.537</h><angle>0.398818</angle></robndbox></object><object><type>robndbox</type><name>wheat_head</name><pose>Unspecified</pose><truncated>0</truncated><difficult>0</difficult><robndbox><cx>1000.2676</cx><cy>276.2454</cy><w>32.9499</w><h>27.2912</h><angle>0.158426</angle></robndbox></object><object><type>robndbox</type><name>wheat_head</name><pose>Unspecified</pose><truncated>0</truncated><difficult>0</difficult><robndbox><cx>672.9407</cx><cy>679.9482</cy><w>66.1064</w><h>28.6534</h><angle>0.002895</angle></robndbox></object><object><type>robndbox</type><name>wheat_head</name><pose>Unspecified</pose><truncated>0</truncated><difficult>0</difficult><robndbox><cx>406.595</cx><cy>612.8469</cy><w>36.4965</w><h>26.1784</h><angle>1.496034</angle></robndbox></object><object><type>robndbox</type><name>wheat_head</name><pose>Unspecified</pose><truncated>0</truncated><difficult>0</difficult><robndbox><cx>427.1894</cx><cy>974.608</cy><w>95.6701</w><h>26.104</h><angle>0.277462</angle></robndbox></object><object><type>robndbox</type><name>wheat_head</name><pose>Unspecified</pose><truncated>0</truncated><difficult>0</difficult><robndbox><cx>406.8035</cx><cy>518.7364</cy><w>59.3543</w><h>22.7377</h><angle>0.00138</angle></robndbox></object><object><type>robndbox</type><name>wheat_head</name><pose>Unspecified</pose><truncated>0</truncated><difficult>0</difficult><robndbox><cx>874.7299</cx><cy>993.1252</cy><w>37.3218</w><h>29.0221</h><angle>0.150092</angle></robndbox></object><object><type>robndbox</type><name>wheat_head</name><pose>Unspecified</pose><truncated>0</truncated><difficult>0</difficult><robndbox><cx>998.6426</cx><cy>990.6334</cy><w>37.1399</w><h>27.4464</h><angle>0.055368</angle></robndbox></object><object><type>robndbox</type><name>wheat_head</name><pose>Unspecified</pose><truncated>0</truncated><difficult>0</difficult><robndbox><cx>23.6873</cx><cy>992.1881</cy><w>37.3166</w><h>25.3091</h><angle>3.108309</angle></robndbox></object><object><type>robndbox</type><name>wheat_head</name><pose>Unspecified</pose><truncated>0</truncated><difficult>0</difficult><robndbox><cx>34.3469</cx><cy>890.2764</cy><w>54.6144</w><h>30.661</h><angle>0.033095</angle></robndbox></object><object><type>robndbox</type><name>wheat_head</name><pose>Unspecified</pose><truncated>0</truncated><difficult>0</difficult><robndbox><cx>658.1487</cx><cy>783.2028</cy><w>40.0247</w><h>21.6105</h><angle>3.025759</angle></robndbox></object><object><type>robndbox</type><name>wheat_head</name><pose>Unspecified</pose><truncated>0</truncated><difficult>0</difficult><robndbox><cx>533.9684</cx><cy>210.2988</cy><w>70.8411</w><h>27.0889</h><angle>0.042781</angle></robndbox></object><object><type>robndbox</type><name>wheat_head</name><pose>Unspecified</pose><truncated>0</truncated><difficult>0</difficult><robndbox><cx>596.0</cx><cy>192.0</cy><w>36.2569</w><h>23.821</h><angle>3.02247</angle></robndbox></object><object><type>robndbox</type><name>wheat_head</name><pose>Unspecified</pose><truncated>0</truncated><difficult>0</difficult><robndbox><cx>462.5</cx><cy>963.5</cy><w>19.569</w><h>11.4657</h><angle>1.812536</angle></robndbox></object><object><type>robndbox</type><name>wheat_head</name><pose>Unspecified</pose><truncated>0</truncated><difficult>0</difficult><robndbox><cx>36.7836</cx><cy>673.265</cy><w>58.1091</w><h>27.592</h><angle>3.108212</angle></robndbox></object><object><type>robndbox</type><name>wheat_head</name><pose>Unspecified</pose><truncated>0</truncated><difficult>0</difficult><robndbox><cx>129.9642</cx><cy>12.8153</cy><w>55.3565</w><h>14.8022</h><angle>0.262123</angle></robndbox></object><object><type>robndbox</type><name>wheat_head</name><pose>Unspecified</pose><truncated>0</truncated><difficult>0</difficult><robndbox><cx>253.8409</cx><cy>614.5845</cy><w>92.1188</w><h>24.6763</h><angle>2.948842</angle></robndbox></object><object><type>robndbox</type><name>wheat_head</name><pose>Unspecified</pose><truncated>0</truncated><difficult>0</difficult><robndbox><cx>224.2031</cx><cy>990.5352</cy><w>61.9803</w><h>35.6579</h><angle>2.812433</angle></robndbox></object><object><type>robndbox</type><name>wheat_head</name><pose>Unspecified</pose><truncated>0</truncated><difficult>0</difficult><robndbox><cx>499.8733</cx><cy>694.3668</cy><w>72.7259</w><h>32.4413</h><angle>1.093496</angle></robndbox></object><object><type>robndbox</type><name>wheat_head</name><pose>Unspecified</pose><truncated>0</truncated><difficult>0</difficult><robndbox><cx>379.9824</cx><cy>986.8971</cy><w>65.9499</w><h>36.2084</h><angle>0.157193</angle></robndbox></object><object><type>robndbox</type><name>wheat_head</name><pose>Unspecified</pose><truncated>0</truncated><difficult>0</difficult><robndbox><cx>482.4649</cx><cy>1009.412</cy><w>43.6266</w><h>18.9058</h><angle>0.000498</angle></robndbox></object><object><type>robndbox</type><name>wheat_head</name><pose>Unspecified</pose><truncated>0</truncated><difficult>0</difficult><robndbox><cx>454.9621</cx><cy>948.9547</cy><w>93.2877</w><h>31.3731</h><angle>2.92661</angle></robndbox></object><object><type>robndbox</type><name>wheat_head</name><pose>Unspecified</pose><truncated>0</truncated><difficult>0</difficult><robndbox><cx>641.0002</cx><cy>854.8173</cy><w>129.1241</w><h>34.1206</h><angle>0.096063</angle></robndbox></object><object><type>robndbox</type><name>wheat_head</name><pose>Unspecified</pose><truncated>0</truncated><difficult>0</difficult><robndbox><cx>474.07</cx><cy>502.0037</cy><w>54.5653</w><h>27.4424</h><angle>0.467764</angle></robndbox></object><object><type>robndbox</type><name>wheat_head</name><pose>Unspecified</pose><truncated>0</truncated><difficult>0</difficult><robndbox><cx>582.6885</cx><cy>556.0159</cy><w>200.2972</w><h>39.9446</h><angle>0.547106</angle></robndbox></object><object><type>robndbox</type><name>wheat_head</name><pose>Unspecified</pose><truncated>0</truncated><difficult>0</difficult><robndbox><cx>205.9745</cx><cy>218.83</cy><w>75.9977</w><h>25.748</h><angle>0.482525</angle></robndbox></object><object><type>robndbox</type><name>wheat_head</name><pose>Unspecified</pose><truncated>0</truncated><difficult>0</difficult><robndbox><cx>31.7313</cx><cy>220.9911</cy><w>67.4759</w><h>27.4704</h><angle>0.690943</angle></robndbox></object><object><type>robndbox</type><name>wheat_head</name><pose>Unspecified</pose><truncated>0</truncated><difficult>0</difficult><robndbox><cx>565.8063</cx><cy>582.6835</cy><w>37.1214</w><h>18.8524</h><angle>1.095101</angle></robndbox></object><object><type>robndbox</type><name>wheat_head</name><pose>Unspecified</pose><truncated>0</truncated><difficult>0</difficult><robndbox><cx>842.2226</cx><cy>950.6464</cy><w>22.7991</w><h>17.737</h><angle>1.695151</angle></robndbox></object></annotation>