<annotation verified="no"><folder>images</folder><filename>28f619dfe</filename><path>/home/badhon/Documents/thesis/final_dataset/ethz_1/images/28f619dfe.jpg</path><source><database>Unknown</database></source><size><width>1024</width><height>1024</height><depth>3</depth></size><segmented>0</segmented><object><type>robndbox</type><name>wheat_head</name><pose>Unspecified</pose><truncated>0</truncated><difficult>0</difficult><robndbox><cx>893.1445</cx><cy>220.0713</cy><w>83.6775</w><h>37.9697</h><angle>1.094423</angle></robndbox></object><object><type>robndbox</type><name>wheat_head</name><pose>Unspecified</pose><truncated>0</truncated><difficult>0</difficult><robndbox><cx>397.1063</cx><cy>375.0781</cy><w>114.7172</w><h>34.1956</h><angle>0.686892</angle></robndbox></object><object><type>robndbox</type><name>wheat_head</name><pose>Unspecified</pose><truncated>0</truncated><difficult>0</difficult><robndbox><cx>572.6945</cx><cy>443.3009</cy><w>109.2131</w><h>30.0529</h><angle>1.171478</angle></robndbox></object><object><type>robndbox</type><name>wheat_head</name><pose>Unspecified</pose><truncated>0</truncated><difficult>0</difficult><robndbox><cx>839.4985</cx><cy>742.361</cy><w>90.5048</w><h>38.2305</h><angle>1.989492</angle></robndbox></object><object><type>robndbox</type><name>wheat_head</name><pose>Unspecified</pose><truncated>0</truncated><difficult>0</difficult><robndbox><cx>197.774</cx><cy>212.6054</cy><w>97.8402</w><h>38.6903</h><angle>0.349396</angle></robndbox></object><object><type>robndbox</type><name>wheat_head</name><pose>Unspecified</pose><truncated>0</truncated><difficult>0</difficult><robndbox><cx>425.8635</cx><cy>27.9843</cy><w>64.7878</w><h>35.1373</h><angle>0.531028</angle></robndbox></object><object><type>robndbox</type><name>wheat_head</name><pose>Unspecified</pose><truncated>0</truncated><difficult>0</difficult><robndbox><cx>152.7117</cx><cy>464.3936</cy><w>120.4003</w><h>35.1496</h><angle>0.825219</angle></robndbox></object><object><type>robndbox</type><name>wheat_head</name><pose>Unspecified</pose><truncated>0</truncated><difficult>0</difficult><robndbox><cx>685.1332</cx><cy>69.4739</cy><w>109.2574</w><h>40.5012</h><angle>0.342202</angle></robndbox></object><object><type>robndbox</type><name>wheat_head</name><pose>Unspecified</pose><truncated>0</truncated><difficult>0</difficult><robndbox><cx>464.3577</cx><cy>86.5677</cy><w>123.1793</w><h>29.0118</h><angle>0.165931</angle></robndbox></object><object><type>robndbox</type><name>wheat_head</name><pose>Unspecified</pose><truncated>0</truncated><difficult>0</difficult><robndbox><cx>386.6127</cx><cy>222.9997</cy><w>68.9702</w><h>37.107</h><angle>0.431935</angle></robndbox></object><object><type>robndbox</type><name>wheat_head</name><pose>Unspecified</pose><truncated>0</truncated><difficult>0</difficult><robndbox><cx>773.2244</cx><cy>670.871</cy><w>63.9458</w><h>34.6266</h><angle>0.620848</angle></robndbox></object><object><type>robndbox</type><name>wheat_head</name><pose>Unspecified</pose><truncated>0</truncated><difficult>0</difficult><robndbox><cx>64.3376</cx><cy>39.3846</cy><w>119.3069</w><h>31.1362</h><angle>0.437691</angle></robndbox></object><object><type>robndbox</type><name>wheat_head</name><pose>Unspecified</pose><truncated>0</truncated><difficult>0</difficult><robndbox><cx>158.5968</cx><cy>54.7799</cy><w>50.5889</w><h>36.1355</h><angle>0.559101</angle></robndbox></object><object><type>robndbox</type><name>wheat_head</name><pose>Unspecified</pose><truncated>0</truncated><difficult>0</difficult><robndbox><cx>584.7034</cx><cy>12.8873</cy><w>50.6885</w><h>31.8852</h><angle>2.94047</angle></robndbox></object><object><type>robndbox</type><name>wheat_head</name><pose>Unspecified</pose><truncated>0</truncated><difficult>0</difficult><robndbox><cx>594.7541</cx><cy>168.3707</cy><w>89.261</w><h>26.0072</h><angle>0.141022</angle></robndbox></object><object><type>robndbox</type><name>wheat_head</name><pose>Unspecified</pose><truncated>0</truncated><difficult>0</difficult><robndbox><cx>493.7693</cx><cy>939.1539</cy><w>55.0479</w><h>35.8587</h><angle>2.174346</angle></robndbox></object><object><type>robndbox</type><name>wheat_head</name><pose>Unspecified</pose><truncated>0</truncated><difficult>0</difficult><robndbox><cx>17.1523</cx><cy>832.0096</cy><w>34.4459</w><h>32.839</h><angle>1.778333</angle></robndbox></object><object><type>robndbox</type><name>wheat_head</name><pose>Unspecified</pose><truncated>0</truncated><difficult>0</difficult><robndbox><cx>529.1573</cx><cy>298.4344</cy><w>53.8268</w><h>33.8602</h><angle>0.531323</angle></robndbox></object><object><type>robndbox</type><name>wheat_head</name><pose>Unspecified</pose><truncated>0</truncated><difficult>0</difficult><robndbox><cx>325.5723</cx><cy>588.6631</cy><w>72.6388</w><h>29.2963</h><angle>2.623083</angle></robndbox></object><object><type>robndbox</type><name>wheat_head</name><pose>Unspecified</pose><truncated>0</truncated><difficult>0</difficult><robndbox><cx>944.9044</cx><cy>732.9467</cy><w>52.3165</w><h>35.081</h><angle>0.339698</angle></robndbox></object><object><type>robndbox</type><name>wheat_head</name><pose>Unspecified</pose><truncated>0</truncated><difficult>0</difficult><robndbox><cx>662.4401</cx><cy>907.8196</cy><w>62.0034</w><h>30.3145</h><angle>2.608271</angle></robndbox></object><object><type>robndbox</type><name>wheat_head</name><pose>Unspecified</pose><truncated>0</truncated><difficult>0</difficult><robndbox><cx>29.9157</cx><cy>450.9397</cy><w>60.436</w><h>35.7914</h><angle>0.673082</angle></robndbox></object><object><type>robndbox</type><name>wheat_head</name><pose>Unspecified</pose><truncated>0</truncated><difficult>0</difficult><robndbox><cx>68.0135</cx><cy>1000.9343</cy><w>33.1263</w><h>31.5058</h><angle>1.454341</angle></robndbox></object><object><type>robndbox</type><name>wheat_head</name><pose>Unspecified</pose><truncated>0</truncated><difficult>0</difficult><robndbox><cx>481.9203</cx><cy>663.0495</cy><w>128.7198</w><h>41.1341</h><angle>0.411737</angle></robndbox></object><object><type>robndbox</type><name>wheat_head</name><pose>Unspecified</pose><truncated>0</truncated><difficult>0</difficult><robndbox><cx>198.7669</cx><cy>650.397</cy><w>43.3359</w><h>29.8159</h><angle>0.121888</angle></robndbox></object><object><type>robndbox</type><name>wheat_head</name><pose>Unspecified</pose><truncated>0</truncated><difficult>0</difficult><robndbox><cx>890.9475</cx><cy>678.1716</cy><w>77.9973</w><h>37.0167</h><angle>1.977769</angle></robndbox></object><object><type>robndbox</type><name>wheat_head</name><pose>Unspecified</pose><truncated>0</truncated><difficult>0</difficult><robndbox><cx>926.6653</cx><cy>551.2226</cy><w>160.1782</w><h>34.8199</h><angle>0.032147</angle></robndbox></object><object><type>robndbox</type><name>wheat_head</name><pose>Unspecified</pose><truncated>0</truncated><difficult>0</difficult><robndbox><cx>684.2118</cx><cy>371.5395</cy><w>80.9136</w><h>40.8398</h><angle>0.270617</angle></robndbox></object><object><type>robndbox</type><name>wheat_head</name><pose>Unspecified</pose><truncated>0</truncated><difficult>0</difficult><robndbox><cx>347.7781</cx><cy>419.3074</cy><w>87.515</w><h>28.3378</h><angle>0.301449</angle></robndbox></object><object><type>robndbox</type><name>wheat_head</name><pose>Unspecified</pose><truncated>0</truncated><difficult>0</difficult><robndbox><cx>410.4181</cx><cy>708.1581</cy><w>110.6018</w><h>29.3363</h><angle>3.066395</angle></robndbox></object><object><type>robndbox</type><name>wheat_head</name><pose>Unspecified</pose><truncated>0</truncated><difficult>0</difficult><robndbox><cx>996.2099</cx><cy>638.8777</cy><w>80.9558</w><h>34.0598</h><angle>1.969341</angle></robndbox></object><object><type>robndbox</type><name>wheat_head</name><pose>Unspecified</pose><truncated>0</truncated><difficult>0</difficult><robndbox><cx>305.9093</cx><cy>341.0474</cy><w>59.4146</w><h>34.095</h><angle>0.388365</angle></robndbox></object><object><type>robndbox</type><name>wheat_head</name><pose>Unspecified</pose><truncated>0</truncated><difficult>0</difficult><robndbox><cx>804.3264</cx><cy>204.3627</cy><w>47.9018</w><h>40.268</h><angle>1.129861</angle></robndbox></object><object><type>robndbox</type><name>wheat_head</name><pose>Unspecified</pose><truncated>0</truncated><difficult>0</difficult><robndbox><cx>6.5</cx><cy>150.5</cy><w>14.3608</w><h>13.1397</h><angle>2.702749</angle></robndbox></object><object><type>robndbox</type><name>wheat_head</name><pose>Unspecified</pose><truncated>0</truncated><difficult>0</difficult><robndbox><cx>431.1542</cx><cy>537.3216</cy><w>47.4735</w><h>25.6554</h><angle>0.605918</angle></robndbox></object><object><type>robndbox</type><name>wheat_head</name><pose>Unspecified</pose><truncated>0</truncated><difficult>0</difficult><robndbox><cx>695.1319</cx><cy>532.4046</cy><w>68.7671</w><h>36.5652</h><angle>0.144181</angle></robndbox></object><object><type>robndbox</type><name>wheat_head</name><pose>Unspecified</pose><truncated>0</truncated><difficult>0</difficult><robndbox><cx>845.2009</cx><cy>480.6756</cy><w>70.1601</w><h>42.4211</h><angle>0.490637</angle></robndbox></object><object><type>robndbox</type><name>wheat_head</name><pose>Unspecified</pose><truncated>0</truncated><difficult>0</difficult><robndbox><cx>80.6888</cx><cy>12.1738</cy><w>37.5757</w><h>24.8502</h><angle>0.120896</angle></robndbox></object><object><type>robndbox</type><name>wheat_head</name><pose>Unspecified</pose><truncated>0</truncated><difficult>0</difficult><robndbox><cx>163.3968</cx><cy>609.3047</cy><w>50.6139</w><h>31.9643</h><angle>0.227555</angle></robndbox></object><object><type>robndbox</type><name>wheat_head</name><pose>Unspecified</pose><truncated>0</truncated><difficult>0</difficult><robndbox><cx>117.7527</cx><cy>963.9977</cy><w>74.2186</w><h>39.0149</h><angle>0.164603</angle></robndbox></object><object><type>robndbox</type><name>wheat_head</name><pose>Unspecified</pose><truncated>0</truncated><difficult>0</difficult><robndbox><cx>542.9694</cx><cy>119.657</cy><w>64.6271</w><h>33.8729</h><angle>0.019749</angle></robndbox></object><object><type>robndbox</type><name>wheat_head</name><pose>Unspecified</pose><truncated>0</truncated><difficult>0</difficult><robndbox><cx>763.5024</cx><cy>47.5739</cy><w>56.9849</w><h>32.6098</h><angle>3.117447</angle></robndbox></object><object><type>robndbox</type><name>wheat_head</name><pose>Unspecified</pose><truncated>0</truncated><difficult>0</difficult><robndbox><cx>319.5169</cx><cy>628.3082</cy><w>66.9309</w><h>20.2881</h><angle>0.288955</angle></robndbox></object><object><type>robndbox</type><name>wheat_head</name><pose>Unspecified</pose><truncated>0</truncated><difficult>0</difficult><robndbox><cx>308.7104</cx><cy>545.6857</cy><w>58.8837</w><h>34.8328</h><angle>2.921262</angle></robndbox></object><object><type>robndbox</type><name>wheat_head</name><pose>Unspecified</pose><truncated>0</truncated><difficult>0</difficult><robndbox><cx>811.0808</cx><cy>949.8001</cy><w>54.7018</w><h>30.4749</h><angle>0.035482</angle></robndbox></object><object><type>robndbox</type><name>wheat_head</name><pose>Unspecified</pose><truncated>0</truncated><difficult>0</difficult><robndbox><cx>766.8725</cx><cy>912.5111</cy><w>65.8016</w><h>30.072</h><angle>2.65046</angle></robndbox></object><object><type>robndbox</type><name>wheat_head</name><pose>Unspecified</pose><truncated>0</truncated><difficult>0</difficult><robndbox><cx>469.8361</cx><cy>139.9545</cy><w>70.7133</w><h>37.6398</h><angle>2.967129</angle></robndbox></object><object><type>robndbox</type><name>wheat_head</name><pose>Unspecified</pose><truncated>0</truncated><difficult>0</difficult><robndbox><cx>32.9943</cx><cy>247.323</cy><w>60.4693</w><h>41.8399</h><angle>0.207856</angle></robndbox></object><object><type>robndbox</type><name>wheat_head</name><pose>Unspecified</pose><truncated>0</truncated><difficult>0</difficult><robndbox><cx>241.7365</cx><cy>977.9153</cy><w>48.4082</w><h>30.582</h><angle>0.060598</angle></robndbox></object><object><type>robndbox</type><name>wheat_head</name><pose>Unspecified</pose><truncated>0</truncated><difficult>0</difficult><robndbox><cx>458.9743</cx><cy>503.6075</cy><w>73.2342</w><h>33.8192</h><angle>0.648273</angle></robndbox></object><object><type>robndbox</type><name>wheat_head</name><pose>Unspecified</pose><truncated>0</truncated><difficult>0</difficult><robndbox><cx>177.7913</cx><cy>9.5672</cy><w>48.1424</w><h>22.4952</h><angle>0.219771</angle></robndbox></object><object><type>robndbox</type><name>wheat_head</name><pose>Unspecified</pose><truncated>0</truncated><difficult>0</difficult><robndbox><cx>124.3853</cx><cy>811.3872</cy><w>65.3397</w><h>41.282</h><angle>2.925052</angle></robndbox></object><object><type>robndbox</type><name>wheat_head</name><pose>Unspecified</pose><truncated>0</truncated><difficult>0</difficult><robndbox><cx>196.3415</cx><cy>433.4974</cy><w>59.6662</w><h>35.8711</h><angle>0.465653</angle></robndbox></object><object><type>robndbox</type><name>wheat_head</name><pose>Unspecified</pose><truncated>0</truncated><difficult>0</difficult><robndbox><cx>151.1126</cx><cy>896.6409</cy><w>50.047</w><h>38.7711</h><angle>0.259041</angle></robndbox></object><object><type>robndbox</type><name>wheat_head</name><pose>Unspecified</pose><truncated>0</truncated><difficult>0</difficult><robndbox><cx>960.1149</cx><cy>928.4404</cy><w>43.2805</w><h>34.1229</h><angle>0.472186</angle></robndbox></object><object><type>robndbox</type><name>wheat_head</name><pose>Unspecified</pose><truncated>0</truncated><difficult>0</difficult><robndbox><cx>593.9094</cx><cy>388.665</cy><w>34.8057</w><h>34.58</h><angle>2.103601</angle></robndbox></object><object><type>robndbox</type><name>wheat_head</name><pose>Unspecified</pose><truncated>0</truncated><difficult>0</difficult><robndbox><cx>534.7635</cx><cy>540.5992</cy><w>98.88</w><h>41.0003</h><angle>0.259368</angle></robndbox></object><object><type>robndbox</type><name>wheat_head</name><pose>Unspecified</pose><truncated>0</truncated><difficult>0</difficult><robndbox><cx>269.4516</cx><cy>294.3567</cy><w>48.7687</w><h>26.0234</h><angle>1.019716</angle></robndbox></object><object><type>robndbox</type><name>wheat_head</name><pose>Unspecified</pose><truncated>0</truncated><difficult>0</difficult><robndbox><cx>1000.1119</cx><cy>89.5749</cy><w>50.1008</w><h>40.9745</h><angle>1.670899</angle></robndbox></object><object><type>robndbox</type><name>wheat_head</name><pose>Unspecified</pose><truncated>0</truncated><difficult>0</difficult><robndbox><cx>826.7211</cx><cy>973.64</cy><w>56.2556</w><h>28.4035</h><angle>0.135482</angle></robndbox></object><object><type>robndbox</type><name>wheat_head</name><pose>Unspecified</pose><truncated>0</truncated><difficult>0</difficult><robndbox><cx>879.5928</cx><cy>894.3997</cy><w>64.9059</w><h>42.1878</h><angle>3.067266</angle></robndbox></object><object><type>robndbox</type><name>wheat_head</name><pose>Unspecified</pose><truncated>0</truncated><difficult>0</difficult><robndbox><cx>651.5638</cx><cy>563.8257</cy><w>55.6668</w><h>27.0528</h><angle>2.986122</angle></robndbox></object><object><type>robndbox</type><name>wheat_head</name><pose>Unspecified</pose><truncated>0</truncated><difficult>0</difficult><robndbox><cx>614.0778</cx><cy>815.9566</cy><w>61.308</w><h>36.104</h><angle>0.081129</angle></robndbox></object><object><type>robndbox</type><name>wheat_head</name><pose>Unspecified</pose><truncated>0</truncated><difficult>0</difficult><robndbox><cx>100.038</cx><cy>311.3949</cy><w>52.7406</w><h>37.5194</h><angle>0.618004</angle></robndbox></object><object><type>robndbox</type><name>wheat_head</name><pose>Unspecified</pose><truncated>0</truncated><difficult>0</difficult><robndbox><cx>378.4285</cx><cy>667.446</cy><w>88.3393</w><h>30.7142</h><angle>2.571429</angle></robndbox></object><object><type>robndbox</type><name>wheat_head</name><pose>Unspecified</pose><truncated>0</truncated><difficult>0</difficult><robndbox><cx>976.7856</cx><cy>162.2702</cy><w>37.2016</w><h>27.3382</h><angle>0.511528</angle></robndbox></object><object><type>robndbox</type><name>wheat_head</name><pose>Unspecified</pose><truncated>0</truncated><difficult>0</difficult><robndbox><cx>594.6587</cx><cy>219.2741</cy><w>37.6021</w><h>32.7444</h><angle>0.382115</angle></robndbox></object><object><type>robndbox</type><name>wheat_head</name><pose>Unspecified</pose><truncated>0</truncated><difficult>0</difficult><robndbox><cx>794.4656</cx><cy>527.0344</cy><w>41.2717</w><h>36.0625</h><angle>0.180792</angle></robndbox></object><object><type>robndbox</type><name>wheat_head</name><pose>Unspecified</pose><truncated>0</truncated><difficult>0</difficult><robndbox><cx>562.3182</cx><cy>973.0542</cy><w>41.7752</w><h>33.3893</h><angle>0.009114</angle></robndbox></object><object><type>robndbox</type><name>wheat_head</name><pose>Unspecified</pose><truncated>0</truncated><difficult>0</difficult><robndbox><cx>984.9966</cx><cy>1006.1074</cy><w>40.8086</w><h>30.0229</h><angle>0.078941</angle></robndbox></object><object><type>robndbox</type><name>wheat_head</name><pose>Unspecified</pose><truncated>0</truncated><difficult>0</difficult><robndbox><cx>994.5645</cx><cy>876.2593</cy><w>43.5276</w><h>34.6988</h><angle>3.11286</angle></robndbox></object><object><type>robndbox</type><name>wheat_head</name><pose>Unspecified</pose><truncated>0</truncated><difficult>0</difficult><robndbox><cx>1006.755</cx><cy>776.463</cy><w>32.9556</w><h>32.351</h><angle>1.820111</angle></robndbox></object><object><type>robndbox</type><name>wheat_head</name><pose>Unspecified</pose><truncated>0</truncated><difficult>0</difficult><robndbox><cx>853.7411</cx><cy>213.788</cy><w>36.256</w><h>34.9483</h><angle>1.580239</angle></robndbox></object><object><type>robndbox</type><name>wheat_head</name><pose>Unspecified</pose><truncated>0</truncated><difficult>0</difficult><robndbox><cx>817.1013</cx><cy>1002.1446</cy><w>46.4866</w><h>29.1893</h><angle>1.242243</angle></robndbox></object><object><type>robndbox</type><name>wheat_head</name><pose>Unspecified</pose><truncated>0</truncated><difficult>0</difficult><robndbox><cx>276.5308</cx><cy>405.8821</cy><w>57.2713</w><h>26.3594</h><angle>0.211093</angle></robndbox></object><object><type>robndbox</type><name>wheat_head</name><pose>Unspecified</pose><truncated>0</truncated><difficult>0</difficult><robndbox><cx>611.0457</cx><cy>451.4276</cy><w>30.0832</w><h>21.985</h><angle>2.767259</angle></robndbox></object></annotation>