<annotation verified="no"><folder>images</folder><filename>292dac626</filename><path>/home/badhon/Documents/thesis/final_dataset/ethz_1/images/292dac626.jpg</path><source><database>Unknown</database></source><size><width>1024</width><height>1024</height><depth>3</depth></size><segmented>0</segmented><object><type>robndbox</type><name>wheat_head</name><pose>Unspecified</pose><truncated>0</truncated><difficult>0</difficult><robndbox><cx>758.1469</cx><cy>646.9896</cy><w>95.4719</w><h>33.6699</h><angle>0.982911</angle></robndbox></object><object><type>robndbox</type><name>wheat_head</name><pose>Unspecified</pose><truncated>0</truncated><difficult>0</difficult><robndbox><cx>300.2963</cx><cy>205.2097</cy><w>90.9232</w><h>32.7652</h><angle>1.073887</angle></robndbox></object><object><type>robndbox</type><name>wheat_head</name><pose>Unspecified</pose><truncated>0</truncated><difficult>0</difficult><robndbox><cx>434.8508</cx><cy>229.4155</cy><w>88.4033</w><h>38.1742</h><angle>0.940952</angle></robndbox></object><object><type>robndbox</type><name>wheat_head</name><pose>Unspecified</pose><truncated>0</truncated><difficult>0</difficult><robndbox><cx>254.076</cx><cy>78.2736</cy><w>77.7443</w><h>34.5376</h><angle>1.077378</angle></robndbox></object><object><type>robndbox</type><name>wheat_head</name><pose>Unspecified</pose><truncated>0</truncated><difficult>0</difficult><robndbox><cx>833.3971</cx><cy>376.1107</cy><w>83.9216</w><h>35.9941</h><angle>1.032061</angle></robndbox></object><object><type>robndbox</type><name>wheat_head</name><pose>Unspecified</pose><truncated>0</truncated><difficult>0</difficult><robndbox><cx>186.3724</cx><cy>123.2161</cy><w>73.4823</w><h>37.6572</h><angle>1.125937</angle></robndbox></object><object><type>robndbox</type><name>wheat_head</name><pose>Unspecified</pose><truncated>0</truncated><difficult>0</difficult><robndbox><cx>7.6394</cx><cy>279.45</cy><w>26.5517</w><h>12.5295</h><angle>1.583801</angle></robndbox></object><object><type>robndbox</type><name>wheat_head</name><pose>Unspecified</pose><truncated>0</truncated><difficult>0</difficult><robndbox><cx>485.4627</cx><cy>943.4323</cy><w>86.1195</w><h>36.4042</h><angle>1.130002</angle></robndbox></object><object><type>robndbox</type><name>wheat_head</name><pose>Unspecified</pose><truncated>0</truncated><difficult>0</difficult><robndbox><cx>872.1075</cx><cy>757.5361</cy><w>81.9583</w><h>36.6892</h><angle>1.864</angle></robndbox></object><object><type>robndbox</type><name>wheat_head</name><pose>Unspecified</pose><truncated>0</truncated><difficult>0</difficult><robndbox><cx>983.7678</cx><cy>952.024</cy><w>73.9032</w><h>42.4094</h><angle>0.636401</angle></robndbox></object><object><type>robndbox</type><name>wheat_head</name><pose>Unspecified</pose><truncated>0</truncated><difficult>0</difficult><robndbox><cx>909.3765</cx><cy>700.6334</cy><w>67.6988</w><h>30.9344</h><angle>1.062819</angle></robndbox></object><object><type>robndbox</type><name>wheat_head</name><pose>Unspecified</pose><truncated>0</truncated><difficult>0</difficult><robndbox><cx>651.6219</cx><cy>738.5648</cy><w>70.0442</w><h>30.5018</h><angle>0.890719</angle></robndbox></object><object><type>robndbox</type><name>wheat_head</name><pose>Unspecified</pose><truncated>0</truncated><difficult>0</difficult><robndbox><cx>624.2717</cx><cy>349.1553</cy><w>84.6544</w><h>30.9189</h><angle>0.572281</angle></robndbox></object><object><type>robndbox</type><name>wheat_head</name><pose>Unspecified</pose><truncated>0</truncated><difficult>0</difficult><robndbox><cx>823.7001</cx><cy>41.0551</cy><w>89.0582</w><h>30.7681</h><angle>1.215349</angle></robndbox></object><object><type>robndbox</type><name>wheat_head</name><pose>Unspecified</pose><truncated>0</truncated><difficult>0</difficult><robndbox><cx>939.2007</cx><cy>480.9098</cy><w>92.0718</w><h>41.2716</h><angle>0.526948</angle></robndbox></object><object><type>robndbox</type><name>wheat_head</name><pose>Unspecified</pose><truncated>0</truncated><difficult>0</difficult><robndbox><cx>964.7999</cx><cy>681.1644</cy><w>60.0799</w><h>30.2714</h><angle>1.11929</angle></robndbox></object><object><type>robndbox</type><name>wheat_head</name><pose>Unspecified</pose><truncated>0</truncated><difficult>0</difficult><robndbox><cx>174.9922</cx><cy>935.6142</cy><w>120.8696</w><h>39.5244</h><angle>1.023954</angle></robndbox></object><object><type>robndbox</type><name>wheat_head</name><pose>Unspecified</pose><truncated>0</truncated><difficult>0</difficult><robndbox><cx>588.0602</cx><cy>88.9962</cy><w>78.4843</w><h>34.8674</h><angle>1.129075</angle></robndbox></object><object><type>robndbox</type><name>wheat_head</name><pose>Unspecified</pose><truncated>0</truncated><difficult>0</difficult><robndbox><cx>672.8134</cx><cy>162.3651</cy><w>75.9525</w><h>33.1659</h><angle>1.053512</angle></robndbox></object><object><type>robndbox</type><name>wheat_head</name><pose>Unspecified</pose><truncated>0</truncated><difficult>0</difficult><robndbox><cx>831.345</cx><cy>536.7779</cy><w>63.5587</w><h>30.2859</h><angle>1.094499</angle></robndbox></object><object><type>robndbox</type><name>wheat_head</name><pose>Unspecified</pose><truncated>0</truncated><difficult>0</difficult><robndbox><cx>429.6792</cx><cy>497.5088</cy><w>83.3611</w><h>26.8106</h><angle>1.062966</angle></robndbox></object><object><type>robndbox</type><name>wheat_head</name><pose>Unspecified</pose><truncated>0</truncated><difficult>0</difficult><robndbox><cx>473.0914</cx><cy>73.1011</cy><w>71.494</w><h>35.1549</h><angle>0.922325</angle></robndbox></object><object><type>robndbox</type><name>wheat_head</name><pose>Unspecified</pose><truncated>0</truncated><difficult>0</difficult><robndbox><cx>776.4816</cx><cy>811.8955</cy><w>101.1008</w><h>35.7676</h><angle>0.205562</angle></robndbox></object><object><type>robndbox</type><name>wheat_head</name><pose>Unspecified</pose><truncated>0</truncated><difficult>0</difficult><robndbox><cx>912.0773</cx><cy>370.5605</cy><w>44.7249</w><h>29.0347</h><angle>1.257496</angle></robndbox></object><object><type>robndbox</type><name>wheat_head</name><pose>Unspecified</pose><truncated>0</truncated><difficult>0</difficult><robndbox><cx>656.3369</cx><cy>502.4342</cy><w>61.3498</w><h>38.468</h><angle>0.61409</angle></robndbox></object><object><type>robndbox</type><name>wheat_head</name><pose>Unspecified</pose><truncated>0</truncated><difficult>0</difficult><robndbox><cx>894.2169</cx><cy>920.9465</cy><w>67.4759</w><h>30.434</h><angle>1.0709</angle></robndbox></object><object><type>robndbox</type><name>wheat_head</name><pose>Unspecified</pose><truncated>0</truncated><difficult>0</difficult><robndbox><cx>885.6045</cx><cy>255.5698</cy><w>56.1644</w><h>28.9543</h><angle>1.077698</angle></robndbox></object><object><type>robndbox</type><name>wheat_head</name><pose>Unspecified</pose><truncated>0</truncated><difficult>0</difficult><robndbox><cx>391.4014</cx><cy>508.8361</cy><w>64.0848</w><h>30.8206</h><angle>1.023725</angle></robndbox></object><object><type>robndbox</type><name>wheat_head</name><pose>Unspecified</pose><truncated>0</truncated><difficult>0</difficult><robndbox><cx>320.626</cx><cy>676.9576</cy><w>116.748</w><h>36.8077</h><angle>0.872122</angle></robndbox></object><object><type>robndbox</type><name>wheat_head</name><pose>Unspecified</pose><truncated>0</truncated><difficult>0</difficult><robndbox><cx>881.6036</cx><cy>833.4448</cy><w>64.1251</w><h>39.4368</h><angle>0.463505</angle></robndbox></object><object><type>robndbox</type><name>wheat_head</name><pose>Unspecified</pose><truncated>0</truncated><difficult>0</difficult><robndbox><cx>17.1271</cx><cy>433.7683</cy><w>43.7112</w><h>25.7913</h><angle>1.141131</angle></robndbox></object><object><type>robndbox</type><name>wheat_head</name><pose>Unspecified</pose><truncated>0</truncated><difficult>0</difficult><robndbox><cx>635.7439</cx><cy>1010.3642</cy><w>45.1267</w><h>23.6459</h><angle>0.041196</angle></robndbox></object><object><type>robndbox</type><name>wheat_head</name><pose>Unspecified</pose><truncated>0</truncated><difficult>0</difficult><robndbox><cx>905.1469</cx><cy>965.172</cy><w>60.7092</w><h>30.8087</h><angle>0.531857</angle></robndbox></object><object><type>robndbox</type><name>wheat_head</name><pose>Unspecified</pose><truncated>0</truncated><difficult>0</difficult><robndbox><cx>798.3332</cx><cy>580.6868</cy><w>83.9251</w><h>30.2349</h><angle>0.215239</angle></robndbox></object><object><type>robndbox</type><name>wheat_head</name><pose>Unspecified</pose><truncated>0</truncated><difficult>0</difficult><robndbox><cx>45.2327</cx><cy>393.6191</cy><w>86.0225</w><h>39.5315</h><angle>0.332631</angle></robndbox></object><object><type>robndbox</type><name>wheat_head</name><pose>Unspecified</pose><truncated>0</truncated><difficult>0</difficult><robndbox><cx>880.5162</cx><cy>563.7574</cy><w>65.1006</w><h>24.4694</h><angle>1.322599</angle></robndbox></object><object><type>robndbox</type><name>wheat_head</name><pose>Unspecified</pose><truncated>0</truncated><difficult>0</difficult><robndbox><cx>266.8019</cx><cy>157.4825</cy><w>39.5016</w><h>27.4841</h><angle>1.167534</angle></robndbox></object><object><type>robndbox</type><name>wheat_head</name><pose>Unspecified</pose><truncated>0</truncated><difficult>0</difficult><robndbox><cx>877.6571</cx><cy>61.2206</cy><w>71.8626</w><h>27.6625</h><angle>1.481189</angle></robndbox></object><object><type>robndbox</type><name>wheat_head</name><pose>Unspecified</pose><truncated>0</truncated><difficult>0</difficult><robndbox><cx>465.8182</cx><cy>754.7924</cy><w>48.3921</w><h>27.9265</h><angle>1.471868</angle></robndbox></object><object><type>robndbox</type><name>wheat_head</name><pose>Unspecified</pose><truncated>0</truncated><difficult>0</difficult><robndbox><cx>199.5411</cx><cy>497.1425</cy><w>72.0725</w><h>34.9148</h><angle>0.340741</angle></robndbox></object><object><type>robndbox</type><name>wheat_head</name><pose>Unspecified</pose><truncated>0</truncated><difficult>0</difficult><robndbox><cx>852.8674</cx><cy>976.2797</cy><w>58.2423</w><h>30.2</h><angle>1.003912</angle></robndbox></object><object><type>robndbox</type><name>wheat_head</name><pose>Unspecified</pose><truncated>0</truncated><difficult>0</difficult><robndbox><cx>616.9723</cx><cy>841.433</cy><w>64.4528</w><h>31.0817</h><angle>0.214413</angle></robndbox></object><object><type>robndbox</type><name>wheat_head</name><pose>Unspecified</pose><truncated>0</truncated><difficult>0</difficult><robndbox><cx>423.4283</cx><cy>970.6301</cy><w>53.9302</w><h>32.4337</h><angle>0.964174</angle></robndbox></object><object><type>robndbox</type><name>wheat_head</name><pose>Unspecified</pose><truncated>0</truncated><difficult>0</difficult><robndbox><cx>453.709</cx><cy>437.1431</cy><w>59.5753</w><h>29.6216</h><angle>0.438801</angle></robndbox></object><object><type>robndbox</type><name>wheat_head</name><pose>Unspecified</pose><truncated>0</truncated><difficult>0</difficult><robndbox><cx>139.9427</cx><cy>584.3738</cy><w>77.7689</w><h>37.0987</h><angle>0.533003</angle></robndbox></object><object><type>robndbox</type><name>wheat_head</name><pose>Unspecified</pose><truncated>0</truncated><difficult>0</difficult><robndbox><cx>779.0242</cx><cy>435.4991</cy><w>69.9674</w><h>33.5768</h><angle>1.865298</angle></robndbox></object><object><type>robndbox</type><name>wheat_head</name><pose>Unspecified</pose><truncated>0</truncated><difficult>0</difficult><robndbox><cx>655.4413</cx><cy>800.1285</cy><w>67.2446</w><h>26.7532</h><angle>0.10456</angle></robndbox></object><object><type>robndbox</type><name>wheat_head</name><pose>Unspecified</pose><truncated>0</truncated><difficult>0</difficult><robndbox><cx>740.7178</cx><cy>980.5305</cy><w>47.373</w><h>29.3625</h><angle>1.172425</angle></robndbox></object><object><type>robndbox</type><name>wheat_head</name><pose>Unspecified</pose><truncated>0</truncated><difficult>0</difficult><robndbox><cx>860.4053</cx><cy>115.9148</cy><w>37.6295</w><h>23.9878</h><angle>0.92523</angle></robndbox></object><object><type>robndbox</type><name>wheat_head</name><pose>Unspecified</pose><truncated>0</truncated><difficult>0</difficult><robndbox><cx>31.944</cx><cy>201.3083</cy><w>49.1821</w><h>33.0204</h><angle>0.556047</angle></robndbox></object><object><type>robndbox</type><name>wheat_head</name><pose>Unspecified</pose><truncated>0</truncated><difficult>0</difficult><robndbox><cx>759.9967</cx><cy>354.2982</cy><w>63.0619</w><h>35.748</h><angle>1.511028</angle></robndbox></object><object><type>robndbox</type><name>wheat_head</name><pose>Unspecified</pose><truncated>0</truncated><difficult>0</difficult><robndbox><cx>372.2982</cx><cy>352.626</cy><w>74.1027</w><h>38.1275</h><angle>0.528479</angle></robndbox></object><object><type>robndbox</type><name>wheat_head</name><pose>Unspecified</pose><truncated>0</truncated><difficult>0</difficult><robndbox><cx>607.8609</cx><cy>177.9167</cy><w>66.3949</w><h>35.9743</h><angle>1.73269</angle></robndbox></object><object><type>robndbox</type><name>wheat_head</name><pose>Unspecified</pose><truncated>0</truncated><difficult>0</difficult><robndbox><cx>481.037</cx><cy>498.6662</cy><w>42.9826</w><h>31.9523</h><angle>0.24496</angle></robndbox></object><object><type>robndbox</type><name>wheat_head</name><pose>Unspecified</pose><truncated>0</truncated><difficult>0</difficult><robndbox><cx>574.7793</cx><cy>605.3199</cy><w>46.4354</w><h>33.9216</h><angle>0.519905</angle></robndbox></object><object><type>robndbox</type><name>wheat_head</name><pose>Unspecified</pose><truncated>0</truncated><difficult>0</difficult><robndbox><cx>282.2462</cx><cy>1001.1642</cy><w>23.8162</w><h>22.1284</h><angle>2.978957</angle></robndbox></object><object><type>robndbox</type><name>wheat_head</name><pose>Unspecified</pose><truncated>0</truncated><difficult>0</difficult><robndbox><cx>686.728</cx><cy>112.3388</cy><w>40.7649</w><h>32.5189</h><angle>2.033028</angle></robndbox></object><object><type>robndbox</type><name>wheat_head</name><pose>Unspecified</pose><truncated>0</truncated><difficult>0</difficult><robndbox><cx>326.7617</cx><cy>377.2565</cy><w>36.3507</w><h>22.4979</h><angle>1.257654</angle></robndbox></object><object><type>robndbox</type><name>wheat_head</name><pose>Unspecified</pose><truncated>0</truncated><difficult>0</difficult><robndbox><cx>334.5852</cx><cy>838.7488</cy><w>49.1036</w><h>33.4963</h><angle>0.979817</angle></robndbox></object><object><type>robndbox</type><name>wheat_head</name><pose>Unspecified</pose><truncated>0</truncated><difficult>0</difficult><robndbox><cx>910.4909</cx><cy>435.976</cy><w>32.6665</w><h>30.3663</h><angle>2.995974</angle></robndbox></object><object><type>robndbox</type><name>wheat_head</name><pose>Unspecified</pose><truncated>0</truncated><difficult>0</difficult><robndbox><cx>813.3285</cx><cy>473.3414</cy><w>64.6522</w><h>35.5816</h><angle>2.674172</angle></robndbox></object><object><type>robndbox</type><name>wheat_head</name><pose>Unspecified</pose><truncated>0</truncated><difficult>0</difficult><robndbox><cx>627.3619</cx><cy>884.2469</cy><w>58.3952</w><h>30.4601</h><angle>0.222176</angle></robndbox></object><object><type>robndbox</type><name>wheat_head</name><pose>Unspecified</pose><truncated>0</truncated><difficult>0</difficult><robndbox><cx>401.2537</cx><cy>422.3307</cy><w>55.0353</w><h>37.1801</h><angle>2.599685</angle></robndbox></object><object><type>robndbox</type><name>wheat_head</name><pose>Unspecified</pose><truncated>0</truncated><difficult>0</difficult><robndbox><cx>833.9782</cx><cy>932.0222</cy><w>31.3977</w><h>28.7809</h><angle>0.033116</angle></robndbox></object><object><type>robndbox</type><name>wheat_head</name><pose>Unspecified</pose><truncated>0</truncated><difficult>0</difficult><robndbox><cx>781.1831</cx><cy>965.7095</cy><w>41.3979</w><h>27.9682</h><angle>0.195366</angle></robndbox></object><object><type>robndbox</type><name>wheat_head</name><pose>Unspecified</pose><truncated>0</truncated><difficult>0</difficult><robndbox><cx>1011.1046</cx><cy>433.6237</cy><w>28.4159</w><h>23.6958</h><angle>1.567446</angle></robndbox></object><object><type>robndbox</type><name>wheat_head</name><pose>Unspecified</pose><truncated>0</truncated><difficult>0</difficult><robndbox><cx>470.2197</cx><cy>410.203</cy><w>54.8429</w><h>30.0509</h><angle>0.338287</angle></robndbox></object><object><type>robndbox</type><name>wheat_head</name><pose>Unspecified</pose><truncated>0</truncated><difficult>0</difficult><robndbox><cx>166.9593</cx><cy>1013.8685</cy><w>19.2484</w><h>14.2541</h><angle>3.091471</angle></robndbox></object><object><type>robndbox</type><name>wheat_head</name><pose>Unspecified</pose><truncated>0</truncated><difficult>0</difficult><robndbox><cx>575.331</cx><cy>552.5742</cy><w>48.4463</w><h>32.1437</h><angle>0.30966</angle></robndbox></object><object><type>robndbox</type><name>wheat_head</name><pose>Unspecified</pose><truncated>0</truncated><difficult>0</difficult><robndbox><cx>135.5903</cx><cy>472.3164</cy><w>39.0204</w><h>34.3181</h><angle>2.413278</angle></robndbox></object><object><type>robndbox</type><name>wheat_head</name><pose>Unspecified</pose><truncated>0</truncated><difficult>0</difficult><robndbox><cx>611.4497</cx><cy>382.1322</cy><w>34.6699</w><h>24.9459</h><angle>0.990794</angle></robndbox></object><object><type>robndbox</type><name>wheat_head</name><pose>Unspecified</pose><truncated>0</truncated><difficult>0</difficult><robndbox><cx>191.6449</cx><cy>865.1594</cy><w>46.4004</w><h>30.4138</h><angle>0.647811</angle></robndbox></object></annotation>