<annotation verified="no"><folder>images</folder><filename>29b48c0a7</filename><path>/home/badhon/Documents/thesis/final_dataset/ethz_1/images/29b48c0a7.jpg</path><source><database>Unknown</database></source><size><width>1024</width><height>1024</height><depth>3</depth></size><segmented>0</segmented><object><type>robndbox</type><name>wheat_head</name><pose>Unspecified</pose><truncated>0</truncated><difficult>0</difficult><robndbox><cx>379.4116</cx><cy>452.1098</cy><w>101.4379</w><h>36.7816</h><angle>1.12788</angle></robndbox></object><object><type>robndbox</type><name>wheat_head</name><pose>Unspecified</pose><truncated>0</truncated><difficult>0</difficult><robndbox><cx>852.6445</cx><cy>51.2715</cy><w>99.0044</w><h>36.4926</h><angle>1.19923</angle></robndbox></object><object><type>robndbox</type><name>wheat_head</name><pose>Unspecified</pose><truncated>0</truncated><difficult>0</difficult><robndbox><cx>532.2775</cx><cy>824.5074</cy><w>105.3588</w><h>41.6774</h><angle>0.540782</angle></robndbox></object><object><type>robndbox</type><name>wheat_head</name><pose>Unspecified</pose><truncated>0</truncated><difficult>0</difficult><robndbox><cx>64.9851</cx><cy>326.5547</cy><w>78.2624</w><h>13.5034</h><angle>0.483526</angle></robndbox></object><object><type>robndbox</type><name>wheat_head</name><pose>Unspecified</pose><truncated>0</truncated><difficult>0</difficult><robndbox><cx>980.972</cx><cy>433.122</cy><w>82.4594</w><h>38.6326</h><angle>0.737733</angle></robndbox></object><object><type>robndbox</type><name>wheat_head</name><pose>Unspecified</pose><truncated>0</truncated><difficult>0</difficult><robndbox><cx>10.3235</cx><cy>750.456</cy><w>32.5628</w><h>26.9204</h><angle>1.665776</angle></robndbox></object><object><type>robndbox</type><name>wheat_head</name><pose>Unspecified</pose><truncated>0</truncated><difficult>0</difficult><robndbox><cx>428.6085</cx><cy>96.4031</cy><w>134.7303</w><h>37.3033</h><angle>0.286272</angle></robndbox></object><object><type>robndbox</type><name>wheat_head</name><pose>Unspecified</pose><truncated>0</truncated><difficult>0</difficult><robndbox><cx>218.8194</cx><cy>105.503</cy><w>107.9586</w><h>37.1194</h><angle>0.503168</angle></robndbox></object><object><type>robndbox</type><name>wheat_head</name><pose>Unspecified</pose><truncated>0</truncated><difficult>0</difficult><robndbox><cx>452.5308</cx><cy>686.8554</cy><w>175.3164</w><h>29.1655</h><angle>0.356354</angle></robndbox></object><object><type>robndbox</type><name>wheat_head</name><pose>Unspecified</pose><truncated>0</truncated><difficult>0</difficult><robndbox><cx>457.569</cx><cy>40.4127</cy><w>82.2783</w><h>39.2558</h><angle>0.496396</angle></robndbox></object><object><type>robndbox</type><name>wheat_head</name><pose>Unspecified</pose><truncated>0</truncated><difficult>0</difficult><robndbox><cx>176.3782</cx><cy>400.9509</cy><w>169.8912</w><h>27.4248</h><angle>0.827467</angle></robndbox></object><object><type>robndbox</type><name>wheat_head</name><pose>Unspecified</pose><truncated>0</truncated><difficult>0</difficult><robndbox><cx>211.9351</cx><cy>38.9278</cy><w>107.4377</w><h>30.9978</h><angle>0.6753</angle></robndbox></object><object><type>robndbox</type><name>wheat_head</name><pose>Unspecified</pose><truncated>0</truncated><difficult>0</difficult><robndbox><cx>978.7565</cx><cy>230.4169</cy><w>70.4224</w><h>28.1696</h><angle>0.957637</angle></robndbox></object><object><type>robndbox</type><name>wheat_head</name><pose>Unspecified</pose><truncated>0</truncated><difficult>0</difficult><robndbox><cx>979.2812</cx><cy>291.1428</cy><w>93.0311</w><h>38.5278</h><angle>0.595486</angle></robndbox></object><object><type>robndbox</type><name>wheat_head</name><pose>Unspecified</pose><truncated>0</truncated><difficult>0</difficult><robndbox><cx>549.084</cx><cy>665.0543</cy><w>134.0898</w><h>36.6486</h><angle>1.21409</angle></robndbox></object><object><type>robndbox</type><name>wheat_head</name><pose>Unspecified</pose><truncated>0</truncated><difficult>0</difficult><robndbox><cx>111.8716</cx><cy>562.5804</cy><w>145.5213</w><h>35.122</h><angle>0.061231</angle></robndbox></object><object><type>robndbox</type><name>wheat_head</name><pose>Unspecified</pose><truncated>0</truncated><difficult>0</difficult><robndbox><cx>806.8651</cx><cy>423.9324</cy><w>126.2356</w><h>36.2911</h><angle>2.145761</angle></robndbox></object><object><type>robndbox</type><name>wheat_head</name><pose>Unspecified</pose><truncated>0</truncated><difficult>0</difficult><robndbox><cx>44.2866</cx><cy>935.6907</cy><w>81.8993</w><h>39.9258</h><angle>0.350976</angle></robndbox></object><object><type>robndbox</type><name>wheat_head</name><pose>Unspecified</pose><truncated>0</truncated><difficult>0</difficult><robndbox><cx>104.0084</cx><cy>468.3965</cy><w>151.266</w><h>34.9318</h><angle>0.163706</angle></robndbox></object><object><type>robndbox</type><name>wheat_head</name><pose>Unspecified</pose><truncated>0</truncated><difficult>0</difficult><robndbox><cx>301.9512</cx><cy>348.7386</cy><w>182.7419</w><h>40.9466</h><angle>0.578747</angle></robndbox></object><object><type>robndbox</type><name>wheat_head</name><pose>Unspecified</pose><truncated>0</truncated><difficult>0</difficult><robndbox><cx>378.2191</cx><cy>783.934</cy><w>211.8335</w><h>41.0479</h><angle>0.359814</angle></robndbox></object><object><type>robndbox</type><name>wheat_head</name><pose>Unspecified</pose><truncated>0</truncated><difficult>0</difficult><robndbox><cx>990.613</cx><cy>365.1492</cy><w>52.9393</w><h>33.0563</h><angle>0.961489</angle></robndbox></object><object><type>robndbox</type><name>wheat_head</name><pose>Unspecified</pose><truncated>0</truncated><difficult>0</difficult><robndbox><cx>46.375</cx><cy>264.2598</cy><w>130.5051</w><h>40.6973</h><angle>1.059827</angle></robndbox></object><object><type>robndbox</type><name>wheat_head</name><pose>Unspecified</pose><truncated>0</truncated><difficult>0</difficult><robndbox><cx>493.4691</cx><cy>478.7512</cy><w>83.8185</w><h>37.3068</h><angle>0.505677</angle></robndbox></object><object><type>robndbox</type><name>wheat_head</name><pose>Unspecified</pose><truncated>0</truncated><difficult>0</difficult><robndbox><cx>767.6324</cx><cy>17.7709</cy><w>84.5235</w><h>33.2101</h><angle>0.321496</angle></robndbox></object><object><type>robndbox</type><name>wheat_head</name><pose>Unspecified</pose><truncated>0</truncated><difficult>0</difficult><robndbox><cx>962.4635</cx><cy>780.486</cy><w>56.3015</w><h>23.0051</h><angle>1.312743</angle></robndbox></object><object><type>robndbox</type><name>wheat_head</name><pose>Unspecified</pose><truncated>0</truncated><difficult>0</difficult><robndbox><cx>154.9448</cx><cy>638.4291</cy><w>60.3918</w><h>32.8273</h><angle>2.42613</angle></robndbox></object><object><type>robndbox</type><name>wheat_head</name><pose>Unspecified</pose><truncated>0</truncated><difficult>0</difficult><robndbox><cx>6.0</cx><cy>449.5</cy><w>13.4668</w><h>11.683</h><angle>2.67051</angle></robndbox></object><object><type>robndbox</type><name>wheat_head</name><pose>Unspecified</pose><truncated>0</truncated><difficult>0</difficult><robndbox><cx>478.118</cx><cy>653.9443</cy><w>72.316</w><h>18.829</h><angle>1.063184</angle></robndbox></object><object><type>robndbox</type><name>wheat_head</name><pose>Unspecified</pose><truncated>0</truncated><difficult>0</difficult><robndbox><cx>160.8453</cx><cy>432.4866</cy><w>150.1322</w><h>38.3676</h><angle>0.827467</angle></robndbox></object><object><type>robndbox</type><name>wheat_head</name><pose>Unspecified</pose><truncated>0</truncated><difficult>0</difficult><robndbox><cx>46.375</cx><cy>264.2598</cy><w>130.5051</w><h>40.6973</h><angle>1.059827</angle></robndbox></object><object><type>robndbox</type><name>wheat_head</name><pose>Unspecified</pose><truncated>0</truncated><difficult>0</difficult><robndbox><cx>225.4014</cx><cy>618.1897</cy><w>67.1725</w><h>27.0699</h><angle>3.138188</angle></robndbox></object><object><type>robndbox</type><name>wheat_head</name><pose>Unspecified</pose><truncated>0</truncated><difficult>0</difficult><robndbox><cx>894.1171</cx><cy>413.9922</cy><w>83.0155</w><h>34.5479</h><angle>0.617897</angle></robndbox></object><object><type>robndbox</type><name>wheat_head</name><pose>Unspecified</pose><truncated>0</truncated><difficult>0</difficult><robndbox><cx>892.1171</cx><cy>419.9922</cy><w>83.0155</w><h>34.5479</h><angle>0.517897</angle></robndbox></object><object><type>robndbox</type><name>wheat_head</name><pose>Unspecified</pose><truncated>0</truncated><difficult>0</difficult><robndbox><cx>54.7834</cx><cy>352.7507</cy><w>101.1072</w><h>43.1282</h><angle>0.483526</angle></robndbox></object><object><type>robndbox</type><name>wheat_head</name><pose>Unspecified</pose><truncated>0</truncated><difficult>0</difficult><robndbox><cx>759.6243</cx><cy>358.2825</cy><w>188.3462</w><h>42.4304</h><angle>0.664644</angle></robndbox></object><object><type>robndbox</type><name>wheat_head</name><pose>Unspecified</pose><truncated>0</truncated><difficult>0</difficult><robndbox><cx>770.3502</cx><cy>578.873</cy><w>44.1973</w><h>32.4731</h><angle>0.321996</angle></robndbox></object><object><type>robndbox</type><name>wheat_head</name><pose>Unspecified</pose><truncated>0</truncated><difficult>0</difficult><robndbox><cx>959.8339</cx><cy>715.2925</cy><w>52.0293</w><h>38.6074</h><angle>3.044229</angle></robndbox></object><object><type>robndbox</type><name>wheat_head</name><pose>Unspecified</pose><truncated>0</truncated><difficult>0</difficult><robndbox><cx>777.7958</cx><cy>206.1124</cy><w>48.9143</w><h>26.9946</h><angle>0.603561</angle></robndbox></object><object><type>robndbox</type><name>wheat_head</name><pose>Unspecified</pose><truncated>0</truncated><difficult>0</difficult><robndbox><cx>1007.0356</cx><cy>567.7195</cy><w>47.9541</w><h>32.2197</h><angle>2.08979</angle></robndbox></object><object><type>robndbox</type><name>wheat_head</name><pose>Unspecified</pose><truncated>0</truncated><difficult>0</difficult><robndbox><cx>593.1566</cx><cy>153.5267</cy><w>84.6822</w><h>31.727</h><angle>0.374198</angle></robndbox></object><object><type>robndbox</type><name>wheat_head</name><pose>Unspecified</pose><truncated>0</truncated><difficult>0</difficult><robndbox><cx>705.0</cx><cy>96.5</cy><w>189.003</w><h>44.0974</h><angle>2.633474</angle></robndbox></object><object><type>robndbox</type><name>wheat_head</name><pose>Unspecified</pose><truncated>0</truncated><difficult>0</difficult><robndbox><cx>431.3638</cx><cy>632.0721</cy><w>89.3756</w><h>23.4658</h><angle>0.706199</angle></robndbox></object><object><type>robndbox</type><name>wheat_head</name><pose>Unspecified</pose><truncated>0</truncated><difficult>0</difficult><robndbox><cx>12.6234</cx><cy>109.4214</cy><w>33.2415</w><h>30.8354</h><angle>0.764125</angle></robndbox></object><object><type>robndbox</type><name>wheat_head</name><pose>Unspecified</pose><truncated>0</truncated><difficult>0</difficult><robndbox><cx>151.4706</cx><cy>21.6491</cy><w>90.9175</w><h>25.9743</h><angle>0.517782</angle></robndbox></object><object><type>robndbox</type><name>wheat_head</name><pose>Unspecified</pose><truncated>0</truncated><difficult>0</difficult><robndbox><cx>635.8355</cx><cy>272.5828</cy><w>111.7587</w><h>44.3722</h><angle>0.810709</angle></robndbox></object></annotation>