<annotation verified="no"><folder>images</folder><filename>2c793443e</filename><path>/home/badhon/Documents/thesis/final_dataset/ethz_1/images/2c793443e.jpg</path><source><database>Unknown</database></source><size><width>1024</width><height>1024</height><depth>3</depth></size><segmented>0</segmented><object><type>robndbox</type><name>wheat_head</name><pose>Unspecified</pose><truncated>0</truncated><difficult>0</difficult><robndbox><cx>722.159</cx><cy>867.6591</cy><w>79.6129</w><h>33.1908</h><angle>0.865978</angle></robndbox></object><object><type>robndbox</type><name>wheat_head</name><pose>Unspecified</pose><truncated>0</truncated><difficult>0</difficult><robndbox><cx>178.0112</cx><cy>357.3528</cy><w>94.8228</w><h>29.6754</h><angle>1.258586</angle></robndbox></object><object><type>robndbox</type><name>wheat_head</name><pose>Unspecified</pose><truncated>0</truncated><difficult>0</difficult><robndbox><cx>522.9658</cx><cy>857.3864</cy><w>48.8273</w><h>25.2146</h><angle>0.502996</angle></robndbox></object><object><type>robndbox</type><name>wheat_head</name><pose>Unspecified</pose><truncated>0</truncated><difficult>0</difficult><robndbox><cx>565.9653</cx><cy>841.2386</cy><w>85.1618</w><h>27.9815</h><angle>0.419223</angle></robndbox></object><object><type>robndbox</type><name>wheat_head</name><pose>Unspecified</pose><truncated>0</truncated><difficult>0</difficult><robndbox><cx>138.7137</cx><cy>713.8096</cy><w>110.3394</w><h>37.7656</h><angle>0.473845</angle></robndbox></object><object><type>robndbox</type><name>wheat_head</name><pose>Unspecified</pose><truncated>0</truncated><difficult>0</difficult><robndbox><cx>232.2874</cx><cy>70.0763</cy><w>92.9472</w><h>35.2615</h><angle>0.616973</angle></robndbox></object><object><type>robndbox</type><name>wheat_head</name><pose>Unspecified</pose><truncated>0</truncated><difficult>0</difficult><robndbox><cx>565.6562</cx><cy>71.1105</cy><w>110.7753</w><h>36.083</h><angle>0.468052</angle></robndbox></object><object><type>robndbox</type><name>wheat_head</name><pose>Unspecified</pose><truncated>0</truncated><difficult>0</difficult><robndbox><cx>14.2044</cx><cy>420.6682</cy><w>23.5388</w><h>20.808</h><angle>3.124185</angle></robndbox></object><object><type>robndbox</type><name>wheat_head</name><pose>Unspecified</pose><truncated>0</truncated><difficult>0</difficult><robndbox><cx>951.0236</cx><cy>97.8231</cy><w>92.9859</w><h>29.4073</h><angle>0.499404</angle></robndbox></object><object><type>robndbox</type><name>wheat_head</name><pose>Unspecified</pose><truncated>0</truncated><difficult>0</difficult><robndbox><cx>49.9756</cx><cy>125.6571</cy><w>97.0302</w><h>36.4576</h><angle>0.639143</angle></robndbox></object><object><type>robndbox</type><name>wheat_head</name><pose>Unspecified</pose><truncated>0</truncated><difficult>0</difficult><robndbox><cx>290.1458</cx><cy>350.8442</cy><w>109.3103</w><h>38.3089</h><angle>0.501568</angle></robndbox></object><object><type>robndbox</type><name>wheat_head</name><pose>Unspecified</pose><truncated>0</truncated><difficult>0</difficult><robndbox><cx>835.1136</cx><cy>496.199</cy><w>67.6126</w><h>29.0808</h><angle>0.342133</angle></robndbox></object><object><type>robndbox</type><name>wheat_head</name><pose>Unspecified</pose><truncated>0</truncated><difficult>0</difficult><robndbox><cx>154.2542</cx><cy>537.166</cy><w>81.5195</w><h>34.3941</h><angle>0.231229</angle></robndbox></object><object><type>robndbox</type><name>wheat_head</name><pose>Unspecified</pose><truncated>0</truncated><difficult>0</difficult><robndbox><cx>453.2849</cx><cy>121.1549</cy><w>66.4313</w><h>28.3906</h><angle>0.959015</angle></robndbox></object><object><type>robndbox</type><name>wheat_head</name><pose>Unspecified</pose><truncated>0</truncated><difficult>0</difficult><robndbox><cx>231.4168</cx><cy>418.9833</cy><w>78.073</w><h>34.7273</h><angle>0.410158</angle></robndbox></object><object><type>robndbox</type><name>wheat_head</name><pose>Unspecified</pose><truncated>0</truncated><difficult>0</difficult><robndbox><cx>881.7454</cx><cy>805.8909</cy><w>62.8153</w><h>37.8539</h><angle>0.613785</angle></robndbox></object><object><type>robndbox</type><name>wheat_head</name><pose>Unspecified</pose><truncated>0</truncated><difficult>0</difficult><robndbox><cx>473.645</cx><cy>822.1237</cy><w>99.7421</w><h>28.4592</h><angle>2.960815</angle></robndbox></object><object><type>robndbox</type><name>wheat_head</name><pose>Unspecified</pose><truncated>0</truncated><difficult>0</difficult><robndbox><cx>851.9368</cx><cy>769.791</cy><w>50.9101</w><h>24.2062</h><angle>0.467687</angle></robndbox></object><object><type>robndbox</type><name>wheat_head</name><pose>Unspecified</pose><truncated>0</truncated><difficult>0</difficult><robndbox><cx>695.6852</cx><cy>83.974</cy><w>137.4643</w><h>40.9653</h><angle>0.523306</angle></robndbox></object><object><type>robndbox</type><name>wheat_head</name><pose>Unspecified</pose><truncated>0</truncated><difficult>0</difficult><robndbox><cx>565.6562</cx><cy>71.1105</cy><w>110.7753</w><h>36.083</h><angle>0.468052</angle></robndbox></object><object><type>robndbox</type><name>wheat_head</name><pose>Unspecified</pose><truncated>0</truncated><difficult>0</difficult><robndbox><cx>243.2498</cx><cy>23.0289</cy><w>102.3509</w><h>35.9008</h><angle>0.280972</angle></robndbox></object><object><type>robndbox</type><name>wheat_head</name><pose>Unspecified</pose><truncated>0</truncated><difficult>0</difficult><robndbox><cx>710.7498</cx><cy>417.6799</cy><w>66.4755</w><h>35.3058</h><angle>0.411742</angle></robndbox></object><object><type>robndbox</type><name>wheat_head</name><pose>Unspecified</pose><truncated>0</truncated><difficult>0</difficult><robndbox><cx>461.5723</cx><cy>488.2863</cy><w>41.8493</w><h>28.1472</h><angle>0.476636</angle></robndbox></object><object><type>robndbox</type><name>wheat_head</name><pose>Unspecified</pose><truncated>0</truncated><difficult>0</difficult><robndbox><cx>660.8679</cx><cy>407.0241</cy><w>36.0038</w><h>20.532</h><angle>0.511742</angle></robndbox></object><object><type>robndbox</type><name>wheat_head</name><pose>Unspecified</pose><truncated>0</truncated><difficult>0</difficult><robndbox><cx>458.731</cx><cy>727.1785</cy><w>100.8455</w><h>34.627</h><angle>0.874517</angle></robndbox></object><object><type>robndbox</type><name>wheat_head</name><pose>Unspecified</pose><truncated>0</truncated><difficult>0</difficult><robndbox><cx>417.4595</cx><cy>300.3425</cy><w>117.843</w><h>40.9028</h><angle>0.641162</angle></robndbox></object><object><type>robndbox</type><name>wheat_head</name><pose>Unspecified</pose><truncated>0</truncated><difficult>0</difficult><robndbox><cx>873.1265</cx><cy>92.3921</cy><w>77.8989</w><h>36.1391</h><angle>0.642811</angle></robndbox></object><object><type>robndbox</type><name>wheat_head</name><pose>Unspecified</pose><truncated>0</truncated><difficult>0</difficult><robndbox><cx>572.0</cx><cy>125.0</cy><w>32.1009</w><h>22.741</h><angle>1.134591</angle></robndbox></object><object><type>robndbox</type><name>wheat_head</name><pose>Unspecified</pose><truncated>0</truncated><difficult>0</difficult><robndbox><cx>332.5399</cx><cy>431.7972</cy><w>74.1474</w><h>24.1029</h><angle>1.022657</angle></robndbox></object><object><type>robndbox</type><name>wheat_head</name><pose>Unspecified</pose><truncated>0</truncated><difficult>0</difficult><robndbox><cx>987.525</cx><cy>323.9129</cy><w>53.0824</w><h>32.2172</h><angle>1.05867</angle></robndbox></object><object><type>robndbox</type><name>wheat_head</name><pose>Unspecified</pose><truncated>0</truncated><difficult>0</difficult><robndbox><cx>813.3582</cx><cy>434.1563</cy><w>54.9697</w><h>31.0589</h><angle>0.405345</angle></robndbox></object><object><type>robndbox</type><name>wheat_head</name><pose>Unspecified</pose><truncated>0</truncated><difficult>0</difficult><robndbox><cx>846.4362</cx><cy>903.1164</cy><w>67.7064</w><h>32.4462</h><angle>3.008277</angle></robndbox></object><object><type>robndbox</type><name>wheat_head</name><pose>Unspecified</pose><truncated>0</truncated><difficult>0</difficult><robndbox><cx>761.2644</cx><cy>659.822</cy><w>109.7641</w><h>40.8741</h><angle>0.652287</angle></robndbox></object><object><type>robndbox</type><name>wheat_head</name><pose>Unspecified</pose><truncated>0</truncated><difficult>0</difficult><robndbox><cx>509.0291</cx><cy>99.2477</cy><w>103.987</w><h>28.7067</h><angle>0.434623</angle></robndbox></object><object><type>robndbox</type><name>wheat_head</name><pose>Unspecified</pose><truncated>0</truncated><difficult>0</difficult><robndbox><cx>779.97</cx><cy>471.3951</cy><w>66.3546</w><h>29.0727</h><angle>0.266628</angle></robndbox></object><object><type>robndbox</type><name>wheat_head</name><pose>Unspecified</pose><truncated>0</truncated><difficult>0</difficult><robndbox><cx>128.4372</cx><cy>22.4928</cy><w>52.09</w><h>33.5884</h><angle>0.67899</angle></robndbox></object><object><type>robndbox</type><name>wheat_head</name><pose>Unspecified</pose><truncated>0</truncated><difficult>0</difficult><robndbox><cx>12.1512</cx><cy>679.3065</cy><w>23.926</w><h>21.4371</h><angle>1.633153</angle></robndbox></object><object><type>robndbox</type><name>wheat_head</name><pose>Unspecified</pose><truncated>0</truncated><difficult>0</difficult><robndbox><cx>73.0356</cx><cy>52.0544</cy><w>63.5266</w><h>37.7788</h><angle>0.586502</angle></robndbox></object><object><type>robndbox</type><name>wheat_head</name><pose>Unspecified</pose><truncated>0</truncated><difficult>0</difficult><robndbox><cx>757.6728</cx><cy>413.2499</cy><w>39.384</w><h>32.4876</h><angle>0.253034</angle></robndbox></object><object><type>robndbox</type><name>wheat_head</name><pose>Unspecified</pose><truncated>0</truncated><difficult>0</difficult><robndbox><cx>819.4001</cx><cy>862.1949</cy><w>80.0394</w><h>27.4073</h><angle>0.163512</angle></robndbox></object><object><type>robndbox</type><name>wheat_head</name><pose>Unspecified</pose><truncated>0</truncated><difficult>0</difficult><robndbox><cx>21.6239</cx><cy>388.8446</cy><w>37.6569</w><h>36.0633</h><angle>0.26634</angle></robndbox></object><object><type>robndbox</type><name>wheat_head</name><pose>Unspecified</pose><truncated>0</truncated><difficult>0</difficult><robndbox><cx>808.844</cx><cy>341.9167</cy><w>75.619</w><h>39.5592</h><angle>0.544653</angle></robndbox></object><object><type>robndbox</type><name>wheat_head</name><pose>Unspecified</pose><truncated>0</truncated><difficult>0</difficult><robndbox><cx>517.5105</cx><cy>390.5309</cy><w>76.6825</w><h>36.0833</h><angle>0.554573</angle></robndbox></object><object><type>robndbox</type><name>wheat_head</name><pose>Unspecified</pose><truncated>0</truncated><difficult>0</difficult><robndbox><cx>973.7727</cx><cy>404.4433</cy><w>80.9488</w><h>32.5736</h><angle>0.486926</angle></robndbox></object><object><type>robndbox</type><name>wheat_head</name><pose>Unspecified</pose><truncated>0</truncated><difficult>0</difficult><robndbox><cx>947.0553</cx><cy>775.3207</cy><w>78.391</w><h>32.6808</h><angle>0.967039</angle></robndbox></object><object><type>robndbox</type><name>wheat_head</name><pose>Unspecified</pose><truncated>0</truncated><difficult>0</difficult><robndbox><cx>270.8167</cx><cy>699.4862</cy><w>105.8231</w><h>38.1208</h><angle>0.646812</angle></robndbox></object><object><type>robndbox</type><name>wheat_head</name><pose>Unspecified</pose><truncated>0</truncated><difficult>0</difficult><robndbox><cx>409.7758</cx><cy>739.7291</cy><w>94.5061</w><h>37.4866</h><angle>0.703187</angle></robndbox></object><object><type>robndbox</type><name>wheat_head</name><pose>Unspecified</pose><truncated>0</truncated><difficult>0</difficult><robndbox><cx>664.4972</cx><cy>934.4356</cy><w>102.6665</w><h>31.1559</h><angle>0.783931</angle></robndbox></object><object><type>robndbox</type><name>wheat_head</name><pose>Unspecified</pose><truncated>0</truncated><difficult>0</difficult><robndbox><cx>756.9939</cx><cy>855.5296</cy><w>67.2481</w><h>28.1248</h><angle>0.663512</angle></robndbox></object><object><type>robndbox</type><name>wheat_head</name><pose>Unspecified</pose><truncated>0</truncated><difficult>0</difficult><robndbox><cx>293.5</cx><cy>407.5</cy><w>34.1662</w><h>28.3352</h><angle>0.563112</angle></robndbox></object><object><type>robndbox</type><name>wheat_head</name><pose>Unspecified</pose><truncated>0</truncated><difficult>0</difficult><robndbox><cx>899.8112</cx><cy>372.4167</cy><w>118.6872</w><h>34.1584</h><angle>0.325809</angle></robndbox></object><object><type>robndbox</type><name>wheat_head</name><pose>Unspecified</pose><truncated>0</truncated><difficult>0</difficult><robndbox><cx>598.12</cx><cy>6.7076</cy><w>56.6462</w><h>17.9791</h><angle>0.114222</angle></robndbox></object><object><type>robndbox</type><name>wheat_head</name><pose>Unspecified</pose><truncated>0</truncated><difficult>0</difficult><robndbox><cx>796.0696</cx><cy>619.2296</cy><w>30.0421</w><h>21.3799</h><angle>0.243965</angle></robndbox></object><object><type>robndbox</type><name>wheat_head</name><pose>Unspecified</pose><truncated>0</truncated><difficult>0</difficult><robndbox><cx>81.3206</cx><cy>369.352</cy><w>89.3987</w><h>37.9649</h><angle>0.494282</angle></robndbox></object><object><type>robndbox</type><name>wheat_head</name><pose>Unspecified</pose><truncated>0</truncated><difficult>0</difficult><robndbox><cx>34.0257</cx><cy>306.1615</cy><w>60.7454</w><h>31.1479</h><angle>0.394565</angle></robndbox></object><object><type>robndbox</type><name>wheat_head</name><pose>Unspecified</pose><truncated>0</truncated><difficult>0</difficult><robndbox><cx>679.2529</cx><cy>769.5134</cy><w>70.5382</w><h>37.8277</h><angle>0.618556</angle></robndbox></object><object><type>robndbox</type><name>wheat_head</name><pose>Unspecified</pose><truncated>0</truncated><difficult>0</difficult><robndbox><cx>34.5267</cx><cy>54.7015</cy><w>38.3781</w><h>24.2135</h><angle>0.248727</angle></robndbox></object><object><type>robndbox</type><name>wheat_head</name><pose>Unspecified</pose><truncated>0</truncated><difficult>0</difficult><robndbox><cx>685.1354</cx><cy>697.7889</cy><w>95.0888</w><h>39.6894</h><angle>0.527857</angle></robndbox></object><object><type>robndbox</type><name>wheat_head</name><pose>Unspecified</pose><truncated>0</truncated><difficult>0</difficult><robndbox><cx>701.0778</cx><cy>997.8495</cy><w>42.1764</w><h>34.1851</h><angle>1.236384</angle></robndbox></object><object><type>robndbox</type><name>wheat_head</name><pose>Unspecified</pose><truncated>0</truncated><difficult>0</difficult><robndbox><cx>515.808</cx><cy>651.0914</cy><w>94.6203</w><h>37.7904</h><angle>0.518415</angle></robndbox></object><object><type>robndbox</type><name>wheat_head</name><pose>Unspecified</pose><truncated>0</truncated><difficult>0</difficult><robndbox><cx>728.4062</cx><cy>702.9287</cy><w>57.0402</w><h>20.5552</h><angle>0.761157</angle></robndbox></object><object><type>robndbox</type><name>wheat_head</name><pose>Unspecified</pose><truncated>0</truncated><difficult>0</difficult><robndbox><cx>27.7613</cx><cy>788.1255</cy><w>67.7696</w><h>37.542</h><angle>0.488578</angle></robndbox></object><object><type>robndbox</type><name>wheat_head</name><pose>Unspecified</pose><truncated>0</truncated><difficult>0</difficult><robndbox><cx>21.693</cx><cy>838.532</cy><w>40.1252</w><h>23.9592</h><angle>0.153459</angle></robndbox></object><object><type>robndbox</type><name>wheat_head</name><pose>Unspecified</pose><truncated>0</truncated><difficult>0</difficult><robndbox><cx>51.0335</cx><cy>897.0438</cy><w>116.0696</w><h>41.3683</h><angle>0.483938</angle></robndbox></object><object><type>robndbox</type><name>wheat_head</name><pose>Unspecified</pose><truncated>0</truncated><difficult>0</difficult><robndbox><cx>156.6818</cx><cy>881.6735</cy><w>84.9543</w><h>39.4761</h><angle>0.467513</angle></robndbox></object><object><type>robndbox</type><name>wheat_head</name><pose>Unspecified</pose><truncated>0</truncated><difficult>0</difficult><robndbox><cx>77.1556</cx><cy>997.9178</cy><w>32.1944</w><h>25.1573</h><angle>0.316297</angle></robndbox></object><object><type>robndbox</type><name>wheat_head</name><pose>Unspecified</pose><truncated>0</truncated><difficult>0</difficult><robndbox><cx>352.3091</cx><cy>878.9837</cy><w>44.225</w><h>28.1619</h><angle>1.148608</angle></robndbox></object><object><type>robndbox</type><name>wheat_head</name><pose>Unspecified</pose><truncated>0</truncated><difficult>0</difficult><robndbox><cx>167.8224</cx><cy>761.832</cy><w>88.2534</w><h>31.6216</h><angle>0.126911</angle></robndbox></object><object><type>robndbox</type><name>wheat_head</name><pose>Unspecified</pose><truncated>0</truncated><difficult>0</difficult><robndbox><cx>267.5638</cx><cy>781.1675</cy><w>78.6304</w><h>30.5389</h><angle>0.150513</angle></robndbox></object><object><type>robndbox</type><name>wheat_head</name><pose>Unspecified</pose><truncated>0</truncated><difficult>0</difficult><robndbox><cx>261.9313</cx><cy>816.8651</cy><w>94.8681</w><h>26.0074</h><angle>0.356576</angle></robndbox></object><object><type>robndbox</type><name>wheat_head</name><pose>Unspecified</pose><truncated>0</truncated><difficult>0</difficult><robndbox><cx>261.9313</cx><cy>816.8651</cy><w>94.8681</w><h>26.0074</h><angle>0.356576</angle></robndbox></object><object><type>robndbox</type><name>wheat_head</name><pose>Unspecified</pose><truncated>0</truncated><difficult>0</difficult><robndbox><cx>404.702</cx><cy>865.2426</cy><w>99.8488</w><h>33.1391</h><angle>0.607976</angle></robndbox></object><object><type>robndbox</type><name>wheat_head</name><pose>Unspecified</pose><truncated>0</truncated><difficult>0</difficult><robndbox><cx>941.2784</cx><cy>24.2369</cy><w>57.5087</w><h>28.9593</h><angle>1.207309</angle></robndbox></object><object><type>robndbox</type><name>wheat_head</name><pose>Unspecified</pose><truncated>0</truncated><difficult>0</difficult><robndbox><cx>21.2731</cx><cy>30.8524</cy><w>46.5296</w><h>27.9737</h><angle>0.492486</angle></robndbox></object><object><type>robndbox</type><name>wheat_head</name><pose>Unspecified</pose><truncated>0</truncated><difficult>0</difficult><robndbox><cx>333.818</cx><cy>818.6343</cy><w>60.803</w><h>33.7069</h><angle>0.837163</angle></robndbox></object></annotation>