<annotation verified="no"><folder>images</folder><filename>2e1ed4321</filename><path>/home/badhon/Documents/thesis/final_dataset/ethz_1/images/2e1ed4321.jpg</path><source><database>Unknown</database></source><size><width>1024</width><height>1024</height><depth>3</depth></size><segmented>0</segmented><object><type>robndbox</type><name>wheat_head</name><pose>Unspecified</pose><truncated>0</truncated><difficult>0</difficult><robndbox><cx>95.3686</cx><cy>874.6462</cy><w>87.6332</w><h>32.9239</h><angle>0.934832</angle></robndbox></object><object><type>robndbox</type><name>wheat_head</name><pose>Unspecified</pose><truncated>0</truncated><difficult>0</difficult><robndbox><cx>868.6375</cx><cy>440.4326</cy><w>75.9458</w><h>39.1757</h><angle>0.230998</angle></robndbox></object><object><type>robndbox</type><name>wheat_head</name><pose>Unspecified</pose><truncated>0</truncated><difficult>0</difficult><robndbox><cx>832.0958</cx><cy>763.2928</cy><w>61.6722</w><h>32.8222</h><angle>0.9562</angle></robndbox></object><object><type>robndbox</type><name>wheat_head</name><pose>Unspecified</pose><truncated>0</truncated><difficult>0</difficult><robndbox><cx>275.2807</cx><cy>29.5104</cy><w>70.586</w><h>34.7307</h><angle>1.046561</angle></robndbox></object><object><type>robndbox</type><name>wheat_head</name><pose>Unspecified</pose><truncated>0</truncated><difficult>0</difficult><robndbox><cx>903.0412</cx><cy>358.1596</cy><w>108.3444</w><h>38.4059</h><angle>0.281326</angle></robndbox></object><object><type>robndbox</type><name>wheat_head</name><pose>Unspecified</pose><truncated>0</truncated><difficult>0</difficult><robndbox><cx>893.068</cx><cy>746.8969</cy><w>92.644</w><h>35.1542</h><angle>0.947638</angle></robndbox></object><object><type>robndbox</type><name>wheat_head</name><pose>Unspecified</pose><truncated>0</truncated><difficult>0</difficult><robndbox><cx>855.9247</cx><cy>222.7683</cy><w>75.6279</w><h>38.9088</h><angle>0.436425</angle></robndbox></object><object><type>robndbox</type><name>wheat_head</name><pose>Unspecified</pose><truncated>0</truncated><difficult>0</difficult><robndbox><cx>559.011</cx><cy>23.8439</cy><w>52.1045</w><h>30.1736</h><angle>1.056568</angle></robndbox></object><object><type>robndbox</type><name>wheat_head</name><pose>Unspecified</pose><truncated>0</truncated><difficult>0</difficult><robndbox><cx>405.7262</cx><cy>699.7809</cy><w>62.9122</w><h>32.107</h><angle>0.803718</angle></robndbox></object><object><type>robndbox</type><name>wheat_head</name><pose>Unspecified</pose><truncated>0</truncated><difficult>0</difficult><robndbox><cx>997.3277</cx><cy>568.3099</cy><w>47.9481</w><h>35.8293</h><angle>1.830451</angle></robndbox></object><object><type>robndbox</type><name>wheat_head</name><pose>Unspecified</pose><truncated>0</truncated><difficult>0</difficult><robndbox><cx>448.6484</cx><cy>124.6193</cy><w>70.9411</w><h>32.9371</h><angle>1.198866</angle></robndbox></object><object><type>robndbox</type><name>wheat_head</name><pose>Unspecified</pose><truncated>0</truncated><difficult>0</difficult><robndbox><cx>167.3135</cx><cy>679.639</cy><w>102.9359</w><h>34.753</h><angle>0.674389</angle></robndbox></object><object><type>robndbox</type><name>wheat_head</name><pose>Unspecified</pose><truncated>0</truncated><difficult>0</difficult><robndbox><cx>435.505</cx><cy>310.9339</cy><w>132.7491</w><h>34.5499</h><angle>0.435488</angle></robndbox></object><object><type>robndbox</type><name>wheat_head</name><pose>Unspecified</pose><truncated>0</truncated><difficult>0</difficult><robndbox><cx>222.1649</cx><cy>529.143</cy><w>72.7788</w><h>31.6332</h><angle>2.926233</angle></robndbox></object><object><type>robndbox</type><name>wheat_head</name><pose>Unspecified</pose><truncated>0</truncated><difficult>0</difficult><robndbox><cx>143.6396</cx><cy>71.545</cy><w>134.3163</w><h>40.8137</h><angle>0.342815</angle></robndbox></object><object><type>robndbox</type><name>wheat_head</name><pose>Unspecified</pose><truncated>0</truncated><difficult>0</difficult><robndbox><cx>62.3292</cx><cy>741.4428</cy><w>112.0382</w><h>36.4464</h><angle>0.270987</angle></robndbox></object><object><type>robndbox</type><name>wheat_head</name><pose>Unspecified</pose><truncated>0</truncated><difficult>0</difficult><robndbox><cx>381.4444</cx><cy>943.1276</cy><w>143.7168</w><h>35.9878</h><angle>0.880136</angle></robndbox></object><object><type>robndbox</type><name>wheat_head</name><pose>Unspecified</pose><truncated>0</truncated><difficult>0</difficult><robndbox><cx>808.9152</cx><cy>50.766</cy><w>54.0369</w><h>26.5486</h><angle>1.503999</angle></robndbox></object><object><type>robndbox</type><name>wheat_head</name><pose>Unspecified</pose><truncated>0</truncated><difficult>0</difficult><robndbox><cx>637.7916</cx><cy>82.0291</cy><w>83.8731</w><h>31.8737</h><angle>0.327836</angle></robndbox></object><object><type>robndbox</type><name>wheat_head</name><pose>Unspecified</pose><truncated>0</truncated><difficult>0</difficult><robndbox><cx>473.5578</cx><cy>542.2354</cy><w>93.2885</w><h>37.3824</h><angle>2.446188</angle></robndbox></object><object><type>robndbox</type><name>wheat_head</name><pose>Unspecified</pose><truncated>0</truncated><difficult>0</difficult><robndbox><cx>482.6725</cx><cy>18.3014</cy><w>44.7874</w><h>31.1736</h><angle>1.167609</angle></robndbox></object><object><type>robndbox</type><name>wheat_head</name><pose>Unspecified</pose><truncated>0</truncated><difficult>0</difficult><robndbox><cx>341.1726</cx><cy>999.1247</cy><w>34.4799</w><h>31.967</h><angle>1.605027</angle></robndbox></object><object><type>robndbox</type><name>wheat_head</name><pose>Unspecified</pose><truncated>0</truncated><difficult>0</difficult><robndbox><cx>298.6687</cx><cy>821.9677</cy><w>85.4955</w><h>35.3181</h><angle>3.059346</angle></robndbox></object><object><type>robndbox</type><name>wheat_head</name><pose>Unspecified</pose><truncated>0</truncated><difficult>0</difficult><robndbox><cx>544.1031</cx><cy>957.1885</cy><w>97.0763</w><h>37.5139</h><angle>1.227826</angle></robndbox></object><object><type>robndbox</type><name>wheat_head</name><pose>Unspecified</pose><truncated>0</truncated><difficult>0</difficult><robndbox><cx>232.1266</cx><cy>863.1142</cy><w>97.1566</w><h>32.7484</h><angle>0.164136</angle></robndbox></object><object><type>robndbox</type><name>wheat_head</name><pose>Unspecified</pose><truncated>0</truncated><difficult>0</difficult><robndbox><cx>939.0</cx><cy>368.0</cy><w>97.191</w><h>63.1676</h><angle>2.656981</angle></robndbox></object><object><type>robndbox</type><name>wheat_head</name><pose>Unspecified</pose><truncated>0</truncated><difficult>0</difficult><robndbox><cx>584.7089</cx><cy>412.2333</cy><w>105.3681</w><h>38.3214</h><angle>0.643755</angle></robndbox></object><object><type>robndbox</type><name>wheat_head</name><pose>Unspecified</pose><truncated>0</truncated><difficult>0</difficult><robndbox><cx>721.4742</cx><cy>114.622</cy><w>87.6413</w><h>29.0127</h><angle>0.016146</angle></robndbox></object><object><type>robndbox</type><name>wheat_head</name><pose>Unspecified</pose><truncated>0</truncated><difficult>0</difficult><robndbox><cx>986.2072</cx><cy>883.7122</cy><w>49.9127</w><h>32.6365</h><angle>2.789928</angle></robndbox></object><object><type>robndbox</type><name>wheat_head</name><pose>Unspecified</pose><truncated>0</truncated><difficult>0</difficult><robndbox><cx>584.7089</cx><cy>412.2333</cy><w>105.3681</w><h>38.3214</h><angle>0.643755</angle></robndbox></object><object><type>robndbox</type><name>wheat_head</name><pose>Unspecified</pose><truncated>0</truncated><difficult>0</difficult><robndbox><cx>592.3994</cx><cy>323.0552</cy><w>51.2284</w><h>27.7212</h><angle>1.030616</angle></robndbox></object><object><type>robndbox</type><name>wheat_head</name><pose>Unspecified</pose><truncated>0</truncated><difficult>0</difficult><robndbox><cx>315.1844</cx><cy>643.8699</cy><w>103.764</w><h>37.2483</h><angle>0.383483</angle></robndbox></object><object><type>robndbox</type><name>wheat_head</name><pose>Unspecified</pose><truncated>0</truncated><difficult>0</difficult><robndbox><cx>814.0098</cx><cy>8.0349</cy><w>29.9495</w><h>15.1392</h><angle>3.038923</angle></robndbox></object><object><type>robndbox</type><name>wheat_head</name><pose>Unspecified</pose><truncated>0</truncated><difficult>0</difficult><robndbox><cx>437.1304</cx><cy>604.2122</cy><w>68.569</w><h>33.0671</h><angle>2.898004</angle></robndbox></object><object><type>robndbox</type><name>wheat_head</name><pose>Unspecified</pose><truncated>0</truncated><difficult>0</difficult><robndbox><cx>499.3748</cx><cy>172.5669</cy><w>54.9978</w><h>28.1369</h><angle>0.706217</angle></robndbox></object><object><type>robndbox</type><name>wheat_head</name><pose>Unspecified</pose><truncated>0</truncated><difficult>0</difficult><robndbox><cx>660.9391</cx><cy>367.8935</cy><w>77.7658</w><h>31.7759</h><angle>0.036283</angle></robndbox></object><object><type>robndbox</type><name>wheat_head</name><pose>Unspecified</pose><truncated>0</truncated><difficult>0</difficult><robndbox><cx>340.7274</cx><cy>217.2327</cy><w>81.603</w><h>39.884</h><angle>0.401297</angle></robndbox></object><object><type>robndbox</type><name>wheat_head</name><pose>Unspecified</pose><truncated>0</truncated><difficult>0</difficult><robndbox><cx>603.139</cx><cy>951.7326</cy><w>45.3196</w><h>30.5431</h><angle>2.685236</angle></robndbox></object><object><type>robndbox</type><name>wheat_head</name><pose>Unspecified</pose><truncated>0</truncated><difficult>0</difficult><robndbox><cx>991.8774</cx><cy>702.7831</cy><w>45.1841</w><h>38.3088</h><angle>2.666872</angle></robndbox></object><object><type>robndbox</type><name>wheat_head</name><pose>Unspecified</pose><truncated>0</truncated><difficult>0</difficult><robndbox><cx>77.4447</cx><cy>470.0345</cy><w>141.9952</w><h>31.746</h><angle>0.130072</angle></robndbox></object><object><type>robndbox</type><name>wheat_head</name><pose>Unspecified</pose><truncated>0</truncated><difficult>0</difficult><robndbox><cx>922.7626</cx><cy>876.0307</cy><w>65.6944</w><h>29.1697</h><angle>3.062852</angle></robndbox></object><object><type>robndbox</type><name>wheat_head</name><pose>Unspecified</pose><truncated>0</truncated><difficult>0</difficult><robndbox><cx>997.2343</cx><cy>409.6221</cy><w>40.3227</w><h>30.955</h><angle>1.259506</angle></robndbox></object><object><type>robndbox</type><name>wheat_head</name><pose>Unspecified</pose><truncated>0</truncated><difficult>0</difficult><robndbox><cx>427.9869</cx><cy>828.4044</cy><w>139.6667</w><h>25.8781</h><angle>3.090178</angle></robndbox></object><object><type>robndbox</type><name>wheat_head</name><pose>Unspecified</pose><truncated>0</truncated><difficult>0</difficult><robndbox><cx>441.3905</cx><cy>999.176</cy><w>43.9032</w><h>27.3787</h><angle>0.175893</angle></robndbox></object><object><type>robndbox</type><name>wheat_head</name><pose>Unspecified</pose><truncated>0</truncated><difficult>0</difficult><robndbox><cx>490.9425</cx><cy>861.3386</cy><w>47.936</w><h>29.2664</h><angle>2.633186</angle></robndbox></object><object><type>robndbox</type><name>wheat_head</name><pose>Unspecified</pose><truncated>0</truncated><difficult>0</difficult><robndbox><cx>16.5</cx><cy>496.5</cy><w>40.737</w><h>32.7239</h><angle>2.107949</angle></robndbox></object><object><type>robndbox</type><name>wheat_head</name><pose>Unspecified</pose><truncated>0</truncated><difficult>0</difficult><robndbox><cx>868.6375</cx><cy>440.4326</cy><w>75.9458</w><h>39.1757</h><angle>0.230998</angle></robndbox></object><object><type>robndbox</type><name>wheat_head</name><pose>Unspecified</pose><truncated>0</truncated><difficult>0</difficult><robndbox><cx>31.4857</cx><cy>429.6288</cy><w>51.0738</w><h>30.1966</h><angle>0.07883</angle></robndbox></object><object><type>robndbox</type><name>wheat_head</name><pose>Unspecified</pose><truncated>0</truncated><difficult>0</difficult><robndbox><cx>35.7519</cx><cy>947.2399</cy><w>61.3273</w><h>25.1857</h><angle>0.242359</angle></robndbox></object><object><type>robndbox</type><name>wheat_head</name><pose>Unspecified</pose><truncated>0</truncated><difficult>0</difficult><robndbox><cx>673.162</cx><cy>823.2825</cy><w>46.4644</w><h>27.4867</h><angle>0.297785</angle></robndbox></object><object><type>robndbox</type><name>wheat_head</name><pose>Unspecified</pose><truncated>0</truncated><difficult>0</difficult><robndbox><cx>721.068</cx><cy>788.818</cy><w>38.5037</w><h>25.8116</h><angle>0.574363</angle></robndbox></object><object><type>robndbox</type><name>wheat_head</name><pose>Unspecified</pose><truncated>0</truncated><difficult>0</difficult><robndbox><cx>23.4727</cx><cy>398.2811</cy><w>59.8164</w><h>13.9773</h><angle>0.666908</angle></robndbox></object></annotation>