<annotation verified="no"><folder>images</folder><filename>302fd5e69</filename><path>/home/badhon/Documents/thesis/final_dataset/ethz_1/images/302fd5e69.jpg</path><source><database>Unknown</database></source><size><width>1024</width><height>1024</height><depth>3</depth></size><segmented>0</segmented><object><type>robndbox</type><name>wheat_head</name><pose>Unspecified</pose><truncated>0</truncated><difficult>0</difficult><robndbox><cx>816.7944</cx><cy>68.0347</cy><w>95.6262</w><h>37.12</h><angle>1.034819</angle></robndbox></object><object><type>robndbox</type><name>wheat_head</name><pose>Unspecified</pose><truncated>0</truncated><difficult>0</difficult><robndbox><cx>797.9783</cx><cy>279.9151</cy><w>82.7376</w><h>32.9759</h><angle>1.089927</angle></robndbox></object><object><type>robndbox</type><name>wheat_head</name><pose>Unspecified</pose><truncated>0</truncated><difficult>0</difficult><robndbox><cx>506.6909</cx><cy>252.5</cy><w>68.5547</w><h>33.2362</h><angle>0.909981</angle></robndbox></object><object><type>robndbox</type><name>wheat_head</name><pose>Unspecified</pose><truncated>0</truncated><difficult>0</difficult><robndbox><cx>995.0588</cx><cy>237.501</cy><w>60.6278</w><h>30.5815</h><angle>1.125025</angle></robndbox></object><object><type>robndbox</type><name>wheat_head</name><pose>Unspecified</pose><truncated>0</truncated><difficult>0</difficult><robndbox><cx>17.628</cx><cy>118.9033</cy><w>66.9279</w><h>25.5905</h><angle>1.287087</angle></robndbox></object><object><type>robndbox</type><name>wheat_head</name><pose>Unspecified</pose><truncated>0</truncated><difficult>0</difficult><robndbox><cx>891.2031</cx><cy>469.1297</cy><w>82.5177</w><h>34.4628</h><angle>0.968108</angle></robndbox></object><object><type>robndbox</type><name>wheat_head</name><pose>Unspecified</pose><truncated>0</truncated><difficult>0</difficult><robndbox><cx>109.8754</cx><cy>485.5497</cy><w>74.1938</w><h>34.6002</h><angle>0.392857</angle></robndbox></object><object><type>robndbox</type><name>wheat_head</name><pose>Unspecified</pose><truncated>0</truncated><difficult>0</difficult><robndbox><cx>258.2175</cx><cy>991.1816</cy><w>61.4875</w><h>37.8667</h><angle>0.604775</angle></robndbox></object><object><type>robndbox</type><name>wheat_head</name><pose>Unspecified</pose><truncated>0</truncated><difficult>0</difficult><robndbox><cx>653.9217</cx><cy>442.5657</cy><w>97.4757</w><h>33.135</h><angle>0.585623</angle></robndbox></object><object><type>robndbox</type><name>wheat_head</name><pose>Unspecified</pose><truncated>0</truncated><difficult>0</difficult><robndbox><cx>94.5174</cx><cy>138.7476</cy><w>63.9536</w><h>33.0501</h><angle>1.029848</angle></robndbox></object><object><type>robndbox</type><name>wheat_head</name><pose>Unspecified</pose><truncated>0</truncated><difficult>0</difficult><robndbox><cx>45.4752</cx><cy>508.9733</cy><w>85.4783</w><h>40.3615</h><angle>0.52637</angle></robndbox></object><object><type>robndbox</type><name>wheat_head</name><pose>Unspecified</pose><truncated>0</truncated><difficult>0</difficult><robndbox><cx>748.0048</cx><cy>837.3257</cy><w>77.338</w><h>28.9649</h><angle>0.640122</angle></robndbox></object><object><type>robndbox</type><name>wheat_head</name><pose>Unspecified</pose><truncated>0</truncated><difficult>0</difficult><robndbox><cx>319.5101</cx><cy>745.7124</cy><w>55.9219</w><h>33.5754</h><angle>0.979793</angle></robndbox></object><object><type>robndbox</type><name>wheat_head</name><pose>Unspecified</pose><truncated>0</truncated><difficult>0</difficult><robndbox><cx>832.8453</cx><cy>394.28</cy><w>67.2147</w><h>37.247</h><angle>0.433943</angle></robndbox></object><object><type>robndbox</type><name>wheat_head</name><pose>Unspecified</pose><truncated>0</truncated><difficult>0</difficult><robndbox><cx>345.7275</cx><cy>406.054</cy><w>61.0796</w><h>38.0213</h><angle>0.65772</angle></robndbox></object><object><type>robndbox</type><name>wheat_head</name><pose>Unspecified</pose><truncated>0</truncated><difficult>0</difficult><robndbox><cx>855.8289</cx><cy>855.6259</cy><w>68.2764</w><h>30.5059</h><angle>0.519257</angle></robndbox></object><object><type>robndbox</type><name>wheat_head</name><pose>Unspecified</pose><truncated>0</truncated><difficult>0</difficult><robndbox><cx>585.8259</cx><cy>799.9258</cy><w>66.9328</w><h>36.4045</h><angle>0.698244</angle></robndbox></object><object><type>robndbox</type><name>wheat_head</name><pose>Unspecified</pose><truncated>0</truncated><difficult>0</difficult><robndbox><cx>444.6982</cx><cy>967.4794</cy><w>64.1255</w><h>39.0394</h><angle>2.488946</angle></robndbox></object><object><type>robndbox</type><name>wheat_head</name><pose>Unspecified</pose><truncated>0</truncated><difficult>0</difficult><robndbox><cx>312.7846</cx><cy>264.0513</cy><w>66.8552</w><h>34.7933</h><angle>0.35155</angle></robndbox></object><object><type>robndbox</type><name>wheat_head</name><pose>Unspecified</pose><truncated>0</truncated><difficult>0</difficult><robndbox><cx>79.864</cx><cy>369.7984</cy><w>158.8089</w><h>38.0698</h><angle>0.445059</angle></robndbox></object><object><type>robndbox</type><name>wheat_head</name><pose>Unspecified</pose><truncated>0</truncated><difficult>0</difficult><robndbox><cx>643.6061</cx><cy>788.5888</cy><w>59.9194</w><h>37.055</h><angle>0.950896</angle></robndbox></object><object><type>robndbox</type><name>wheat_head</name><pose>Unspecified</pose><truncated>0</truncated><difficult>0</difficult><robndbox><cx>340.4609</cx><cy>538.2336</cy><w>62.713</w><h>27.7981</h><angle>0.531751</angle></robndbox></object><object><type>robndbox</type><name>wheat_head</name><pose>Unspecified</pose><truncated>0</truncated><difficult>0</difficult><robndbox><cx>706.8981</cx><cy>521.0559</cy><w>73.1657</w><h>38.3915</h><angle>0.325614</angle></robndbox></object><object><type>robndbox</type><name>wheat_head</name><pose>Unspecified</pose><truncated>0</truncated><difficult>0</difficult><robndbox><cx>822.3994</cx><cy>684.9626</cy><w>45.738</w><h>30.4131</h><angle>0.496513</angle></robndbox></object><object><type>robndbox</type><name>wheat_head</name><pose>Unspecified</pose><truncated>0</truncated><difficult>0</difficult><robndbox><cx>255.172</cx><cy>576.3707</cy><w>51.1947</w><h>35.5684</h><angle>1.041635</angle></robndbox></object><object><type>robndbox</type><name>wheat_head</name><pose>Unspecified</pose><truncated>0</truncated><difficult>0</difficult><robndbox><cx>951.0876</cx><cy>951.3405</cy><w>54.196</w><h>28.4858</h><angle>0.939426</angle></robndbox></object><object><type>robndbox</type><name>wheat_head</name><pose>Unspecified</pose><truncated>0</truncated><difficult>0</difficult><robndbox><cx>684.1362</cx><cy>977.9249</cy><w>71.3065</w><h>30.6396</h><angle>1.290389</angle></robndbox></object><object><type>robndbox</type><name>wheat_head</name><pose>Unspecified</pose><truncated>0</truncated><difficult>0</difficult><robndbox><cx>178.8143</cx><cy>400.2808</cy><w>44.2621</w><h>33.7503</h><angle>0.606447</angle></robndbox></object><object><type>robndbox</type><name>wheat_head</name><pose>Unspecified</pose><truncated>0</truncated><difficult>0</difficult><robndbox><cx>168.8908</cx><cy>217.7967</cy><w>57.0304</w><h>30.8283</h><angle>0.591027</angle></robndbox></object><object><type>robndbox</type><name>wheat_head</name><pose>Unspecified</pose><truncated>0</truncated><difficult>0</difficult><robndbox><cx>883.4306</cx><cy>838.0666</cy><w>49.4403</w><h>32.3625</h><angle>0.413533</angle></robndbox></object><object><type>robndbox</type><name>wheat_head</name><pose>Unspecified</pose><truncated>0</truncated><difficult>0</difficult><robndbox><cx>428.759</cx><cy>699.3792</cy><w>53.3052</w><h>34.3905</h><angle>0.253428</angle></robndbox></object><object><type>robndbox</type><name>wheat_head</name><pose>Unspecified</pose><truncated>0</truncated><difficult>0</difficult><robndbox><cx>238.8467</cx><cy>308.3984</cy><w>59.6189</w><h>35.3868</h><angle>0.529141</angle></robndbox></object><object><type>robndbox</type><name>wheat_head</name><pose>Unspecified</pose><truncated>0</truncated><difficult>0</difficult><robndbox><cx>540.4743</cx><cy>616.9893</cy><w>62.9677</w><h>31.5569</h><angle>0.044962</angle></robndbox></object><object><type>robndbox</type><name>wheat_head</name><pose>Unspecified</pose><truncated>0</truncated><difficult>0</difficult><robndbox><cx>402.1283</cx><cy>302.1187</cy><w>63.7719</w><h>27.747</h><angle>0.628102</angle></robndbox></object><object><type>robndbox</type><name>wheat_head</name><pose>Unspecified</pose><truncated>0</truncated><difficult>0</difficult><robndbox><cx>535.3677</cx><cy>366.7828</cy><w>51.3673</w><h>35.3923</h><angle>0.514822</angle></robndbox></object><object><type>robndbox</type><name>wheat_head</name><pose>Unspecified</pose><truncated>0</truncated><difficult>0</difficult><robndbox><cx>184.5461</cx><cy>543.2376</cy><w>63.9726</w><h>30.732</h><angle>0.088815</angle></robndbox></object><object><type>robndbox</type><name>wheat_head</name><pose>Unspecified</pose><truncated>0</truncated><difficult>0</difficult><robndbox><cx>44.2973</cx><cy>244.1794</cy><w>67.6239</w><h>26.2166</h><angle>0.277384</angle></robndbox></object><object><type>robndbox</type><name>wheat_head</name><pose>Unspecified</pose><truncated>0</truncated><difficult>0</difficult><robndbox><cx>532.7535</cx><cy>218.4713</cy><w>43.4434</w><h>25.9385</h><angle>1.10705</angle></robndbox></object><object><type>robndbox</type><name>wheat_head</name><pose>Unspecified</pose><truncated>0</truncated><difficult>0</difficult><robndbox><cx>174.8561</cx><cy>13.1633</cy><w>38.4343</w><h>26.5279</h><angle>0.144558</angle></robndbox></object><object><type>robndbox</type><name>wheat_head</name><pose>Unspecified</pose><truncated>0</truncated><difficult>0</difficult><robndbox><cx>78.6163</cx><cy>213.1143</cy><w>170.8157</w><h>36.1555</h><angle>0.551208</angle></robndbox></object><object><type>robndbox</type><name>wheat_head</name><pose>Unspecified</pose><truncated>0</truncated><difficult>0</difficult><robndbox><cx>718.4006</cx><cy>428.9144</cy><w>45.4844</w><h>32.3482</h><angle>0.475779</angle></robndbox></object><object><type>robndbox</type><name>wheat_head</name><pose>Unspecified</pose><truncated>0</truncated><difficult>0</difficult><robndbox><cx>13.4348</cx><cy>1004.6956</cy><w>25.7771</w><h>25.2757</h><angle>1.616489</angle></robndbox></object><object><type>robndbox</type><name>wheat_head</name><pose>Unspecified</pose><truncated>0</truncated><difficult>0</difficult><robndbox><cx>414.2012</cx><cy>565.1506</cy><w>66.1758</w><h>32.873</h><angle>2.881452</angle></robndbox></object><object><type>robndbox</type><name>wheat_head</name><pose>Unspecified</pose><truncated>0</truncated><difficult>0</difficult><robndbox><cx>389.6789</cx><cy>814.5736</cy><w>66.2136</w><h>38.5702</h><angle>0.567667</angle></robndbox></object><object><type>robndbox</type><name>wheat_head</name><pose>Unspecified</pose><truncated>0</truncated><difficult>0</difficult><robndbox><cx>819.7986</cx><cy>596.4072</cy><w>74.3246</w><h>35.5793</h><angle>0.172544</angle></robndbox></object><object><type>robndbox</type><name>wheat_head</name><pose>Unspecified</pose><truncated>0</truncated><difficult>0</difficult><robndbox><cx>221.2632</cx><cy>674.2431</cy><w>60.0496</w><h>30.5681</h><angle>0.575712</angle></robndbox></object><object><type>robndbox</type><name>wheat_head</name><pose>Unspecified</pose><truncated>0</truncated><difficult>0</difficult><robndbox><cx>643.6061</cx><cy>788.5888</cy><w>59.9194</w><h>37.055</h><angle>0.950896</angle></robndbox></object><object><type>robndbox</type><name>wheat_head</name><pose>Unspecified</pose><truncated>0</truncated><difficult>0</difficult><robndbox><cx>174.8561</cx><cy>13.1633</cy><w>38.4343</w><h>26.5279</h><angle>0.144558</angle></robndbox></object><object><type>robndbox</type><name>wheat_head</name><pose>Unspecified</pose><truncated>0</truncated><difficult>0</difficult><robndbox><cx>350.0154</cx><cy>605.3805</cy><w>48.0389</w><h>34.4537</h><angle>1.64599</angle></robndbox></object><object><type>robndbox</type><name>wheat_head</name><pose>Unspecified</pose><truncated>0</truncated><difficult>0</difficult><robndbox><cx>150.8873</cx><cy>154.7065</cy><w>43.3</w><h>32.9069</h><angle>0.441839</angle></robndbox></object><object><type>robndbox</type><name>wheat_head</name><pose>Unspecified</pose><truncated>0</truncated><difficult>0</difficult><robndbox><cx>15.831</cx><cy>900.6039</cy><w>32.9526</w><h>28.3508</h><angle>1.615069</angle></robndbox></object><object><type>robndbox</type><name>wheat_head</name><pose>Unspecified</pose><truncated>0</truncated><difficult>0</difficult><robndbox><cx>201.9075</cx><cy>801.1707</cy><w>40.5899</w><h>39.4029</h><angle>1.705237</angle></robndbox></object><object><type>robndbox</type><name>wheat_head</name><pose>Unspecified</pose><truncated>0</truncated><difficult>0</difficult><robndbox><cx>795.3475</cx><cy>820.2196</cy><w>59.7998</w><h>29.11</h><angle>0.379478</angle></robndbox></object><object><type>robndbox</type><name>wheat_head</name><pose>Unspecified</pose><truncated>0</truncated><difficult>0</difficult><robndbox><cx>411.7643</cx><cy>505.6074</cy><w>43.9512</w><h>29.8816</h><angle>2.942047</angle></robndbox></object><object><type>robndbox</type><name>wheat_head</name><pose>Unspecified</pose><truncated>0</truncated><difficult>0</difficult><robndbox><cx>588.4528</cx><cy>515.3997</cy><w>38.2205</w><h>37.8704</h><angle>0.241611</angle></robndbox></object><object><type>robndbox</type><name>wheat_head</name><pose>Unspecified</pose><truncated>0</truncated><difficult>0</difficult><robndbox><cx>646.8145</cx><cy>1010.5036</cy><w>22.7785</w><h>19.2647</h><angle>3.052472</angle></robndbox></object><object><type>robndbox</type><name>wheat_head</name><pose>Unspecified</pose><truncated>0</truncated><difficult>0</difficult><robndbox><cx>583.2044</cx><cy>593.2003</cy><w>37.3332</w><h>32.6206</h><angle>0.105537</angle></robndbox></object><object><type>robndbox</type><name>wheat_head</name><pose>Unspecified</pose><truncated>0</truncated><difficult>0</difficult><robndbox><cx>974.9377</cx><cy>773.6086</cy><w>34.9705</w><h>33.3621</h><angle>0.080256</angle></robndbox></object><object><type>robndbox</type><name>wheat_head</name><pose>Unspecified</pose><truncated>0</truncated><difficult>0</difficult><robndbox><cx>526.2432</cx><cy>908.1083</cy><w>40.6415</w><h>30.2339</h><angle>0.419342</angle></robndbox></object><object><type>robndbox</type><name>wheat_head</name><pose>Unspecified</pose><truncated>0</truncated><difficult>0</difficult><robndbox><cx>540.6277</cx><cy>703.6813</cy><w>48.6769</w><h>34.4508</h><angle>1.143803</angle></robndbox></object><object><type>robndbox</type><name>wheat_head</name><pose>Unspecified</pose><truncated>0</truncated><difficult>0</difficult><robndbox><cx>677.0468</cx><cy>404.8478</cy><w>32.3525</w><h>22.0816</h><angle>0.331687</angle></robndbox></object><object><type>robndbox</type><name>wheat_head</name><pose>Unspecified</pose><truncated>0</truncated><difficult>0</difficult><robndbox><cx>922.6475</cx><cy>983.3806</cy><w>33.2958</w><h>26.9347</h><angle>2.8339</angle></robndbox></object><object><type>robndbox</type><name>wheat_head</name><pose>Unspecified</pose><truncated>0</truncated><difficult>0</difficult><robndbox><cx>1004.8529</cx><cy>617.386</cy><w>36.1079</w><h>31.6431</h><angle>1.619044</angle></robndbox></object><object><type>robndbox</type><name>wheat_head</name><pose>Unspecified</pose><truncated>0</truncated><difficult>0</difficult><robndbox><cx>506.2364</cx><cy>781.1255</cy><w>58.4637</w><h>33.9104</h><angle>2.917358</angle></robndbox></object></annotation>