<annotation verified="no"><folder>images</folder><filename>30a6d7d1d</filename><path>/home/badhon/Documents/thesis/final_dataset/ethz_1/images/30a6d7d1d.jpg</path><source><database>Unknown</database></source><size><width>1024</width><height>1024</height><depth>3</depth></size><segmented>0</segmented><object><type>robndbox</type><name>wheat_head</name><pose>Unspecified</pose><truncated>0</truncated><difficult>0</difficult><robndbox><cx>191.1712</cx><cy>61.1242</cy><w>94.2412</w><h>34.8642</h><angle>0.502132</angle></robndbox></object><object><type>robndbox</type><name>wheat_head</name><pose>Unspecified</pose><truncated>0</truncated><difficult>0</difficult><robndbox><cx>352.9548</cx><cy>272.493</cy><w>81.9912</w><h>33.1529</h><angle>0.985977</angle></robndbox></object><object><type>robndbox</type><name>wheat_head</name><pose>Unspecified</pose><truncated>0</truncated><difficult>0</difficult><robndbox><cx>324.4106</cx><cy>21.2524</cy><w>82.324</w><h>30.2183</h><angle>0.530821</angle></robndbox></object><object><type>robndbox</type><name>wheat_head</name><pose>Unspecified</pose><truncated>0</truncated><difficult>0</difficult><robndbox><cx>846.6611</cx><cy>31.3499</cy><w>85.5091</w><h>43.1118</h><angle>0.737149</angle></robndbox></object><object><type>robndbox</type><name>wheat_head</name><pose>Unspecified</pose><truncated>0</truncated><difficult>0</difficult><robndbox><cx>932.0673</cx><cy>43.56</cy><w>90.8126</w><h>35.5791</h><angle>0.47304</angle></robndbox></object><object><type>robndbox</type><name>wheat_head</name><pose>Unspecified</pose><truncated>0</truncated><difficult>0</difficult><robndbox><cx>375.844</cx><cy>394.9067</cy><w>80.7422</w><h>37.2495</h><angle>0.304533</angle></robndbox></object><object><type>robndbox</type><name>wheat_head</name><pose>Unspecified</pose><truncated>0</truncated><difficult>0</difficult><robndbox><cx>320.6902</cx><cy>62.402</cy><w>94.7231</w><h>20.568</h><angle>0.473708</angle></robndbox></object><object><type>robndbox</type><name>wheat_head</name><pose>Unspecified</pose><truncated>0</truncated><difficult>0</difficult><robndbox><cx>203.7904</cx><cy>952.8531</cy><w>113.4976</w><h>37.8352</h><angle>0.5466</angle></robndbox></object><object><type>robndbox</type><name>wheat_head</name><pose>Unspecified</pose><truncated>0</truncated><difficult>0</difficult><robndbox><cx>237.4345</cx><cy>492.0812</cy><w>89.3997</w><h>35.4253</h><angle>0.386492</angle></robndbox></object><object><type>robndbox</type><name>wheat_head</name><pose>Unspecified</pose><truncated>0</truncated><difficult>0</difficult><robndbox><cx>118.8613</cx><cy>128.3707</cy><w>103.948</w><h>35.2266</h><angle>1.13252</angle></robndbox></object><object><type>robndbox</type><name>wheat_head</name><pose>Unspecified</pose><truncated>0</truncated><difficult>0</difficult><robndbox><cx>935.2109</cx><cy>808.512</cy><w>71.4976</w><h>35.7177</h><angle>0.627382</angle></robndbox></object><object><type>robndbox</type><name>wheat_head</name><pose>Unspecified</pose><truncated>0</truncated><difficult>0</difficult><robndbox><cx>103.3228</cx><cy>913.0532</cy><w>97.1816</w><h>33.3702</h><angle>0.87043</angle></robndbox></object><object><type>robndbox</type><name>wheat_head</name><pose>Unspecified</pose><truncated>0</truncated><difficult>0</difficult><robndbox><cx>609.9136</cx><cy>353.3698</cy><w>83.2428</w><h>41.6791</h><angle>0.639753</angle></robndbox></object><object><type>robndbox</type><name>wheat_head</name><pose>Unspecified</pose><truncated>0</truncated><difficult>0</difficult><robndbox><cx>498.3513</cx><cy>46.2288</cy><w>84.4021</w><h>39.5758</h><angle>0.43951</angle></robndbox></object><object><type>robndbox</type><name>wheat_head</name><pose>Unspecified</pose><truncated>0</truncated><difficult>0</difficult><robndbox><cx>158.7475</cx><cy>674.6073</cy><w>76.5169</w><h>13.5952</h><angle>0.199172</angle></robndbox></object><object><type>robndbox</type><name>wheat_head</name><pose>Unspecified</pose><truncated>0</truncated><difficult>0</difficult><robndbox><cx>456.9012</cx><cy>317.6888</cy><w>92.273</w><h>45.9005</h><angle>0.424723</angle></robndbox></object><object><type>robndbox</type><name>wheat_head</name><pose>Unspecified</pose><truncated>0</truncated><difficult>0</difficult><robndbox><cx>944.3729</cx><cy>562.8763</cy><w>67.2831</w><h>35.1865</h><angle>0.540262</angle></robndbox></object><object><type>robndbox</type><name>wheat_head</name><pose>Unspecified</pose><truncated>0</truncated><difficult>0</difficult><robndbox><cx>359.9987</cx><cy>626.6789</cy><w>114.5523</w><h>41.4148</h><angle>0.479573</angle></robndbox></object><object><type>robndbox</type><name>wheat_head</name><pose>Unspecified</pose><truncated>0</truncated><difficult>0</difficult><robndbox><cx>248.7529</cx><cy>192.2944</cy><w>107.9937</w><h>37.1003</h><angle>0.182629</angle></robndbox></object><object><type>robndbox</type><name>wheat_head</name><pose>Unspecified</pose><truncated>0</truncated><difficult>0</difficult><robndbox><cx>237.7047</cx><cy>613.8082</cy><w>69.4084</w><h>32.4637</h><angle>0.315147</angle></robndbox></object><object><type>robndbox</type><name>wheat_head</name><pose>Unspecified</pose><truncated>0</truncated><difficult>0</difficult><robndbox><cx>665.8868</cx><cy>14.4228</cy><w>68.6333</w><h>35.1261</h><angle>0.526418</angle></robndbox></object><object><type>robndbox</type><name>wheat_head</name><pose>Unspecified</pose><truncated>0</truncated><difficult>0</difficult><robndbox><cx>131.2992</cx><cy>190.1529</cy><w>80.969</w><h>35.0517</h><angle>0.508036</angle></robndbox></object><object><type>robndbox</type><name>wheat_head</name><pose>Unspecified</pose><truncated>0</truncated><difficult>0</difficult><robndbox><cx>845.0</cx><cy>1013.0</cy><w>22.5269</w><h>22.2418</h><angle>0.147578</angle></robndbox></object><object><type>robndbox</type><name>wheat_head</name><pose>Unspecified</pose><truncated>0</truncated><difficult>0</difficult><robndbox><cx>659.9861</cx><cy>111.1895</cy><w>98.866</w><h>43.4004</h><angle>0.544306</angle></robndbox></object><object><type>robndbox</type><name>wheat_head</name><pose>Unspecified</pose><truncated>0</truncated><difficult>0</difficult><robndbox><cx>990.6021</cx><cy>279.7914</cy><w>51.9883</w><h>33.1885</h><angle>1.115869</angle></robndbox></object><object><type>robndbox</type><name>wheat_head</name><pose>Unspecified</pose><truncated>0</truncated><difficult>0</difficult><robndbox><cx>425.4161</cx><cy>604.858</cy><w>59.1373</w><h>32.0093</h><angle>0.54727</angle></robndbox></object><object><type>robndbox</type><name>wheat_head</name><pose>Unspecified</pose><truncated>0</truncated><difficult>0</difficult><robndbox><cx>56.549</cx><cy>626.1208</cy><w>109.7583</w><h>36.2421</h><angle>0.271871</angle></robndbox></object><object><type>robndbox</type><name>wheat_head</name><pose>Unspecified</pose><truncated>0</truncated><difficult>0</difficult><robndbox><cx>756.9524</cx><cy>333.5708</cy><w>65.9959</w><h>29.8569</h><angle>0.344456</angle></robndbox></object><object><type>robndbox</type><name>wheat_head</name><pose>Unspecified</pose><truncated>0</truncated><difficult>0</difficult><robndbox><cx>820.8914</cx><cy>535.7302</cy><w>57.6506</w><h>29.5046</h><angle>0.285535</angle></robndbox></object><object><type>robndbox</type><name>wheat_head</name><pose>Unspecified</pose><truncated>0</truncated><difficult>0</difficult><robndbox><cx>66.4618</cx><cy>682.9409</cy><w>78.6777</w><h>34.8332</h><angle>0.391871</angle></robndbox></object><object><type>robndbox</type><name>wheat_head</name><pose>Unspecified</pose><truncated>0</truncated><difficult>0</difficult><robndbox><cx>332.7465</cx><cy>753.8602</cy><w>68.3921</w><h>30.2608</h><angle>0.167607</angle></robndbox></object><object><type>robndbox</type><name>wheat_head</name><pose>Unspecified</pose><truncated>0</truncated><difficult>0</difficult><robndbox><cx>1015.0</cx><cy>548.0</cy><w>25.579</w><h>11.3993</h><angle>2.351391</angle></robndbox></object><object><type>robndbox</type><name>wheat_head</name><pose>Unspecified</pose><truncated>0</truncated><difficult>0</difficult><robndbox><cx>406.6727</cx><cy>890.8266</cy><w>144.83</w><h>38.5303</h><angle>0.06755</angle></robndbox></object><object><type>robndbox</type><name>wheat_head</name><pose>Unspecified</pose><truncated>0</truncated><difficult>0</difficult><robndbox><cx>46.5773</cx><cy>931.484</cy><w>62.5671</w><h>31.5142</h><angle>0.354901</angle></robndbox></object><object><type>robndbox</type><name>wheat_head</name><pose>Unspecified</pose><truncated>0</truncated><difficult>0</difficult><robndbox><cx>660.7104</cx><cy>314.2192</cy><w>59.6875</w><h>25.34</h><angle>0.648906</angle></robndbox></object><object><type>robndbox</type><name>wheat_head</name><pose>Unspecified</pose><truncated>0</truncated><difficult>0</difficult><robndbox><cx>855.26</cx><cy>284.938</cy><w>109.3931</w><h>41.9165</h><angle>0.602088</angle></robndbox></object><object><type>robndbox</type><name>wheat_head</name><pose>Unspecified</pose><truncated>0</truncated><difficult>0</difficult><robndbox><cx>288.9144</cx><cy>286.8146</cy><w>86.94</w><h>38.7184</h><angle>0.327295</angle></robndbox></object><object><type>robndbox</type><name>wheat_head</name><pose>Unspecified</pose><truncated>0</truncated><difficult>0</difficult><robndbox><cx>310.17</cx><cy>1010.1002</cy><w>54.1134</w><h>15.6648</h><angle>0.004008</angle></robndbox></object><object><type>robndbox</type><name>wheat_head</name><pose>Unspecified</pose><truncated>0</truncated><difficult>0</difficult><robndbox><cx>387.9184</cx><cy>517.1037</cy><w>146.0984</w><h>43.6743</h><angle>0.325586</angle></robndbox></object><object><type>robndbox</type><name>wheat_head</name><pose>Unspecified</pose><truncated>0</truncated><difficult>0</difficult><robndbox><cx>463.9623</cx><cy>951.8837</cy><w>61.747</w><h>36.6518</h><angle>0.580998</angle></robndbox></object><object><type>robndbox</type><name>wheat_head</name><pose>Unspecified</pose><truncated>0</truncated><difficult>0</difficult><robndbox><cx>853.8481</cx><cy>753.8851</cy><w>81.3118</w><h>39.1193</h><angle>0.496016</angle></robndbox></object><object><type>robndbox</type><name>wheat_head</name><pose>Unspecified</pose><truncated>0</truncated><difficult>0</difficult><robndbox><cx>211.2346</cx><cy>914.7098</cy><w>75.566</w><h>28.3673</h><angle>0.325405</angle></robndbox></object><object><type>robndbox</type><name>wheat_head</name><pose>Unspecified</pose><truncated>0</truncated><difficult>0</difficult><robndbox><cx>762.5543</cx><cy>91.1014</cy><w>78.7861</w><h>44.311</h><angle>0.651999</angle></robndbox></object><object><type>robndbox</type><name>wheat_head</name><pose>Unspecified</pose><truncated>0</truncated><difficult>0</difficult><robndbox><cx>812.3793</cx><cy>574.3777</cy><w>42.6701</w><h>27.8753</h><angle>1.595055</angle></robndbox></object><object><type>robndbox</type><name>wheat_head</name><pose>Unspecified</pose><truncated>0</truncated><difficult>0</difficult><robndbox><cx>569.9493</cx><cy>237.9523</cy><w>125.5324</w><h>39.0793</h><angle>3.013193</angle></robndbox></object><object><type>robndbox</type><name>wheat_head</name><pose>Unspecified</pose><truncated>0</truncated><difficult>0</difficult><robndbox><cx>805.2832</cx><cy>971.0522</cy><w>48.6034</w><h>25.4582</h><angle>3.113143</angle></robndbox></object><object><type>robndbox</type><name>wheat_head</name><pose>Unspecified</pose><truncated>0</truncated><difficult>0</difficult><robndbox><cx>262.939</cx><cy>351.4038</cy><w>78.8709</w><h>31.9257</h><angle>0.309992</angle></robndbox></object><object><type>robndbox</type><name>wheat_head</name><pose>Unspecified</pose><truncated>0</truncated><difficult>0</difficult><robndbox><cx>403.4937</cx><cy>966.0599</cy><w>53.8242</w><h>30.3618</h><angle>0.174838</angle></robndbox></object><object><type>robndbox</type><name>wheat_head</name><pose>Unspecified</pose><truncated>0</truncated><difficult>0</difficult><robndbox><cx>919.3732</cx><cy>81.0091</cy><w>49.9771</w><h>28.1145</h><angle>0.423124</angle></robndbox></object><object><type>robndbox</type><name>wheat_head</name><pose>Unspecified</pose><truncated>0</truncated><difficult>0</difficult><robndbox><cx>531.6389</cx><cy>700.4984</cy><w>72.595</w><h>44.91</h><angle>0.34944</angle></robndbox></object><object><type>robndbox</type><name>wheat_head</name><pose>Unspecified</pose><truncated>0</truncated><difficult>0</difficult><robndbox><cx>40.5725</cx><cy>553.3321</cy><w>79.2112</w><h>27.9106</h><angle>0.599558</angle></robndbox></object><object><type>robndbox</type><name>wheat_head</name><pose>Unspecified</pose><truncated>0</truncated><difficult>0</difficult><robndbox><cx>221.6499</cx><cy>442.7996</cy><w>72.9793</w><h>17.4618</h><angle>0.271106</angle></robndbox></object><object><type>robndbox</type><name>wheat_head</name><pose>Unspecified</pose><truncated>0</truncated><difficult>0</difficult><robndbox><cx>781.8183</cx><cy>279.0352</cy><w>55.693</w><h>26.838</h><angle>0.446311</angle></robndbox></object><object><type>robndbox</type><name>wheat_head</name><pose>Unspecified</pose><truncated>0</truncated><difficult>0</difficult><robndbox><cx>770.1402</cx><cy>936.522</cy><w>51.0505</w><h>23.5207</h><angle>0.347581</angle></robndbox></object><object><type>robndbox</type><name>wheat_head</name><pose>Unspecified</pose><truncated>0</truncated><difficult>0</difficult><robndbox><cx>14.7774</cx><cy>321.4964</cy><w>34.1183</w><h>32.8248</h><angle>0.461936</angle></robndbox></object><object><type>robndbox</type><name>wheat_head</name><pose>Unspecified</pose><truncated>0</truncated><difficult>0</difficult><robndbox><cx>833.6382</cx><cy>647.8538</cy><w>60.4349</w><h>28.4134</h><angle>0.214215</angle></robndbox></object><object><type>robndbox</type><name>wheat_head</name><pose>Unspecified</pose><truncated>0</truncated><difficult>0</difficult><robndbox><cx>158.8977</cx><cy>699.2625</cy><w>90.8625</w><h>28.2698</h><angle>0.299172</angle></robndbox></object><object><type>robndbox</type><name>wheat_head</name><pose>Unspecified</pose><truncated>0</truncated><difficult>0</difficult><robndbox><cx>118.8893</cx><cy>1002.1351</cy><w>67.2506</w><h>33.9574</h><angle>0.124547</angle></robndbox></object><object><type>robndbox</type><name>wheat_head</name><pose>Unspecified</pose><truncated>0</truncated><difficult>0</difficult><robndbox><cx>577.7704</cx><cy>992.2845</cy><w>49.8711</w><h>29.4371</h><angle>0.202173</angle></robndbox></object><object><type>robndbox</type><name>wheat_head</name><pose>Unspecified</pose><truncated>0</truncated><difficult>0</difficult><robndbox><cx>603.9265</cx><cy>117.3174</cy><w>72.5935</w><h>23.7514</h><angle>0.199759</angle></robndbox></object><object><type>robndbox</type><name>wheat_head</name><pose>Unspecified</pose><truncated>0</truncated><difficult>0</difficult><robndbox><cx>30.5156</cx><cy>594.4978</cy><w>49.2894</w><h>25.8142</h><angle>0.354625</angle></robndbox></object><object><type>robndbox</type><name>wheat_head</name><pose>Unspecified</pose><truncated>0</truncated><difficult>0</difficult><robndbox><cx>723.0477</cx><cy>655.1996</cy><w>55.7698</w><h>41.112</h><angle>0.771335</angle></robndbox></object><object><type>robndbox</type><name>wheat_head</name><pose>Unspecified</pose><truncated>0</truncated><difficult>0</difficult><robndbox><cx>531.5162</cx><cy>951.8309</cy><w>47.6403</w><h>31.9885</h><angle>0.248855</angle></robndbox></object><object><type>robndbox</type><name>wheat_head</name><pose>Unspecified</pose><truncated>0</truncated><difficult>0</difficult><robndbox><cx>291.9995</cx><cy>717.6659</cy><w>53.0907</w><h>31.3596</h><angle>0.511305</angle></robndbox></object><object><type>robndbox</type><name>wheat_head</name><pose>Unspecified</pose><truncated>0</truncated><difficult>0</difficult><robndbox><cx>920.0787</cx><cy>648.7435</cy><w>113.1155</w><h>42.598</h><angle>0.68291</angle></robndbox></object><object><type>robndbox</type><name>wheat_head</name><pose>Unspecified</pose><truncated>0</truncated><difficult>0</difficult><robndbox><cx>732.7718</cx><cy>345.3239</cy><w>65.5429</w><h>23.9661</h><angle>0.219647</angle></robndbox></object><object><type>robndbox</type><name>wheat_head</name><pose>Unspecified</pose><truncated>0</truncated><difficult>0</difficult><robndbox><cx>488.7141</cx><cy>740.7344</cy><w>38.4823</w><h>21.4089</h><angle>0.305344</angle></robndbox></object><object><type>robndbox</type><name>wheat_head</name><pose>Unspecified</pose><truncated>0</truncated><difficult>0</difficult><robndbox><cx>1017.0</cx><cy>100.5</cy><w>16.0408</w><h>14.0162</h><angle>1.522669</angle></robndbox></object><object><type>robndbox</type><name>wheat_head</name><pose>Unspecified</pose><truncated>0</truncated><difficult>0</difficult><robndbox><cx>342.1784</cx><cy>674.7533</cy><w>35.1127</w><h>21.7442</h><angle>0.407203</angle></robndbox></object><object><type>robndbox</type><name>wheat_head</name><pose>Unspecified</pose><truncated>0</truncated><difficult>0</difficult><robndbox><cx>530.184</cx><cy>731.5663</cy><w>65.9584</w><h>17.6719</h><angle>0.34944</angle></robndbox></object><object><type>robndbox</type><name>wheat_head</name><pose>Unspecified</pose><truncated>0</truncated><difficult>0</difficult><robndbox><cx>999.5237</cx><cy>689.3537</cy><w>47.4194</w><h>35.1484</h><angle>2.841088</angle></robndbox></object><object><type>robndbox</type><name>wheat_head</name><pose>Unspecified</pose><truncated>0</truncated><difficult>0</difficult><robndbox><cx>151.8725</cx><cy>890.1106</cy><w>39.1593</w><h>23.8725</h><angle>0.414116</angle></robndbox></object><object><type>robndbox</type><name>wheat_head</name><pose>Unspecified</pose><truncated>0</truncated><difficult>0</difficult><robndbox><cx>476.487</cx><cy>668.3039</cy><w>31.7723</w><h>28.9458</h><angle>0.983165</angle></robndbox></object><object><type>robndbox</type><name>wheat_head</name><pose>Unspecified</pose><truncated>0</truncated><difficult>0</difficult><robndbox><cx>753.0529</cx><cy>377.277</cy><w>71.7424</w><h>26.4897</h><angle>0.174246</angle></robndbox></object><object><type>robndbox</type><name>wheat_head</name><pose>Unspecified</pose><truncated>0</truncated><difficult>0</difficult><robndbox><cx>441.6408</cx><cy>554.338</cy><w>27.5136</w><h>15.8541</h><angle>0.333244</angle></robndbox></object><object><type>robndbox</type><name>wheat_head</name><pose>Unspecified</pose><truncated>0</truncated><difficult>0</difficult><robndbox><cx>1004.8647</cx><cy>948.1261</cy><w>37.2156</w><h>34.961</h><angle>0.10769</angle></robndbox></object><object><type>robndbox</type><name>wheat_head</name><pose>Unspecified</pose><truncated>0</truncated><difficult>0</difficult><robndbox><cx>196.169</cx><cy>981.6703</cy><w>38.2753</w><h>13.6059</h><angle>0.580756</angle></robndbox></object></annotation>