<annotation verified="no"><folder>images</folder><filename>30dbdb998</filename><path>/home/badhon/Documents/thesis/final_dataset/ethz_1/images/30dbdb998.jpg</path><source><database>Unknown</database></source><size><width>1024</width><height>1024</height><depth>3</depth></size><segmented>0</segmented><object><type>robndbox</type><name>wheat_head</name><pose>Unspecified</pose><truncated>0</truncated><difficult>0</difficult><robndbox><cx>998.5515</cx><cy>845.8765</cy><w>51.1689</w><h>28.4628</h><angle>1.084537</angle></robndbox></object><object><type>robndbox</type><name>wheat_head</name><pose>Unspecified</pose><truncated>0</truncated><difficult>0</difficult><robndbox><cx>84.2489</cx><cy>540.3066</cy><w>82.9092</w><h>33.8525</h><angle>0.927647</angle></robndbox></object><object><type>robndbox</type><name>wheat_head</name><pose>Unspecified</pose><truncated>0</truncated><difficult>0</difficult><robndbox><cx>966.6191</cx><cy>86.5373</cy><w>62.8479</w><h>32.5217</h><angle>0.909141</angle></robndbox></object><object><type>robndbox</type><name>wheat_head</name><pose>Unspecified</pose><truncated>0</truncated><difficult>0</difficult><robndbox><cx>883.0961</cx><cy>279.4072</cy><w>82.0344</w><h>40.3913</h><angle>1.134977</angle></robndbox></object><object><type>robndbox</type><name>wheat_head</name><pose>Unspecified</pose><truncated>0</truncated><difficult>0</difficult><robndbox><cx>165.1952</cx><cy>877.4554</cy><w>87.0861</w><h>38.1568</h><angle>1.035313</angle></robndbox></object><object><type>robndbox</type><name>wheat_head</name><pose>Unspecified</pose><truncated>0</truncated><difficult>0</difficult><robndbox><cx>781.3022</cx><cy>920.1715</cy><w>75.7963</w><h>33.3696</h><angle>0.6937</angle></robndbox></object><object><type>robndbox</type><name>wheat_head</name><pose>Unspecified</pose><truncated>0</truncated><difficult>0</difficult><robndbox><cx>624.0515</cx><cy>693.4274</cy><w>67.3523</w><h>34.6866</h><angle>0.831219</angle></robndbox></object><object><type>robndbox</type><name>wheat_head</name><pose>Unspecified</pose><truncated>0</truncated><difficult>0</difficult><robndbox><cx>456.1051</cx><cy>346.4683</cy><w>64.772</w><h>31.5543</h><angle>0.802306</angle></robndbox></object><object><type>robndbox</type><name>wheat_head</name><pose>Unspecified</pose><truncated>0</truncated><difficult>0</difficult><robndbox><cx>184.576</cx><cy>214.0989</cy><w>113.7255</w><h>27.6943</h><angle>0.752182</angle></robndbox></object><object><type>robndbox</type><name>wheat_head</name><pose>Unspecified</pose><truncated>0</truncated><difficult>0</difficult><robndbox><cx>391.332</cx><cy>320.4504</cy><w>79.5348</w><h>32.5311</h><angle>0.996962</angle></robndbox></object><object><type>robndbox</type><name>wheat_head</name><pose>Unspecified</pose><truncated>0</truncated><difficult>0</difficult><robndbox><cx>145.7333</cx><cy>963.5988</cy><w>96.304</w><h>38.0492</h><angle>0.606599</angle></robndbox></object><object><type>robndbox</type><name>wheat_head</name><pose>Unspecified</pose><truncated>0</truncated><difficult>0</difficult><robndbox><cx>902.4951</cx><cy>528.3288</cy><w>87.8808</w><h>32.7182</h><angle>0.887565</angle></robndbox></object><object><type>robndbox</type><name>wheat_head</name><pose>Unspecified</pose><truncated>0</truncated><difficult>0</difficult><robndbox><cx>59.3664</cx><cy>321.2379</cy><w>93.5315</w><h>33.9666</h><angle>0.627283</angle></robndbox></object><object><type>robndbox</type><name>wheat_head</name><pose>Unspecified</pose><truncated>0</truncated><difficult>0</difficult><robndbox><cx>826.0911</cx><cy>352.9951</cy><w>94.1675</w><h>35.1188</h><angle>1.12145</angle></robndbox></object><object><type>robndbox</type><name>wheat_head</name><pose>Unspecified</pose><truncated>0</truncated><difficult>0</difficult><robndbox><cx>816.1562</cx><cy>71.9302</cy><w>60.9409</w><h>20.9595</h><angle>0.670754</angle></robndbox></object><object><type>robndbox</type><name>wheat_head</name><pose>Unspecified</pose><truncated>0</truncated><difficult>0</difficult><robndbox><cx>328.2386</cx><cy>676.32</cy><w>99.4506</w><h>40.259</h><angle>0.909162</angle></robndbox></object><object><type>robndbox</type><name>wheat_head</name><pose>Unspecified</pose><truncated>0</truncated><difficult>0</difficult><robndbox><cx>441.6767</cx><cy>239.8374</cy><w>91.9402</w><h>35.8042</h><angle>0.915268</angle></robndbox></object><object><type>robndbox</type><name>wheat_head</name><pose>Unspecified</pose><truncated>0</truncated><difficult>0</difficult><robndbox><cx>566.5233</cx><cy>565.5095</cy><w>63.474</w><h>30.5723</h><angle>0.697261</angle></robndbox></object><object><type>robndbox</type><name>wheat_head</name><pose>Unspecified</pose><truncated>0</truncated><difficult>0</difficult><robndbox><cx>374.7474</cx><cy>578.8304</cy><w>92.3796</w><h>36.8096</h><angle>0.538378</angle></robndbox></object><object><type>robndbox</type><name>wheat_head</name><pose>Unspecified</pose><truncated>0</truncated><difficult>0</difficult><robndbox><cx>483.8517</cx><cy>188.4463</cy><w>108.9524</w><h>36.4021</h><angle>1.326432</angle></robndbox></object><object><type>robndbox</type><name>wheat_head</name><pose>Unspecified</pose><truncated>0</truncated><difficult>0</difficult><robndbox><cx>47.8931</cx><cy>841.831</cy><w>109.0243</w><h>32.103</h><angle>0.798388</angle></robndbox></object><object><type>robndbox</type><name>wheat_head</name><pose>Unspecified</pose><truncated>0</truncated><difficult>0</difficult><robndbox><cx>456.4951</cx><cy>461.1479</cy><w>112.7516</w><h>39.7927</h><angle>0.72603</angle></robndbox></object><object><type>robndbox</type><name>wheat_head</name><pose>Unspecified</pose><truncated>0</truncated><difficult>0</difficult><robndbox><cx>893.425</cx><cy>588.9741</cy><w>57.0695</w><h>30.1829</h><angle>0.819955</angle></robndbox></object><object><type>robndbox</type><name>wheat_head</name><pose>Unspecified</pose><truncated>0</truncated><difficult>0</difficult><robndbox><cx>827.3215</cx><cy>419.097</cy><w>50.5475</w><h>35.457</h><angle>1.312518</angle></robndbox></object><object><type>robndbox</type><name>wheat_head</name><pose>Unspecified</pose><truncated>0</truncated><difficult>0</difficult><robndbox><cx>474.3947</cx><cy>812.6956</cy><w>103.114</w><h>37.417</h><angle>0.632322</angle></robndbox></object><object><type>robndbox</type><name>wheat_head</name><pose>Unspecified</pose><truncated>0</truncated><difficult>0</difficult><robndbox><cx>595.5226</cx><cy>20.984</cy><w>56.4362</w><h>31.5149</h><angle>0.989488</angle></robndbox></object><object><type>robndbox</type><name>wheat_head</name><pose>Unspecified</pose><truncated>0</truncated><difficult>0</difficult><robndbox><cx>255.4287</cx><cy>928.3683</cy><w>57.7963</w><h>29.5627</h><angle>0.941322</angle></robndbox></object><object><type>robndbox</type><name>wheat_head</name><pose>Unspecified</pose><truncated>0</truncated><difficult>0</difficult><robndbox><cx>131.3573</cx><cy>316.5327</cy><w>54.9594</w><h>28.9816</h><angle>0.532368</angle></robndbox></object><object><type>robndbox</type><name>wheat_head</name><pose>Unspecified</pose><truncated>0</truncated><difficult>0</difficult><robndbox><cx>409.55</cx><cy>985.8365</cy><w>69.486</w><h>38.0656</h><angle>0.721775</angle></robndbox></object><object><type>robndbox</type><name>wheat_head</name><pose>Unspecified</pose><truncated>0</truncated><difficult>0</difficult><robndbox><cx>479.8286</cx><cy>610.2487</cy><w>103.4188</w><h>38.5903</h><angle>0.634141</angle></robndbox></object><object><type>robndbox</type><name>wheat_head</name><pose>Unspecified</pose><truncated>0</truncated><difficult>0</difficult><robndbox><cx>692.0331</cx><cy>403.8635</cy><w>62.0189</w><h>38.462</h><angle>0.88919</angle></robndbox></object><object><type>robndbox</type><name>wheat_head</name><pose>Unspecified</pose><truncated>0</truncated><difficult>0</difficult><robndbox><cx>194.2995</cx><cy>260.4776</cy><w>124.3758</w><h>38.8036</h><angle>0.852182</angle></robndbox></object><object><type>robndbox</type><name>wheat_head</name><pose>Unspecified</pose><truncated>0</truncated><difficult>0</difficult><robndbox><cx>630.7963</cx><cy>307.6944</cy><w>94.4038</w><h>42.3598</h><angle>0.708633</angle></robndbox></object><object><type>robndbox</type><name>wheat_head</name><pose>Unspecified</pose><truncated>0</truncated><difficult>0</difficult><robndbox><cx>814.1931</cx><cy>20.9505</cy><w>61.5939</w><h>32.1158</h><angle>0.569416</angle></robndbox></object><object><type>robndbox</type><name>wheat_head</name><pose>Unspecified</pose><truncated>0</truncated><difficult>0</difficult><robndbox><cx>300.7988</cx><cy>117.7634</cy><w>129.7251</w><h>43.1527</h><angle>0.977286</angle></robndbox></object><object><type>robndbox</type><name>wheat_head</name><pose>Unspecified</pose><truncated>0</truncated><difficult>0</difficult><robndbox><cx>989.3646</cx><cy>698.7241</cy><w>57.0995</w><h>30.94</h><angle>0.697893</angle></robndbox></object><object><type>robndbox</type><name>wheat_head</name><pose>Unspecified</pose><truncated>0</truncated><difficult>0</difficult><robndbox><cx>185.5</cx><cy>647.5</cy><w>94.9485</w><h>27.8426</h><angle>2.328072</angle></robndbox></object><object><type>robndbox</type><name>wheat_head</name><pose>Unspecified</pose><truncated>0</truncated><difficult>0</difficult><robndbox><cx>525.2418</cx><cy>890.4384</cy><w>103.127</w><h>39.564</h><angle>0.604857</angle></robndbox></object><object><type>robndbox</type><name>wheat_head</name><pose>Unspecified</pose><truncated>0</truncated><difficult>0</difficult><robndbox><cx>267.6463</cx><cy>605.2175</cy><w>49.666</w><h>26.8646</h><angle>0.806803</angle></robndbox></object><object><type>robndbox</type><name>wheat_head</name><pose>Unspecified</pose><truncated>0</truncated><difficult>0</difficult><robndbox><cx>603.8854</cx><cy>946.7784</cy><w>86.4143</w><h>37.3179</h><angle>0.596875</angle></robndbox></object><object><type>robndbox</type><name>wheat_head</name><pose>Unspecified</pose><truncated>0</truncated><difficult>0</difficult><robndbox><cx>292.5687</cx><cy>345.291</cy><w>85.2394</w><h>36.3233</h><angle>1.26512</angle></robndbox></object><object><type>robndbox</type><name>wheat_head</name><pose>Unspecified</pose><truncated>0</truncated><difficult>0</difficult><robndbox><cx>89.2147</cx><cy>200.7909</cy><w>90.5321</w><h>31.5393</h><angle>0.5663</angle></robndbox></object><object><type>robndbox</type><name>wheat_head</name><pose>Unspecified</pose><truncated>0</truncated><difficult>0</difficult><robndbox><cx>565.5616</cx><cy>402.538</cy><w>60.8525</w><h>29.9851</h><angle>0.681469</angle></robndbox></object><object><type>robndbox</type><name>wheat_head</name><pose>Unspecified</pose><truncated>0</truncated><difficult>0</difficult><robndbox><cx>530.0727</cx><cy>21.556</cy><w>54.4234</w><h>34.3613</h><angle>0.858665</angle></robndbox></object><object><type>robndbox</type><name>wheat_head</name><pose>Unspecified</pose><truncated>0</truncated><difficult>0</difficult><robndbox><cx>411.956</cx><cy>64.806</cy><w>144.3042</w><h>40.886</h><angle>0.860041</angle></robndbox></object><object><type>robndbox</type><name>wheat_head</name><pose>Unspecified</pose><truncated>0</truncated><difficult>0</difficult><robndbox><cx>215.1623</cx><cy>629.9849</cy><w>115.1183</w><h>33.5622</h><angle>0.671145</angle></robndbox></object><object><type>robndbox</type><name>wheat_head</name><pose>Unspecified</pose><truncated>0</truncated><difficult>0</difficult><robndbox><cx>463.349</cx><cy>883.1071</cy><w>53.1526</w><h>23.9422</h><angle>0.683066</angle></robndbox></object><object><type>robndbox</type><name>wheat_head</name><pose>Unspecified</pose><truncated>0</truncated><difficult>0</difficult><robndbox><cx>344.2483</cx><cy>466.2288</cy><w>121.2603</w><h>28.8023</h><angle>0.549534</angle></robndbox></object><object><type>robndbox</type><name>wheat_head</name><pose>Unspecified</pose><truncated>0</truncated><difficult>0</difficult><robndbox><cx>683.8729</cx><cy>981.0939</cy><w>70.3439</w><h>31.9262</h><angle>0.609033</angle></robndbox></object><object><type>robndbox</type><name>wheat_head</name><pose>Unspecified</pose><truncated>0</truncated><difficult>0</difficult><robndbox><cx>66.7635</cx><cy>22.1339</cy><w>59.2383</w><h>33.654</h><angle>0.641686</angle></robndbox></object><object><type>robndbox</type><name>wheat_head</name><pose>Unspecified</pose><truncated>0</truncated><difficult>0</difficult><robndbox><cx>30.3285</cx><cy>244.237</cy><w>98.3145</w><h>35.9158</h><angle>1.036524</angle></robndbox></object><object><type>robndbox</type><name>wheat_head</name><pose>Unspecified</pose><truncated>0</truncated><difficult>0</difficult><robndbox><cx>314.3355</cx><cy>824.6578</cy><w>77.0214</w><h>34.452</h><angle>0.268252</angle></robndbox></object><object><type>robndbox</type><name>wheat_head</name><pose>Unspecified</pose><truncated>0</truncated><difficult>0</difficult><robndbox><cx>318.903</cx><cy>187.0938</cy><w>68.7747</w><h>27.1179</h><angle>0.885218</angle></robndbox></object><object><type>robndbox</type><name>wheat_head</name><pose>Unspecified</pose><truncated>0</truncated><difficult>0</difficult><robndbox><cx>239.5279</cx><cy>15.4456</cy><w>50.9749</w><h>30.502</h><angle>0.611247</angle></robndbox></object><object><type>robndbox</type><name>wheat_head</name><pose>Unspecified</pose><truncated>0</truncated><difficult>0</difficult><robndbox><cx>91.7695</cx><cy>411.9069</cy><w>57.1632</w><h>21.4067</h><angle>0.564494</angle></robndbox></object><object><type>robndbox</type><name>wheat_head</name><pose>Unspecified</pose><truncated>0</truncated><difficult>0</difficult><robndbox><cx>988.1855</cx><cy>545.0211</cy><w>59.6511</w><h>43.0823</h><angle>1.184286</angle></robndbox></object><object><type>robndbox</type><name>wheat_head</name><pose>Unspecified</pose><truncated>0</truncated><difficult>0</difficult><robndbox><cx>740.051</cx><cy>473.9952</cy><w>120.9567</w><h>27.1919</h><angle>0.98919</angle></robndbox></object><object><type>robndbox</type><name>wheat_head</name><pose>Unspecified</pose><truncated>0</truncated><difficult>0</difficult><robndbox><cx>939.9622</cx><cy>446.8206</cy><w>43.8255</w><h>29.1181</h><angle>0.603576</angle></robndbox></object><object><type>robndbox</type><name>wheat_head</name><pose>Unspecified</pose><truncated>0</truncated><difficult>0</difficult><robndbox><cx>257.0973</cx><cy>1003.8922</cy><w>51.3312</w><h>22.7358</h><angle>0.145366</angle></robndbox></object><object><type>robndbox</type><name>wheat_head</name><pose>Unspecified</pose><truncated>0</truncated><difficult>0</difficult><robndbox><cx>31.7627</cx><cy>964.9359</cy><w>56.9538</w><h>27.7628</h><angle>0.142788</angle></robndbox></object><object><type>robndbox</type><name>wheat_head</name><pose>Unspecified</pose><truncated>0</truncated><difficult>0</difficult><robndbox><cx>111.1606</cx><cy>10.5291</cy><w>42.3055</w><h>19.7428</h><angle>0.073479</angle></robndbox></object><object><type>robndbox</type><name>wheat_head</name><pose>Unspecified</pose><truncated>0</truncated><difficult>0</difficult><robndbox><cx>883.0961</cx><cy>279.4072</cy><w>82.0344</w><h>40.3913</h><angle>1.134977</angle></robndbox></object><object><type>robndbox</type><name>wheat_head</name><pose>Unspecified</pose><truncated>0</truncated><difficult>0</difficult><robndbox><cx>974.2091</cx><cy>971.5404</cy><w>46.9628</w><h>31.7667</h><angle>1.429855</angle></robndbox></object><object><type>robndbox</type><name>wheat_head</name><pose>Unspecified</pose><truncated>0</truncated><difficult>0</difficult><robndbox><cx>184.282</cx><cy>13.5592</cy><w>28.8353</w><h>25.4667</h><angle>2.942286</angle></robndbox></object><object><type>robndbox</type><name>wheat_head</name><pose>Unspecified</pose><truncated>0</truncated><difficult>0</difficult><robndbox><cx>195.9687</cx><cy>566.0339</cy><w>80.1083</w><h>30.8441</h><angle>0.622514</angle></robndbox></object><object><type>robndbox</type><name>wheat_head</name><pose>Unspecified</pose><truncated>0</truncated><difficult>0</difficult><robndbox><cx>954.5648</cx><cy>11.2925</cy><w>30.2092</w><h>22.1069</h><angle>3.085988</angle></robndbox></object><object><type>robndbox</type><name>wheat_head</name><pose>Unspecified</pose><truncated>0</truncated><difficult>0</difficult><robndbox><cx>344.2483</cx><cy>466.2288</cy><w>121.2603</w><h>28.8023</h><angle>0.549534</angle></robndbox></object><object><type>robndbox</type><name>wheat_head</name><pose>Unspecified</pose><truncated>0</truncated><difficult>0</difficult><robndbox><cx>27.2272</cx><cy>916.2662</cy><w>51.3804</w><h>29.578</h><angle>0.242679</angle></robndbox></object><object><type>robndbox</type><name>wheat_head</name><pose>Unspecified</pose><truncated>0</truncated><difficult>0</difficult><robndbox><cx>632.3232</cx><cy>347.3325</cy><w>60.2701</w><h>22.5256</h><angle>0.681336</angle></robndbox></object><object><type>robndbox</type><name>wheat_head</name><pose>Unspecified</pose><truncated>0</truncated><difficult>0</difficult><robndbox><cx>795.5813</cx><cy>748.2599</cy><w>47.2672</w><h>30.4177</h><angle>0.944867</angle></robndbox></object><object><type>robndbox</type><name>wheat_head</name><pose>Unspecified</pose><truncated>0</truncated><difficult>0</difficult><robndbox><cx>547.8716</cx><cy>933.0168</cy><w>52.407</w><h>29.4339</h><angle>0.93361</angle></robndbox></object><object><type>robndbox</type><name>wheat_head</name><pose>Unspecified</pose><truncated>0</truncated><difficult>0</difficult><robndbox><cx>927.1498</cx><cy>945.788</cy><w>45.8994</w><h>34.4696</h><angle>0.529855</angle></robndbox></object><object><type>robndbox</type><name>wheat_head</name><pose>Unspecified</pose><truncated>0</truncated><difficult>0</difficult><robndbox><cx>165.5</cx><cy>589.0</cy><w>41.0047</w><h>35.9603</h><angle>0.0152</angle></robndbox></object><object><type>robndbox</type><name>wheat_head</name><pose>Unspecified</pose><truncated>0</truncated><difficult>0</difficult><robndbox><cx>19.2085</cx><cy>512.0181</cy><w>33.1441</w><h>27.4768</h><angle>0.416882</angle></robndbox></object><object><type>robndbox</type><name>wheat_head</name><pose>Unspecified</pose><truncated>0</truncated><difficult>0</difficult><robndbox><cx>894.5377</cx><cy>771.5615</cy><w>35.2278</w><h>27.6643</h><angle>2.174546</angle></robndbox></object></annotation>