<annotation verified="no"><folder>images</folder><filename>32a203fe5</filename><path>/home/badhon/Documents/thesis/final_dataset/ethz_1/images/32a203fe5.jpg</path><source><database>Unknown</database></source><size><width>1024</width><height>1024</height><depth>3</depth></size><segmented>0</segmented><object><type>robndbox</type><name>wheat_head</name><pose>Unspecified</pose><truncated>0</truncated><difficult>0</difficult><robndbox><cx>235.1912</cx><cy>173.5196</cy><w>113.8239</w><h>36.1855</h><angle>0.727608</angle></robndbox></object><object><type>robndbox</type><name>wheat_head</name><pose>Unspecified</pose><truncated>0</truncated><difficult>0</difficult><robndbox><cx>666.6066</cx><cy>173.8621</cy><w>69.9135</w><h>37.6128</h><angle>0.660423</angle></robndbox></object><object><type>robndbox</type><name>wheat_head</name><pose>Unspecified</pose><truncated>0</truncated><difficult>0</difficult><robndbox><cx>10.5285</cx><cy>839.369</cy><w>28.7451</w><h>21.896</h><angle>1.45274</angle></robndbox></object><object><type>robndbox</type><name>wheat_head</name><pose>Unspecified</pose><truncated>0</truncated><difficult>0</difficult><robndbox><cx>442.3928</cx><cy>653.4561</cy><w>96.1563</w><h>32.1788</h><angle>0.984569</angle></robndbox></object><object><type>robndbox</type><name>wheat_head</name><pose>Unspecified</pose><truncated>0</truncated><difficult>0</difficult><robndbox><cx>203.0586</cx><cy>901.9105</cy><w>105.7334</w><h>36.309</h><angle>0.451207</angle></robndbox></object><object><type>robndbox</type><name>wheat_head</name><pose>Unspecified</pose><truncated>0</truncated><difficult>0</difficult><robndbox><cx>781.7328</cx><cy>830.0284</cy><w>80.8673</w><h>31.324</h><angle>0.668948</angle></robndbox></object><object><type>robndbox</type><name>wheat_head</name><pose>Unspecified</pose><truncated>0</truncated><difficult>0</difficult><robndbox><cx>290.4536</cx><cy>579.8809</cy><w>103.2627</w><h>39.2433</h><angle>0.618315</angle></robndbox></object><object><type>robndbox</type><name>wheat_head</name><pose>Unspecified</pose><truncated>0</truncated><difficult>0</difficult><robndbox><cx>147.5102</cx><cy>616.5961</cy><w>110.0786</w><h>33.9915</h><angle>0.404384</angle></robndbox></object><object><type>robndbox</type><name>wheat_head</name><pose>Unspecified</pose><truncated>0</truncated><difficult>0</difficult><robndbox><cx>679.8067</cx><cy>504.4391</cy><w>64.05</w><h>29.6355</h><angle>0.580148</angle></robndbox></object><object><type>robndbox</type><name>wheat_head</name><pose>Unspecified</pose><truncated>0</truncated><difficult>0</difficult><robndbox><cx>885.1352</cx><cy>556.9929</cy><w>105.6891</w><h>37.584</h><angle>0.35255</angle></robndbox></object><object><type>robndbox</type><name>wheat_head</name><pose>Unspecified</pose><truncated>0</truncated><difficult>0</difficult><robndbox><cx>696.913</cx><cy>873.0726</cy><w>87.4476</w><h>36.865</h><angle>0.316743</angle></robndbox></object><object><type>robndbox</type><name>wheat_head</name><pose>Unspecified</pose><truncated>0</truncated><difficult>0</difficult><robndbox><cx>21.0899</cx><cy>782.4978</cy><w>59.2398</w><h>34.1222</h><angle>1.020836</angle></robndbox></object><object><type>robndbox</type><name>wheat_head</name><pose>Unspecified</pose><truncated>0</truncated><difficult>0</difficult><robndbox><cx>700.6658</cx><cy>677.9481</cy><w>90.6161</w><h>39.0302</h><angle>0.618519</angle></robndbox></object><object><type>robndbox</type><name>wheat_head</name><pose>Unspecified</pose><truncated>0</truncated><difficult>0</difficult><robndbox><cx>821.7722</cx><cy>503.0138</cy><w>54.8588</w><h>29.2069</h><angle>1.948835</angle></robndbox></object><object><type>robndbox</type><name>wheat_head</name><pose>Unspecified</pose><truncated>0</truncated><difficult>0</difficult><robndbox><cx>149.8992</cx><cy>1002.3705</cy><w>70.9376</w><h>29.22</h><angle>0.177078</angle></robndbox></object><object><type>robndbox</type><name>wheat_head</name><pose>Unspecified</pose><truncated>0</truncated><difficult>0</difficult><robndbox><cx>994.1832</cx><cy>766.5999</cy><w>57.171</w><h>33.6287</h><angle>0.645032</angle></robndbox></object><object><type>robndbox</type><name>wheat_head</name><pose>Unspecified</pose><truncated>0</truncated><difficult>0</difficult><robndbox><cx>87.7115</cx><cy>389.4435</cy><w>75.4052</w><h>37.1489</h><angle>2.701401</angle></robndbox></object><object><type>robndbox</type><name>wheat_head</name><pose>Unspecified</pose><truncated>0</truncated><difficult>0</difficult><robndbox><cx>533.5984</cx><cy>808.6727</cy><w>44.5486</w><h>23.4745</h><angle>1.56955</angle></robndbox></object><object><type>robndbox</type><name>wheat_head</name><pose>Unspecified</pose><truncated>0</truncated><difficult>0</difficult><robndbox><cx>821.7948</cx><cy>71.3592</cy><w>81.2741</w><h>34.4243</h><angle>0.028979</angle></robndbox></object><object><type>robndbox</type><name>wheat_head</name><pose>Unspecified</pose><truncated>0</truncated><difficult>0</difficult><robndbox><cx>111.9037</cx><cy>169.6308</cy><w>156.6801</w><h>39.0937</h><angle>1.338494</angle></robndbox></object><object><type>robndbox</type><name>wheat_head</name><pose>Unspecified</pose><truncated>0</truncated><difficult>0</difficult><robndbox><cx>813.2571</cx><cy>809.6165</cy><w>51.2009</w><h>23.3807</h><angle>0.893325</angle></robndbox></object><object><type>robndbox</type><name>wheat_head</name><pose>Unspecified</pose><truncated>0</truncated><difficult>0</difficult><robndbox><cx>220.1857</cx><cy>268.6789</cy><w>51.0542</w><h>26.1701</h><angle>1.399761</angle></robndbox></object><object><type>robndbox</type><name>wheat_head</name><pose>Unspecified</pose><truncated>0</truncated><difficult>0</difficult><robndbox><cx>443.9495</cx><cy>938.8607</cy><w>47.3705</w><h>30.9344</h><angle>1.821878</angle></robndbox></object><object><type>robndbox</type><name>wheat_head</name><pose>Unspecified</pose><truncated>0</truncated><difficult>0</difficult><robndbox><cx>246.3173</cx><cy>247.1834</cy><w>85.156</w><h>30.7485</h><angle>0.513958</angle></robndbox></object><object><type>robndbox</type><name>wheat_head</name><pose>Unspecified</pose><truncated>0</truncated><difficult>0</difficult><robndbox><cx>493.3619</cx><cy>261.3162</cy><w>64.5428</w><h>31.666</h><angle>0.927023</angle></robndbox></object><object><type>robndbox</type><name>wheat_head</name><pose>Unspecified</pose><truncated>0</truncated><difficult>0</difficult><robndbox><cx>449.731</cx><cy>63.4638</cy><w>67.1514</w><h>33.4232</h><angle>0.696873</angle></robndbox></object><object><type>robndbox</type><name>wheat_head</name><pose>Unspecified</pose><truncated>0</truncated><difficult>0</difficult><robndbox><cx>592.9802</cx><cy>326.0735</cy><w>85.1232</w><h>31.5211</h><angle>3.073682</angle></robndbox></object><object><type>robndbox</type><name>wheat_head</name><pose>Unspecified</pose><truncated>0</truncated><difficult>0</difficult><robndbox><cx>745.6873</cx><cy>23.2637</cy><w>51.6942</w><h>30.857</h><angle>1.034022</angle></robndbox></object><object><type>robndbox</type><name>wheat_head</name><pose>Unspecified</pose><truncated>0</truncated><difficult>0</difficult><robndbox><cx>804.538</cx><cy>938.9913</cy><w>68.0213</w><h>32.4939</h><angle>0.360514</angle></robndbox></object><object><type>robndbox</type><name>wheat_head</name><pose>Unspecified</pose><truncated>0</truncated><difficult>0</difficult><robndbox><cx>1008.4667</cx><cy>101.384</cy><w>46.1281</w><h>24.7074</h><angle>1.546456</angle></robndbox></object><object><type>robndbox</type><name>wheat_head</name><pose>Unspecified</pose><truncated>0</truncated><difficult>0</difficult><robndbox><cx>111.9037</cx><cy>169.6308</cy><w>156.6801</w><h>39.0937</h><angle>1.338494</angle></robndbox></object><object><type>robndbox</type><name>wheat_head</name><pose>Unspecified</pose><truncated>0</truncated><difficult>0</difficult><robndbox><cx>277.0067</cx><cy>322.7171</cy><w>125.2271</w><h>45.8675</h><angle>0.961242</angle></robndbox></object><object><type>robndbox</type><name>wheat_head</name><pose>Unspecified</pose><truncated>0</truncated><difficult>0</difficult><robndbox><cx>1002.4901</cx><cy>245.7524</cy><w>40.1265</w><h>22.2176</h><angle>1.067885</angle></robndbox></object><object><type>robndbox</type><name>wheat_head</name><pose>Unspecified</pose><truncated>0</truncated><difficult>0</difficult><robndbox><cx>381.1473</cx><cy>857.6182</cy><w>63.9467</w><h>29.5222</h><angle>3.092542</angle></robndbox></object><object><type>robndbox</type><name>wheat_head</name><pose>Unspecified</pose><truncated>0</truncated><difficult>0</difficult><robndbox><cx>708.7332</cx><cy>266.0104</cy><w>80.652</w><h>33.6027</h><angle>3.075466</angle></robndbox></object><object><type>robndbox</type><name>wheat_head</name><pose>Unspecified</pose><truncated>0</truncated><difficult>0</difficult><robndbox><cx>579.7866</cx><cy>657.4107</cy><w>60.492</w><h>35.6803</h><angle>2.591296</angle></robndbox></object><object><type>robndbox</type><name>wheat_head</name><pose>Unspecified</pose><truncated>0</truncated><difficult>0</difficult><robndbox><cx>668.2465</cx><cy>45.2884</cy><w>60.5973</w><h>34.2586</h><angle>0.761923</angle></robndbox></object><object><type>robndbox</type><name>wheat_head</name><pose>Unspecified</pose><truncated>0</truncated><difficult>0</difficult><robndbox><cx>124.7448</cx><cy>874.4393</cy><w>71.9004</w><h>35.7241</h><angle>0.320951</angle></robndbox></object><object><type>robndbox</type><name>wheat_head</name><pose>Unspecified</pose><truncated>0</truncated><difficult>0</difficult><robndbox><cx>246.3237</cx><cy>910.3525</cy><w>42.9774</w><h>34.1079</h><angle>1.15248</angle></robndbox></object><object><type>robndbox</type><name>wheat_head</name><pose>Unspecified</pose><truncated>0</truncated><difficult>0</difficult><robndbox><cx>1002.3958</cx><cy>614.5028</cy><w>39.3797</w><h>35.9091</h><angle>2.656639</angle></robndbox></object><object><type>robndbox</type><name>wheat_head</name><pose>Unspecified</pose><truncated>0</truncated><difficult>0</difficult><robndbox><cx>851.6476</cx><cy>604.7318</cy><w>48.4408</w><h>30.4543</h><angle>2.063005</angle></robndbox></object><object><type>robndbox</type><name>wheat_head</name><pose>Unspecified</pose><truncated>0</truncated><difficult>0</difficult><robndbox><cx>26.2306</cx><cy>371.5593</cy><w>43.5628</w><h>36.1524</h><angle>2.785339</angle></robndbox></object><object><type>robndbox</type><name>wheat_head</name><pose>Unspecified</pose><truncated>0</truncated><difficult>0</difficult><robndbox><cx>646.1337</cx><cy>961.7238</cy><w>62.7178</w><h>32.049</h><angle>0.103078</angle></robndbox></object><object><type>robndbox</type><name>wheat_head</name><pose>Unspecified</pose><truncated>0</truncated><difficult>0</difficult><robndbox><cx>949.295</cx><cy>969.892</cy><w>51.6348</w><h>34.3593</h><angle>0.26494</angle></robndbox></object><object><type>robndbox</type><name>wheat_head</name><pose>Unspecified</pose><truncated>0</truncated><difficult>0</difficult><robndbox><cx>282.4653</cx><cy>8.5472</cy><w>52.1483</w><h>16.6095</h><angle>0.037507</angle></robndbox></object><object><type>robndbox</type><name>wheat_head</name><pose>Unspecified</pose><truncated>0</truncated><difficult>0</difficult><robndbox><cx>454.4987</cx><cy>712.7819</cy><w>53.4636</w><h>26.9338</h><angle>3.058297</angle></robndbox></object><object><type>robndbox</type><name>wheat_head</name><pose>Unspecified</pose><truncated>0</truncated><difficult>0</difficult><robndbox><cx>891.845</cx><cy>10.8013</cy><w>29.629</w><h>20.971</h><angle>3.042903</angle></robndbox></object><object><type>robndbox</type><name>wheat_head</name><pose>Unspecified</pose><truncated>0</truncated><difficult>0</difficult><robndbox><cx>955.6491</cx><cy>114.9217</cy><w>48.813</w><h>30.523</h><angle>2.78939</angle></robndbox></object><object><type>robndbox</type><name>wheat_head</name><pose>Unspecified</pose><truncated>0</truncated><difficult>0</difficult><robndbox><cx>26.6029</cx><cy>997.532</cy><w>46.527</w><h>28.7322</h><angle>0.017049</angle></robndbox></object><object><type>robndbox</type><name>wheat_head</name><pose>Unspecified</pose><truncated>0</truncated><difficult>0</difficult><robndbox><cx>844.86</cx><cy>306.7597</cy><w>58.4769</w><h>32.9447</h><angle>0.137769</angle></robndbox></object><object><type>robndbox</type><name>wheat_head</name><pose>Unspecified</pose><truncated>0</truncated><difficult>0</difficult><robndbox><cx>18.4267</cx><cy>94.6382</cy><w>36.0306</w><h>35.7579</h><angle>1.745873</angle></robndbox></object><object><type>robndbox</type><name>wheat_head</name><pose>Unspecified</pose><truncated>0</truncated><difficult>0</difficult><robndbox><cx>553.1836</cx><cy>284.2698</cy><w>46.2769</w><h>29.1624</h><angle>1.691198</angle></robndbox></object><object><type>robndbox</type><name>wheat_head</name><pose>Unspecified</pose><truncated>0</truncated><difficult>0</difficult><robndbox><cx>147.6771</cx><cy>181.4716</cy><w>65.2887</w><h>15.0545</h><angle>0.844869</angle></robndbox></object><object><type>robndbox</type><name>wheat_head</name><pose>Unspecified</pose><truncated>0</truncated><difficult>0</difficult><robndbox><cx>21.0899</cx><cy>782.4978</cy><w>59.2398</w><h>34.1222</h><angle>1.020836</angle></robndbox></object><object><type>robndbox</type><name>wheat_head</name><pose>Unspecified</pose><truncated>0</truncated><difficult>0</difficult><robndbox><cx>12.6555</cx><cy>226.0632</cy><w>39.0912</w><h>26.3251</h><angle>1.429555</angle></robndbox></object><object><type>robndbox</type><name>wheat_head</name><pose>Unspecified</pose><truncated>0</truncated><difficult>0</difficult><robndbox><cx>844.464</cx><cy>974.7562</cy><w>54.2227</w><h>30.1659</h><angle>3.047273</angle></robndbox></object><object><type>robndbox</type><name>wheat_head</name><pose>Unspecified</pose><truncated>0</truncated><difficult>0</difficult><robndbox><cx>827.9085</cx><cy>363.991</cy><w>42.7195</w><h>34.9961</h><angle>0.389399</angle></robndbox></object><object><type>robndbox</type><name>wheat_head</name><pose>Unspecified</pose><truncated>0</truncated><difficult>0</difficult><robndbox><cx>764.3395</cx><cy>445.8839</cy><w>51.6413</w><h>31.3817</h><angle>0.942306</angle></robndbox></object><object><type>robndbox</type><name>wheat_head</name><pose>Unspecified</pose><truncated>0</truncated><difficult>0</difficult><robndbox><cx>678.3112</cx><cy>461.3081</cy><w>36.0645</w><h>31.7413</h><angle>0.115413</angle></robndbox></object><object><type>robndbox</type><name>wheat_head</name><pose>Unspecified</pose><truncated>0</truncated><difficult>0</difficult><robndbox><cx>366.2343</cx><cy>551.1399</cy><w>59.2035</w><h>31.2591</h><angle>1.225103</angle></robndbox></object><object><type>robndbox</type><name>wheat_head</name><pose>Unspecified</pose><truncated>0</truncated><difficult>0</difficult><robndbox><cx>272.8474</cx><cy>470.2834</cy><w>50.3256</w><h>26.1233</h><angle>0.907192</angle></robndbox></object><object><type>robndbox</type><name>wheat_head</name><pose>Unspecified</pose><truncated>0</truncated><difficult>0</difficult><robndbox><cx>634.7482</cx><cy>997.8112</cy><w>35.6884</w><h>27.5383</h><angle>0.048048</angle></robndbox></object><object><type>robndbox</type><name>wheat_head</name><pose>Unspecified</pose><truncated>0</truncated><difficult>0</difficult><robndbox><cx>61.0171</cx><cy>195.4075</cy><w>34.2618</w><h>31.6305</h><angle>2.137239</angle></robndbox></object><object><type>robndbox</type><name>wheat_head</name><pose>Unspecified</pose><truncated>0</truncated><difficult>0</difficult><robndbox><cx>992.2229</cx><cy>194.6886</cy><w>37.0526</w><h>36.3417</h><angle>1.145509</angle></robndbox></object></annotation>