<annotation verified="no"><folder>images</folder><filename>32f716667</filename><path>/home/badhon/Documents/thesis/final_dataset/ethz_1/images/32f716667.jpg</path><source><database>Unknown</database></source><size><width>1024</width><height>1024</height><depth>3</depth></size><segmented>0</segmented><object><type>robndbox</type><name>wheat_head</name><pose>Unspecified</pose><truncated>0</truncated><difficult>0</difficult><robndbox><cx>652.2644</cx><cy>53.8025</cy><w>103.1458</w><h>36.9324</h><angle>1.168085</angle></robndbox></object><object><type>robndbox</type><name>wheat_head</name><pose>Unspecified</pose><truncated>0</truncated><difficult>0</difficult><robndbox><cx>722.0609</cx><cy>683.927</cy><w>83.0961</w><h>33.0468</h><angle>1.100582</angle></robndbox></object><object><type>robndbox</type><name>wheat_head</name><pose>Unspecified</pose><truncated>0</truncated><difficult>0</difficult><robndbox><cx>750.0418</cx><cy>206.867</cy><w>120.1837</w><h>33.0598</h><angle>0.648221</angle></robndbox></object><object><type>robndbox</type><name>wheat_head</name><pose>Unspecified</pose><truncated>0</truncated><difficult>0</difficult><robndbox><cx>412.5558</cx><cy>46.0727</cy><w>108.3003</w><h>33.9839</h><angle>1.061488</angle></robndbox></object><object><type>robndbox</type><name>wheat_head</name><pose>Unspecified</pose><truncated>0</truncated><difficult>0</difficult><robndbox><cx>572.6138</cx><cy>170.5363</cy><w>91.8839</w><h>33.0462</h><angle>1.015928</angle></robndbox></object><object><type>robndbox</type><name>wheat_head</name><pose>Unspecified</pose><truncated>0</truncated><difficult>0</difficult><robndbox><cx>832.8248</cx><cy>535.5541</cy><w>88.5673</w><h>34.9205</h><angle>1.156434</angle></robndbox></object><object><type>robndbox</type><name>wheat_head</name><pose>Unspecified</pose><truncated>0</truncated><difficult>0</difficult><robndbox><cx>602.9962</cx><cy>854.7684</cy><w>142.0113</w><h>36.6062</h><angle>0.67356</angle></robndbox></object><object><type>robndbox</type><name>wheat_head</name><pose>Unspecified</pose><truncated>0</truncated><difficult>0</difficult><robndbox><cx>623.6649</cx><cy>738.7617</cy><w>89.5577</w><h>27.9424</h><angle>1.35054</angle></robndbox></object><object><type>robndbox</type><name>wheat_head</name><pose>Unspecified</pose><truncated>0</truncated><difficult>0</difficult><robndbox><cx>976.9869</cx><cy>123.0695</cy><w>101.6293</w><h>31.4679</h><angle>1.180147</angle></robndbox></object><object><type>robndbox</type><name>wheat_head</name><pose>Unspecified</pose><truncated>0</truncated><difficult>0</difficult><robndbox><cx>984.2376</cx><cy>60.2815</cy><w>77.8371</w><h>31.3532</h><angle>1.115928</angle></robndbox></object><object><type>robndbox</type><name>wheat_head</name><pose>Unspecified</pose><truncated>0</truncated><difficult>0</difficult><robndbox><cx>499.0104</cx><cy>829.4375</cy><w>86.8615</w><h>29.9748</h><angle>1.087581</angle></robndbox></object><object><type>robndbox</type><name>wheat_head</name><pose>Unspecified</pose><truncated>0</truncated><difficult>0</difficult><robndbox><cx>293.2377</cx><cy>233.3989</cy><w>109.4213</w><h>27.4985</h><angle>1.011053</angle></robndbox></object><object><type>robndbox</type><name>wheat_head</name><pose>Unspecified</pose><truncated>0</truncated><difficult>0</difficult><robndbox><cx>431.1973</cx><cy>680.059</cy><w>135.7042</w><h>33.2499</h><angle>1.244908</angle></robndbox></object><object><type>robndbox</type><name>wheat_head</name><pose>Unspecified</pose><truncated>0</truncated><difficult>0</difficult><robndbox><cx>387.0094</cx><cy>736.4246</cy><w>127.3695</w><h>35.2939</h><angle>0.728649</angle></robndbox></object><object><type>robndbox</type><name>wheat_head</name><pose>Unspecified</pose><truncated>0</truncated><difficult>0</difficult><robndbox><cx>310.0221</cx><cy>474.4195</cy><w>81.2854</w><h>38.6465</h><angle>0.515926</angle></robndbox></object><object><type>robndbox</type><name>wheat_head</name><pose>Unspecified</pose><truncated>0</truncated><difficult>0</difficult><robndbox><cx>728.5404</cx><cy>476.8894</cy><w>76.6799</w><h>32.8908</h><angle>0.616841</angle></robndbox></object><object><type>robndbox</type><name>wheat_head</name><pose>Unspecified</pose><truncated>0</truncated><difficult>0</difficult><robndbox><cx>721.104</cx><cy>261.8127</cy><w>80.4596</w><h>26.4567</h><angle>0.905579</angle></robndbox></object><object><type>robndbox</type><name>wheat_head</name><pose>Unspecified</pose><truncated>0</truncated><difficult>0</difficult><robndbox><cx>130.8266</cx><cy>497.7802</cy><w>139.3929</w><h>38.1016</h><angle>1.072292</angle></robndbox></object><object><type>robndbox</type><name>wheat_head</name><pose>Unspecified</pose><truncated>0</truncated><difficult>0</difficult><robndbox><cx>878.1794</cx><cy>333.7202</cy><w>91.7886</w><h>28.2107</h><angle>1.33948</angle></robndbox></object><object><type>robndbox</type><name>wheat_head</name><pose>Unspecified</pose><truncated>0</truncated><difficult>0</difficult><robndbox><cx>537.5585</cx><cy>514.8837</cy><w>114.2908</w><h>37.0252</h><angle>1.177158</angle></robndbox></object><object><type>robndbox</type><name>wheat_head</name><pose>Unspecified</pose><truncated>0</truncated><difficult>0</difficult><robndbox><cx>953.4713</cx><cy>713.5267</cy><w>67.9195</w><h>22.4993</h><angle>1.822372</angle></robndbox></object><object><type>robndbox</type><name>wheat_head</name><pose>Unspecified</pose><truncated>0</truncated><difficult>0</difficult><robndbox><cx>989.8741</cx><cy>822.0166</cy><w>69.692</w><h>24.5259</h><angle>1.209526</angle></robndbox></object><object><type>robndbox</type><name>wheat_head</name><pose>Unspecified</pose><truncated>0</truncated><difficult>0</difficult><robndbox><cx>956.0768</cx><cy>830.1443</cy><w>107.1526</w><h>28.9076</h><angle>1.370302</angle></robndbox></object><object><type>robndbox</type><name>wheat_head</name><pose>Unspecified</pose><truncated>0</truncated><difficult>0</difficult><robndbox><cx>29.087</cx><cy>90.2078</cy><w>53.4315</w><h>29.8823</h><angle>0.437752</angle></robndbox></object><object><type>robndbox</type><name>wheat_head</name><pose>Unspecified</pose><truncated>0</truncated><difficult>0</difficult><robndbox><cx>522.5248</cx><cy>373.3757</cy><w>46.5313</w><h>32.6918</h><angle>0.439017</angle></robndbox></object><object><type>robndbox</type><name>wheat_head</name><pose>Unspecified</pose><truncated>0</truncated><difficult>0</difficult><robndbox><cx>952.5399</cx><cy>917.9991</cy><w>84.4863</w><h>31.0004</h><angle>0.71</angle></robndbox></object><object><type>robndbox</type><name>wheat_head</name><pose>Unspecified</pose><truncated>0</truncated><difficult>0</difficult><robndbox><cx>488.5514</cx><cy>88.1259</cy><w>99.2966</w><h>25.8562</h><angle>1.384731</angle></robndbox></object><object><type>robndbox</type><name>wheat_head</name><pose>Unspecified</pose><truncated>0</truncated><difficult>0</difficult><robndbox><cx>687.3663</cx><cy>823.9684</cy><w>103.9247</w><h>37.0996</h><angle>0.342653</angle></robndbox></object><object><type>robndbox</type><name>wheat_head</name><pose>Unspecified</pose><truncated>0</truncated><difficult>0</difficult><robndbox><cx>892.8654</cx><cy>981.4628</cy><w>92.0998</w><h>32.4899</h><angle>0.603398</angle></robndbox></object><object><type>robndbox</type><name>wheat_head</name><pose>Unspecified</pose><truncated>0</truncated><difficult>0</difficult><robndbox><cx>90.409</cx><cy>576.2568</cy><w>74.8869</w><h>33.7147</h><angle>0.994314</angle></robndbox></object><object><type>robndbox</type><name>wheat_head</name><pose>Unspecified</pose><truncated>0</truncated><difficult>0</difficult><robndbox><cx>475.4131</cx><cy>281.2807</cy><w>58.8031</w><h>28.1952</h><angle>0.936895</angle></robndbox></object><object><type>robndbox</type><name>wheat_head</name><pose>Unspecified</pose><truncated>0</truncated><difficult>0</difficult><robndbox><cx>659.5769</cx><cy>982.975</cy><w>55.3157</w><h>21.4229</h><angle>1.540859</angle></robndbox></object><object><type>robndbox</type><name>wheat_head</name><pose>Unspecified</pose><truncated>0</truncated><difficult>0</difficult><robndbox><cx>911.6204</cx><cy>213.936</cy><w>58.2533</w><h>25.5783</h><angle>2.045139</angle></robndbox></object><object><type>robndbox</type><name>wheat_head</name><pose>Unspecified</pose><truncated>0</truncated><difficult>0</difficult><robndbox><cx>793.0581</cx><cy>449.2631</cy><w>73.0763</w><h>25.5656</h><angle>1.301963</angle></robndbox></object><object><type>robndbox</type><name>wheat_head</name><pose>Unspecified</pose><truncated>0</truncated><difficult>0</difficult><robndbox><cx>380.9751</cx><cy>925.1685</cy><w>162.3166</w><h>31.6929</h><angle>1.55981</angle></robndbox></object><object><type>robndbox</type><name>wheat_head</name><pose>Unspecified</pose><truncated>0</truncated><difficult>0</difficult><robndbox><cx>645.0865</cx><cy>519.7079</cy><w>102.9885</w><h>30.1337</h><angle>0.841414</angle></robndbox></object><object><type>robndbox</type><name>wheat_head</name><pose>Unspecified</pose><truncated>0</truncated><difficult>0</difficult><robndbox><cx>406.4528</cx><cy>471.909</cy><w>76.6282</w><h>37.2212</h><angle>0.86477</angle></robndbox></object><object><type>robndbox</type><name>wheat_head</name><pose>Unspecified</pose><truncated>0</truncated><difficult>0</difficult><robndbox><cx>684.0729</cx><cy>478.3982</cy><w>134.7876</w><h>34.9973</h><angle>0.72555</angle></robndbox></object><object><type>robndbox</type><name>wheat_head</name><pose>Unspecified</pose><truncated>0</truncated><difficult>0</difficult><robndbox><cx>769.6248</cx><cy>277.7501</cy><w>62.2131</w><h>23.073</h><angle>1.253218</angle></robndbox></object><object><type>robndbox</type><name>wheat_head</name><pose>Unspecified</pose><truncated>0</truncated><difficult>0</difficult><robndbox><cx>204.8086</cx><cy>453.0254</cy><w>147.592</w><h>31.6999</h><angle>1.467714</angle></robndbox></object><object><type>robndbox</type><name>wheat_head</name><pose>Unspecified</pose><truncated>0</truncated><difficult>0</difficult><robndbox><cx>361.0327</cx><cy>25.354</cy><w>54.1417</w><h>38.0841</h><angle>1.175272</angle></robndbox></object><object><type>robndbox</type><name>wheat_head</name><pose>Unspecified</pose><truncated>0</truncated><difficult>0</difficult><robndbox><cx>612.9485</cx><cy>396.6838</cy><w>132.8912</w><h>40.9912</h><angle>0.755655</angle></robndbox></object><object><type>robndbox</type><name>wheat_head</name><pose>Unspecified</pose><truncated>0</truncated><difficult>0</difficult><robndbox><cx>514.8745</cx><cy>106.3672</cy><w>78.7166</w><h>29.32</h><angle>1.490437</angle></robndbox></object><object><type>robndbox</type><name>wheat_head</name><pose>Unspecified</pose><truncated>0</truncated><difficult>0</difficult><robndbox><cx>357.4408</cx><cy>276.9184</cy><w>40.0247</w><h>19.9997</h><angle>0.964072</angle></robndbox></object><object><type>robndbox</type><name>wheat_head</name><pose>Unspecified</pose><truncated>0</truncated><difficult>0</difficult><robndbox><cx>993.087</cx><cy>483.5673</cy><w>61.5664</w><h>31.9002</h><angle>1.06987</angle></robndbox></object><object><type>robndbox</type><name>wheat_head</name><pose>Unspecified</pose><truncated>0</truncated><difficult>0</difficult><robndbox><cx>174.8727</cx><cy>13.1084</cy><w>32.5795</w><h>25.2481</h><angle>0.939824</angle></robndbox></object><object><type>robndbox</type><name>wheat_head</name><pose>Unspecified</pose><truncated>0</truncated><difficult>0</difficult><robndbox><cx>928.2347</cx><cy>482.8757</cy><w>45.453</w><h>29.7545</h><angle>1.36638</angle></robndbox></object><object><type>robndbox</type><name>wheat_head</name><pose>Unspecified</pose><truncated>0</truncated><difficult>0</difficult><robndbox><cx>517.3057</cx><cy>19.6327</cy><w>43.9691</w><h>27.408</h><angle>0.912332</angle></robndbox></object><object><type>robndbox</type><name>wheat_head</name><pose>Unspecified</pose><truncated>0</truncated><difficult>0</difficult><robndbox><cx>586.6501</cx><cy>19.3626</cy><w>41.0093</w><h>22.7898</h><angle>0.90645</angle></robndbox></object><object><type>robndbox</type><name>wheat_head</name><pose>Unspecified</pose><truncated>0</truncated><difficult>0</difficult><robndbox><cx>8.8674</cx><cy>1002.9</cy><w>25.5772</w><h>25.2659</h><angle>1.560737</angle></robndbox></object><object><type>robndbox</type><name>wheat_head</name><pose>Unspecified</pose><truncated>0</truncated><difficult>0</difficult><robndbox><cx>778.52</cx><cy>903.7151</cy><w>62.6465</w><h>32.1496</h><angle>0.41305</angle></robndbox></object><object><type>robndbox</type><name>wheat_head</name><pose>Unspecified</pose><truncated>0</truncated><difficult>0</difficult><robndbox><cx>515.0811</cx><cy>916.1492</cy><w>38.5191</w><h>33.1047</h><angle>0.647679</angle></robndbox></object><object><type>robndbox</type><name>wheat_head</name><pose>Unspecified</pose><truncated>0</truncated><difficult>0</difficult><robndbox><cx>655.9485</cx><cy>524.4299</cy><w>102.0734</w><h>35.9467</h><angle>1.641414</angle></robndbox></object><object><type>robndbox</type><name>wheat_head</name><pose>Unspecified</pose><truncated>0</truncated><difficult>0</difficult><robndbox><cx>125.2698</cx><cy>51.6363</cy><w>40.4518</w><h>30.8798</h><angle>1.060951</angle></robndbox></object><object><type>robndbox</type><name>wheat_head</name><pose>Unspecified</pose><truncated>0</truncated><difficult>0</difficult><robndbox><cx>29.5897</cx><cy>52.5192</cy><w>43.767</w><h>27.8682</h><angle>0.383859</angle></robndbox></object><object><type>robndbox</type><name>wheat_head</name><pose>Unspecified</pose><truncated>0</truncated><difficult>0</difficult><robndbox><cx>350.093</cx><cy>1000.5445</cy><w>34.4297</w><h>31.4831</h><angle>3.045319</angle></robndbox></object><object><type>robndbox</type><name>wheat_head</name><pose>Unspecified</pose><truncated>0</truncated><difficult>0</difficult><robndbox><cx>338.0223</cx><cy>549.0904</cy><w>36.4524</w><h>16.7721</h><angle>0.842997</angle></robndbox></object><object><type>robndbox</type><name>wheat_head</name><pose>Unspecified</pose><truncated>0</truncated><difficult>0</difficult><robndbox><cx>975.5655</cx><cy>12.8831</cy><w>29.8408</w><h>23.9771</h><angle>3.021848</angle></robndbox></object><object><type>robndbox</type><name>wheat_head</name><pose>Unspecified</pose><truncated>0</truncated><difficult>0</difficult><robndbox><cx>151.0162</cx><cy>652.4064</cy><w>69.9424</w><h>30.217</h><angle>0.621948</angle></robndbox></object><object><type>robndbox</type><name>wheat_head</name><pose>Unspecified</pose><truncated>0</truncated><difficult>0</difficult><robndbox><cx>803.0825</cx><cy>543.8008</cy><w>80.1578</w><h>31.0978</h><angle>0.999017</angle></robndbox></object><object><type>robndbox</type><name>wheat_head</name><pose>Unspecified</pose><truncated>0</truncated><difficult>0</difficult><robndbox><cx>656.3081</cx><cy>735.6543</cy><w>43.6163</w><h>20.0224</h><angle>0.626427</angle></robndbox></object><object><type>robndbox</type><name>wheat_head</name><pose>Unspecified</pose><truncated>0</truncated><difficult>0</difficult><robndbox><cx>895.308</cx><cy>433.5062</cy><w>91.4597</w><h>32.7458</h><angle>1.78726</angle></robndbox></object><object><type>robndbox</type><name>wheat_head</name><pose>Unspecified</pose><truncated>0</truncated><difficult>0</difficult><robndbox><cx>721.104</cx><cy>261.8127</cy><w>80.4596</w><h>26.4567</h><angle>0.905579</angle></robndbox></object><object><type>robndbox</type><name>wheat_head</name><pose>Unspecified</pose><truncated>0</truncated><difficult>0</difficult><robndbox><cx>898.3486</cx><cy>503.892</cy><w>35.1974</w><h>29.2197</h><angle>1.470077</angle></robndbox></object><object><type>robndbox</type><name>wheat_head</name><pose>Unspecified</pose><truncated>0</truncated><difficult>0</difficult><robndbox><cx>242.0777</cx><cy>567.6024</cy><w>65.0071</w><h>21.2879</h><angle>0.782066</angle></robndbox></object><object><type>robndbox</type><name>wheat_head</name><pose>Unspecified</pose><truncated>0</truncated><difficult>0</difficult><robndbox><cx>790.0844</cx><cy>795.6157</cy><w>92.7029</w><h>28.687</h><angle>1.074303</angle></robndbox></object><object><type>robndbox</type><name>wheat_head</name><pose>Unspecified</pose><truncated>0</truncated><difficult>0</difficult><robndbox><cx>817.8135</cx><cy>763.5294</cy><w>93.1772</w><h>41.2611</h><angle>1.0022</angle></robndbox></object><object><type>robndbox</type><name>wheat_head</name><pose>Unspecified</pose><truncated>0</truncated><difficult>0</difficult><robndbox><cx>836.6191</cx><cy>735.3896</cy><w>137.6094</w><h>40.0608</h><angle>0.950772</angle></robndbox></object><object><type>robndbox</type><name>wheat_head</name><pose>Unspecified</pose><truncated>0</truncated><difficult>0</difficult><robndbox><cx>859.9715</cx><cy>685.6152</cy><w>162.4543</w><h>37.1118</h><angle>1.04322</angle></robndbox></object><object><type>robndbox</type><name>wheat_head</name><pose>Unspecified</pose><truncated>0</truncated><difficult>0</difficult><robndbox><cx>784.2553</cx><cy>939.6232</cy><w>41.0488</w><h>23.5622</h><angle>0.048742</angle></robndbox></object><object><type>robndbox</type><name>wheat_head</name><pose>Unspecified</pose><truncated>0</truncated><difficult>0</difficult><robndbox><cx>199.9542</cx><cy>469.3908</cy><w>137.8768</w><h>29.4253</h><angle>0.610132</angle></robndbox></object><object><type>robndbox</type><name>wheat_head</name><pose>Unspecified</pose><truncated>0</truncated><difficult>0</difficult><robndbox><cx>682.5907</cx><cy>251.3189</cy><w>41.0524</w><h>34.2147</h><angle>0.082555</angle></robndbox></object><object><type>robndbox</type><name>wheat_head</name><pose>Unspecified</pose><truncated>0</truncated><difficult>0</difficult><robndbox><cx>389.6781</cx><cy>286.3815</cy><w>40.7185</w><h>30.0544</h><angle>0.430693</angle></robndbox></object><object><type>robndbox</type><name>wheat_head</name><pose>Unspecified</pose><truncated>0</truncated><difficult>0</difficult><robndbox><cx>365.289</cx><cy>245.0283</cy><w>148.7616</w><h>32.5081</h><angle>0.279223</angle></robndbox></object><object><type>robndbox</type><name>wheat_head</name><pose>Unspecified</pose><truncated>0</truncated><difficult>0</difficult><robndbox><cx>438.7198</cx><cy>290.2604</cy><w>39.0512</w><h>20.3849</h><angle>0.694738</angle></robndbox></object><object><type>robndbox</type><name>wheat_head</name><pose>Unspecified</pose><truncated>0</truncated><difficult>0</difficult><robndbox><cx>162.1359</cx><cy>271.2223</cy><w>83.5464</w><h>28.3019</h><angle>0.836202</angle></robndbox></object><object><type>robndbox</type><name>wheat_head</name><pose>Unspecified</pose><truncated>0</truncated><difficult>0</difficult><robndbox><cx>85.2067</cx><cy>186.7427</cy><w>147.3397</w><h>37.9713</h><angle>0.55788</angle></robndbox></object><object><type>robndbox</type><name>wheat_head</name><pose>Unspecified</pose><truncated>0</truncated><difficult>0</difficult><robndbox><cx>67.075</cx><cy>224.8537</cy><w>81.1234</w><h>27.9043</h><angle>1.040947</angle></robndbox></object><object><type>robndbox</type><name>wheat_head</name><pose>Unspecified</pose><truncated>0</truncated><difficult>0</difficult><robndbox><cx>22.5184</cx><cy>164.7352</cy><w>41.3587</w><h>39.6989</h><angle>2.284887</angle></robndbox></object><object><type>robndbox</type><name>wheat_head</name><pose>Unspecified</pose><truncated>0</truncated><difficult>0</difficult><robndbox><cx>41.7363</cx><cy>248.1861</cy><w>65.7343</w><h>22.7113</h><angle>0.911232</angle></robndbox></object><object><type>robndbox</type><name>wheat_head</name><pose>Unspecified</pose><truncated>0</truncated><difficult>0</difficult><robndbox><cx>180.7917</cx><cy>295.2053</cy><w>209.2471</w><h>57.8771</h><angle>2.169167</angle></robndbox></object></annotation>