<annotation verified="no"><folder>images</folder><filename>333d4affe</filename><path>/home/badhon/Documents/thesis/final_dataset/ethz_1/images/333d4affe.jpg</path><source><database>Unknown</database></source><size><width>1024</width><height>1024</height><depth>3</depth></size><segmented>0</segmented><object><type>robndbox</type><name>wheat_head</name><pose>Unspecified</pose><truncated>0</truncated><difficult>0</difficult><robndbox><cx>834.0363</cx><cy>393.4275</cy><w>76.8077</w><h>32.5712</h><angle>1.10735</angle></robndbox></object><object><type>robndbox</type><name>wheat_head</name><pose>Unspecified</pose><truncated>0</truncated><difficult>0</difficult><robndbox><cx>768.7155</cx><cy>177.9745</cy><w>100.894</w><h>34.7456</h><angle>1.17565</angle></robndbox></object><object><type>robndbox</type><name>wheat_head</name><pose>Unspecified</pose><truncated>0</truncated><difficult>0</difficult><robndbox><cx>838.9826</cx><cy>629.3878</cy><w>80.154</w><h>23.2805</h><angle>0.656144</angle></robndbox></object><object><type>robndbox</type><name>wheat_head</name><pose>Unspecified</pose><truncated>0</truncated><difficult>0</difficult><robndbox><cx>702.634</cx><cy>549.4207</cy><w>119.8798</w><h>36.3835</h><angle>0.632974</angle></robndbox></object><object><type>robndbox</type><name>wheat_head</name><pose>Unspecified</pose><truncated>0</truncated><difficult>0</difficult><robndbox><cx>592.3939</cx><cy>793.8406</cy><w>110.5201</w><h>39.3375</h><angle>0.727726</angle></robndbox></object><object><type>robndbox</type><name>wheat_head</name><pose>Unspecified</pose><truncated>0</truncated><difficult>0</difficult><robndbox><cx>219.5637</cx><cy>619.7538</cy><w>97.2004</w><h>35.7779</h><angle>0.799042</angle></robndbox></object><object><type>robndbox</type><name>wheat_head</name><pose>Unspecified</pose><truncated>0</truncated><difficult>0</difficult><robndbox><cx>520.2191</cx><cy>492.313</cy><w>108.8986</w><h>37.2709</h><angle>0.734191</angle></robndbox></object><object><type>robndbox</type><name>wheat_head</name><pose>Unspecified</pose><truncated>0</truncated><difficult>0</difficult><robndbox><cx>505.2132</cx><cy>604.0624</cy><w>98.0003</w><h>34.9353</h><angle>0.604752</angle></robndbox></object><object><type>robndbox</type><name>wheat_head</name><pose>Unspecified</pose><truncated>0</truncated><difficult>0</difficult><robndbox><cx>878.4738</cx><cy>973.1553</cy><w>84.3994</w><h>35.8991</h><angle>1.046336</angle></robndbox></object><object><type>robndbox</type><name>wheat_head</name><pose>Unspecified</pose><truncated>0</truncated><difficult>0</difficult><robndbox><cx>452.6852</cx><cy>230.5832</cy><w>63.9497</w><h>28.8499</h><angle>0.001641</angle></robndbox></object><object><type>robndbox</type><name>wheat_head</name><pose>Unspecified</pose><truncated>0</truncated><difficult>0</difficult><robndbox><cx>465.6624</cx><cy>963.6809</cy><w>130.016</w><h>39.2016</h><angle>0.684757</angle></robndbox></object><object><type>robndbox</type><name>wheat_head</name><pose>Unspecified</pose><truncated>0</truncated><difficult>0</difficult><robndbox><cx>351.1452</cx><cy>873.6203</cy><w>114.4434</w><h>35.398</h><angle>0.337072</angle></robndbox></object><object><type>robndbox</type><name>wheat_head</name><pose>Unspecified</pose><truncated>0</truncated><difficult>0</difficult><robndbox><cx>383.581</cx><cy>27.9409</cy><w>69.7332</w><h>40.6947</h><angle>0.874868</angle></robndbox></object><object><type>robndbox</type><name>wheat_head</name><pose>Unspecified</pose><truncated>0</truncated><difficult>0</difficult><robndbox><cx>877.9365</cx><cy>181.4369</cy><w>64.0062</w><h>35.096</h><angle>0.804757</angle></robndbox></object><object><type>robndbox</type><name>wheat_head</name><pose>Unspecified</pose><truncated>0</truncated><difficult>0</difficult><robndbox><cx>455.0918</cx><cy>528.4031</cy><w>108.9647</w><h>33.6922</h><angle>0.6293</angle></robndbox></object><object><type>robndbox</type><name>wheat_head</name><pose>Unspecified</pose><truncated>0</truncated><difficult>0</difficult><robndbox><cx>138.5535</cx><cy>573.9882</cy><w>210.0914</w><h>33.7362</h><angle>0.551118</angle></robndbox></object><object><type>robndbox</type><name>wheat_head</name><pose>Unspecified</pose><truncated>0</truncated><difficult>0</difficult><robndbox><cx>484.6966</cx><cy>413.2178</cy><w>84.9075</w><h>32.2632</h><angle>0.537484</angle></robndbox></object><object><type>robndbox</type><name>wheat_head</name><pose>Unspecified</pose><truncated>0</truncated><difficult>0</difficult><robndbox><cx>238.554</cx><cy>966.1128</cy><w>114.5229</w><h>36.0098</h><angle>0.50213</angle></robndbox></object><object><type>robndbox</type><name>wheat_head</name><pose>Unspecified</pose><truncated>0</truncated><difficult>0</difficult><robndbox><cx>745.8074</cx><cy>492.4505</cy><w>125.7797</w><h>27.9424</h><angle>1.4928</angle></robndbox></object><object><type>robndbox</type><name>wheat_head</name><pose>Unspecified</pose><truncated>0</truncated><difficult>0</difficult><robndbox><cx>595.3068</cx><cy>297.9149</cy><w>79.8475</w><h>28.268</h><angle>0.901601</angle></robndbox></object><object><type>robndbox</type><name>wheat_head</name><pose>Unspecified</pose><truncated>0</truncated><difficult>0</difficult><robndbox><cx>482.8084</cx><cy>28.7962</cy><w>49.6031</w><h>25.4592</h><angle>1.195072</angle></robndbox></object><object><type>robndbox</type><name>wheat_head</name><pose>Unspecified</pose><truncated>0</truncated><difficult>0</difficult><robndbox><cx>25.1971</cx><cy>983.3303</cy><w>58.599</w><h>31.1327</h><angle>1.274773</angle></robndbox></object><object><type>robndbox</type><name>wheat_head</name><pose>Unspecified</pose><truncated>0</truncated><difficult>0</difficult><robndbox><cx>832.0753</cx><cy>888.939</cy><w>89.7317</w><h>32.2564</h><angle>2.807882</angle></robndbox></object><object><type>robndbox</type><name>wheat_head</name><pose>Unspecified</pose><truncated>0</truncated><difficult>0</difficult><robndbox><cx>137.2615</cx><cy>186.1266</cy><w>224.6141</w><h>41.4097</h><angle>0.576944</angle></robndbox></object><object><type>robndbox</type><name>wheat_head</name><pose>Unspecified</pose><truncated>0</truncated><difficult>0</difficult><robndbox><cx>574.2065</cx><cy>664.0605</cy><w>64.28</w><h>33.7893</h><angle>1.051657</angle></robndbox></object><object><type>robndbox</type><name>wheat_head</name><pose>Unspecified</pose><truncated>0</truncated><difficult>0</difficult><robndbox><cx>298.5525</cx><cy>556.2719</cy><w>48.0677</w><h>28.7453</h><angle>0.618006</angle></robndbox></object><object><type>robndbox</type><name>wheat_head</name><pose>Unspecified</pose><truncated>0</truncated><difficult>0</difficult><robndbox><cx>828.6233</cx><cy>301.9967</cy><w>47.9985</w><h>28.7858</h><angle>0.976239</angle></robndbox></object><object><type>robndbox</type><name>wheat_head</name><pose>Unspecified</pose><truncated>0</truncated><difficult>0</difficult><robndbox><cx>981.6696</cx><cy>777.9252</cy><w>90.1729</w><h>37.5856</h><angle>0.697157</angle></robndbox></object><object><type>robndbox</type><name>wheat_head</name><pose>Unspecified</pose><truncated>0</truncated><difficult>0</difficult><robndbox><cx>896.6646</cx><cy>708.9218</cy><w>47.6145</w><h>25.0252</h><angle>0.505242</angle></robndbox></object><object><type>robndbox</type><name>wheat_head</name><pose>Unspecified</pose><truncated>0</truncated><difficult>0</difficult><robndbox><cx>388.2857</cx><cy>646.9548</cy><w>92.1087</w><h>32.0288</h><angle>0.645853</angle></robndbox></object><object><type>robndbox</type><name>wheat_head</name><pose>Unspecified</pose><truncated>0</truncated><difficult>0</difficult><robndbox><cx>668.9957</cx><cy>986.3575</cy><w>53.2222</w><h>28.8939</h><angle>1.243282</angle></robndbox></object><object><type>robndbox</type><name>wheat_head</name><pose>Unspecified</pose><truncated>0</truncated><difficult>0</difficult><robndbox><cx>449.5117</cx><cy>450.5033</cy><w>47.4434</w><h>42.9074</h><angle>0.042176</angle></robndbox></object><object><type>robndbox</type><name>wheat_head</name><pose>Unspecified</pose><truncated>0</truncated><difficult>0</difficult><robndbox><cx>100.2947</cx><cy>845.0315</cy><w>84.1604</w><h>31.0351</h><angle>0.474492</angle></robndbox></object><object><type>robndbox</type><name>wheat_head</name><pose>Unspecified</pose><truncated>0</truncated><difficult>0</difficult><robndbox><cx>798.2745</cx><cy>994.8024</cy><w>37.1434</w><h>34.5637</h><angle>1.49265</angle></robndbox></object><object><type>robndbox</type><name>wheat_head</name><pose>Unspecified</pose><truncated>0</truncated><difficult>0</difficult><robndbox><cx>982.8044</cx><cy>277.3281</cy><w>49.7302</w><h>27.3118</h><angle>1.019648</angle></robndbox></object><object><type>robndbox</type><name>wheat_head</name><pose>Unspecified</pose><truncated>0</truncated><difficult>0</difficult><robndbox><cx>833.0472</cx><cy>482.4311</cy><w>108.2776</w><h>38.4539</h><angle>0.639998</angle></robndbox></object><object><type>robndbox</type><name>wheat_head</name><pose>Unspecified</pose><truncated>0</truncated><difficult>0</difficult><robndbox><cx>927.928</cx><cy>943.1247</cy><w>112.4626</w><h>31.8996</h><angle>1.406983</angle></robndbox></object><object><type>robndbox</type><name>wheat_head</name><pose>Unspecified</pose><truncated>0</truncated><difficult>0</difficult><robndbox><cx>936.6902</cx><cy>869.8085</cy><w>77.3624</w><h>32.6035</h><angle>2.815305</angle></robndbox></object><object><type>robndbox</type><name>wheat_head</name><pose>Unspecified</pose><truncated>0</truncated><difficult>0</difficult><robndbox><cx>368.2036</cx><cy>413.4394</cy><w>84.2655</w><h>29.3038</h><angle>1.479484</angle></robndbox></object><object><type>robndbox</type><name>wheat_head</name><pose>Unspecified</pose><truncated>0</truncated><difficult>0</difficult><robndbox><cx>125.089</cx><cy>499.2591</cy><w>72.1204</w><h>24.1706</h><angle>0.367339</angle></robndbox></object><object><type>robndbox</type><name>wheat_head</name><pose>Unspecified</pose><truncated>0</truncated><difficult>0</difficult><robndbox><cx>435.7711</cx><cy>768.3244</cy><w>55.3377</w><h>29.5315</h><angle>1.221576</angle></robndbox></object><object><type>robndbox</type><name>wheat_head</name><pose>Unspecified</pose><truncated>0</truncated><difficult>0</difficult><robndbox><cx>1001.0</cx><cy>928.0</cy><w>46.6223</w><h>43.6005</h><angle>2.978024</angle></robndbox></object><object><type>robndbox</type><name>wheat_head</name><pose>Unspecified</pose><truncated>0</truncated><difficult>0</difficult><robndbox><cx>235.5246</cx><cy>93.2064</cy><w>197.7</w><h>42.4583</h><angle>1.207191</angle></robndbox></object><object><type>robndbox</type><name>wheat_head</name><pose>Unspecified</pose><truncated>0</truncated><difficult>0</difficult><robndbox><cx>810.0938</cx><cy>841.2973</cy><w>37.1195</w><h>24.827</h><angle>0.869074</angle></robndbox></object><object><type>robndbox</type><name>wheat_head</name><pose>Unspecified</pose><truncated>0</truncated><difficult>0</difficult><robndbox><cx>706.3672</cx><cy>247.2375</cy><w>190.6313</w><h>40.5986</h><angle>0.615251</angle></robndbox></object><object><type>robndbox</type><name>wheat_head</name><pose>Unspecified</pose><truncated>0</truncated><difficult>0</difficult><robndbox><cx>861.8145</cx><cy>116.3528</cy><w>82.6755</w><h>35.9172</h><angle>1.001234</angle></robndbox></object><object><type>robndbox</type><name>wheat_head</name><pose>Unspecified</pose><truncated>0</truncated><difficult>0</difficult><robndbox><cx>23.8764</cx><cy>411.078</cy><w>48.9996</w><h>28.439</h><angle>0.657052</angle></robndbox></object><object><type>robndbox</type><name>wheat_head</name><pose>Unspecified</pose><truncated>0</truncated><difficult>0</difficult><robndbox><cx>943.4442</cx><cy>236.7112</cy><w>50.5404</w><h>28.1336</h><angle>0.757256</angle></robndbox></object><object><type>robndbox</type><name>wheat_head</name><pose>Unspecified</pose><truncated>0</truncated><difficult>0</difficult><robndbox><cx>536.8478</cx><cy>300.2627</cy><w>70.823</w><h>28.834</h><angle>1.937283</angle></robndbox></object><object><type>robndbox</type><name>wheat_head</name><pose>Unspecified</pose><truncated>0</truncated><difficult>0</difficult><robndbox><cx>940.6901</cx><cy>579.053</cy><w>69.552</w><h>32.5452</h><angle>0.585184</angle></robndbox></object><object><type>robndbox</type><name>wheat_head</name><pose>Unspecified</pose><truncated>0</truncated><difficult>0</difficult><robndbox><cx>596.9856</cx><cy>415.2104</cy><w>131.7437</w><h>36.1381</h><angle>3.092289</angle></robndbox></object><object><type>robndbox</type><name>wheat_head</name><pose>Unspecified</pose><truncated>0</truncated><difficult>0</difficult><robndbox><cx>404.5379</cx><cy>246.6167</cy><w>101.6715</w><h>38.8551</h><angle>1.001641</angle></robndbox></object><object><type>robndbox</type><name>wheat_head</name><pose>Unspecified</pose><truncated>0</truncated><difficult>0</difficult><robndbox><cx>408.8284</cx><cy>938.9456</cy><w>61.4979</w><h>26.8844</h><angle>0.701674</angle></robndbox></object><object><type>robndbox</type><name>wheat_head</name><pose>Unspecified</pose><truncated>0</truncated><difficult>0</difficult><robndbox><cx>18.937</cx><cy>366.3853</cy><w>32.7602</w><h>28.0238</h><angle>0.469854</angle></robndbox></object><object><type>robndbox</type><name>wheat_head</name><pose>Unspecified</pose><truncated>0</truncated><difficult>0</difficult><robndbox><cx>129.9959</cx><cy>89.0988</cy><w>133.9976</w><h>28.8031</h><angle>1.395745</angle></robndbox></object><object><type>robndbox</type><name>wheat_head</name><pose>Unspecified</pose><truncated>0</truncated><difficult>0</difficult><robndbox><cx>211.6505</cx><cy>996.1542</cy><w>39.8719</w><h>26.9155</h><angle>1.157713</angle></robndbox></object><object><type>robndbox</type><name>wheat_head</name><pose>Unspecified</pose><truncated>0</truncated><difficult>0</difficult><robndbox><cx>125.089</cx><cy>499.2591</cy><w>72.1204</w><h>24.1706</h><angle>0.367339</angle></robndbox></object><object><type>robndbox</type><name>wheat_head</name><pose>Unspecified</pose><truncated>0</truncated><difficult>0</difficult><robndbox><cx>873.1495</cx><cy>554.5972</cy><w>69.0481</w><h>35.4437</h><angle>0.169728</angle></robndbox></object><object><type>robndbox</type><name>wheat_head</name><pose>Unspecified</pose><truncated>0</truncated><difficult>0</difficult><robndbox><cx>635.6244</cx><cy>925.8084</cy><w>169.8058</w><h>38.7152</h><angle>1.828424</angle></robndbox></object><object><type>robndbox</type><name>wheat_head</name><pose>Unspecified</pose><truncated>0</truncated><difficult>0</difficult><robndbox><cx>558.455</cx><cy>228.6932</cy><w>50.8095</w><h>30.4643</h><angle>0.652372</angle></robndbox></object><object><type>robndbox</type><name>wheat_head</name><pose>Unspecified</pose><truncated>0</truncated><difficult>0</difficult><robndbox><cx>276.8892</cx><cy>898.0306</cy><w>60.5585</w><h>33.8279</h><angle>0.29831</angle></robndbox></object><object><type>robndbox</type><name>wheat_head</name><pose>Unspecified</pose><truncated>0</truncated><difficult>0</difficult><robndbox><cx>168.5545</cx><cy>17.6141</cy><w>29.9676</w><h>20.007</h><angle>1.390312</angle></robndbox></object><object><type>robndbox</type><name>wheat_head</name><pose>Unspecified</pose><truncated>0</truncated><difficult>0</difficult><robndbox><cx>961.9655</cx><cy>686.0816</cy><w>42.8597</w><h>32.5397</h><angle>0.55311</angle></robndbox></object><object><type>robndbox</type><name>wheat_head</name><pose>Unspecified</pose><truncated>0</truncated><difficult>0</difficult><robndbox><cx>670.2752</cx><cy>9.9253</cy><w>32.8562</w><h>20.7163</h><angle>3.000306</angle></robndbox></object><object><type>robndbox</type><name>wheat_head</name><pose>Unspecified</pose><truncated>0</truncated><difficult>0</difficult><robndbox><cx>559.455</cx><cy>235.6932</cy><w>50.8095</w><h>30.4643</h><angle>0.552372</angle></robndbox></object><object><type>robndbox</type><name>wheat_head</name><pose>Unspecified</pose><truncated>0</truncated><difficult>0</difficult><robndbox><cx>187.1027</cx><cy>529.7619</cy><w>121.2689</w><h>26.2217</h><angle>3.112285</angle></robndbox></object><object><type>robndbox</type><name>wheat_head</name><pose>Unspecified</pose><truncated>0</truncated><difficult>0</difficult><robndbox><cx>90.695</cx><cy>107.1266</cy><w>55.1963</w><h>18.2753</h><angle>0.865194</angle></robndbox></object><object><type>robndbox</type><name>wheat_head</name><pose>Unspecified</pose><truncated>0</truncated><difficult>0</difficult><robndbox><cx>61.3837</cx><cy>791.9435</cy><w>125.3415</w><h>36.8652</h><angle>0.907466</angle></robndbox></object><object><type>robndbox</type><name>wheat_head</name><pose>Unspecified</pose><truncated>0</truncated><difficult>0</difficult><robndbox><cx>880.9025</cx><cy>507.1814</cy><w>36.1365</w><h>26.5825</h><angle>1.499253</angle></robndbox></object><object><type>robndbox</type><name>wheat_head</name><pose>Unspecified</pose><truncated>0</truncated><difficult>0</difficult><robndbox><cx>715.121</cx><cy>24.9637</cy><w>41.6189</w><h>18.391</h><angle>0.771074</angle></robndbox></object><object><type>robndbox</type><name>wheat_head</name><pose>Unspecified</pose><truncated>0</truncated><difficult>0</difficult><robndbox><cx>81.9565</cx><cy>11.3572</cy><w>54.0385</w><h>28.4183</h><angle>0.419553</angle></robndbox></object><object><type>robndbox</type><name>wheat_head</name><pose>Unspecified</pose><truncated>0</truncated><difficult>0</difficult><robndbox><cx>933.905</cx><cy>636.3329</cy><w>51.4742</w><h>25.0825</h><angle>1.590146</angle></robndbox></object><object><type>robndbox</type><name>wheat_head</name><pose>Unspecified</pose><truncated>0</truncated><difficult>0</difficult><robndbox><cx>838.5487</cx><cy>605.6633</cy><w>47.8467</w><h>35.3255</h><angle>1.137451</angle></robndbox></object><object><type>robndbox</type><name>wheat_head</name><pose>Unspecified</pose><truncated>0</truncated><difficult>0</difficult><robndbox><cx>382.5424</cx><cy>799.9969</cy><w>54.13</w><h>27.0929</h><angle>3.095964</angle></robndbox></object><object><type>robndbox</type><name>wheat_head</name><pose>Unspecified</pose><truncated>0</truncated><difficult>0</difficult><robndbox><cx>25.971</cx><cy>667.1524</cy><w>47.6634</w><h>38.8502</h><angle>0.192331</angle></robndbox></object><object><type>robndbox</type><name>wheat_head</name><pose>Unspecified</pose><truncated>0</truncated><difficult>0</difficult><robndbox><cx>497.6043</cx><cy>299.1101</cy><w>37.377</w><h>26.9322</h><angle>1.031946</angle></robndbox></object><object><type>robndbox</type><name>wheat_head</name><pose>Unspecified</pose><truncated>0</truncated><difficult>0</difficult><robndbox><cx>152.1279</cx><cy>472.5471</cy><w>102.551</w><h>33.835</h><angle>0.368864</angle></robndbox></object><object><type>robndbox</type><name>wheat_head</name><pose>Unspecified</pose><truncated>0</truncated><difficult>0</difficult><robndbox><cx>398.0735</cx><cy>462.3623</cy><w>76.2014</w><h>31.5316</h><angle>0.879484</angle></robndbox></object><object><type>robndbox</type><name>wheat_head</name><pose>Unspecified</pose><truncated>0</truncated><difficult>0</difficult><robndbox><cx>206.2128</cx><cy>957.3806</cy><w>154.7303</w><h>46.9809</h><angle>2.843723</angle></robndbox></object><object><type>robndbox</type><name>wheat_head</name><pose>Unspecified</pose><truncated>0</truncated><difficult>0</difficult><robndbox><cx>258.3</cx><cy>602.9795</cy><w>55.7404</w><h>27.5265</h><angle>0.261651</angle></robndbox></object><object><type>robndbox</type><name>wheat_head</name><pose>Unspecified</pose><truncated>0</truncated><difficult>0</difficult><robndbox><cx>325.5907</cx><cy>611.1068</cy><w>149.3579</w><h>43.8775</h><angle>2.365902</angle></robndbox></object><object><type>robndbox</type><name>wheat_head</name><pose>Unspecified</pose><truncated>0</truncated><difficult>0</difficult><robndbox><cx>950.3218</cx><cy>302.2597</cy><w>44.7772</w><h>20.7065</h><angle>1.057107</angle></robndbox></object></annotation>