<annotation verified="no"><folder>images</folder><filename>34f2e3b92</filename><path>/home/badhon/Documents/thesis/final_dataset/ethz_1/images/34f2e3b92.jpg</path><source><database>Unknown</database></source><size><width>1024</width><height>1024</height><depth>3</depth></size><segmented>0</segmented><object><type>robndbox</type><name>wheat_head</name><pose>Unspecified</pose><truncated>0</truncated><difficult>0</difficult><robndbox><cx>905.0787</cx><cy>669.6601</cy><w>85.5538</w><h>34.6055</h><angle>0.944566</angle></robndbox></object><object><type>robndbox</type><name>wheat_head</name><pose>Unspecified</pose><truncated>0</truncated><difficult>0</difficult><robndbox><cx>92.1012</cx><cy>578.0613</cy><w>97.1611</w><h>34.862</h><angle>0.952415</angle></robndbox></object><object><type>robndbox</type><name>wheat_head</name><pose>Unspecified</pose><truncated>0</truncated><difficult>0</difficult><robndbox><cx>705.4399</cx><cy>601.201</cy><w>67.061</w><h>33.317</h><angle>0.980861</angle></robndbox></object><object><type>robndbox</type><name>wheat_head</name><pose>Unspecified</pose><truncated>0</truncated><difficult>0</difficult><robndbox><cx>325.2465</cx><cy>161.0371</cy><w>67.0058</w><h>30.6569</h><angle>0.940345</angle></robndbox></object><object><type>robndbox</type><name>wheat_head</name><pose>Unspecified</pose><truncated>0</truncated><difficult>0</difficult><robndbox><cx>96.9841</cx><cy>841.9653</cy><w>70.7356</w><h>33.2426</h><angle>1.048831</angle></robndbox></object><object><type>robndbox</type><name>wheat_head</name><pose>Unspecified</pose><truncated>0</truncated><difficult>0</difficult><robndbox><cx>699.3747</cx><cy>720.6989</cy><w>95.457</w><h>36.6341</h><angle>1.063151</angle></robndbox></object><object><type>robndbox</type><name>wheat_head</name><pose>Unspecified</pose><truncated>0</truncated><difficult>0</difficult><robndbox><cx>275.7451</cx><cy>609.6058</cy><w>99.873</w><h>37.8379</h><angle>0.724706</angle></robndbox></object><object><type>robndbox</type><name>wheat_head</name><pose>Unspecified</pose><truncated>0</truncated><difficult>0</difficult><robndbox><cx>518.6439</cx><cy>389.5635</cy><w>84.8331</w><h>29.6893</h><angle>0.810267</angle></robndbox></object><object><type>robndbox</type><name>wheat_head</name><pose>Unspecified</pose><truncated>0</truncated><difficult>0</difficult><robndbox><cx>139.2826</cx><cy>926.8034</cy><w>108.0578</w><h>36.461</h><angle>0.630191</angle></robndbox></object><object><type>robndbox</type><name>wheat_head</name><pose>Unspecified</pose><truncated>0</truncated><difficult>0</difficult><robndbox><cx>695.025</cx><cy>329.7151</cy><w>116.203</w><h>32.394</h><angle>0.385269</angle></robndbox></object><object><type>robndbox</type><name>wheat_head</name><pose>Unspecified</pose><truncated>0</truncated><difficult>0</difficult><robndbox><cx>492.433</cx><cy>29.5906</cy><w>78.1228</w><h>38.0273</h><angle>0.650555</angle></robndbox></object><object><type>robndbox</type><name>wheat_head</name><pose>Unspecified</pose><truncated>0</truncated><difficult>0</difficult><robndbox><cx>355.4975</cx><cy>430.9533</cy><w>51.2053</w><h>29.1211</h><angle>1.256059</angle></robndbox></object><object><type>robndbox</type><name>wheat_head</name><pose>Unspecified</pose><truncated>0</truncated><difficult>0</difficult><robndbox><cx>173.2332</cx><cy>295.5604</cy><w>116.4367</w><h>37.9284</h><angle>0.582511</angle></robndbox></object><object><type>robndbox</type><name>wheat_head</name><pose>Unspecified</pose><truncated>0</truncated><difficult>0</difficult><robndbox><cx>986.3766</cx><cy>23.3389</cy><w>66.813</w><h>36.2782</h><angle>0.663447</angle></robndbox></object><object><type>robndbox</type><name>wheat_head</name><pose>Unspecified</pose><truncated>0</truncated><difficult>0</difficult><robndbox><cx>792.6041</cx><cy>912.5995</cy><w>96.0303</w><h>35.5833</h><angle>0.525902</angle></robndbox></object><object><type>robndbox</type><name>wheat_head</name><pose>Unspecified</pose><truncated>0</truncated><difficult>0</difficult><robndbox><cx>388.1008</cx><cy>771.2634</cy><w>114.7892</w><h>38.9727</h><angle>0.39404</angle></robndbox></object><object><type>robndbox</type><name>wheat_head</name><pose>Unspecified</pose><truncated>0</truncated><difficult>0</difficult><robndbox><cx>57.346</cx><cy>940.7828</cy><w>49.2514</w><h>29.5356</h><angle>1.082227</angle></robndbox></object><object><type>robndbox</type><name>wheat_head</name><pose>Unspecified</pose><truncated>0</truncated><difficult>0</difficult><robndbox><cx>626.9615</cx><cy>701.1064</cy><w>75.4522</w><h>34.0513</h><angle>0.502407</angle></robndbox></object><object><type>robndbox</type><name>wheat_head</name><pose>Unspecified</pose><truncated>0</truncated><difficult>0</difficult><robndbox><cx>337.9148</cx><cy>114.0004</cy><w>83.6383</w><h>23.7703</h><angle>0.463378</angle></robndbox></object><object><type>robndbox</type><name>wheat_head</name><pose>Unspecified</pose><truncated>0</truncated><difficult>0</difficult><robndbox><cx>61.3079</cx><cy>739.1389</cy><w>95.1509</w><h>33.0223</h><angle>0.437074</angle></robndbox></object><object><type>robndbox</type><name>wheat_head</name><pose>Unspecified</pose><truncated>0</truncated><difficult>0</difficult><robndbox><cx>701.1619</cx><cy>279.7842</cy><w>74.1851</w><h>32.3685</h><angle>0.851698</angle></robndbox></object><object><type>robndbox</type><name>wheat_head</name><pose>Unspecified</pose><truncated>0</truncated><difficult>0</difficult><robndbox><cx>459.7101</cx><cy>660.3109</cy><w>119.9322</w><h>35.4878</h><angle>0.399666</angle></robndbox></object><object><type>robndbox</type><name>wheat_head</name><pose>Unspecified</pose><truncated>0</truncated><difficult>0</difficult><robndbox><cx>353.6454</cx><cy>488.5619</cy><w>126.012</w><h>35.6759</h><angle>0.420389</angle></robndbox></object><object><type>robndbox</type><name>wheat_head</name><pose>Unspecified</pose><truncated>0</truncated><difficult>0</difficult><robndbox><cx>448.9391</cx><cy>714.642</cy><w>58.0534</w><h>30.5932</h><angle>0.903651</angle></robndbox></object><object><type>robndbox</type><name>wheat_head</name><pose>Unspecified</pose><truncated>0</truncated><difficult>0</difficult><robndbox><cx>1003.4857</cx><cy>715.8642</cy><w>37.1677</w><h>23.3752</h><angle>1.396937</angle></robndbox></object><object><type>robndbox</type><name>wheat_head</name><pose>Unspecified</pose><truncated>0</truncated><difficult>0</difficult><robndbox><cx>762.0845</cx><cy>958.4876</cy><w>69.1356</w><h>35.524</h><angle>0.64513</angle></robndbox></object><object><type>robndbox</type><name>wheat_head</name><pose>Unspecified</pose><truncated>0</truncated><difficult>0</difficult><robndbox><cx>945.8132</cx><cy>991.0591</cy><w>71.9761</w><h>35.8515</h><angle>0.400394</angle></robndbox></object><object><type>robndbox</type><name>wheat_head</name><pose>Unspecified</pose><truncated>0</truncated><difficult>0</difficult><robndbox><cx>34.2426</cx><cy>166.869</cy><w>64.1333</w><h>22.2663</h><angle>0.115503</angle></robndbox></object><object><type>robndbox</type><name>wheat_head</name><pose>Unspecified</pose><truncated>0</truncated><difficult>0</difficult><robndbox><cx>469.3988</cx><cy>916.5474</cy><w>66.5554</w><h>33.6542</h><angle>0.418426</angle></robndbox></object><object><type>robndbox</type><name>wheat_head</name><pose>Unspecified</pose><truncated>0</truncated><difficult>0</difficult><robndbox><cx>173.5888</cx><cy>851.6405</cy><w>84.5448</w><h>35.0821</h><angle>0.593854</angle></robndbox></object><object><type>robndbox</type><name>wheat_head</name><pose>Unspecified</pose><truncated>0</truncated><difficult>0</difficult><robndbox><cx>184.9538</cx><cy>705.512</cy><w>85.3307</w><h>26.7222</h><angle>0.27987</angle></robndbox></object><object><type>robndbox</type><name>wheat_head</name><pose>Unspecified</pose><truncated>0</truncated><difficult>0</difficult><robndbox><cx>919.555</cx><cy>343.4985</cy><w>62.3638</w><h>31.6825</h><angle>1.079055</angle></robndbox></object><object><type>robndbox</type><name>wheat_head</name><pose>Unspecified</pose><truncated>0</truncated><difficult>0</difficult><robndbox><cx>706.9554</cx><cy>992.2432</cy><w>85.1024</w><h>37.414</h><angle>0.328329</angle></robndbox></object><object><type>robndbox</type><name>wheat_head</name><pose>Unspecified</pose><truncated>0</truncated><difficult>0</difficult><robndbox><cx>603.3363</cx><cy>10.901</cy><w>30.0919</w><h>22.9259</h><angle>3.001004</angle></robndbox></object><object><type>robndbox</type><name>wheat_head</name><pose>Unspecified</pose><truncated>0</truncated><difficult>0</difficult><robndbox><cx>455.256</cx><cy>144.2308</cy><w>63.4584</w><h>30.7618</h><angle>0.675298</angle></robndbox></object><object><type>robndbox</type><name>wheat_head</name><pose>Unspecified</pose><truncated>0</truncated><difficult>0</difficult><robndbox><cx>978.8912</cx><cy>342.1551</cy><w>85.8826</w><h>32.7216</h><angle>0.448248</angle></robndbox></object><object><type>robndbox</type><name>wheat_head</name><pose>Unspecified</pose><truncated>0</truncated><difficult>0</difficult><robndbox><cx>70.0889</cx><cy>706.0023</cy><w>105.2537</w><h>28.262</h><angle>0.173195</angle></robndbox></object><object><type>robndbox</type><name>wheat_head</name><pose>Unspecified</pose><truncated>0</truncated><difficult>0</difficult><robndbox><cx>664.7793</cx><cy>646.9284</cy><w>52.9474</w><h>30.3303</h><angle>0.161279</angle></robndbox></object><object><type>robndbox</type><name>wheat_head</name><pose>Unspecified</pose><truncated>0</truncated><difficult>0</difficult><robndbox><cx>905.0787</cx><cy>669.6601</cy><w>85.5538</w><h>34.6055</h><angle>0.944566</angle></robndbox></object><object><type>robndbox</type><name>wheat_head</name><pose>Unspecified</pose><truncated>0</truncated><difficult>0</difficult><robndbox><cx>9.1662</cx><cy>847.0387</cy><w>25.846</w><h>25.0073</h><angle>1.569847</angle></robndbox></object><object><type>robndbox</type><name>wheat_head</name><pose>Unspecified</pose><truncated>0</truncated><difficult>0</difficult><robndbox><cx>50.996</cx><cy>210.9332</cy><w>87.5752</w><h>26.9105</h><angle>0.072638</angle></robndbox></object><object><type>robndbox</type><name>wheat_head</name><pose>Unspecified</pose><truncated>0</truncated><difficult>0</difficult><robndbox><cx>193.9699</cx><cy>673.9672</cy><w>51.4019</w><h>28.9421</h><angle>0.379459</angle></robndbox></object><object><type>robndbox</type><name>wheat_head</name><pose>Unspecified</pose><truncated>0</truncated><difficult>0</difficult><robndbox><cx>277.437</cx><cy>739.6178</cy><w>67.2103</w><h>29.1983</h><angle>0.154093</angle></robndbox></object><object><type>robndbox</type><name>wheat_head</name><pose>Unspecified</pose><truncated>0</truncated><difficult>0</difficult><robndbox><cx>117.3296</cx><cy>371.5727</cy><w>79.2295</w><h>36.1553</h><angle>0.434123</angle></robndbox></object><object><type>robndbox</type><name>wheat_head</name><pose>Unspecified</pose><truncated>0</truncated><difficult>0</difficult><robndbox><cx>539.7446</cx><cy>147.1539</cy><w>70.8688</w><h>30.0716</h><angle>0.041293</angle></robndbox></object><object><type>robndbox</type><name>wheat_head</name><pose>Unspecified</pose><truncated>0</truncated><difficult>0</difficult><robndbox><cx>991.4659</cx><cy>856.4453</cy><w>54.1288</w><h>36.8221</h><angle>2.7e-05</angle></robndbox></object><object><type>robndbox</type><name>wheat_head</name><pose>Unspecified</pose><truncated>0</truncated><difficult>0</difficult><robndbox><cx>871.0495</cx><cy>81.4373</cy><w>129.63</w><h>34.9709</h><angle>0.713037</angle></robndbox></object><object><type>robndbox</type><name>wheat_head</name><pose>Unspecified</pose><truncated>0</truncated><difficult>0</difficult><robndbox><cx>986.8272</cx><cy>277.3724</cy><w>55.9345</w><h>23.2064</h><angle>0.216929</angle></robndbox></object><object><type>robndbox</type><name>wheat_head</name><pose>Unspecified</pose><truncated>0</truncated><difficult>0</difficult><robndbox><cx>54.5512</cx><cy>480.6786</cy><w>72.9541</w><h>33.34</h><angle>3.03936</angle></robndbox></object><object><type>robndbox</type><name>wheat_head</name><pose>Unspecified</pose><truncated>0</truncated><difficult>0</difficult><robndbox><cx>444.3902</cx><cy>824.3631</cy><w>74.0472</w><h>30.8637</h><angle>0.067009</angle></robndbox></object><object><type>robndbox</type><name>wheat_head</name><pose>Unspecified</pose><truncated>0</truncated><difficult>0</difficult><robndbox><cx>238.9314</cx><cy>1006.2833</cy><w>36.8136</w><h>23.7241</h><angle>0.084963</angle></robndbox></object><object><type>robndbox</type><name>wheat_head</name><pose>Unspecified</pose><truncated>0</truncated><difficult>0</difficult><robndbox><cx>943.9713</cx><cy>392.8976</cy><w>69.2699</w><h>28.9581</h><angle>0.171042</angle></robndbox></object><object><type>robndbox</type><name>wheat_head</name><pose>Unspecified</pose><truncated>0</truncated><difficult>0</difficult><robndbox><cx>521.6491</cx><cy>1002.3746</cy><w>29.715</w><h>25.5546</h><angle>0.20661</angle></robndbox></object><object><type>robndbox</type><name>wheat_head</name><pose>Unspecified</pose><truncated>0</truncated><difficult>0</difficult><robndbox><cx>885.0651</cx><cy>446.2946</cy><w>59.771</w><h>31.8615</h><angle>0.433712</angle></robndbox></object><object><type>robndbox</type><name>wheat_head</name><pose>Unspecified</pose><truncated>0</truncated><difficult>0</difficult><robndbox><cx>506.9616</cx><cy>462.1623</cy><w>76.9168</w><h>43.0981</h><angle>0.117201</angle></robndbox></object><object><type>robndbox</type><name>wheat_head</name><pose>Unspecified</pose><truncated>0</truncated><difficult>0</difficult><robndbox><cx>177.5844</cx><cy>402.6906</cy><w>39.312</w><h>32.5669</h><angle>0.105493</angle></robndbox></object><object><type>robndbox</type><name>wheat_head</name><pose>Unspecified</pose><truncated>0</truncated><difficult>0</difficult><robndbox><cx>810.9096</cx><cy>9.2985</cy><w>31.8402</w><h>21.0266</h><angle>3.014626</angle></robndbox></object><object><type>robndbox</type><name>wheat_head</name><pose>Unspecified</pose><truncated>0</truncated><difficult>0</difficult><robndbox><cx>158.6832</cx><cy>900.465</cy><w>36.9367</w><h>32.7518</h><angle>0.339852</angle></robndbox></object><object><type>robndbox</type><name>wheat_head</name><pose>Unspecified</pose><truncated>0</truncated><difficult>0</difficult><robndbox><cx>968.3391</cx><cy>422.9487</cy><w>72.4704</w><h>32.7277</h><angle>0.271042</angle></robndbox></object><object><type>robndbox</type><name>wheat_head</name><pose>Unspecified</pose><truncated>0</truncated><difficult>0</difficult><robndbox><cx>934.1783</cx><cy>39.3562</cy><w>62.9814</w><h>28.2978</h><angle>1.23712</angle></robndbox></object><object><type>robndbox</type><name>wheat_head</name><pose>Unspecified</pose><truncated>0</truncated><difficult>0</difficult><robndbox><cx>883.6906</cx><cy>891.5548</cy><w>46.3514</w><h>29.596</h><angle>2.880078</angle></robndbox></object><object><type>robndbox</type><name>wheat_head</name><pose>Unspecified</pose><truncated>0</truncated><difficult>0</difficult><robndbox><cx>888.0</cx><cy>113.0</cy><w>45.5235</w><h>36.9158</h><angle>1.48215</angle></robndbox></object><object><type>robndbox</type><name>wheat_head</name><pose>Unspecified</pose><truncated>0</truncated><difficult>0</difficult><robndbox><cx>53.1043</cx><cy>891.6113</cy><w>56.1293</w><h>26.1875</h><angle>3.02175</angle></robndbox></object><object><type>robndbox</type><name>wheat_head</name><pose>Unspecified</pose><truncated>0</truncated><difficult>0</difficult><robndbox><cx>226.8617</cx><cy>747.6147</cy><w>34.8926</w><h>32.4921</h><angle>1.35424</angle></robndbox></object><object><type>robndbox</type><name>wheat_head</name><pose>Unspecified</pose><truncated>0</truncated><difficult>0</difficult><robndbox><cx>73.5808</cx><cy>668.8608</cy><w>103.6348</w><h>26.2813</h><angle>0.197151</angle></robndbox></object><object><type>robndbox</type><name>wheat_head</name><pose>Unspecified</pose><truncated>0</truncated><difficult>0</difficult><robndbox><cx>224.6131</cx><cy>823.7751</cy><w>69.3144</w><h>31.9696</h><angle>3.006057</angle></robndbox></object><object><type>robndbox</type><name>wheat_head</name><pose>Unspecified</pose><truncated>0</truncated><difficult>0</difficult><robndbox><cx>484.7632</cx><cy>178.5528</cy><w>71.3644</w><h>32.8535</h><angle>0.275298</angle></robndbox></object><object><type>robndbox</type><name>wheat_head</name><pose>Unspecified</pose><truncated>0</truncated><difficult>0</difficult><robndbox><cx>413.4033</cx><cy>475.7179</cy><w>59.5229</w><h>29.8121</h><angle>0.109817</angle></robndbox></object><object><type>robndbox</type><name>wheat_head</name><pose>Unspecified</pose><truncated>0</truncated><difficult>0</difficult><robndbox><cx>705.4399</cx><cy>601.201</cy><w>67.061</w><h>33.317</h><angle>0.980861</angle></robndbox></object><object><type>robndbox</type><name>wheat_head</name><pose>Unspecified</pose><truncated>0</truncated><difficult>0</difficult><robndbox><cx>931.5951</cx><cy>536.5813</cy><w>62.623</w><h>37.3482</h><angle>2.825623</angle></robndbox></object><object><type>robndbox</type><name>wheat_head</name><pose>Unspecified</pose><truncated>0</truncated><difficult>0</difficult><robndbox><cx>653.1067</cx><cy>600.0464</cy><w>51.0098</w><h>24.43</h><angle>3.121987</angle></robndbox></object><object><type>robndbox</type><name>wheat_head</name><pose>Unspecified</pose><truncated>0</truncated><difficult>0</difficult><robndbox><cx>956.8283</cx><cy>308.0298</cy><w>28.3196</w><h>14.4629</h><angle>0.835357</angle></robndbox></object></annotation>