<annotation verified="no"><folder>images</folder><filename>34f7f196b</filename><path>/home/badhon/Documents/thesis/final_dataset/ethz_1/images/34f7f196b.jpg</path><source><database>Unknown</database></source><size><width>1024</width><height>1024</height><depth>3</depth></size><segmented>0</segmented><object><type>robndbox</type><name>wheat_head</name><pose>Unspecified</pose><truncated>0</truncated><difficult>0</difficult><robndbox><cx>537.9859</cx><cy>97.4789</cy><w>101.6867</w><h>26.799</h><angle>1.116456</angle></robndbox></object><object><type>robndbox</type><name>wheat_head</name><pose>Unspecified</pose><truncated>0</truncated><difficult>0</difficult><robndbox><cx>518.6739</cx><cy>209.8554</cy><w>104.3083</w><h>29.2524</h><angle>0.764957</angle></robndbox></object><object><type>robndbox</type><name>wheat_head</name><pose>Unspecified</pose><truncated>0</truncated><difficult>0</difficult><robndbox><cx>106.7023</cx><cy>572.2016</cy><w>93.7731</w><h>31.7054</h><angle>0.916978</angle></robndbox></object><object><type>robndbox</type><name>wheat_head</name><pose>Unspecified</pose><truncated>0</truncated><difficult>0</difficult><robndbox><cx>226.1688</cx><cy>764.5228</cy><w>86.8176</w><h>33.3133</h><angle>0.599387</angle></robndbox></object><object><type>robndbox</type><name>wheat_head</name><pose>Unspecified</pose><truncated>0</truncated><difficult>0</difficult><robndbox><cx>430.2472</cx><cy>465.1784</cy><w>75.7042</w><h>36.9289</h><angle>0.836833</angle></robndbox></object><object><type>robndbox</type><name>wheat_head</name><pose>Unspecified</pose><truncated>0</truncated><difficult>0</difficult><robndbox><cx>65.3595</cx><cy>410.5544</cy><w>97.0085</w><h>37.1218</h><angle>0.437391</angle></robndbox></object><object><type>robndbox</type><name>wheat_head</name><pose>Unspecified</pose><truncated>0</truncated><difficult>0</difficult><robndbox><cx>923.3572</cx><cy>204.2218</cy><w>87.0015</w><h>34.3057</h><angle>0.884321</angle></robndbox></object><object><type>robndbox</type><name>wheat_head</name><pose>Unspecified</pose><truncated>0</truncated><difficult>0</difficult><robndbox><cx>884.6835</cx><cy>806.2961</cy><w>74.0862</w><h>29.178</h><angle>1.146541</angle></robndbox></object><object><type>robndbox</type><name>wheat_head</name><pose>Unspecified</pose><truncated>0</truncated><difficult>0</difficult><robndbox><cx>977.0169</cx><cy>162.2193</cy><w>116.6872</w><h>29.4293</h><angle>1.094128</angle></robndbox></object><object><type>robndbox</type><name>wheat_head</name><pose>Unspecified</pose><truncated>0</truncated><difficult>0</difficult><robndbox><cx>362.9734</cx><cy>26.9448</cy><w>81.71</w><h>34.5763</h><angle>0.592647</angle></robndbox></object><object><type>robndbox</type><name>wheat_head</name><pose>Unspecified</pose><truncated>0</truncated><difficult>0</difficult><robndbox><cx>717.6943</cx><cy>755.7578</cy><w>124.1698</w><h>34.162</h><angle>1.129185</angle></robndbox></object><object><type>robndbox</type><name>wheat_head</name><pose>Unspecified</pose><truncated>0</truncated><difficult>0</difficult><robndbox><cx>679.0491</cx><cy>113.8738</cy><w>152.1137</w><h>38.8055</h><angle>1.177073</angle></robndbox></object><object><type>robndbox</type><name>wheat_head</name><pose>Unspecified</pose><truncated>0</truncated><difficult>0</difficult><robndbox><cx>66.2047</cx><cy>286.1891</cy><w>115.3929</w><h>33.8257</h><angle>0.555139</angle></robndbox></object><object><type>robndbox</type><name>wheat_head</name><pose>Unspecified</pose><truncated>0</truncated><difficult>0</difficult><robndbox><cx>256.4147</cx><cy>168.7005</cy><w>111.4762</w><h>32.3783</h><angle>0.527735</angle></robndbox></object><object><type>robndbox</type><name>wheat_head</name><pose>Unspecified</pose><truncated>0</truncated><difficult>0</difficult><robndbox><cx>848.5294</cx><cy>267.414</cy><w>47.3351</w><h>23.7162</h><angle>0.905516</angle></robndbox></object><object><type>robndbox</type><name>wheat_head</name><pose>Unspecified</pose><truncated>0</truncated><difficult>0</difficult><robndbox><cx>603.5486</cx><cy>121.3906</cy><w>107.0114</w><h>35.0438</h><angle>1.019626</angle></robndbox></object><object><type>robndbox</type><name>wheat_head</name><pose>Unspecified</pose><truncated>0</truncated><difficult>0</difficult><robndbox><cx>1003.9845</cx><cy>71.5941</cy><w>33.4785</w><h>26.5716</h><angle>0.247157</angle></robndbox></object><object><type>robndbox</type><name>wheat_head</name><pose>Unspecified</pose><truncated>0</truncated><difficult>0</difficult><robndbox><cx>286.7852</cx><cy>521.4912</cy><w>132.5881</w><h>40.2103</h><angle>0.516555</angle></robndbox></object><object><type>robndbox</type><name>wheat_head</name><pose>Unspecified</pose><truncated>0</truncated><difficult>0</difficult><robndbox><cx>875.4337</cx><cy>370.6058</cy><w>128.0857</w><h>32.8981</h><angle>1.249825</angle></robndbox></object><object><type>robndbox</type><name>wheat_head</name><pose>Unspecified</pose><truncated>0</truncated><difficult>0</difficult><robndbox><cx>166.5351</cx><cy>491.2332</cy><w>90.0443</w><h>29.4906</h><angle>0.675004</angle></robndbox></object><object><type>robndbox</type><name>wheat_head</name><pose>Unspecified</pose><truncated>0</truncated><difficult>0</difficult><robndbox><cx>339.3064</cx><cy>156.0114</cy><w>94.558</w><h>37.371</h><angle>0.601691</angle></robndbox></object><object><type>robndbox</type><name>wheat_head</name><pose>Unspecified</pose><truncated>0</truncated><difficult>0</difficult><robndbox><cx>558.6628</cx><cy>966.6172</cy><w>107.8514</w><h>28.8913</h><angle>0.894437</angle></robndbox></object><object><type>robndbox</type><name>wheat_head</name><pose>Unspecified</pose><truncated>0</truncated><difficult>0</difficult><robndbox><cx>657.1371</cx><cy>236.9419</cy><w>132.8151</w><h>33.044</h><angle>0.473181</angle></robndbox></object><object><type>robndbox</type><name>wheat_head</name><pose>Unspecified</pose><truncated>0</truncated><difficult>0</difficult><robndbox><cx>366.6155</cx><cy>894.9384</cy><w>84.4654</w><h>34.0065</h><angle>0.715047</angle></robndbox></object><object><type>robndbox</type><name>wheat_head</name><pose>Unspecified</pose><truncated>0</truncated><difficult>0</difficult><robndbox><cx>659.104</cx><cy>987.5798</cy><w>65.5066</w><h>30.2254</h><angle>1.216689</angle></robndbox></object><object><type>robndbox</type><name>wheat_head</name><pose>Unspecified</pose><truncated>0</truncated><difficult>0</difficult><robndbox><cx>933.5359</cx><cy>513.0814</cy><w>96.6839</w><h>33.6605</h><angle>0.906661</angle></robndbox></object><object><type>robndbox</type><name>wheat_head</name><pose>Unspecified</pose><truncated>0</truncated><difficult>0</difficult><robndbox><cx>58.9541</cx><cy>983.5468</cy><w>126.1869</w><h>35.6353</h><angle>0.402069</angle></robndbox></object><object><type>robndbox</type><name>wheat_head</name><pose>Unspecified</pose><truncated>0</truncated><difficult>0</difficult><robndbox><cx>148.8925</cx><cy>543.9316</cy><w>113.0421</w><h>34.5883</h><angle>1.35435</angle></robndbox></object><object><type>robndbox</type><name>wheat_head</name><pose>Unspecified</pose><truncated>0</truncated><difficult>0</difficult><robndbox><cx>221.8287</cx><cy>202.2998</cy><w>106.5505</w><h>28.1151</h><angle>0.513207</angle></robndbox></object><object><type>robndbox</type><name>wheat_head</name><pose>Unspecified</pose><truncated>0</truncated><difficult>0</difficult><robndbox><cx>538.1757</cx><cy>594.5524</cy><w>65.0469</w><h>31.8341</h><angle>0.636722</angle></robndbox></object><object><type>robndbox</type><name>wheat_head</name><pose>Unspecified</pose><truncated>0</truncated><difficult>0</difficult><robndbox><cx>811.3382</cx><cy>132.0739</cy><w>80.5932</w><h>27.9104</h><angle>1.146786</angle></robndbox></object><object><type>robndbox</type><name>wheat_head</name><pose>Unspecified</pose><truncated>0</truncated><difficult>0</difficult><robndbox><cx>18.8688</cx><cy>871.0034</cy><w>67.518</w><h>30.1184</h><angle>1.141453</angle></robndbox></object><object><type>robndbox</type><name>wheat_head</name><pose>Unspecified</pose><truncated>0</truncated><difficult>0</difficult><robndbox><cx>256.0789</cx><cy>319.0303</cy><w>83.6036</w><h>33.4762</h><angle>0.331118</angle></robndbox></object><object><type>robndbox</type><name>wheat_head</name><pose>Unspecified</pose><truncated>0</truncated><difficult>0</difficult><robndbox><cx>52.4623</cx><cy>179.8205</cy><w>168.9296</w><h>31.9574</h><angle>0.92377</angle></robndbox></object><object><type>robndbox</type><name>wheat_head</name><pose>Unspecified</pose><truncated>0</truncated><difficult>0</difficult><robndbox><cx>513.8689</cx><cy>307.3444</cy><w>56.049</w><h>27.808</h><angle>1.664355</angle></robndbox></object><object><type>robndbox</type><name>wheat_head</name><pose>Unspecified</pose><truncated>0</truncated><difficult>0</difficult><robndbox><cx>958.342</cx><cy>943.6016</cy><w>55.6783</w><h>25.9552</h><angle>0.632415</angle></robndbox></object><object><type>robndbox</type><name>wheat_head</name><pose>Unspecified</pose><truncated>0</truncated><difficult>0</difficult><robndbox><cx>342.0</cx><cy>731.5</cy><w>192.7076</w><h>37.6238</h><angle>0.720812</angle></robndbox></object><object><type>robndbox</type><name>wheat_head</name><pose>Unspecified</pose><truncated>0</truncated><difficult>0</difficult><robndbox><cx>176.579</cx><cy>44.7405</cy><w>62.1611</w><h>27.2932</h><angle>0.733144</angle></robndbox></object><object><type>robndbox</type><name>wheat_head</name><pose>Unspecified</pose><truncated>0</truncated><difficult>0</difficult><robndbox><cx>456.061</cx><cy>217.0095</cy><w>136.0688</w><h>31.3142</h><angle>0.513361</angle></robndbox></object><object><type>robndbox</type><name>wheat_head</name><pose>Unspecified</pose><truncated>0</truncated><difficult>0</difficult><robndbox><cx>605.0625</cx><cy>491.7243</cy><w>127.5392</w><h>43.2452</h><angle>0.640096</angle></robndbox></object><object><type>robndbox</type><name>wheat_head</name><pose>Unspecified</pose><truncated>0</truncated><difficult>0</difficult><robndbox><cx>654.4031</cx><cy>601.0648</cy><w>58.7827</w><h>34.5173</h><angle>0.98855</angle></robndbox></object><object><type>robndbox</type><name>wheat_head</name><pose>Unspecified</pose><truncated>0</truncated><difficult>0</difficult><robndbox><cx>972.6402</cx><cy>856.8899</cy><w>66.7005</w><h>35.8277</h><angle>0.496106</angle></robndbox></object><object><type>robndbox</type><name>wheat_head</name><pose>Unspecified</pose><truncated>0</truncated><difficult>0</difficult><robndbox><cx>968.3795</cx><cy>13.5147</cy><w>62.8027</w><h>26.862</h><angle>0.325447</angle></robndbox></object><object><type>robndbox</type><name>wheat_head</name><pose>Unspecified</pose><truncated>0</truncated><difficult>0</difficult><robndbox><cx>872.3101</cx><cy>56.8869</cy><w>119.3966</w><h>38.0812</h><angle>2.476563</angle></robndbox></object><object><type>robndbox</type><name>wheat_head</name><pose>Unspecified</pose><truncated>0</truncated><difficult>0</difficult><robndbox><cx>862.5015</cx><cy>181.9637</cy><w>72.7079</w><h>23.3276</h><angle>0.927682</angle></robndbox></object><object><type>robndbox</type><name>wheat_head</name><pose>Unspecified</pose><truncated>0</truncated><difficult>0</difficult><robndbox><cx>840.1863</cx><cy>205.2137</cy><w>122.0747</w><h>39.7017</h><angle>0.739131</angle></robndbox></object><object><type>robndbox</type><name>wheat_head</name><pose>Unspecified</pose><truncated>0</truncated><difficult>0</difficult><robndbox><cx>177.2158</cx><cy>811.8529</cy><w>132.0556</w><h>27.736</h><angle>0.558191</angle></robndbox></object><object><type>robndbox</type><name>wheat_head</name><pose>Unspecified</pose><truncated>0</truncated><difficult>0</difficult><robndbox><cx>248.2201</cx><cy>873.4269</cy><w>136.2935</w><h>32.1268</h><angle>0.267769</angle></robndbox></object><object><type>robndbox</type><name>wheat_head</name><pose>Unspecified</pose><truncated>0</truncated><difficult>0</difficult><robndbox><cx>796.6693</cx><cy>897.4899</cy><w>118.2592</w><h>33.5455</h><angle>2.992371</angle></robndbox></object><object><type>robndbox</type><name>wheat_head</name><pose>Unspecified</pose><truncated>0</truncated><difficult>0</difficult><robndbox><cx>392.614</cx><cy>16.9494</cy><w>50.1651</w><h>28.7135</h><angle>0.481317</angle></robndbox></object><object><type>robndbox</type><name>wheat_head</name><pose>Unspecified</pose><truncated>0</truncated><difficult>0</difficult><robndbox><cx>408.8386</cx><cy>610.2164</cy><w>202.7919</w><h>30.2098</h><angle>1.919023</angle></robndbox></object><object><type>robndbox</type><name>wheat_head</name><pose>Unspecified</pose><truncated>0</truncated><difficult>0</difficult><robndbox><cx>555.6107</cx><cy>796.6694</cy><w>115.5768</w><h>35.2343</h><angle>0.262111</angle></robndbox></object><object><type>robndbox</type><name>wheat_head</name><pose>Unspecified</pose><truncated>0</truncated><difficult>0</difficult><robndbox><cx>284.586</cx><cy>555.4763</cy><w>47.2997</w><h>19.5904</h><angle>0.687986</angle></robndbox></object><object><type>robndbox</type><name>wheat_head</name><pose>Unspecified</pose><truncated>0</truncated><difficult>0</difficult><robndbox><cx>53.1593</cx><cy>100.7513</cy><w>149.9734</w><h>32.5922</h><angle>0.924425</angle></robndbox></object><object><type>robndbox</type><name>wheat_head</name><pose>Unspecified</pose><truncated>0</truncated><difficult>0</difficult><robndbox><cx>607.0052</cx><cy>833.9591</cy><w>80.9632</w><h>29.0488</h><angle>0.077259</angle></robndbox></object><object><type>robndbox</type><name>wheat_head</name><pose>Unspecified</pose><truncated>0</truncated><difficult>0</difficult><robndbox><cx>801.65</cx><cy>1001.3447</cy><w>29.9603</w><h>25.5399</h><angle>3.060591</angle></robndbox></object><object><type>robndbox</type><name>wheat_head</name><pose>Unspecified</pose><truncated>0</truncated><difficult>0</difficult><robndbox><cx>933.6721</cx><cy>579.622</cy><w>79.9475</w><h>26.1736</h><angle>3.098773</angle></robndbox></object><object><type>robndbox</type><name>wheat_head</name><pose>Unspecified</pose><truncated>0</truncated><difficult>0</difficult><robndbox><cx>115.1071</cx><cy>10.9878</cy><w>63.2841</w><h>22.5653</h><angle>0.049932</angle></robndbox></object><object><type>robndbox</type><name>wheat_head</name><pose>Unspecified</pose><truncated>0</truncated><difficult>0</difficult><robndbox><cx>330.8281</cx><cy>223.9902</cy><w>71.0779</w><h>26.7259</h><angle>1.347107</angle></robndbox></object><object><type>robndbox</type><name>wheat_head</name><pose>Unspecified</pose><truncated>0</truncated><difficult>0</difficult><robndbox><cx>246.9639</cx><cy>262.5301</cy><w>207.7576</w><h>29.965</h><angle>0.152594</angle></robndbox></object><object><type>robndbox</type><name>wheat_head</name><pose>Unspecified</pose><truncated>0</truncated><difficult>0</difficult><robndbox><cx>958.0485</cx><cy>346.0018</cy><w>51.3301</w><h>29.8929</h><angle>0.482614</angle></robndbox></object><object><type>robndbox</type><name>wheat_head</name><pose>Unspecified</pose><truncated>0</truncated><difficult>0</difficult><robndbox><cx>952.3881</cx><cy>419.831</cy><w>76.0936</w><h>31.7547</h><angle>2.875755</angle></robndbox></object><object><type>robndbox</type><name>wheat_head</name><pose>Unspecified</pose><truncated>0</truncated><difficult>0</difficult><robndbox><cx>505.0978</cx><cy>10.8026</cy><w>34.7311</w><h>21.2967</h><angle>0.064435</angle></robndbox></object><object><type>robndbox</type><name>wheat_head</name><pose>Unspecified</pose><truncated>0</truncated><difficult>0</difficult><robndbox><cx>207.5742</cx><cy>968.588</cy><w>163.2649</w><h>35.8717</h><angle>0.443304</angle></robndbox></object><object><type>robndbox</type><name>wheat_head</name><pose>Unspecified</pose><truncated>0</truncated><difficult>0</difficult><robndbox><cx>96.4492</cx><cy>811.616</cy><w>158.7439</w><h>34.019</h><angle>0.601617</angle></robndbox></object><object><type>robndbox</type><name>wheat_head</name><pose>Unspecified</pose><truncated>0</truncated><difficult>0</difficult><robndbox><cx>221.6599</cx><cy>336.847</cy><w>52.0344</w><h>23.2693</h><angle>0.328258</angle></robndbox></object><object><type>robndbox</type><name>wheat_head</name><pose>Unspecified</pose><truncated>0</truncated><difficult>0</difficult><robndbox><cx>24.3932</cx><cy>1001.9672</cy><w>26.6072</w><h>26.605</h><angle>3.12909</angle></robndbox></object><object><type>robndbox</type><name>wheat_head</name><pose>Unspecified</pose><truncated>0</truncated><difficult>0</difficult><robndbox><cx>34.6806</cx><cy>526.5127</cy><w>66.7665</w><h>37.3533</h><angle>0.543695</angle></robndbox></object><object><type>robndbox</type><name>wheat_head</name><pose>Unspecified</pose><truncated>0</truncated><difficult>0</difficult><robndbox><cx>636.0253</cx><cy>271.0261</cy><w>40.7039</w><h>19.8949</h><angle>0.552202</angle></robndbox></object><object><type>robndbox</type><name>wheat_head</name><pose>Unspecified</pose><truncated>0</truncated><difficult>0</difficult><robndbox><cx>381.6609</cx><cy>163.2828</cy><w>45.9479</w><h>26.2869</h><angle>0.743115</angle></robndbox></object><object><type>robndbox</type><name>wheat_head</name><pose>Unspecified</pose><truncated>0</truncated><difficult>0</difficult><robndbox><cx>494.3866</cx><cy>951.4417</cy><w>120.4514</w><h>29.9531</h><angle>2.655426</angle></robndbox></object><object><type>robndbox</type><name>wheat_head</name><pose>Unspecified</pose><truncated>0</truncated><difficult>0</difficult><robndbox><cx>424.3001</cx><cy>889.0955</cy><w>62.6805</w><h>25.103</h><angle>0.202922</angle></robndbox></object><object><type>robndbox</type><name>wheat_head</name><pose>Unspecified</pose><truncated>0</truncated><difficult>0</difficult><robndbox><cx>507.2031</cx><cy>992.0801</cy><w>75.4741</w><h>32.6647</h><angle>0.457096</angle></robndbox></object><object><type>robndbox</type><name>wheat_head</name><pose>Unspecified</pose><truncated>0</truncated><difficult>0</difficult><robndbox><cx>928.2403</cx><cy>803.0871</cy><w>115.4443</w><h>36.1558</h><angle>0.492708</angle></robndbox></object><object><type>robndbox</type><name>wheat_head</name><pose>Unspecified</pose><truncated>0</truncated><difficult>0</difficult><robndbox><cx>558.8903</cx><cy>491.6526</cy><w>76.9775</w><h>30.1587</h><angle>0.646697</angle></robndbox></object><object><type>robndbox</type><name>wheat_head</name><pose>Unspecified</pose><truncated>0</truncated><difficult>0</difficult><robndbox><cx>1002.2899</cx><cy>128.1791</cy><w>34.2071</w><h>32.7601</h><angle>0.227253</angle></robndbox></object><object><type>robndbox</type><name>wheat_head</name><pose>Unspecified</pose><truncated>0</truncated><difficult>0</difficult><robndbox><cx>48.1483</cx><cy>773.8339</cy><w>93.5492</w><h>25.5908</h><angle>0.047685</angle></robndbox></object><object><type>robndbox</type><name>wheat_head</name><pose>Unspecified</pose><truncated>0</truncated><difficult>0</difficult><robndbox><cx>724.2838</cx><cy>1004.9696</cy><w>37.4833</w><h>20.09</h><angle>2.98083</angle></robndbox></object><object><type>robndbox</type><name>wheat_head</name><pose>Unspecified</pose><truncated>0</truncated><difficult>0</difficult><robndbox><cx>588.8584</cx><cy>538.47</cy><w>52.9245</w><h>27.1066</h><angle>1.183273</angle></robndbox></object><object><type>robndbox</type><name>wheat_head</name><pose>Unspecified</pose><truncated>0</truncated><difficult>0</difficult><robndbox><cx>44.2904</cx><cy>317.8961</cy><w>108.2451</w><h>26.6232</h><angle>0.75273</angle></robndbox></object><object><type>robndbox</type><name>wheat_head</name><pose>Unspecified</pose><truncated>0</truncated><difficult>0</difficult><robndbox><cx>42.1844</cx><cy>223.9848</cy><w>93.4933</w><h>33.4211</h><angle>0.564268</angle></robndbox></object></annotation>