<annotation verified="no"><folder>images</folder><filename>371f6d5b0</filename><path>/home/badhon/Documents/thesis/final_dataset/ethz_1/images/371f6d5b0.jpg</path><source><database>Unknown</database></source><size><width>1024</width><height>1024</height><depth>3</depth></size><segmented>0</segmented><object><type>robndbox</type><name>wheat_head</name><pose>Unspecified</pose><truncated>0</truncated><difficult>0</difficult><robndbox><cx>40.0107</cx><cy>290.419</cy><w>84.6405</w><h>31.9771</h><angle>0.846781</angle></robndbox></object><object><type>robndbox</type><name>wheat_head</name><pose>Unspecified</pose><truncated>0</truncated><difficult>0</difficult><robndbox><cx>243.7134</cx><cy>644.8845</cy><w>82.8763</w><h>36.4553</h><angle>0.63048</angle></robndbox></object><object><type>robndbox</type><name>wheat_head</name><pose>Unspecified</pose><truncated>0</truncated><difficult>0</difficult><robndbox><cx>92.1364</cx><cy>284.0606</cy><w>91.7916</w><h>34.1657</h><angle>0.759959</angle></robndbox></object><object><type>robndbox</type><name>wheat_head</name><pose>Unspecified</pose><truncated>0</truncated><difficult>0</difficult><robndbox><cx>630.2452</cx><cy>67.6658</cy><w>73.5575</w><h>35.429</h><angle>1.047149</angle></robndbox></object><object><type>robndbox</type><name>wheat_head</name><pose>Unspecified</pose><truncated>0</truncated><difficult>0</difficult><robndbox><cx>418.7127</cx><cy>47.2172</cy><w>88.1845</w><h>33.8416</h><angle>1.225243</angle></robndbox></object><object><type>robndbox</type><name>wheat_head</name><pose>Unspecified</pose><truncated>0</truncated><difficult>0</difficult><robndbox><cx>745.3654</cx><cy>246.2941</cy><w>63.771</w><h>33.3465</h><angle>0.982415</angle></robndbox></object><object><type>robndbox</type><name>wheat_head</name><pose>Unspecified</pose><truncated>0</truncated><difficult>0</difficult><robndbox><cx>738.3942</cx><cy>181.4827</cy><w>98.2212</w><h>37.6819</h><angle>2.449303</angle></robndbox></object><object><type>robndbox</type><name>wheat_head</name><pose>Unspecified</pose><truncated>0</truncated><difficult>0</difficult><robndbox><cx>458.0527</cx><cy>903.5164</cy><w>90.0755</w><h>36.2795</h><angle>0.530278</angle></robndbox></object><object><type>robndbox</type><name>wheat_head</name><pose>Unspecified</pose><truncated>0</truncated><difficult>0</difficult><robndbox><cx>952.9028</cx><cy>679.386</cy><w>122.7426</w><h>43.6996</h><angle>0.604418</angle></robndbox></object><object><type>robndbox</type><name>wheat_head</name><pose>Unspecified</pose><truncated>0</truncated><difficult>0</difficult><robndbox><cx>441.3134</cx><cy>392.8019</cy><w>81.2523</w><h>35.3731</h><angle>1.675992</angle></robndbox></object><object><type>robndbox</type><name>wheat_head</name><pose>Unspecified</pose><truncated>0</truncated><difficult>0</difficult><robndbox><cx>43.6731</cx><cy>665.7974</cy><w>84.3558</w><h>33.1789</h><angle>0.754845</angle></robndbox></object><object><type>robndbox</type><name>wheat_head</name><pose>Unspecified</pose><truncated>0</truncated><difficult>0</difficult><robndbox><cx>777.0201</cx><cy>330.1561</cy><w>87.8793</w><h>36.0204</h><angle>0.438746</angle></robndbox></object><object><type>robndbox</type><name>wheat_head</name><pose>Unspecified</pose><truncated>0</truncated><difficult>0</difficult><robndbox><cx>971.327</cx><cy>412.8628</cy><w>48.9298</w><h>28.3165</h><angle>1.388236</angle></robndbox></object><object><type>robndbox</type><name>wheat_head</name><pose>Unspecified</pose><truncated>0</truncated><difficult>0</difficult><robndbox><cx>49.0845</cx><cy>619.0709</cy><w>82.4756</w><h>34.4093</h><angle>0.620725</angle></robndbox></object><object><type>robndbox</type><name>wheat_head</name><pose>Unspecified</pose><truncated>0</truncated><difficult>0</difficult><robndbox><cx>958.9852</cx><cy>68.0151</cy><w>58.1004</w><h>35.0007</h><angle>0.614334</angle></robndbox></object><object><type>robndbox</type><name>wheat_head</name><pose>Unspecified</pose><truncated>0</truncated><difficult>0</difficult><robndbox><cx>776.1008</cx><cy>74.358</cy><w>129.7548</w><h>30.178</h><angle>0.882874</angle></robndbox></object><object><type>robndbox</type><name>wheat_head</name><pose>Unspecified</pose><truncated>0</truncated><difficult>0</difficult><robndbox><cx>219.8677</cx><cy>969.1216</cy><w>99.9534</w><h>39.604</h><angle>2.227277</angle></robndbox></object><object><type>robndbox</type><name>wheat_head</name><pose>Unspecified</pose><truncated>0</truncated><difficult>0</difficult><robndbox><cx>131.0664</cx><cy>488.14</cy><w>94.9602</w><h>40.8147</h><angle>2.589434</angle></robndbox></object><object><type>robndbox</type><name>wheat_head</name><pose>Unspecified</pose><truncated>0</truncated><difficult>0</difficult><robndbox><cx>427.9532</cx><cy>486.5386</cy><w>63.7448</w><h>32.0891</h><angle>0.680347</angle></robndbox></object><object><type>robndbox</type><name>wheat_head</name><pose>Unspecified</pose><truncated>0</truncated><difficult>0</difficult><robndbox><cx>33.7246</cx><cy>957.7885</cy><w>47.2896</w><h>35.4821</h><angle>0.98434</angle></robndbox></object><object><type>robndbox</type><name>wheat_head</name><pose>Unspecified</pose><truncated>0</truncated><difficult>0</difficult><robndbox><cx>809.0318</cx><cy>413.2769</cy><w>68.0769</w><h>28.2599</h><angle>1.400013</angle></robndbox></object><object><type>robndbox</type><name>wheat_head</name><pose>Unspecified</pose><truncated>0</truncated><difficult>0</difficult><robndbox><cx>71.0497</cx><cy>769.8667</cy><w>105.5632</w><h>25.8856</h><angle>0.276667</angle></robndbox></object><object><type>robndbox</type><name>wheat_head</name><pose>Unspecified</pose><truncated>0</truncated><difficult>0</difficult><robndbox><cx>633.6181</cx><cy>381.0884</cy><w>74.7609</w><h>33.9351</h><angle>0.458075</angle></robndbox></object><object><type>robndbox</type><name>wheat_head</name><pose>Unspecified</pose><truncated>0</truncated><difficult>0</difficult><robndbox><cx>384.0806</cx><cy>425.4323</cy><w>52.6011</w><h>36.4785</h><angle>0.470397</angle></robndbox></object><object><type>robndbox</type><name>wheat_head</name><pose>Unspecified</pose><truncated>0</truncated><difficult>0</difficult><robndbox><cx>667.9698</cx><cy>331.6269</cy><w>72.2649</w><h>32.7077</h><angle>1.626182</angle></robndbox></object><object><type>robndbox</type><name>wheat_head</name><pose>Unspecified</pose><truncated>0</truncated><difficult>0</difficult><robndbox><cx>490.8512</cx><cy>599.1373</cy><w>70.8671</w><h>32.9403</h><angle>1.003962</angle></robndbox></object><object><type>robndbox</type><name>wheat_head</name><pose>Unspecified</pose><truncated>0</truncated><difficult>0</difficult><robndbox><cx>772.8871</cx><cy>566.532</cy><w>124.4958</w><h>37.3735</h><angle>1.742918</angle></robndbox></object><object><type>robndbox</type><name>wheat_head</name><pose>Unspecified</pose><truncated>0</truncated><difficult>0</difficult><robndbox><cx>364.3666</cx><cy>998.6373</cy><w>63.6915</w><h>28.3643</h><angle>2.933969</angle></robndbox></object><object><type>robndbox</type><name>wheat_head</name><pose>Unspecified</pose><truncated>0</truncated><difficult>0</difficult><robndbox><cx>306.6093</cx><cy>305.9947</cy><w>40.7824</w><h>33.717</h><angle>0.935577</angle></robndbox></object><object><type>robndbox</type><name>wheat_head</name><pose>Unspecified</pose><truncated>0</truncated><difficult>0</difficult><robndbox><cx>43.3312</cx><cy>726.1487</cy><w>60.1368</w><h>27.1631</h><angle>0.285557</angle></robndbox></object><object><type>robndbox</type><name>wheat_head</name><pose>Unspecified</pose><truncated>0</truncated><difficult>0</difficult><robndbox><cx>557.5061</cx><cy>333.5263</cy><w>43.2323</w><h>26.1787</h><angle>0.925513</angle></robndbox></object><object><type>robndbox</type><name>wheat_head</name><pose>Unspecified</pose><truncated>0</truncated><difficult>0</difficult><robndbox><cx>236.7668</cx><cy>886.7283</cy><w>69.4783</w><h>28.0796</h><angle>0.171123</angle></robndbox></object><object><type>robndbox</type><name>wheat_head</name><pose>Unspecified</pose><truncated>0</truncated><difficult>0</difficult><robndbox><cx>6.0</cx><cy>696.0</cy><w>12.245</w><h>11.9426</h><angle>2.941215</angle></robndbox></object><object><type>robndbox</type><name>wheat_head</name><pose>Unspecified</pose><truncated>0</truncated><difficult>0</difficult><robndbox><cx>726.6835</cx><cy>1004.9597</cy><w>34.9102</w><h>26.888</h><angle>3.09374</angle></robndbox></object><object><type>robndbox</type><name>wheat_head</name><pose>Unspecified</pose><truncated>0</truncated><difficult>0</difficult><robndbox><cx>210.034</cx><cy>469.8566</cy><w>38.6469</w><h>32.1847</h><angle>0.90287</angle></robndbox></object><object><type>robndbox</type><name>wheat_head</name><pose>Unspecified</pose><truncated>0</truncated><difficult>0</difficult><robndbox><cx>316.6508</cx><cy>596.7394</cy><w>111.88</w><h>34.433</h><angle>2.789897</angle></robndbox></object><object><type>robndbox</type><name>wheat_head</name><pose>Unspecified</pose><truncated>0</truncated><difficult>0</difficult><robndbox><cx>581.7449</cx><cy>521.2762</cy><w>45.7897</w><h>28.0189</h><angle>0.484496</angle></robndbox></object><object><type>robndbox</type><name>wheat_head</name><pose>Unspecified</pose><truncated>0</truncated><difficult>0</difficult><robndbox><cx>818.3824</cx><cy>627.149</cy><w>51.0544</w><h>32.6734</h><angle>0.704155</angle></robndbox></object><object><type>robndbox</type><name>wheat_head</name><pose>Unspecified</pose><truncated>0</truncated><difficult>0</difficult><robndbox><cx>868.7395</cx><cy>333.6396</cy><w>44.4529</w><h>35.3065</h><angle>1.041612</angle></robndbox></object><object><type>robndbox</type><name>wheat_head</name><pose>Unspecified</pose><truncated>0</truncated><difficult>0</difficult><robndbox><cx>554.0602</cx><cy>66.2832</cy><w>57.9913</w><h>30.8429</h><angle>1.643784</angle></robndbox></object><object><type>robndbox</type><name>wheat_head</name><pose>Unspecified</pose><truncated>0</truncated><difficult>0</difficult><robndbox><cx>684.0831</cx><cy>977.6149</cy><w>73.2184</w><h>32.5738</h><angle>2.966383</angle></robndbox></object><object><type>robndbox</type><name>wheat_head</name><pose>Unspecified</pose><truncated>0</truncated><difficult>0</difficult><robndbox><cx>241.3841</cx><cy>772.5828</cy><w>125.2708</w><h>37.7004</h><angle>2.509341</angle></robndbox></object><object><type>robndbox</type><name>wheat_head</name><pose>Unspecified</pose><truncated>0</truncated><difficult>0</difficult><robndbox><cx>466.2433</cx><cy>635.4964</cy><w>210.1807</w><h>38.109</h><angle>0.392238</angle></robndbox></object><object><type>robndbox</type><name>wheat_head</name><pose>Unspecified</pose><truncated>0</truncated><difficult>0</difficult><robndbox><cx>340.8053</cx><cy>49.5732</cy><w>57.5773</w><h>32.4405</h><angle>0.472948</angle></robndbox></object><object><type>robndbox</type><name>wheat_head</name><pose>Unspecified</pose><truncated>0</truncated><difficult>0</difficult><robndbox><cx>692.239</cx><cy>922.5029</cy><w>38.9997</w><h>30.8665</h><angle>0.257787</angle></robndbox></object><object><type>robndbox</type><name>wheat_head</name><pose>Unspecified</pose><truncated>0</truncated><difficult>0</difficult><robndbox><cx>762.3208</cx><cy>426.5431</cy><w>55.0191</w><h>31.7146</h><angle>0.981954</angle></robndbox></object><object><type>robndbox</type><name>wheat_head</name><pose>Unspecified</pose><truncated>0</truncated><difficult>0</difficult><robndbox><cx>140.4008</cx><cy>572.8786</cy><w>47.2386</w><h>28.2603</h><angle>2.824141</angle></robndbox></object><object><type>robndbox</type><name>wheat_head</name><pose>Unspecified</pose><truncated>0</truncated><difficult>0</difficult><robndbox><cx>591.5891</cx><cy>651.6029</cy><w>60.2662</w><h>27.3039</h><angle>3.008057</angle></robndbox></object><object><type>robndbox</type><name>wheat_head</name><pose>Unspecified</pose><truncated>0</truncated><difficult>0</difficult><robndbox><cx>875.4886</cx><cy>142.6159</cy><w>43.2575</w><h>31.7893</h><angle>1.092386</angle></robndbox></object><object><type>robndbox</type><name>wheat_head</name><pose>Unspecified</pose><truncated>0</truncated><difficult>0</difficult><robndbox><cx>39.7401</cx><cy>806.1451</cy><w>47.9913</w><h>24.4195</h><angle>3.000339</angle></robndbox></object><object><type>robndbox</type><name>wheat_head</name><pose>Unspecified</pose><truncated>0</truncated><difficult>0</difficult><robndbox><cx>634.0066</cx><cy>819.3129</cy><w>61.2565</w><h>32.8821</h><angle>0.195988</angle></robndbox></object><object><type>robndbox</type><name>wheat_head</name><pose>Unspecified</pose><truncated>0</truncated><difficult>0</difficult><robndbox><cx>473.6289</cx><cy>979.309</cy><w>40.8085</w><h>26.9838</h><angle>1.702983</angle></robndbox></object><object><type>robndbox</type><name>wheat_head</name><pose>Unspecified</pose><truncated>0</truncated><difficult>0</difficult><robndbox><cx>387.5243</cx><cy>955.8922</cy><w>48.4682</w><h>31.8028</h><angle>1.101886</angle></robndbox></object><object><type>robndbox</type><name>wheat_head</name><pose>Unspecified</pose><truncated>0</truncated><difficult>0</difficult><robndbox><cx>487.0993</cx><cy>476.6436</cy><w>50.7558</w><h>31.8477</h><angle>1.53668</angle></robndbox></object><object><type>robndbox</type><name>wheat_head</name><pose>Unspecified</pose><truncated>0</truncated><difficult>0</difficult><robndbox><cx>941.5002</cx><cy>498.0815</cy><w>92.7086</w><h>29.2347</h><angle>0.697581</angle></robndbox></object><object><type>robndbox</type><name>wheat_head</name><pose>Unspecified</pose><truncated>0</truncated><difficult>0</difficult><robndbox><cx>522.6816</cx><cy>92.3067</cy><w>65.2493</w><h>26.7801</h><angle>0.311708</angle></robndbox></object><object><type>robndbox</type><name>wheat_head</name><pose>Unspecified</pose><truncated>0</truncated><difficult>0</difficult><robndbox><cx>469.4899</cx><cy>845.4916</cy><w>51.8217</w><h>32.1256</h><angle>0.072413</angle></robndbox></object><object><type>robndbox</type><name>wheat_head</name><pose>Unspecified</pose><truncated>0</truncated><difficult>0</difficult><robndbox><cx>7.5</cx><cy>996.5</cy><w>15.0</w><h>15.0</h><angle>0.0</angle></robndbox></object><object><type>robndbox</type><name>wheat_head</name><pose>Unspecified</pose><truncated>0</truncated><difficult>0</difficult><robndbox><cx>187.1461</cx><cy>856.972</cy><w>71.9129</w><h>38.3443</h><angle>0.189036</angle></robndbox></object><object><type>robndbox</type><name>wheat_head</name><pose>Unspecified</pose><truncated>0</truncated><difficult>0</difficult><robndbox><cx>548.1595</cx><cy>472.3309</cy><w>41.0527</w><h>28.0942</h><angle>1.272726</angle></robndbox></object><object><type>robndbox</type><name>wheat_head</name><pose>Unspecified</pose><truncated>0</truncated><difficult>0</difficult><robndbox><cx>765.5427</cx><cy>758.7488</cy><w>43.5005</w><h>34.0911</h><angle>0.097306</angle></robndbox></object><object><type>robndbox</type><name>wheat_head</name><pose>Unspecified</pose><truncated>0</truncated><difficult>0</difficult><robndbox><cx>720.0624</cx><cy>836.3848</cy><w>102.5296</w><h>41.8903</h><angle>2.818056</angle></robndbox></object><object><type>robndbox</type><name>wheat_head</name><pose>Unspecified</pose><truncated>0</truncated><difficult>0</difficult><robndbox><cx>434.0723</cx><cy>819.7238</cy><w>46.6927</w><h>28.3376</h><angle>0.679645</angle></robndbox></object><object><type>robndbox</type><name>wheat_head</name><pose>Unspecified</pose><truncated>0</truncated><difficult>0</difficult><robndbox><cx>312.3565</cx><cy>959.2305</cy><w>50.5114</w><h>28.5841</h><angle>3.045274</angle></robndbox></object><object><type>robndbox</type><name>wheat_head</name><pose>Unspecified</pose><truncated>0</truncated><difficult>0</difficult><robndbox><cx>641.1324</cx><cy>1010.8668</cy><w>36.2945</w><h>18.3213</h><angle>3.130382</angle></robndbox></object><object><type>robndbox</type><name>wheat_head</name><pose>Unspecified</pose><truncated>0</truncated><difficult>0</difficult><robndbox><cx>1004.3583</cx><cy>806.8971</cy><w>30.7564</w><h>29.8249</h><angle>1.55303</angle></robndbox></object><object><type>robndbox</type><name>wheat_head</name><pose>Unspecified</pose><truncated>0</truncated><difficult>0</difficult><robndbox><cx>365.3666</cx><cy>1002.5579</cy><w>63.6915</w><h>28.3643</h><angle>2.933969</angle></robndbox></object><object><type>robndbox</type><name>wheat_head</name><pose>Unspecified</pose><truncated>0</truncated><difficult>0</difficult><robndbox><cx>179.188</cx><cy>950.9911</cy><w>43.6005</w><h>34.655</h><angle>0.638914</angle></robndbox></object><object><type>robndbox</type><name>wheat_head</name><pose>Unspecified</pose><truncated>0</truncated><difficult>0</difficult><robndbox><cx>305.4871</cx><cy>1005.5967</cy><w>40.4599</w><h>38.0</h><angle>2.268699</angle></robndbox></object><object><type>robndbox</type><name>wheat_head</name><pose>Unspecified</pose><truncated>0</truncated><difficult>0</difficult><robndbox><cx>84.8416</cx><cy>802.904</cy><w>54.8179</w><h>24.9152</h><angle>0.669043</angle></robndbox></object><object><type>robndbox</type><name>wheat_head</name><pose>Unspecified</pose><truncated>0</truncated><difficult>0</difficult><robndbox><cx>382.4709</cx><cy>44.8773</cy><w>92.5743</w><h>32.9643</h><angle>1.11198</angle></robndbox></object></annotation>