<annotation verified="no"><folder>images</folder><filename>3843b28ec</filename><path>/home/badhon/Documents/thesis/final_dataset/ethz_1/images/3843b28ec.jpg</path><source><database>Unknown</database></source><size><width>1024</width><height>1024</height><depth>3</depth></size><segmented>0</segmented><object><type>robndbox</type><name>wheat_head</name><pose>Unspecified</pose><truncated>0</truncated><difficult>0</difficult><robndbox><cx>885.5507</cx><cy>526.3057</cy><w>105.4319</w><h>36.8808</h><angle>1.128461</angle></robndbox></object><object><type>robndbox</type><name>wheat_head</name><pose>Unspecified</pose><truncated>0</truncated><difficult>0</difficult><robndbox><cx>626.2853</cx><cy>869.7786</cy><w>116.4845</w><h>35.8203</h><angle>0.879184</angle></robndbox></object><object><type>robndbox</type><name>wheat_head</name><pose>Unspecified</pose><truncated>0</truncated><difficult>0</difficult><robndbox><cx>375.924</cx><cy>138.4163</cy><w>65.7505</w><h>32.2284</h><angle>1.047782</angle></robndbox></object><object><type>robndbox</type><name>wheat_head</name><pose>Unspecified</pose><truncated>0</truncated><difficult>0</difficult><robndbox><cx>543.1606</cx><cy>796.4357</cy><w>91.3836</w><h>34.6266</h><angle>2.081999</angle></robndbox></object><object><type>robndbox</type><name>wheat_head</name><pose>Unspecified</pose><truncated>0</truncated><difficult>0</difficult><robndbox><cx>973.5527</cx><cy>113.9322</cy><w>97.6151</w><h>35.0695</h><angle>0.401156</angle></robndbox></object><object><type>robndbox</type><name>wheat_head</name><pose>Unspecified</pose><truncated>0</truncated><difficult>0</difficult><robndbox><cx>505.1429</cx><cy>407.4236</cy><w>69.9022</w><h>40.46</h><angle>0.671279</angle></robndbox></object><object><type>robndbox</type><name>wheat_head</name><pose>Unspecified</pose><truncated>0</truncated><difficult>0</difficult><robndbox><cx>416.0312</cx><cy>268.2777</cy><w>103.5176</w><h>42.1875</h><angle>0.64944</angle></robndbox></object><object><type>robndbox</type><name>wheat_head</name><pose>Unspecified</pose><truncated>0</truncated><difficult>0</difficult><robndbox><cx>239.9096</cx><cy>26.7456</cy><w>64.4746</w><h>35.143</h><angle>0.912197</angle></robndbox></object><object><type>robndbox</type><name>wheat_head</name><pose>Unspecified</pose><truncated>0</truncated><difficult>0</difficult><robndbox><cx>579.0765</cx><cy>237.98</cy><w>85.9553</w><h>38.652</h><angle>0.572378</angle></robndbox></object><object><type>robndbox</type><name>wheat_head</name><pose>Unspecified</pose><truncated>0</truncated><difficult>0</difficult><robndbox><cx>133.4405</cx><cy>88.0248</cy><w>71.7665</w><h>37.0694</h><angle>0.585782</angle></robndbox></object><object><type>robndbox</type><name>wheat_head</name><pose>Unspecified</pose><truncated>0</truncated><difficult>0</difficult><robndbox><cx>702.3344</cx><cy>724.9853</cy><w>106.896</w><h>39.6026</h><angle>0.63025</angle></robndbox></object><object><type>robndbox</type><name>wheat_head</name><pose>Unspecified</pose><truncated>0</truncated><difficult>0</difficult><robndbox><cx>592.8243</cx><cy>968.2396</cy><w>70.284</w><h>36.3154</h><angle>1.142206</angle></robndbox></object><object><type>robndbox</type><name>wheat_head</name><pose>Unspecified</pose><truncated>0</truncated><difficult>0</difficult><robndbox><cx>976.8654</cx><cy>536.8688</cy><w>79.8605</w><h>39.8176</h><angle>0.977262</angle></robndbox></object><object><type>robndbox</type><name>wheat_head</name><pose>Unspecified</pose><truncated>0</truncated><difficult>0</difficult><robndbox><cx>870.3719</cx><cy>281.2708</cy><w>75.61</w><h>35.431</h><angle>1.956838</angle></robndbox></object><object><type>robndbox</type><name>wheat_head</name><pose>Unspecified</pose><truncated>0</truncated><difficult>0</difficult><robndbox><cx>80.7569</cx><cy>749.2999</cy><w>154.3761</w><h>37.9008</h><angle>0.96723</angle></robndbox></object><object><type>robndbox</type><name>wheat_head</name><pose>Unspecified</pose><truncated>0</truncated><difficult>0</difficult><robndbox><cx>9.9346</cx><cy>545.8665</cy><w>32.0927</w><h>22.811</h><angle>1.479389</angle></robndbox></object><object><type>robndbox</type><name>wheat_head</name><pose>Unspecified</pose><truncated>0</truncated><difficult>0</difficult><robndbox><cx>613.1592</cx><cy>149.5468</cy><w>79.2987</w><h>40.319</h><angle>1.578824</angle></robndbox></object><object><type>robndbox</type><name>wheat_head</name><pose>Unspecified</pose><truncated>0</truncated><difficult>0</difficult><robndbox><cx>225.9605</cx><cy>307.0872</cy><w>89.4421</w><h>41.2845</h><angle>0.617857</angle></robndbox></object><object><type>robndbox</type><name>wheat_head</name><pose>Unspecified</pose><truncated>0</truncated><difficult>0</difficult><robndbox><cx>773.5979</cx><cy>178.2713</cy><w>71.9472</w><h>34.3807</h><angle>1.207472</angle></robndbox></object><object><type>robndbox</type><name>wheat_head</name><pose>Unspecified</pose><truncated>0</truncated><difficult>0</difficult><robndbox><cx>74.7201</cx><cy>27.9405</cy><w>67.0281</w><h>35.8929</h><angle>0.565476</angle></robndbox></object><object><type>robndbox</type><name>wheat_head</name><pose>Unspecified</pose><truncated>0</truncated><difficult>0</difficult><robndbox><cx>81.757</cx><cy>613.6605</cy><w>161.4723</w><h>37.2167</h><angle>0.419351</angle></robndbox></object><object><type>robndbox</type><name>wheat_head</name><pose>Unspecified</pose><truncated>0</truncated><difficult>0</difficult><robndbox><cx>463.3592</cx><cy>10.6741</cy><w>29.7544</w><h>25.7952</h><angle>2.949759</angle></robndbox></object><object><type>robndbox</type><name>wheat_head</name><pose>Unspecified</pose><truncated>0</truncated><difficult>0</difficult><robndbox><cx>818.0768</cx><cy>947.4355</cy><w>113.9649</w><h>35.5738</h><angle>1.104634</angle></robndbox></object><object><type>robndbox</type><name>wheat_head</name><pose>Unspecified</pose><truncated>0</truncated><difficult>0</difficult><robndbox><cx>903.7332</cx><cy>126.4748</cy><w>56.7469</w><h>29.8773</h><angle>1.583401</angle></robndbox></object><object><type>robndbox</type><name>wheat_head</name><pose>Unspecified</pose><truncated>0</truncated><difficult>0</difficult><robndbox><cx>1000.5532</cx><cy>337.3229</cy><w>56.3956</w><h>30.079</h><angle>1.250428</angle></robndbox></object><object><type>robndbox</type><name>wheat_head</name><pose>Unspecified</pose><truncated>0</truncated><difficult>0</difficult><robndbox><cx>683.6187</cx><cy>432.2278</cy><w>133.9944</w><h>35.9861</h><angle>0.446645</angle></robndbox></object><object><type>robndbox</type><name>wheat_head</name><pose>Unspecified</pose><truncated>0</truncated><difficult>0</difficult><robndbox><cx>954.2708</cx><cy>271.5207</cy><w>90.0557</w><h>26.1119</h><angle>1.606039</angle></robndbox></object><object><type>robndbox</type><name>wheat_head</name><pose>Unspecified</pose><truncated>0</truncated><difficult>0</difficult><robndbox><cx>1007.6519</cx><cy>915.4944</cy><w>41.5986</w><h>26.4311</h><angle>1.831608</angle></robndbox></object><object><type>robndbox</type><name>wheat_head</name><pose>Unspecified</pose><truncated>0</truncated><difficult>0</difficult><robndbox><cx>54.6343</cx><cy>367.7281</cy><w>66.3094</w><h>34.9233</h><angle>1.918873</angle></robndbox></object><object><type>robndbox</type><name>wheat_head</name><pose>Unspecified</pose><truncated>0</truncated><difficult>0</difficult><robndbox><cx>326.5976</cx><cy>953.1051</cy><w>52.623</w><h>36.2725</h><angle>2.458152</angle></robndbox></object><object><type>robndbox</type><name>wheat_head</name><pose>Unspecified</pose><truncated>0</truncated><difficult>0</difficult><robndbox><cx>586.5519</cx><cy>569.1085</cy><w>51.9503</w><h>32.8214</h><angle>0.643181</angle></robndbox></object><object><type>robndbox</type><name>wheat_head</name><pose>Unspecified</pose><truncated>0</truncated><difficult>0</difficult><robndbox><cx>738.7554</cx><cy>235.3111</cy><w>54.9123</w><h>27.6821</h><angle>0.188986</angle></robndbox></object><object><type>robndbox</type><name>wheat_head</name><pose>Unspecified</pose><truncated>0</truncated><difficult>0</difficult><robndbox><cx>575.7963</cx><cy>617.152</cy><w>63.6289</w><h>32.2629</h><angle>1.118765</angle></robndbox></object><object><type>robndbox</type><name>wheat_head</name><pose>Unspecified</pose><truncated>0</truncated><difficult>0</difficult><robndbox><cx>494.0165</cx><cy>276.7059</cy><w>65.5945</w><h>39.2069</h><angle>0.600113</angle></robndbox></object><object><type>robndbox</type><name>wheat_head</name><pose>Unspecified</pose><truncated>0</truncated><difficult>0</difficult><robndbox><cx>869.9182</cx><cy>12.5209</cy><w>42.3381</w><h>25.549</h><angle>3.070967</angle></robndbox></object><object><type>robndbox</type><name>wheat_head</name><pose>Unspecified</pose><truncated>0</truncated><difficult>0</difficult><robndbox><cx>219.4672</cx><cy>383.9751</cy><w>62.1769</w><h>35.8965</h><angle>0.247155</angle></robndbox></object><object><type>robndbox</type><name>wheat_head</name><pose>Unspecified</pose><truncated>0</truncated><difficult>0</difficult><robndbox><cx>728.9371</cx><cy>131.2424</cy><w>69.6664</w><h>27.0241</h><angle>0.299293</angle></robndbox></object><object><type>robndbox</type><name>wheat_head</name><pose>Unspecified</pose><truncated>0</truncated><difficult>0</difficult><robndbox><cx>158.3335</cx><cy>717.5259</cy><w>53.5623</w><h>34.5671</h><angle>0.393508</angle></robndbox></object><object><type>robndbox</type><name>wheat_head</name><pose>Unspecified</pose><truncated>0</truncated><difficult>0</difficult><robndbox><cx>483.4017</cx><cy>997.227</cy><w>51.4568</w><h>37.9692</h><angle>3.014786</angle></robndbox></object><object><type>robndbox</type><name>wheat_head</name><pose>Unspecified</pose><truncated>0</truncated><difficult>0</difficult><robndbox><cx>204.1703</cx><cy>987.8507</cy><w>53.7689</w><h>30.0934</h><angle>1.651964</angle></robndbox></object><object><type>robndbox</type><name>wheat_head</name><pose>Unspecified</pose><truncated>0</truncated><difficult>0</difficult><robndbox><cx>518.3308</cx><cy>500.9105</cy><w>68.654</w><h>35.363</h><angle>2.893819</angle></robndbox></object><object><type>robndbox</type><name>wheat_head</name><pose>Unspecified</pose><truncated>0</truncated><difficult>0</difficult><robndbox><cx>835.683</cx><cy>558.8199</cy><w>53.6424</w><h>34.9379</h><angle>2.993341</angle></robndbox></object><object><type>robndbox</type><name>wheat_head</name><pose>Unspecified</pose><truncated>0</truncated><difficult>0</difficult><robndbox><cx>17.8439</cx><cy>21.2517</cy><w>36.4745</w><h>28.6221</h><angle>1.411661</angle></robndbox></object><object><type>robndbox</type><name>wheat_head</name><pose>Unspecified</pose><truncated>0</truncated><difficult>0</difficult><robndbox><cx>952.3481</cx><cy>781.6653</cy><w>48.5689</w><h>32.4717</h><angle>1.505237</angle></robndbox></object><object><type>robndbox</type><name>wheat_head</name><pose>Unspecified</pose><truncated>0</truncated><difficult>0</difficult><robndbox><cx>62.2509</cx><cy>655.6017</cy><w>72.2795</w><h>33.3603</h><angle>0.478978</angle></robndbox></object><object><type>robndbox</type><name>wheat_head</name><pose>Unspecified</pose><truncated>0</truncated><difficult>0</difficult><robndbox><cx>200.4324</cx><cy>96.9731</cy><w>71.441</w><h>39.1799</h><angle>0.291516</angle></robndbox></object><object><type>robndbox</type><name>wheat_head</name><pose>Unspecified</pose><truncated>0</truncated><difficult>0</difficult><robndbox><cx>354.6801</cx><cy>888.7049</cy><w>102.4385</w><h>43.0554</h><angle>1.364822</angle></robndbox></object><object><type>robndbox</type><name>wheat_head</name><pose>Unspecified</pose><truncated>0</truncated><difficult>0</difficult><robndbox><cx>49.9951</cx><cy>62.5672</cy><w>47.0464</w><h>27.9322</h><angle>1.407534</angle></robndbox></object><object><type>robndbox</type><name>wheat_head</name><pose>Unspecified</pose><truncated>0</truncated><difficult>0</difficult><robndbox><cx>671.0518</cx><cy>981.5748</cy><w>59.3266</w><h>37.2751</h><angle>1.78756</angle></robndbox></object><object><type>robndbox</type><name>wheat_head</name><pose>Unspecified</pose><truncated>0</truncated><difficult>0</difficult><robndbox><cx>723.8608</cx><cy>987.7028</cy><w>50.8234</w><h>38.3107</h><angle>1.182054</angle></robndbox></object><object><type>robndbox</type><name>wheat_head</name><pose>Unspecified</pose><truncated>0</truncated><difficult>0</difficult><robndbox><cx>176.9934</cx><cy>10.6404</cy><w>35.5808</w><h>21.6414</h><angle>0.056954</angle></robndbox></object><object><type>robndbox</type><name>wheat_head</name><pose>Unspecified</pose><truncated>0</truncated><difficult>0</difficult><robndbox><cx>959.5197</cx><cy>158.4548</cy><w>38.2289</w><h>26.1655</h><angle>1.339469</angle></robndbox></object><object><type>robndbox</type><name>wheat_head</name><pose>Unspecified</pose><truncated>0</truncated><difficult>0</difficult><robndbox><cx>238.2937</cx><cy>970.5196</cy><w>66.2867</w><h>33.8977</h><angle>0.422993</angle></robndbox></object><object><type>robndbox</type><name>wheat_head</name><pose>Unspecified</pose><truncated>0</truncated><difficult>0</difficult><robndbox><cx>85.4746</cx><cy>104.3762</cy><w>51.8004</w><h>33.6505</h><angle>3.024</angle></robndbox></object><object><type>robndbox</type><name>wheat_head</name><pose>Unspecified</pose><truncated>0</truncated><difficult>0</difficult><robndbox><cx>869.9182</cx><cy>12.5209</cy><w>42.3381</w><h>25.549</h><angle>3.070967</angle></robndbox></object><object><type>robndbox</type><name>wheat_head</name><pose>Unspecified</pose><truncated>0</truncated><difficult>0</difficult><robndbox><cx>170.6686</cx><cy>933.1625</cy><w>48.1695</w><h>32.715</h><angle>2.888313</angle></robndbox></object><object><type>robndbox</type><name>wheat_head</name><pose>Unspecified</pose><truncated>0</truncated><difficult>0</difficult><robndbox><cx>200.9422</cx><cy>455.7995</cy><w>46.3079</w><h>30.1789</h><angle>0.472679</angle></robndbox></object><object><type>robndbox</type><name>wheat_head</name><pose>Unspecified</pose><truncated>0</truncated><difficult>0</difficult><robndbox><cx>42.8121</cx><cy>888.1436</cy><w>107.9818</w><h>30.0241</h><angle>0.900757</angle></robndbox></object><object><type>robndbox</type><name>wheat_head</name><pose>Unspecified</pose><truncated>0</truncated><difficult>0</difficult><robndbox><cx>990.9315</cx><cy>288.662</cy><w>56.7977</w><h>28.1232</h><angle>0.533128</angle></robndbox></object><object><type>robndbox</type><name>wheat_head</name><pose>Unspecified</pose><truncated>0</truncated><difficult>0</difficult><robndbox><cx>531.6329</cx><cy>587.0332</cy><w>48.583</w><h>29.6664</h><angle>1.876234</angle></robndbox></object><object><type>robndbox</type><name>wheat_head</name><pose>Unspecified</pose><truncated>0</truncated><difficult>0</difficult><robndbox><cx>306.4235</cx><cy>682.8306</cy><w>39.94</w><h>30.8173</h><angle>1.569377</angle></robndbox></object><object><type>robndbox</type><name>wheat_head</name><pose>Unspecified</pose><truncated>0</truncated><difficult>0</difficult><robndbox><cx>331.8465</cx><cy>8.5155</cy><w>34.006</w><h>19.1914</h><angle>0.023333</angle></robndbox></object><object><type>robndbox</type><name>wheat_head</name><pose>Unspecified</pose><truncated>0</truncated><difficult>0</difficult><robndbox><cx>9.2152</cx><cy>631.0367</cy><w>34.328</w><h>17.266</h><angle>1.602651</angle></robndbox></object><object><type>robndbox</type><name>wheat_head</name><pose>Unspecified</pose><truncated>0</truncated><difficult>0</difficult><robndbox><cx>395.7194</cx><cy>217.6046</cy><w>41.2311</w><h>30.6346</h><angle>1.172274</angle></robndbox></object></annotation>