<annotation verified="no"><folder>images</folder><filename>3940de6a5</filename><path>/home/badhon/Documents/thesis/final_dataset/ethz_1/images/3940de6a5.jpg</path><source><database>Unknown</database></source><size><width>1024</width><height>1024</height><depth>3</depth></size><segmented>0</segmented><object><type>robndbox</type><name>wheat_head</name><pose>Unspecified</pose><truncated>0</truncated><difficult>0</difficult><robndbox><cx>537.111</cx><cy>972.9133</cy><w>82.0487</w><h>39.0496</h><angle>0.859817</angle></robndbox></object><object><type>robndbox</type><name>wheat_head</name><pose>Unspecified</pose><truncated>0</truncated><difficult>0</difficult><robndbox><cx>174.3</cx><cy>222.1225</cy><w>94.8456</w><h>34.498</h><angle>1.107203</angle></robndbox></object><object><type>robndbox</type><name>wheat_head</name><pose>Unspecified</pose><truncated>0</truncated><difficult>0</difficult><robndbox><cx>81.1543</cx><cy>452.9108</cy><w>84.2035</w><h>42.4124</h><angle>0.713818</angle></robndbox></object><object><type>robndbox</type><name>wheat_head</name><pose>Unspecified</pose><truncated>0</truncated><difficult>0</difficult><robndbox><cx>64.2515</cx><cy>168.9765</cy><w>88.0895</w><h>37.1301</h><angle>1.029597</angle></robndbox></object><object><type>robndbox</type><name>wheat_head</name><pose>Unspecified</pose><truncated>0</truncated><difficult>0</difficult><robndbox><cx>407.2271</cx><cy>919.1896</cy><w>111.5607</w><h>39.827</h><angle>0.987051</angle></robndbox></object><object><type>robndbox</type><name>wheat_head</name><pose>Unspecified</pose><truncated>0</truncated><difficult>0</difficult><robndbox><cx>550.7948</cx><cy>286.0664</cy><w>82.5227</w><h>36.7574</h><angle>1.236906</angle></robndbox></object><object><type>robndbox</type><name>wheat_head</name><pose>Unspecified</pose><truncated>0</truncated><difficult>0</difficult><robndbox><cx>531.7723</cx><cy>145.8226</cy><w>67.4843</w><h>36.2201</h><angle>0.907416</angle></robndbox></object><object><type>robndbox</type><name>wheat_head</name><pose>Unspecified</pose><truncated>0</truncated><difficult>0</difficult><robndbox><cx>927.728</cx><cy>610.8989</cy><w>65.4401</w><h>42.678</h><angle>0.476361</angle></robndbox></object><object><type>robndbox</type><name>wheat_head</name><pose>Unspecified</pose><truncated>0</truncated><difficult>0</difficult><robndbox><cx>53.2965</cx><cy>319.3569</cy><w>55.1259</w><h>26.9879</h><angle>1.947259</angle></robndbox></object><object><type>robndbox</type><name>wheat_head</name><pose>Unspecified</pose><truncated>0</truncated><difficult>0</difficult><robndbox><cx>301.5079</cx><cy>555.3357</cy><w>85.4948</w><h>31.313</h><angle>1.549288</angle></robndbox></object><object><type>robndbox</type><name>wheat_head</name><pose>Unspecified</pose><truncated>0</truncated><difficult>0</difficult><robndbox><cx>349.4309</cx><cy>559.7461</cy><w>61.2225</w><h>17.6468</h><angle>1.602674</angle></robndbox></object><object><type>robndbox</type><name>wheat_head</name><pose>Unspecified</pose><truncated>0</truncated><difficult>0</difficult><robndbox><cx>113.6353</cx><cy>230.9197</cy><w>114.478</w><h>32.9229</h><angle>0.607792</angle></robndbox></object><object><type>robndbox</type><name>wheat_head</name><pose>Unspecified</pose><truncated>0</truncated><difficult>0</difficult><robndbox><cx>41.8381</cx><cy>988.4911</cy><w>89.3902</w><h>39.2903</h><angle>0.342927</angle></robndbox></object><object><type>robndbox</type><name>wheat_head</name><pose>Unspecified</pose><truncated>0</truncated><difficult>0</difficult><robndbox><cx>7.5</cx><cy>337.0</cy><w>15.5762</w><h>15.1386</h><angle>1.435358</angle></robndbox></object><object><type>robndbox</type><name>wheat_head</name><pose>Unspecified</pose><truncated>0</truncated><difficult>0</difficult><robndbox><cx>537.3788</cx><cy>404.993</cy><w>49.4438</w><h>28.8201</h><angle>0.881597</angle></robndbox></object><object><type>robndbox</type><name>wheat_head</name><pose>Unspecified</pose><truncated>0</truncated><difficult>0</difficult><robndbox><cx>1002.3676</cx><cy>346.6193</cy><w>56.8557</w><h>29.2111</h><angle>1.791703</angle></robndbox></object><object><type>robndbox</type><name>wheat_head</name><pose>Unspecified</pose><truncated>0</truncated><difficult>0</difficult><robndbox><cx>458.1239</cx><cy>814.2952</cy><w>46.8762</w><h>29.1456</h><angle>1.006265</angle></robndbox></object><object><type>robndbox</type><name>wheat_head</name><pose>Unspecified</pose><truncated>0</truncated><difficult>0</difficult><robndbox><cx>679.2857</cx><cy>241.427</cy><w>43.4464</w><h>23.8876</h><angle>1.353266</angle></robndbox></object><object><type>robndbox</type><name>wheat_head</name><pose>Unspecified</pose><truncated>0</truncated><difficult>0</difficult><robndbox><cx>642.5875</cx><cy>889.4528</cy><w>56.4943</w><h>32.4753</h><angle>2.156704</angle></robndbox></object><object><type>robndbox</type><name>wheat_head</name><pose>Unspecified</pose><truncated>0</truncated><difficult>0</difficult><robndbox><cx>489.428</cx><cy>541.4137</cy><w>88.149</w><h>32.772</h><angle>1.672424</angle></robndbox></object><object><type>robndbox</type><name>wheat_head</name><pose>Unspecified</pose><truncated>0</truncated><difficult>0</difficult><robndbox><cx>933.9442</cx><cy>894.0858</cy><w>66.2667</w><h>33.6391</h><angle>2.177983</angle></robndbox></object><object><type>robndbox</type><name>wheat_head</name><pose>Unspecified</pose><truncated>0</truncated><difficult>0</difficult><robndbox><cx>10.2509</cx><cy>908.827</cy><w>48.1534</w><h>23.9584</h><angle>1.237364</angle></robndbox></object><object><type>robndbox</type><name>wheat_head</name><pose>Unspecified</pose><truncated>0</truncated><difficult>0</difficult><robndbox><cx>376.8177</cx><cy>270.4314</cy><w>53.2481</w><h>23.9273</h><angle>1.653182</angle></robndbox></object><object><type>robndbox</type><name>wheat_head</name><pose>Unspecified</pose><truncated>0</truncated><difficult>0</difficult><robndbox><cx>152.3944</cx><cy>644.7403</cy><w>52.6903</w><h>35.6679</h><angle>1.288593</angle></robndbox></object><object><type>robndbox</type><name>wheat_head</name><pose>Unspecified</pose><truncated>0</truncated><difficult>0</difficult><robndbox><cx>777.2347</cx><cy>648.0509</cy><w>92.44</w><h>30.5703</h><angle>1.646158</angle></robndbox></object><object><type>robndbox</type><name>wheat_head</name><pose>Unspecified</pose><truncated>0</truncated><difficult>0</difficult><robndbox><cx>854.1763</cx><cy>873.8758</cy><w>80.6483</w><h>31.5674</h><angle>1.357307</angle></robndbox></object><object><type>robndbox</type><name>wheat_head</name><pose>Unspecified</pose><truncated>0</truncated><difficult>0</difficult><robndbox><cx>984.0696</cx><cy>559.1834</cy><w>45.479</w><h>29.7653</h><angle>1.16617</angle></robndbox></object><object><type>robndbox</type><name>wheat_head</name><pose>Unspecified</pose><truncated>0</truncated><difficult>0</difficult><robndbox><cx>946.1368</cx><cy>288.0356</cy><w>99.4002</w><h>39.8702</h><angle>0.770633</angle></robndbox></object><object><type>robndbox</type><name>wheat_head</name><pose>Unspecified</pose><truncated>0</truncated><difficult>0</difficult><robndbox><cx>710.2659</cx><cy>286.8387</cy><w>84.1413</w><h>37.3832</h><angle>1.453266</angle></robndbox></object><object><type>robndbox</type><name>wheat_head</name><pose>Unspecified</pose><truncated>0</truncated><difficult>0</difficult><robndbox><cx>342.4286</cx><cy>47.2454</cy><w>96.106</w><h>34.3646</h><angle>1.371635</angle></robndbox></object><object><type>robndbox</type><name>wheat_head</name><pose>Unspecified</pose><truncated>0</truncated><difficult>0</difficult><robndbox><cx>311.1706</cx><cy>435.2786</cy><w>57.8803</w><h>31.372</h><angle>2.456182</angle></robndbox></object><object><type>robndbox</type><name>wheat_head</name><pose>Unspecified</pose><truncated>0</truncated><difficult>0</difficult><robndbox><cx>849.061</cx><cy>402.6748</cy><w>57.8564</w><h>34.9089</h><angle>0.618675</angle></robndbox></object><object><type>robndbox</type><name>wheat_head</name><pose>Unspecified</pose><truncated>0</truncated><difficult>0</difficult><robndbox><cx>393.2289</cx><cy>31.4625</cy><w>53.606</w><h>20.6119</h><angle>1.699286</angle></robndbox></object><object><type>robndbox</type><name>wheat_head</name><pose>Unspecified</pose><truncated>0</truncated><difficult>0</difficult><robndbox><cx>94.4656</cx><cy>266.3328</cy><w>65.7954</w><h>39.9641</h><angle>0.761061</angle></robndbox></object><object><type>robndbox</type><name>wheat_head</name><pose>Unspecified</pose><truncated>0</truncated><difficult>0</difficult><robndbox><cx>1007.974</cx><cy>972.1642</cy><w>38.7576</w><h>27.634</h><angle>1.816257</angle></robndbox></object><object><type>robndbox</type><name>wheat_head</name><pose>Unspecified</pose><truncated>0</truncated><difficult>0</difficult><robndbox><cx>336.1364</cx><cy>653.0606</cy><w>71.5648</w><h>52.9101</h><angle>1.417755</angle></robndbox></object><object><type>robndbox</type><name>wheat_head</name><pose>Unspecified</pose><truncated>0</truncated><difficult>0</difficult><robndbox><cx>530.9578</cx><cy>11.7718</cy><w>32.043</w><h>26.7982</h><angle>2.016195</angle></robndbox></object><object><type>robndbox</type><name>wheat_head</name><pose>Unspecified</pose><truncated>0</truncated><difficult>0</difficult><robndbox><cx>652.9041</cx><cy>269.4306</cy><w>60.2697</w><h>25.1718</h><angle>1.532437</angle></robndbox></object><object><type>robndbox</type><name>wheat_head</name><pose>Unspecified</pose><truncated>0</truncated><difficult>0</difficult><robndbox><cx>710.6849</cx><cy>958.2515</cy><w>52.7999</w><h>32.1528</h><angle>1.177754</angle></robndbox></object><object><type>robndbox</type><name>wheat_head</name><pose>Unspecified</pose><truncated>0</truncated><difficult>0</difficult><robndbox><cx>418.9214</cx><cy>771.642</cy><w>56.0776</w><h>33.6546</h><angle>0.556419</angle></robndbox></object><object><type>robndbox</type><name>wheat_head</name><pose>Unspecified</pose><truncated>0</truncated><difficult>0</difficult><robndbox><cx>799.8516</cx><cy>949.9957</cy><w>49.3077</w><h>31.8147</h><angle>2.120807</angle></robndbox></object><object><type>robndbox</type><name>wheat_head</name><pose>Unspecified</pose><truncated>0</truncated><difficult>0</difficult><robndbox><cx>325.553</cx><cy>214.712</cy><w>190.2211</w><h>45.918</h><angle>1.340271</angle></robndbox></object><object><type>robndbox</type><name>wheat_head</name><pose>Unspecified</pose><truncated>0</truncated><difficult>0</difficult><robndbox><cx>677.3867</cx><cy>555.1028</cy><w>87.2866</w><h>33.1013</h><angle>2.755848</angle></robndbox></object><object><type>robndbox</type><name>wheat_head</name><pose>Unspecified</pose><truncated>0</truncated><difficult>0</difficult><robndbox><cx>905.3189</cx><cy>827.2734</cy><w>44.6717</w><h>26.9091</h><angle>1.754608</angle></robndbox></object><object><type>robndbox</type><name>wheat_head</name><pose>Unspecified</pose><truncated>0</truncated><difficult>0</difficult><robndbox><cx>298.0316</cx><cy>866.7527</cy><w>66.5742</w><h>34.0718</h><angle>1.18467</angle></robndbox></object><object><type>robndbox</type><name>wheat_head</name><pose>Unspecified</pose><truncated>0</truncated><difficult>0</difficult><robndbox><cx>727.869</cx><cy>589.5522</cy><w>81.6286</w><h>26.6215</h><angle>1.618929</angle></robndbox></object><object><type>robndbox</type><name>wheat_head</name><pose>Unspecified</pose><truncated>0</truncated><difficult>0</difficult><robndbox><cx>379.5031</cx><cy>456.5181</cy><w>77.5894</w><h>35.1788</h><angle>1.095018</angle></robndbox></object><object><type>robndbox</type><name>wheat_head</name><pose>Unspecified</pose><truncated>0</truncated><difficult>0</difficult><robndbox><cx>416.1269</cx><cy>11.8352</cy><w>37.7367</w><h>22.8579</h><angle>0.012663</angle></robndbox></object><object><type>robndbox</type><name>wheat_head</name><pose>Unspecified</pose><truncated>0</truncated><difficult>0</difficult><robndbox><cx>210.1604</cx><cy>1002.4454</cy><w>32.3095</w><h>31.153</h><angle>1.344705</angle></robndbox></object><object><type>robndbox</type><name>wheat_head</name><pose>Unspecified</pose><truncated>0</truncated><difficult>0</difficult><robndbox><cx>81.317</cx><cy>995.6991</cy><w>40.9201</w><h>31.1227</h><angle>1.343044</angle></robndbox></object><object><type>robndbox</type><name>wheat_head</name><pose>Unspecified</pose><truncated>0</truncated><difficult>0</difficult><robndbox><cx>14.4279</cx><cy>445.3322</cy><w>37.3492</w><h>31.9385</h><angle>1.63775</angle></robndbox></object><object><type>robndbox</type><name>wheat_head</name><pose>Unspecified</pose><truncated>0</truncated><difficult>0</difficult><robndbox><cx>292.4736</cx><cy>227.3469</cy><w>66.1642</w><h>29.6855</h><angle>1.767326</angle></robndbox></object><object><type>robndbox</type><name>wheat_head</name><pose>Unspecified</pose><truncated>0</truncated><difficult>0</difficult><robndbox><cx>201.8776</cx><cy>9.9563</cy><w>28.7112</w><h>20.31</h><angle>3.071297</angle></robndbox></object><object><type>robndbox</type><name>wheat_head</name><pose>Unspecified</pose><truncated>0</truncated><difficult>0</difficult><robndbox><cx>309.8888</cx><cy>821.6705</cy><w>62.0641</w><h>25.6054</h><angle>1.295824</angle></robndbox></object><object><type>robndbox</type><name>wheat_head</name><pose>Unspecified</pose><truncated>0</truncated><difficult>0</difficult><robndbox><cx>193.7631</cx><cy>694.6283</cy><w>45.5122</w><h>34.5997</h><angle>1.105249</angle></robndbox></object><object><type>robndbox</type><name>wheat_head</name><pose>Unspecified</pose><truncated>0</truncated><difficult>0</difficult><robndbox><cx>26.6491</cx><cy>9.9476</cy><w>37.4785</w><h>21.5182</h><angle>0.13695</angle></robndbox></object><object><type>robndbox</type><name>wheat_head</name><pose>Unspecified</pose><truncated>0</truncated><difficult>0</difficult><robndbox><cx>27.1775</cx><cy>278.4453</cy><w>45.6487</w><h>35.4002</h><angle>0.413338</angle></robndbox></object><object><type>robndbox</type><name>wheat_head</name><pose>Unspecified</pose><truncated>0</truncated><difficult>0</difficult><robndbox><cx>419.8606</cx><cy>493.0228</cy><w>61.0516</w><h>33.2137</h><angle>1.753757</angle></robndbox></object><object><type>robndbox</type><name>wheat_head</name><pose>Unspecified</pose><truncated>0</truncated><difficult>0</difficult><robndbox><cx>880.6041</cx><cy>11.8275</cy><w>33.5064</w><h>25.071</h><angle>0.195831</angle></robndbox></object><object><type>robndbox</type><name>wheat_head</name><pose>Unspecified</pose><truncated>0</truncated><difficult>0</difficult><robndbox><cx>801.2823</cx><cy>893.5133</cy><w>42.7641</w><h>31.9686</h><angle>1.248859</angle></robndbox></object><object><type>robndbox</type><name>wheat_head</name><pose>Unspecified</pose><truncated>0</truncated><difficult>0</difficult><robndbox><cx>15.4043</cx><cy>637.9821</cy><w>60.1116</w><h>23.5527</h><angle>1.57316</angle></robndbox></object><object><type>robndbox</type><name>wheat_head</name><pose>Unspecified</pose><truncated>0</truncated><difficult>0</difficult><robndbox><cx>159.527</cx><cy>566.1209</cy><w>45.6731</w><h>27.337</h><angle>1.090913</angle></robndbox></object><object><type>robndbox</type><name>wheat_head</name><pose>Unspecified</pose><truncated>0</truncated><difficult>0</difficult><robndbox><cx>359.3799</cx><cy>952.0255</cy><w>50.2314</w><h>33.4354</h><angle>1.096525</angle></robndbox></object><object><type>robndbox</type><name>wheat_head</name><pose>Unspecified</pose><truncated>0</truncated><difficult>0</difficult><robndbox><cx>190.9069</cx><cy>919.0675</cy><w>31.6368</w><h>27.8609</h><angle>1.58343</angle></robndbox></object><object><type>robndbox</type><name>wheat_head</name><pose>Unspecified</pose><truncated>0</truncated><difficult>0</difficult><robndbox><cx>839.2708</cx><cy>21.0481</cy><w>33.9633</w><h>18.7416</h><angle>1.521439</angle></robndbox></object><object><type>robndbox</type><name>wheat_head</name><pose>Unspecified</pose><truncated>0</truncated><difficult>0</difficult><robndbox><cx>271.3854</cx><cy>785.5393</cy><w>41.1366</w><h>33.6656</h><angle>2.81039</angle></robndbox></object><object><type>robndbox</type><name>wheat_head</name><pose>Unspecified</pose><truncated>0</truncated><difficult>0</difficult><robndbox><cx>146.634</cx><cy>228.8889</cy><w>41.0973</w><h>27.9424</h><angle>0.933521</angle></robndbox></object><object><type>robndbox</type><name>wheat_head</name><pose>Unspecified</pose><truncated>0</truncated><difficult>0</difficult><robndbox><cx>409.17</cx><cy>825.9829</cy><w>51.1824</w><h>29.2464</h><angle>0.040401</angle></robndbox></object><object><type>robndbox</type><name>wheat_head</name><pose>Unspecified</pose><truncated>0</truncated><difficult>0</difficult><robndbox><cx>623.066</cx><cy>8.2561</cy><w>32.9731</w><h>19.567</h><angle>0.045411</angle></robndbox></object><object><type>robndbox</type><name>wheat_head</name><pose>Unspecified</pose><truncated>0</truncated><difficult>0</difficult><robndbox><cx>32.2823</cx><cy>704.0429</cy><w>43.0945</w><h>31.2487</h><angle>0.349459</angle></robndbox></object><object><type>robndbox</type><name>wheat_head</name><pose>Unspecified</pose><truncated>0</truncated><difficult>0</difficult><robndbox><cx>222.3631</cx><cy>955.3177</cy><w>54.1881</w><h>33.8686</h><angle>0.261587</angle></robndbox></object><object><type>robndbox</type><name>wheat_head</name><pose>Unspecified</pose><truncated>0</truncated><difficult>0</difficult><robndbox><cx>819.1353</cx><cy>821.8694</cy><w>32.9142</w><h>28.6494</h><angle>3.038582</angle></robndbox></object><object><type>robndbox</type><name>wheat_head</name><pose>Unspecified</pose><truncated>0</truncated><difficult>0</difficult><robndbox><cx>99.5072</cx><cy>871.6446</cy><w>88.4692</w><h>38.3493</h><angle>0.923518</angle></robndbox></object><object><type>robndbox</type><name>wheat_head</name><pose>Unspecified</pose><truncated>0</truncated><difficult>0</difficult><robndbox><cx>95.4591</cx><cy>574.1131</cy><w>48.3779</w><h>28.3888</h><angle>1.877191</angle></robndbox></object><object><type>robndbox</type><name>wheat_head</name><pose>Unspecified</pose><truncated>0</truncated><difficult>0</difficult><robndbox><cx>820.4273</cx><cy>348.1003</cy><w>34.7118</w><h>30.8667</h><angle>1.143788</angle></robndbox></object><object><type>robndbox</type><name>wheat_head</name><pose>Unspecified</pose><truncated>0</truncated><difficult>0</difficult><robndbox><cx>344.3811</cx><cy>1007.0544</cy><w>33.3889</w><h>30.2175</h><angle>0.029834</angle></robndbox></object><object><type>robndbox</type><name>wheat_head</name><pose>Unspecified</pose><truncated>0</truncated><difficult>0</difficult><robndbox><cx>653.9344</cx><cy>986.4856</cy><w>38.3458</w><h>33.299</h><angle>3.060988</angle></robndbox></object><object><type>robndbox</type><name>wheat_head</name><pose>Unspecified</pose><truncated>0</truncated><difficult>0</difficult><robndbox><cx>713.3389</cx><cy>861.1121</cy><w>44.629</w><h>29.0634</h><angle>2.124986</angle></robndbox></object><object><type>robndbox</type><name>wheat_head</name><pose>Unspecified</pose><truncated>0</truncated><difficult>0</difficult><robndbox><cx>47.6079</cx><cy>805.7652</cy><w>47.6217</w><h>27.294</h><angle>2.80472</angle></robndbox></object><object><type>robndbox</type><name>wheat_head</name><pose>Unspecified</pose><truncated>0</truncated><difficult>0</difficult><robndbox><cx>165.5964</cx><cy>869.6569</cy><w>28.7924</w><h>26.9285</h><angle>1.925502</angle></robndbox></object></annotation>