<annotation verified="no"><folder>images</folder><filename>39cb95bc9</filename><path>/home/badhon/Documents/thesis/final_dataset/ethz_1/images/39cb95bc9.jpg</path><source><database>Unknown</database></source><size><width>1024</width><height>1024</height><depth>3</depth></size><segmented>0</segmented><object><type>robndbox</type><name>wheat_head</name><pose>Unspecified</pose><truncated>0</truncated><difficult>0</difficult><robndbox><cx>961.3856</cx><cy>134.5982</cy><w>81.2605</w><h>34.9473</h><angle>0.967864</angle></robndbox></object><object><type>robndbox</type><name>wheat_head</name><pose>Unspecified</pose><truncated>0</truncated><difficult>0</difficult><robndbox><cx>843.5941</cx><cy>180.9017</cy><w>98.3761</w><h>37.6981</h><angle>0.626588</angle></robndbox></object><object><type>robndbox</type><name>wheat_head</name><pose>Unspecified</pose><truncated>0</truncated><difficult>0</difficult><robndbox><cx>524.5179</cx><cy>210.642</cy><w>81.0535</w><h>41.8667</h><angle>0.649135</angle></robndbox></object><object><type>robndbox</type><name>wheat_head</name><pose>Unspecified</pose><truncated>0</truncated><difficult>0</difficult><robndbox><cx>464.6848</cx><cy>544.2076</cy><w>100.5181</w><h>35.1294</h><angle>0.512751</angle></robndbox></object><object><type>robndbox</type><name>wheat_head</name><pose>Unspecified</pose><truncated>0</truncated><difficult>0</difficult><robndbox><cx>998.3629</cx><cy>324.2491</cy><w>42.2889</w><h>30.5961</h><angle>0.430978</angle></robndbox></object><object><type>robndbox</type><name>wheat_head</name><pose>Unspecified</pose><truncated>0</truncated><difficult>0</difficult><robndbox><cx>548.6771</cx><cy>22.5234</cy><w>120.9477</w><h>37.494</h><angle>0.399298</angle></robndbox></object><object><type>robndbox</type><name>wheat_head</name><pose>Unspecified</pose><truncated>0</truncated><difficult>0</difficult><robndbox><cx>835.3803</cx><cy>531.3499</cy><w>61.8879</w><h>37.3842</h><angle>1.005093</angle></robndbox></object><object><type>robndbox</type><name>wheat_head</name><pose>Unspecified</pose><truncated>0</truncated><difficult>0</difficult><robndbox><cx>294.1733</cx><cy>23.9547</cy><w>78.6743</w><h>31.1911</h><angle>0.376151</angle></robndbox></object><object><type>robndbox</type><name>wheat_head</name><pose>Unspecified</pose><truncated>0</truncated><difficult>0</difficult><robndbox><cx>205.5401</cx><cy>180.4137</cy><w>90.1435</w><h>31.1982</h><angle>0.918601</angle></robndbox></object><object><type>robndbox</type><name>wheat_head</name><pose>Unspecified</pose><truncated>0</truncated><difficult>0</difficult><robndbox><cx>715.9714</cx><cy>672.6997</cy><w>44.9002</w><h>29.2245</h><angle>1.1387</angle></robndbox></object><object><type>robndbox</type><name>wheat_head</name><pose>Unspecified</pose><truncated>0</truncated><difficult>0</difficult><robndbox><cx>839.7588</cx><cy>622.4847</cy><w>108.8562</w><h>40.3769</h><angle>0.397733</angle></robndbox></object><object><type>robndbox</type><name>wheat_head</name><pose>Unspecified</pose><truncated>0</truncated><difficult>0</difficult><robndbox><cx>250.9239</cx><cy>44.3766</cy><w>71.246</w><h>32.0626</h><angle>0.728285</angle></robndbox></object><object><type>robndbox</type><name>wheat_head</name><pose>Unspecified</pose><truncated>0</truncated><difficult>0</difficult><robndbox><cx>949.8246</cx><cy>481.1236</cy><w>102.4299</w><h>33.2847</h><angle>2.843313</angle></robndbox></object><object><type>robndbox</type><name>wheat_head</name><pose>Unspecified</pose><truncated>0</truncated><difficult>0</difficult><robndbox><cx>973.9782</cx><cy>621.2952</cy><w>46.3654</w><h>34.9381</h><angle>0.862981</angle></robndbox></object><object><type>robndbox</type><name>wheat_head</name><pose>Unspecified</pose><truncated>0</truncated><difficult>0</difficult><robndbox><cx>246.6251</cx><cy>160.2906</cy><w>141.4127</w><h>36.8271</h><angle>0.620643</angle></robndbox></object><object><type>robndbox</type><name>wheat_head</name><pose>Unspecified</pose><truncated>0</truncated><difficult>0</difficult><robndbox><cx>137.6963</cx><cy>532.8985</cy><w>61.9772</w><h>26.8692</h><angle>0.43448</angle></robndbox></object><object><type>robndbox</type><name>wheat_head</name><pose>Unspecified</pose><truncated>0</truncated><difficult>0</difficult><robndbox><cx>975.6185</cx><cy>699.9149</cy><w>74.0633</w><h>37.8854</h><angle>0.52198</angle></robndbox></object><object><type>robndbox</type><name>wheat_head</name><pose>Unspecified</pose><truncated>0</truncated><difficult>0</difficult><robndbox><cx>994.7031</cx><cy>371.6185</cy><w>61.8837</w><h>29.9152</h><angle>0.55342</angle></robndbox></object><object><type>robndbox</type><name>wheat_head</name><pose>Unspecified</pose><truncated>0</truncated><difficult>0</difficult><robndbox><cx>716.5981</cx><cy>77.9702</cy><w>105.5532</w><h>38.0102</h><angle>0.551825</angle></robndbox></object><object><type>robndbox</type><name>wheat_head</name><pose>Unspecified</pose><truncated>0</truncated><difficult>0</difficult><robndbox><cx>369.9138</cx><cy>656.1188</cy><w>124.1899</w><h>36.078</h><angle>0.268169</angle></robndbox></object><object><type>robndbox</type><name>wheat_head</name><pose>Unspecified</pose><truncated>0</truncated><difficult>0</difficult><robndbox><cx>698.8053</cx><cy>601.1907</cy><w>61.6773</w><h>37.9033</h><angle>0.568462</angle></robndbox></object><object><type>robndbox</type><name>wheat_head</name><pose>Unspecified</pose><truncated>0</truncated><difficult>0</difficult><robndbox><cx>789.3936</cx><cy>367.3372</cy><w>49.9642</w><h>28.4131</h><angle>0.821339</angle></robndbox></object><object><type>robndbox</type><name>wheat_head</name><pose>Unspecified</pose><truncated>0</truncated><difficult>0</difficult><robndbox><cx>892.9593</cx><cy>907.7759</cy><w>96.1206</w><h>38.4441</h><angle>0.3749</angle></robndbox></object><object><type>robndbox</type><name>wheat_head</name><pose>Unspecified</pose><truncated>0</truncated><difficult>0</difficult><robndbox><cx>879.8174</cx><cy>718.5372</cy><w>89.0234</w><h>34.1534</h><angle>0.14759</angle></robndbox></object><object><type>robndbox</type><name>wheat_head</name><pose>Unspecified</pose><truncated>0</truncated><difficult>0</difficult><robndbox><cx>598.4835</cx><cy>492.9216</cy><w>69.1403</w><h>36.0197</h><angle>0.502424</angle></robndbox></object><object><type>robndbox</type><name>wheat_head</name><pose>Unspecified</pose><truncated>0</truncated><difficult>0</difficult><robndbox><cx>395.038</cx><cy>257.5741</cy><w>124.4658</w><h>39.2338</h><angle>0.276392</angle></robndbox></object><object><type>robndbox</type><name>wheat_head</name><pose>Unspecified</pose><truncated>0</truncated><difficult>0</difficult><robndbox><cx>252.8014</cx><cy>508.8553</cy><w>101.7277</w><h>36.4864</h><angle>0.123428</angle></robndbox></object><object><type>robndbox</type><name>wheat_head</name><pose>Unspecified</pose><truncated>0</truncated><difficult>0</difficult><robndbox><cx>774.6819</cx><cy>419.7619</cy><w>151.1041</w><h>34.745</h><angle>0.040453</angle></robndbox></object><object><type>robndbox</type><name>wheat_head</name><pose>Unspecified</pose><truncated>0</truncated><difficult>0</difficult><robndbox><cx>193.1735</cx><cy>235.9679</cy><w>89.2668</w><h>32.0236</h><angle>0.16947</angle></robndbox></object><object><type>robndbox</type><name>wheat_head</name><pose>Unspecified</pose><truncated>0</truncated><difficult>0</difficult><robndbox><cx>32.9287</cx><cy>998.0114</cy><w>66.5937</w><h>27.9257</h><angle>0.155676</angle></robndbox></object><object><type>robndbox</type><name>wheat_head</name><pose>Unspecified</pose><truncated>0</truncated><difficult>0</difficult><robndbox><cx>267.4389</cx><cy>352.3535</cy><w>134.5337</w><h>26.1057</h><angle>0.186339</angle></robndbox></object><object><type>robndbox</type><name>wheat_head</name><pose>Unspecified</pose><truncated>0</truncated><difficult>0</difficult><robndbox><cx>640.687</cx><cy>746.6118</cy><w>90.2213</w><h>41.6126</h><angle>2.508645</angle></robndbox></object><object><type>robndbox</type><name>wheat_head</name><pose>Unspecified</pose><truncated>0</truncated><difficult>0</difficult><robndbox><cx>444.8509</cx><cy>596.3613</cy><w>103.3752</w><h>28.4254</h><angle>0.200114</angle></robndbox></object><object><type>robndbox</type><name>wheat_head</name><pose>Unspecified</pose><truncated>0</truncated><difficult>0</difficult><robndbox><cx>973.9782</cx><cy>621.2952</cy><w>46.3654</w><h>34.9381</h><angle>0.862981</angle></robndbox></object><object><type>robndbox</type><name>wheat_head</name><pose>Unspecified</pose><truncated>0</truncated><difficult>0</difficult><robndbox><cx>907.9787</cx><cy>834.5086</cy><w>55.8278</w><h>30.7451</h><angle>2.702111</angle></robndbox></object><object><type>robndbox</type><name>wheat_head</name><pose>Unspecified</pose><truncated>0</truncated><difficult>0</difficult><robndbox><cx>27.2751</cx><cy>606.6591</cy><w>51.1402</w><h>33.1951</h><angle>0.095917</angle></robndbox></object><object><type>robndbox</type><name>wheat_head</name><pose>Unspecified</pose><truncated>0</truncated><difficult>0</difficult><robndbox><cx>171.6206</cx><cy>867.0602</cy><w>60.2978</w><h>27.5086</h><angle>3.053827</angle></robndbox></object><object><type>robndbox</type><name>wheat_head</name><pose>Unspecified</pose><truncated>0</truncated><difficult>0</difficult><robndbox><cx>646.2101</cx><cy>269.012</cy><w>49.2174</w><h>31.3043</h><angle>0.085325</angle></robndbox></object><object><type>robndbox</type><name>wheat_head</name><pose>Unspecified</pose><truncated>0</truncated><difficult>0</difficult><robndbox><cx>325.5418</cx><cy>837.6149</cy><w>98.4763</w><h>35.3054</h><angle>3.107543</angle></robndbox></object><object><type>robndbox</type><name>wheat_head</name><pose>Unspecified</pose><truncated>0</truncated><difficult>0</difficult><robndbox><cx>640.5428</cx><cy>542.4045</cy><w>57.6352</w><h>32.3432</h><angle>0.556414</angle></robndbox></object><object><type>robndbox</type><name>wheat_head</name><pose>Unspecified</pose><truncated>0</truncated><difficult>0</difficult><robndbox><cx>146.4426</cx><cy>409.9333</cy><w>119.3618</w><h>37.6953</h><angle>2.963457</angle></robndbox></object><object><type>robndbox</type><name>wheat_head</name><pose>Unspecified</pose><truncated>0</truncated><difficult>0</difficult><robndbox><cx>799.6863</cx><cy>895.5139</cy><w>78.3225</w><h>36.2611</h><angle>2.840849</angle></robndbox></object><object><type>robndbox</type><name>wheat_head</name><pose>Unspecified</pose><truncated>0</truncated><difficult>0</difficult><robndbox><cx>563.1985</cx><cy>641.3397</cy><w>99.8529</w><h>32.041</h><angle>3.127554</angle></robndbox></object><object><type>robndbox</type><name>wheat_head</name><pose>Unspecified</pose><truncated>0</truncated><difficult>0</difficult><robndbox><cx>66.6795</cx><cy>820.0185</cy><w>109.4734</w><h>38.718</h><angle>0.069157</angle></robndbox></object><object><type>robndbox</type><name>wheat_head</name><pose>Unspecified</pose><truncated>0</truncated><difficult>0</difficult><robndbox><cx>258.0602</cx><cy>388.3626</cy><w>63.067</w><h>21.5883</h><angle>0.104986</angle></robndbox></object><object><type>robndbox</type><name>wheat_head</name><pose>Unspecified</pose><truncated>0</truncated><difficult>0</difficult><robndbox><cx>445.2323</cx><cy>405.8832</cy><w>47.3275</w><h>25.8179</h><angle>0.228906</angle></robndbox></object><object><type>robndbox</type><name>wheat_head</name><pose>Unspecified</pose><truncated>0</truncated><difficult>0</difficult><robndbox><cx>142.0311</cx><cy>494.9032</cy><w>79.7915</w><h>31.5164</h><angle>3.115241</angle></robndbox></object><object><type>robndbox</type><name>wheat_head</name><pose>Unspecified</pose><truncated>0</truncated><difficult>0</difficult><robndbox><cx>70.5954</cx><cy>301.9947</cy><w>46.6352</w><h>25.4688</h><angle>3.112522</angle></robndbox></object><object><type>robndbox</type><name>wheat_head</name><pose>Unspecified</pose><truncated>0</truncated><difficult>0</difficult><robndbox><cx>53.7629</cx><cy>743.5375</cy><w>97.8922</w><h>32.1761</h><angle>3.126536</angle></robndbox></object><object><type>robndbox</type><name>wheat_head</name><pose>Unspecified</pose><truncated>0</truncated><difficult>0</difficult><robndbox><cx>509.7639</cx><cy>437.0519</cy><w>58.9216</w><h>26.498</h><angle>3.129648</angle></robndbox></object><object><type>robndbox</type><name>wheat_head</name><pose>Unspecified</pose><truncated>0</truncated><difficult>0</difficult><robndbox><cx>368.8988</cx><cy>372.9849</cy><w>91.068</w><h>32.317</h><angle>0.350607</angle></robndbox></object><object><type>robndbox</type><name>wheat_head</name><pose>Unspecified</pose><truncated>0</truncated><difficult>0</difficult><robndbox><cx>939.5608</cx><cy>431.0956</cy><w>37.955</w><h>29.2419</h><angle>0.141227</angle></robndbox></object><object><type>robndbox</type><name>wheat_head</name><pose>Unspecified</pose><truncated>0</truncated><difficult>0</difficult><robndbox><cx>931.7966</cx><cy>354.7923</cy><w>71.2689</w><h>38.6234</h><angle>0.593568</angle></robndbox></object><object><type>robndbox</type><name>wheat_head</name><pose>Unspecified</pose><truncated>0</truncated><difficult>0</difficult><robndbox><cx>36.1712</cx><cy>54.4432</cy><w>66.9312</w><h>32.4636</h><angle>0.040176</angle></robndbox></object><object><type>robndbox</type><name>wheat_head</name><pose>Unspecified</pose><truncated>0</truncated><difficult>0</difficult><robndbox><cx>967.275</cx><cy>988.4128</cy><w>96.6405</w><h>31.6271</h><angle>2.869546</angle></robndbox></object><object><type>robndbox</type><name>wheat_head</name><pose>Unspecified</pose><truncated>0</truncated><difficult>0</difficult><robndbox><cx>147.7264</cx><cy>55.2435</cy><w>86.4982</w><h>31.1905</h><angle>3.050814</angle></robndbox></object><object><type>robndbox</type><name>wheat_head</name><pose>Unspecified</pose><truncated>0</truncated><difficult>0</difficult><robndbox><cx>410.6193</cx><cy>753.2762</cy><w>179.3752</w><h>31.8398</h><angle>0.041355</angle></robndbox></object><object><type>robndbox</type><name>wheat_head</name><pose>Unspecified</pose><truncated>0</truncated><difficult>0</difficult><robndbox><cx>228.4481</cx><cy>958.387</cy><w>88.9182</w><h>40.0677</h><angle>0.047306</angle></robndbox></object><object><type>robndbox</type><name>wheat_head</name><pose>Unspecified</pose><truncated>0</truncated><difficult>0</difficult><robndbox><cx>879.8174</cx><cy>718.5372</cy><w>89.0234</w><h>34.1534</h><angle>0.14759</angle></robndbox></object><object><type>robndbox</type><name>wheat_head</name><pose>Unspecified</pose><truncated>0</truncated><difficult>0</difficult><robndbox><cx>331.4081</cx><cy>64.7091</cy><w>35.1974</w><h>33.368</h><angle>1.708508</angle></robndbox></object><object><type>robndbox</type><name>wheat_head</name><pose>Unspecified</pose><truncated>0</truncated><difficult>0</difficult><robndbox><cx>817.2043</cx><cy>695.5686</cy><w>45.5412</w><h>29.8481</h><angle>2.987274</angle></robndbox></object></annotation>