<annotation verified="no"><folder>images</folder><filename>3c377bf39</filename><path>/home/badhon/Documents/thesis/final_dataset/ethz_1/images/3c377bf39.jpg</path><source><database>Unknown</database></source><size><width>1024</width><height>1024</height><depth>3</depth></size><segmented>0</segmented><object><type>robndbox</type><name>wheat_head</name><pose>Unspecified</pose><truncated>0</truncated><difficult>0</difficult><robndbox><cx>535.5293</cx><cy>207.6604</cy><w>84.1698</w><h>28.3668</h><angle>0.906736</angle></robndbox></object><object><type>robndbox</type><name>wheat_head</name><pose>Unspecified</pose><truncated>0</truncated><difficult>0</difficult><robndbox><cx>427.4156</cx><cy>125.7688</cy><w>91.6739</w><h>36.3753</h><angle>0.974496</angle></robndbox></object><object><type>robndbox</type><name>wheat_head</name><pose>Unspecified</pose><truncated>0</truncated><difficult>0</difficult><robndbox><cx>526.0395</cx><cy>453.8913</cy><w>80.9477</w><h>33.912</h><angle>1.230129</angle></robndbox></object><object><type>robndbox</type><name>wheat_head</name><pose>Unspecified</pose><truncated>0</truncated><difficult>0</difficult><robndbox><cx>144.2357</cx><cy>540.5192</cy><w>136.3044</w><h>36.1922</h><angle>0.896722</angle></robndbox></object><object><type>robndbox</type><name>wheat_head</name><pose>Unspecified</pose><truncated>0</truncated><difficult>0</difficult><robndbox><cx>190.0763</cx><cy>268.7761</cy><w>132.0309</w><h>34.5823</h><angle>0.539374</angle></robndbox></object><object><type>robndbox</type><name>wheat_head</name><pose>Unspecified</pose><truncated>0</truncated><difficult>0</difficult><robndbox><cx>214.3762</cx><cy>551.5335</cy><w>95.9745</w><h>37.6675</h><angle>1.138873</angle></robndbox></object><object><type>robndbox</type><name>wheat_head</name><pose>Unspecified</pose><truncated>0</truncated><difficult>0</difficult><robndbox><cx>682.3298</cx><cy>365.1295</cy><w>78.0008</w><h>38.3228</h><angle>1.075716</angle></robndbox></object><object><type>robndbox</type><name>wheat_head</name><pose>Unspecified</pose><truncated>0</truncated><difficult>0</difficult><robndbox><cx>246.3079</cx><cy>382.2251</cy><w>88.4658</w><h>35.6366</h><angle>0.505622</angle></robndbox></object><object><type>robndbox</type><name>wheat_head</name><pose>Unspecified</pose><truncated>0</truncated><difficult>0</difficult><robndbox><cx>86.2083</cx><cy>910.8522</cy><w>81.422</w><h>44.4045</h><angle>0.931481</angle></robndbox></object><object><type>robndbox</type><name>wheat_head</name><pose>Unspecified</pose><truncated>0</truncated><difficult>0</difficult><robndbox><cx>667.0802</cx><cy>247.2189</cy><w>97.7941</w><h>34.8029</h><angle>0.883824</angle></robndbox></object><object><type>robndbox</type><name>wheat_head</name><pose>Unspecified</pose><truncated>0</truncated><difficult>0</difficult><robndbox><cx>157.1027</cx><cy>370.6414</cy><w>86.858</w><h>39.3208</h><angle>0.710658</angle></robndbox></object><object><type>robndbox</type><name>wheat_head</name><pose>Unspecified</pose><truncated>0</truncated><difficult>0</difficult><robndbox><cx>958.0655</cx><cy>112.0216</cy><w>65.3467</w><h>29.8441</h><angle>1.106577</angle></robndbox></object><object><type>robndbox</type><name>wheat_head</name><pose>Unspecified</pose><truncated>0</truncated><difficult>0</difficult><robndbox><cx>445.69</cx><cy>678.363</cy><w>91.5744</w><h>37.8925</h><angle>1.20404</angle></robndbox></object><object><type>robndbox</type><name>wheat_head</name><pose>Unspecified</pose><truncated>0</truncated><difficult>0</difficult><robndbox><cx>371.3627</cx><cy>755.3618</cy><w>92.2598</w><h>37.59</h><angle>0.484423</angle></robndbox></object><object><type>robndbox</type><name>wheat_head</name><pose>Unspecified</pose><truncated>0</truncated><difficult>0</difficult><robndbox><cx>631.8209</cx><cy>696.9828</cy><w>96.9213</w><h>38.2826</h><angle>0.937545</angle></robndbox></object><object><type>robndbox</type><name>wheat_head</name><pose>Unspecified</pose><truncated>0</truncated><difficult>0</difficult><robndbox><cx>279.0001</cx><cy>559.167</cy><w>150.3888</w><h>35.6065</h><angle>1.389801</angle></robndbox></object><object><type>robndbox</type><name>wheat_head</name><pose>Unspecified</pose><truncated>0</truncated><difficult>0</difficult><robndbox><cx>43.5519</cx><cy>578.8089</cy><w>152.5222</w><h>42.9351</h><angle>1.095401</angle></robndbox></object><object><type>robndbox</type><name>wheat_head</name><pose>Unspecified</pose><truncated>0</truncated><difficult>0</difficult><robndbox><cx>81.2863</cx><cy>808.441</cy><w>112.3268</w><h>40.9642</h><angle>0.67832</angle></robndbox></object><object><type>robndbox</type><name>wheat_head</name><pose>Unspecified</pose><truncated>0</truncated><difficult>0</difficult><robndbox><cx>563.4052</cx><cy>893.611</cy><w>138.6267</w><h>36.611</h><angle>0.189735</angle></robndbox></object><object><type>robndbox</type><name>wheat_head</name><pose>Unspecified</pose><truncated>0</truncated><difficult>0</difficult><robndbox><cx>446.9009</cx><cy>920.2856</cy><w>90.1147</w><h>39.9594</h><angle>0.432588</angle></robndbox></object><object><type>robndbox</type><name>wheat_head</name><pose>Unspecified</pose><truncated>0</truncated><difficult>0</difficult><robndbox><cx>672.0239</cx><cy>755.2286</cy><w>61.6225</w><h>31.1003</h><angle>2.903125</angle></robndbox></object><object><type>robndbox</type><name>wheat_head</name><pose>Unspecified</pose><truncated>0</truncated><difficult>0</difficult><robndbox><cx>263.9897</cx><cy>158.7059</cy><w>82.6919</w><h>28.1602</h><angle>0.290547</angle></robndbox></object><object><type>robndbox</type><name>wheat_head</name><pose>Unspecified</pose><truncated>0</truncated><difficult>0</difficult><robndbox><cx>626.9254</cx><cy>968.0026</cy><w>122.229</w><h>38.1164</h><angle>0.267799</angle></robndbox></object><object><type>robndbox</type><name>wheat_head</name><pose>Unspecified</pose><truncated>0</truncated><difficult>0</difficult><robndbox><cx>376.8703</cx><cy>344.5681</cy><w>85.8468</w><h>32.7036</h><angle>1.070677</angle></robndbox></object><object><type>robndbox</type><name>wheat_head</name><pose>Unspecified</pose><truncated>0</truncated><difficult>0</difficult><robndbox><cx>564.895</cx><cy>20.4223</cy><w>54.7821</w><h>33.5153</h><angle>0.808216</angle></robndbox></object><object><type>robndbox</type><name>wheat_head</name><pose>Unspecified</pose><truncated>0</truncated><difficult>0</difficult><robndbox><cx>858.6351</cx><cy>570.7874</cy><w>128.8971</w><h>50.3325</h><angle>0.588969</angle></robndbox></object><object><type>robndbox</type><name>wheat_head</name><pose>Unspecified</pose><truncated>0</truncated><difficult>0</difficult><robndbox><cx>278.953</cx><cy>226.7954</cy><w>82.0021</w><h>33.1456</h><angle>1.455334</angle></robndbox></object><object><type>robndbox</type><name>wheat_head</name><pose>Unspecified</pose><truncated>0</truncated><difficult>0</difficult><robndbox><cx>397.0071</cx><cy>235.0916</cy><w>138.127</w><h>30.9112</h><angle>1.199874</angle></robndbox></object><object><type>robndbox</type><name>wheat_head</name><pose>Unspecified</pose><truncated>0</truncated><difficult>0</difficult><robndbox><cx>774.3047</cx><cy>100.0828</cy><w>103.3721</w><h>37.0259</h><angle>1.162368</angle></robndbox></object><object><type>robndbox</type><name>wheat_head</name><pose>Unspecified</pose><truncated>0</truncated><difficult>0</difficult><robndbox><cx>157.5684</cx><cy>491.8936</cy><w>79.9305</w><h>29.233</h><angle>1.110173</angle></robndbox></object><object><type>robndbox</type><name>wheat_head</name><pose>Unspecified</pose><truncated>0</truncated><difficult>0</difficult><robndbox><cx>934.5258</cx><cy>200.9328</cy><w>72.4892</w><h>38.0512</h><angle>0.835064</angle></robndbox></object><object><type>robndbox</type><name>wheat_head</name><pose>Unspecified</pose><truncated>0</truncated><difficult>0</difficult><robndbox><cx>772.5632</cx><cy>978.2359</cy><w>55.2017</w><h>34.1825</h><angle>1.3272</angle></robndbox></object><object><type>robndbox</type><name>wheat_head</name><pose>Unspecified</pose><truncated>0</truncated><difficult>0</difficult><robndbox><cx>613.5793</cx><cy>612.595</cy><w>61.6545</w><h>34.2126</h><angle>1.103502</angle></robndbox></object><object><type>robndbox</type><name>wheat_head</name><pose>Unspecified</pose><truncated>0</truncated><difficult>0</difficult><robndbox><cx>471.6243</cx><cy>359.2771</cy><w>102.441</w><h>32.967</h><angle>1.015662</angle></robndbox></object><object><type>robndbox</type><name>wheat_head</name><pose>Unspecified</pose><truncated>0</truncated><difficult>0</difficult><robndbox><cx>722.0932</cx><cy>308.0259</cy><w>47.2036</w><h>33.6573</h><angle>0.936373</angle></robndbox></object><object><type>robndbox</type><name>wheat_head</name><pose>Unspecified</pose><truncated>0</truncated><difficult>0</difficult><robndbox><cx>55.3361</cx><cy>224.7688</cy><w>113.6084</w><h>46.1857</h><angle>0.631607</angle></robndbox></object><object><type>robndbox</type><name>wheat_head</name><pose>Unspecified</pose><truncated>0</truncated><difficult>0</difficult><robndbox><cx>467.992</cx><cy>484.4904</cy><w>143.68</w><h>40.1308</h><angle>1.587908</angle></robndbox></object><object><type>robndbox</type><name>wheat_head</name><pose>Unspecified</pose><truncated>0</truncated><difficult>0</difficult><robndbox><cx>169.1437</cx><cy>304.6069</cy><w>55.6663</w><h>26.7464</h><angle>0.608394</angle></robndbox></object><object><type>robndbox</type><name>wheat_head</name><pose>Unspecified</pose><truncated>0</truncated><difficult>0</difficult><robndbox><cx>901.1341</cx><cy>982.1942</cy><w>54.6112</w><h>29.779</h><angle>1.80994</angle></robndbox></object><object><type>robndbox</type><name>wheat_head</name><pose>Unspecified</pose><truncated>0</truncated><difficult>0</difficult><robndbox><cx>929.672</cx><cy>16.445</cy><w>40.1766</w><h>33.8961</h><angle>1.905379</angle></robndbox></object><object><type>robndbox</type><name>wheat_head</name><pose>Unspecified</pose><truncated>0</truncated><difficult>0</difficult><robndbox><cx>794.0843</cx><cy>391.9235</cy><w>50.7699</w><h>31.6324</h><angle>1.520675</angle></robndbox></object><object><type>robndbox</type><name>wheat_head</name><pose>Unspecified</pose><truncated>0</truncated><difficult>0</difficult><robndbox><cx>392.8049</cx><cy>10.571</cy><w>28.7662</w><h>26.5627</h><angle>1.648925</angle></robndbox></object><object><type>robndbox</type><name>wheat_head</name><pose>Unspecified</pose><truncated>0</truncated><difficult>0</difficult><robndbox><cx>116.0204</cx><cy>1007.6712</cy><w>37.0415</w><h>24.2485</h><angle>0.285287</angle></robndbox></object><object><type>robndbox</type><name>wheat_head</name><pose>Unspecified</pose><truncated>0</truncated><difficult>0</difficult><robndbox><cx>783.4075</cx><cy>271.102</cy><w>60.4379</w><h>32.0595</h><angle>1.184724</angle></robndbox></object><object><type>robndbox</type><name>wheat_head</name><pose>Unspecified</pose><truncated>0</truncated><difficult>0</difficult><robndbox><cx>914.5131</cx><cy>770.3295</cy><w>44.8791</w><h>34.9515</h><angle>0.996538</angle></robndbox></object><object><type>robndbox</type><name>wheat_head</name><pose>Unspecified</pose><truncated>0</truncated><difficult>0</difficult><robndbox><cx>753.8824</cx><cy>694.3807</cy><w>72.514</w><h>32.7872</h><angle>2.914342</angle></robndbox></object><object><type>robndbox</type><name>wheat_head</name><pose>Unspecified</pose><truncated>0</truncated><difficult>0</difficult><robndbox><cx>538.2282</cx><cy>979.6406</cy><w>62.4339</w><h>29.2527</h><angle>1.178439</angle></robndbox></object><object><type>robndbox</type><name>wheat_head</name><pose>Unspecified</pose><truncated>0</truncated><difficult>0</difficult><robndbox><cx>178.594</cx><cy>222.5664</cy><w>81.7652</w><h>33.324</h><angle>1.002639</angle></robndbox></object><object><type>robndbox</type><name>wheat_head</name><pose>Unspecified</pose><truncated>0</truncated><difficult>0</difficult><robndbox><cx>494.8017</cx><cy>614.2854</cy><w>123.1128</w><h>40.4184</h><angle>0.456973</angle></robndbox></object><object><type>robndbox</type><name>wheat_head</name><pose>Unspecified</pose><truncated>0</truncated><difficult>0</difficult><robndbox><cx>17.4822</cx><cy>901.1819</cy><w>35.227</w><h>32.3029</h><angle>1.504821</angle></robndbox></object><object><type>robndbox</type><name>wheat_head</name><pose>Unspecified</pose><truncated>0</truncated><difficult>0</difficult><robndbox><cx>879.8808</cx><cy>897.0539</cy><w>87.3579</w><h>30.6351</h><angle>0.185619</angle></robndbox></object><object><type>robndbox</type><name>wheat_head</name><pose>Unspecified</pose><truncated>0</truncated><difficult>0</difficult><robndbox><cx>212.2772</cx><cy>63.7136</cy><w>67.0423</w><h>31.6257</h><angle>3.09358</angle></robndbox></object><object><type>robndbox</type><name>wheat_head</name><pose>Unspecified</pose><truncated>0</truncated><difficult>0</difficult><robndbox><cx>942.8256</cx><cy>381.728</cy><w>38.1054</w><h>33.8607</h><angle>0.733811</angle></robndbox></object><object><type>robndbox</type><name>wheat_head</name><pose>Unspecified</pose><truncated>0</truncated><difficult>0</difficult><robndbox><cx>671.378</cx><cy>206.3307</cy><w>156.1246</w><h>38.4342</h><angle>2.540884</angle></robndbox></object><object><type>robndbox</type><name>wheat_head</name><pose>Unspecified</pose><truncated>0</truncated><difficult>0</difficult><robndbox><cx>821.3624</cx><cy>924.3474</cy><w>65.6176</w><h>31.8986</h><angle>1.045796</angle></robndbox></object><object><type>robndbox</type><name>wheat_head</name><pose>Unspecified</pose><truncated>0</truncated><difficult>0</difficult><robndbox><cx>306.0572</cx><cy>694.0729</cy><w>69.8625</w><h>40.7995</h><angle>0.516859</angle></robndbox></object><object><type>robndbox</type><name>wheat_head</name><pose>Unspecified</pose><truncated>0</truncated><difficult>0</difficult><robndbox><cx>367.2677</cx><cy>962.4781</cy><w>98.1735</w><h>31.1318</h><angle>3.107917</angle></robndbox></object><object><type>robndbox</type><name>wheat_head</name><pose>Unspecified</pose><truncated>0</truncated><difficult>0</difficult><robndbox><cx>593.7052</cx><cy>483.1514</cy><w>106.7172</w><h>38.9237</h><angle>0.741135</angle></robndbox></object><object><type>robndbox</type><name>wheat_head</name><pose>Unspecified</pose><truncated>0</truncated><difficult>0</difficult><robndbox><cx>758.5594</cx><cy>879.1337</cy><w>50.7909</w><h>29.9061</h><angle>1.587066</angle></robndbox></object><object><type>robndbox</type><name>wheat_head</name><pose>Unspecified</pose><truncated>0</truncated><difficult>0</difficult><robndbox><cx>885.9945</cx><cy>196.7723</cy><w>43.0637</w><h>32.2635</h><angle>1.685922</angle></robndbox></object><object><type>robndbox</type><name>wheat_head</name><pose>Unspecified</pose><truncated>0</truncated><difficult>0</difficult><robndbox><cx>487.9805</cx><cy>832.8493</cy><w>55.7781</w><h>39.0633</h><angle>2.549327</angle></robndbox></object><object><type>robndbox</type><name>wheat_head</name><pose>Unspecified</pose><truncated>0</truncated><difficult>0</difficult><robndbox><cx>285.2486</cx><cy>960.9541</cy><w>62.479</w><h>27.4349</h><angle>0.031543</angle></robndbox></object><object><type>robndbox</type><name>wheat_head</name><pose>Unspecified</pose><truncated>0</truncated><difficult>0</difficult><robndbox><cx>423.4852</cx><cy>422.8287</cy><w>49.6766</w><h>34.5363</h><angle>0.267494</angle></robndbox></object><object><type>robndbox</type><name>wheat_head</name><pose>Unspecified</pose><truncated>0</truncated><difficult>0</difficult><robndbox><cx>856.6908</cx><cy>989.848</cy><w>34.3657</w><h>26.692</h><angle>1.716809</angle></robndbox></object><object><type>robndbox</type><name>wheat_head</name><pose>Unspecified</pose><truncated>0</truncated><difficult>0</difficult><robndbox><cx>507.3744</cx><cy>582.5812</cy><w>55.6058</w><h>26.6838</h><angle>0.912908</angle></robndbox></object><object><type>robndbox</type><name>wheat_head</name><pose>Unspecified</pose><truncated>0</truncated><difficult>0</difficult><robndbox><cx>741.1421</cx><cy>543.6076</cy><w>41.3038</w><h>21.1185</h><angle>3.020241</angle></robndbox></object><object><type>robndbox</type><name>wheat_head</name><pose>Unspecified</pose><truncated>0</truncated><difficult>0</difficult><robndbox><cx>775.443</cx><cy>572.1775</cy><w>28.158</w><h>22.017</h><angle>0.430935</angle></robndbox></object><object><type>robndbox</type><name>wheat_head</name><pose>Unspecified</pose><truncated>0</truncated><difficult>0</difficult><robndbox><cx>777.8088</cx><cy>177.7636</cy><w>71.6938</w><h>39.3132</h><angle>0.526066</angle></robndbox></object></annotation>