<annotation verified="no"><folder>images</folder><filename>3d5f3124e</filename><path>/home/badhon/Documents/thesis/final_dataset/ethz_1/images/3d5f3124e.jpg</path><source><database>Unknown</database></source><size><width>1024</width><height>1024</height><depth>3</depth></size><segmented>0</segmented><object><type>robndbox</type><name>wheat_head</name><pose>Unspecified</pose><truncated>0</truncated><difficult>0</difficult><robndbox><cx>173.4382</cx><cy>321.6551</cy><w>99.4216</w><h>30.2259</h><angle>0.556099</angle></robndbox></object><object><type>robndbox</type><name>wheat_head</name><pose>Unspecified</pose><truncated>0</truncated><difficult>0</difficult><robndbox><cx>210.2351</cx><cy>891.5565</cy><w>92.2639</w><h>41.4067</h><angle>0.602827</angle></robndbox></object><object><type>robndbox</type><name>wheat_head</name><pose>Unspecified</pose><truncated>0</truncated><difficult>0</difficult><robndbox><cx>518.1846</cx><cy>351.9242</cy><w>95.2209</w><h>42.6808</h><angle>0.666248</angle></robndbox></object><object><type>robndbox</type><name>wheat_head</name><pose>Unspecified</pose><truncated>0</truncated><difficult>0</difficult><robndbox><cx>502.2083</cx><cy>56.2508</cy><w>65.8393</w><h>40.4768</h><angle>0.566449</angle></robndbox></object><object><type>robndbox</type><name>wheat_head</name><pose>Unspecified</pose><truncated>0</truncated><difficult>0</difficult><robndbox><cx>896.446</cx><cy>30.8542</cy><w>80.1614</w><h>29.9907</h><angle>1.009566</angle></robndbox></object><object><type>robndbox</type><name>wheat_head</name><pose>Unspecified</pose><truncated>0</truncated><difficult>0</difficult><robndbox><cx>434.5641</cx><cy>114.693</cy><w>85.9888</w><h>40.6908</h><angle>0.600714</angle></robndbox></object><object><type>robndbox</type><name>wheat_head</name><pose>Unspecified</pose><truncated>0</truncated><difficult>0</difficult><robndbox><cx>326.9437</cx><cy>726.451</cy><w>87.4837</w><h>40.5626</h><angle>0.417884</angle></robndbox></object><object><type>robndbox</type><name>wheat_head</name><pose>Unspecified</pose><truncated>0</truncated><difficult>0</difficult><robndbox><cx>926.3952</cx><cy>551.3179</cy><w>66.6636</w><h>35.1729</h><angle>0.916437</angle></robndbox></object><object><type>robndbox</type><name>wheat_head</name><pose>Unspecified</pose><truncated>0</truncated><difficult>0</difficult><robndbox><cx>755.0847</cx><cy>951.0521</cy><w>43.9424</w><h>31.1595</h><angle>0.903544</angle></robndbox></object><object><type>robndbox</type><name>wheat_head</name><pose>Unspecified</pose><truncated>0</truncated><difficult>0</difficult><robndbox><cx>254.1961</cx><cy>74.5143</cy><w>89.2239</w><h>38.5524</h><angle>0.626607</angle></robndbox></object><object><type>robndbox</type><name>wheat_head</name><pose>Unspecified</pose><truncated>0</truncated><difficult>0</difficult><robndbox><cx>828.701</cx><cy>375.5997</cy><w>66.431</w><h>36.4918</h><angle>0.532601</angle></robndbox></object><object><type>robndbox</type><name>wheat_head</name><pose>Unspecified</pose><truncated>0</truncated><difficult>0</difficult><robndbox><cx>749.1649</cx><cy>159.706</cy><w>133.1772</w><h>45.7307</h><angle>0.606308</angle></robndbox></object><object><type>robndbox</type><name>wheat_head</name><pose>Unspecified</pose><truncated>0</truncated><difficult>0</difficult><robndbox><cx>554.6591</cx><cy>15.9986</cy><w>52.3126</w><h>31.7681</h><angle>0.746198</angle></robndbox></object><object><type>robndbox</type><name>wheat_head</name><pose>Unspecified</pose><truncated>0</truncated><difficult>0</difficult><robndbox><cx>964.938</cx><cy>667.2218</cy><w>67.1699</w><h>37.1868</h><angle>0.527485</angle></robndbox></object><object><type>robndbox</type><name>wheat_head</name><pose>Unspecified</pose><truncated>0</truncated><difficult>0</difficult><robndbox><cx>786.1448</cx><cy>12.5399</cy><w>79.712</w><h>31.4219</h><angle>0.271496</angle></robndbox></object><object><type>robndbox</type><name>wheat_head</name><pose>Unspecified</pose><truncated>0</truncated><difficult>0</difficult><robndbox><cx>862.5296</cx><cy>341.1034</cy><w>53.1468</w><h>29.5593</h><angle>0.897525</angle></robndbox></object><object><type>robndbox</type><name>wheat_head</name><pose>Unspecified</pose><truncated>0</truncated><difficult>0</difficult><robndbox><cx>381.8832</cx><cy>935.7794</cy><w>95.5306</w><h>39.1783</h><angle>2.907259</angle></robndbox></object><object><type>robndbox</type><name>wheat_head</name><pose>Unspecified</pose><truncated>0</truncated><difficult>0</difficult><robndbox><cx>390.3744</cx><cy>417.9417</cy><w>51.0953</w><h>30.5219</h><angle>0.352838</angle></robndbox></object><object><type>robndbox</type><name>wheat_head</name><pose>Unspecified</pose><truncated>0</truncated><difficult>0</difficult><robndbox><cx>643.1074</cx><cy>910.361</cy><w>58.009</w><h>43.32</h><angle>0.685995</angle></robndbox></object><object><type>robndbox</type><name>wheat_head</name><pose>Unspecified</pose><truncated>0</truncated><difficult>0</difficult><robndbox><cx>206.8261</cx><cy>21.3789</cy><w>62.698</w><h>28.4531</h><angle>0.182658</angle></robndbox></object><object><type>robndbox</type><name>wheat_head</name><pose>Unspecified</pose><truncated>0</truncated><difficult>0</difficult><robndbox><cx>513.4493</cx><cy>739.5679</cy><w>51.7475</w><h>33.0509</h><angle>0.528496</angle></robndbox></object><object><type>robndbox</type><name>wheat_head</name><pose>Unspecified</pose><truncated>0</truncated><difficult>0</difficult><robndbox><cx>377.5714</cx><cy>256.461</cy><w>39.5653</w><h>32.2025</h><angle>0.700983</angle></robndbox></object><object><type>robndbox</type><name>wheat_head</name><pose>Unspecified</pose><truncated>0</truncated><difficult>0</difficult><robndbox><cx>468.4408</cx><cy>893.7636</cy><w>51.0384</w><h>27.401</h><angle>1.412971</angle></robndbox></object><object><type>robndbox</type><name>wheat_head</name><pose>Unspecified</pose><truncated>0</truncated><difficult>0</difficult><robndbox><cx>709.7929</cx><cy>550.9841</cy><w>69.7302</w><h>36.042</h><angle>0.928682</angle></robndbox></object><object><type>robndbox</type><name>wheat_head</name><pose>Unspecified</pose><truncated>0</truncated><difficult>0</difficult><robndbox><cx>589.5173</cx><cy>630.2012</cy><w>57.6472</w><h>34.946</h><angle>0.569824</angle></robndbox></object><object><type>robndbox</type><name>wheat_head</name><pose>Unspecified</pose><truncated>0</truncated><difficult>0</difficult><robndbox><cx>440.2115</cx><cy>985.5241</cy><w>67.7124</w><h>35.8909</h><angle>0.344932</angle></robndbox></object><object><type>robndbox</type><name>wheat_head</name><pose>Unspecified</pose><truncated>0</truncated><difficult>0</difficult><robndbox><cx>150.4657</cx><cy>490.5764</cy><w>62.3796</w><h>31.2771</h><angle>0.509418</angle></robndbox></object><object><type>robndbox</type><name>wheat_head</name><pose>Unspecified</pose><truncated>0</truncated><difficult>0</difficult><robndbox><cx>841.021</cx><cy>862.8325</cy><w>77.1332</w><h>27.3137</h><angle>0.321087</angle></robndbox></object><object><type>robndbox</type><name>wheat_head</name><pose>Unspecified</pose><truncated>0</truncated><difficult>0</difficult><robndbox><cx>556.024</cx><cy>666.0966</cy><w>43.4832</w><h>31.6497</h><angle>0.40113</angle></robndbox></object><object><type>robndbox</type><name>wheat_head</name><pose>Unspecified</pose><truncated>0</truncated><difficult>0</difficult><robndbox><cx>322.334</cx><cy>993.6577</cy><w>83.0067</w><h>36.828</h><angle>2.755505</angle></robndbox></object><object><type>robndbox</type><name>wheat_head</name><pose>Unspecified</pose><truncated>0</truncated><difficult>0</difficult><robndbox><cx>547.209</cx><cy>456.301</cy><w>46.6933</w><h>35.119</h><angle>1.987443</angle></robndbox></object><object><type>robndbox</type><name>wheat_head</name><pose>Unspecified</pose><truncated>0</truncated><difficult>0</difficult><robndbox><cx>86.0753</cx><cy>847.3568</cy><w>60.4031</w><h>31.2056</h><angle>2.948825</angle></robndbox></object><object><type>robndbox</type><name>wheat_head</name><pose>Unspecified</pose><truncated>0</truncated><difficult>0</difficult><robndbox><cx>448.9153</cx><cy>7.858</cy><w>49.167</w><h>19.7704</h><angle>0.036125</angle></robndbox></object><object><type>robndbox</type><name>wheat_head</name><pose>Unspecified</pose><truncated>0</truncated><difficult>0</difficult><robndbox><cx>941.2035</cx><cy>1004.1885</cy><w>42.08</w><h>28.654</h><angle>0.533791</angle></robndbox></object><object><type>robndbox</type><name>wheat_head</name><pose>Unspecified</pose><truncated>0</truncated><difficult>0</difficult><robndbox><cx>929.0888</cx><cy>696.1235</cy><w>48.2927</w><h>32.385</h><angle>2.978724</angle></robndbox></object><object><type>robndbox</type><name>wheat_head</name><pose>Unspecified</pose><truncated>0</truncated><difficult>0</difficult><robndbox><cx>73.7429</cx><cy>119.8973</cy><w>66.1586</w><h>33.5244</h><angle>0.188875</angle></robndbox></object><object><type>robndbox</type><name>wheat_head</name><pose>Unspecified</pose><truncated>0</truncated><difficult>0</difficult><robndbox><cx>206.0799</cx><cy>790.6033</cy><w>57.5184</w><h>36.052</h><angle>0.508176</angle></robndbox></object><object><type>robndbox</type><name>wheat_head</name><pose>Unspecified</pose><truncated>0</truncated><difficult>0</difficult><robndbox><cx>359.3318</cx><cy>317.8315</cy><w>54.7686</w><h>37.9695</h><angle>0.61465</angle></robndbox></object><object><type>robndbox</type><name>wheat_head</name><pose>Unspecified</pose><truncated>0</truncated><difficult>0</difficult><robndbox><cx>864.6058</cx><cy>57.3968</cy><w>36.1414</w><h>35.9454</h><angle>3.087797</angle></robndbox></object><object><type>robndbox</type><name>wheat_head</name><pose>Unspecified</pose><truncated>0</truncated><difficult>0</difficult><robndbox><cx>84.2362</cx><cy>87.7296</cy><w>44.9431</w><h>29.8366</h><angle>0.89002</angle></robndbox></object><object><type>robndbox</type><name>wheat_head</name><pose>Unspecified</pose><truncated>0</truncated><difficult>0</difficult><robndbox><cx>851.1554</cx><cy>1007.7329</cy><w>32.9346</w><h>28.4762</h><angle>0.087755</angle></robndbox></object><object><type>robndbox</type><name>wheat_head</name><pose>Unspecified</pose><truncated>0</truncated><difficult>0</difficult><robndbox><cx>250.8213</cx><cy>8.2916</cy><w>45.6384</w><h>18.8187</h><angle>0.067932</angle></robndbox></object><object><type>robndbox</type><name>wheat_head</name><pose>Unspecified</pose><truncated>0</truncated><difficult>0</difficult><robndbox><cx>380.2463</cx><cy>531.0331</cy><w>59.5764</w><h>30.7988</h><angle>0.12509</angle></robndbox></object><object><type>robndbox</type><name>wheat_head</name><pose>Unspecified</pose><truncated>0</truncated><difficult>0</difficult><robndbox><cx>980.6872</cx><cy>606.9566</cy><w>75.1099</w><h>37.035</h><angle>0.104714</angle></robndbox></object><object><type>robndbox</type><name>wheat_head</name><pose>Unspecified</pose><truncated>0</truncated><difficult>0</difficult><robndbox><cx>831.5454</cx><cy>791.7883</cy><w>42.6603</w><h>28.885</h><angle>0.321217</angle></robndbox></object><object><type>robndbox</type><name>wheat_head</name><pose>Unspecified</pose><truncated>0</truncated><difficult>0</difficult><robndbox><cx>648.1357</cx><cy>801.0824</cy><w>76.8901</w><h>38.8262</h><angle>0.369418</angle></robndbox></object><object><type>robndbox</type><name>wheat_head</name><pose>Unspecified</pose><truncated>0</truncated><difficult>0</difficult><robndbox><cx>576.9061</cx><cy>894.1786</cy><w>60.7098</w><h>34.2084</h><angle>3.004769</angle></robndbox></object><object><type>robndbox</type><name>wheat_head</name><pose>Unspecified</pose><truncated>0</truncated><difficult>0</difficult><robndbox><cx>337.2524</cx><cy>651.914</cy><w>38.6463</w><h>32.195</h><angle>1.739281</angle></robndbox></object><object><type>robndbox</type><name>wheat_head</name><pose>Unspecified</pose><truncated>0</truncated><difficult>0</difficult><robndbox><cx>82.8394</cx><cy>691.46</cy><w>51.9412</w><h>22.3703</h><angle>0.053228</angle></robndbox></object><object><type>robndbox</type><name>wheat_head</name><pose>Unspecified</pose><truncated>0</truncated><difficult>0</difficult><robndbox><cx>210.2351</cx><cy>891.5565</cy><w>92.2639</w><h>41.4067</h><angle>0.602827</angle></robndbox></object><object><type>robndbox</type><name>wheat_head</name><pose>Unspecified</pose><truncated>0</truncated><difficult>0</difficult><robndbox><cx>869.6058</cx><cy>62.3968</cy><w>36.1414</w><h>35.9454</h><angle>2.687797</angle></robndbox></object><object><type>robndbox</type><name>wheat_head</name><pose>Unspecified</pose><truncated>0</truncated><difficult>0</difficult><robndbox><cx>235.601</cx><cy>689.8078</cy><w>86.5226</w><h>44.2633</h><angle>3.05379</angle></robndbox></object><object><type>robndbox</type><name>wheat_head</name><pose>Unspecified</pose><truncated>0</truncated><difficult>0</difficult><robndbox><cx>895.4041</cx><cy>730.5156</cy><w>37.6718</w><h>36.4912</h><angle>0.441548</angle></robndbox></object><object><type>robndbox</type><name>wheat_head</name><pose>Unspecified</pose><truncated>0</truncated><difficult>0</difficult><robndbox><cx>673.1539</cx><cy>655.9278</cy><w>39.4551</w><h>30.2963</h><angle>0.895151</angle></robndbox></object><object><type>robndbox</type><name>wheat_head</name><pose>Unspecified</pose><truncated>0</truncated><difficult>0</difficult><robndbox><cx>877.4966</cx><cy>835.934</cy><w>72.1037</w><h>34.8392</h><angle>3.123868</angle></robndbox></object><object><type>robndbox</type><name>wheat_head</name><pose>Unspecified</pose><truncated>0</truncated><difficult>0</difficult><robndbox><cx>805.8463</cx><cy>743.5613</cy><w>44.0403</w><h>30.8444</h><angle>0.168177</angle></robndbox></object><object><type>robndbox</type><name>wheat_head</name><pose>Unspecified</pose><truncated>0</truncated><difficult>0</difficult><robndbox><cx>709.7929</cx><cy>550.9841</cy><w>69.7302</w><h>36.042</h><angle>0.928682</angle></robndbox></object><object><type>robndbox</type><name>wheat_head</name><pose>Unspecified</pose><truncated>0</truncated><difficult>0</difficult><robndbox><cx>86.0753</cx><cy>847.3568</cy><w>60.4031</w><h>31.2056</h><angle>2.948825</angle></robndbox></object><object><type>robndbox</type><name>wheat_head</name><pose>Unspecified</pose><truncated>0</truncated><difficult>0</difficult><robndbox><cx>671.4342</cx><cy>827.4264</cy><w>52.8293</w><h>35.4277</h><angle>1.296712</angle></robndbox></object><object><type>robndbox</type><name>wheat_head</name><pose>Unspecified</pose><truncated>0</truncated><difficult>0</difficult><robndbox><cx>648.74</cx><cy>671.4715</cy><w>42.8556</w><h>20.4818</h><angle>0.695151</angle></robndbox></object><object><type>robndbox</type><name>wheat_head</name><pose>Unspecified</pose><truncated>0</truncated><difficult>0</difficult><robndbox><cx>858.4918</cx><cy>713.2538</cy><w>33.8511</w><h>30.2111</h><angle>1.939718</angle></robndbox></object><object><type>robndbox</type><name>wheat_head</name><pose>Unspecified</pose><truncated>0</truncated><difficult>0</difficult><robndbox><cx>562.0744</cx><cy>854.0513</cy><w>34.4456</w><h>21.263</h><angle>0.028844</angle></robndbox></object><object><type>robndbox</type><name>wheat_head</name><pose>Unspecified</pose><truncated>0</truncated><difficult>0</difficult><robndbox><cx>870.4116</cx><cy>978.1502</cy><w>42.8416</w><h>29.6788</h><angle>0.107014</angle></robndbox></object><object><type>robndbox</type><name>wheat_head</name><pose>Unspecified</pose><truncated>0</truncated><difficult>0</difficult><robndbox><cx>249.0247</cx><cy>729.3254</cy><w>43.2399</w><h>19.169</h><angle>0.438909</angle></robndbox></object><object><type>robndbox</type><name>wheat_head</name><pose>Unspecified</pose><truncated>0</truncated><difficult>0</difficult><robndbox><cx>89.2415</cx><cy>656.547</cy><w>37.855</w><h>31.145</h><angle>2.928654</angle></robndbox></object><object><type>robndbox</type><name>wheat_head</name><pose>Unspecified</pose><truncated>0</truncated><difficult>0</difficult><robndbox><cx>665.0371</cx><cy>545.3688</cy><w>44.0114</w><h>20.9867</h><angle>2.769525</angle></robndbox></object><object><type>robndbox</type><name>wheat_head</name><pose>Unspecified</pose><truncated>0</truncated><difficult>0</difficult><robndbox><cx>134.8949</cx><cy>445.9637</cy><w>51.264</w><h>33.6239</h><angle>1.212026</angle></robndbox></object><object><type>robndbox</type><name>wheat_head</name><pose>Unspecified</pose><truncated>0</truncated><difficult>0</difficult><robndbox><cx>103.4939</cx><cy>459.0944</cy><w>33.541</w><h>26.0197</h><angle>0.179853</angle></robndbox></object></annotation>