<annotation verified="no"><folder>images</folder><filename>3f1c5459a</filename><path>/home/badhon/Documents/thesis/final_dataset/ethz_1/images/3f1c5459a.jpg</path><source><database>Unknown</database></source><size><width>1024</width><height>1024</height><depth>3</depth></size><segmented>0</segmented><object><type>robndbox</type><name>wheat_head</name><pose>Unspecified</pose><truncated>0</truncated><difficult>0</difficult><robndbox><cx>270.0384</cx><cy>77.9093</cy><w>88.1329</w><h>40.9528</h><angle>0.840112</angle></robndbox></object><object><type>robndbox</type><name>wheat_head</name><pose>Unspecified</pose><truncated>0</truncated><difficult>0</difficult><robndbox><cx>478.7199</cx><cy>781.9833</cy><w>106.3685</w><h>41.325</h><angle>0.353244</angle></robndbox></object><object><type>robndbox</type><name>wheat_head</name><pose>Unspecified</pose><truncated>0</truncated><difficult>0</difficult><robndbox><cx>716.4811</cx><cy>358.2284</cy><w>101.0962</w><h>37.1741</h><angle>0.963762</angle></robndbox></object><object><type>robndbox</type><name>wheat_head</name><pose>Unspecified</pose><truncated>0</truncated><difficult>0</difficult><robndbox><cx>217.0012</cx><cy>272.6353</cy><w>105.9994</w><h>39.2437</h><angle>0.403433</angle></robndbox></object><object><type>robndbox</type><name>wheat_head</name><pose>Unspecified</pose><truncated>0</truncated><difficult>0</difficult><robndbox><cx>990.3723</cx><cy>310.4543</cy><w>54.0705</w><h>36.6043</h><angle>0.630062</angle></robndbox></object><object><type>robndbox</type><name>wheat_head</name><pose>Unspecified</pose><truncated>0</truncated><difficult>0</difficult><robndbox><cx>418.4311</cx><cy>592.6146</cy><w>79.3674</w><h>36.0826</h><angle>0.475136</angle></robndbox></object><object><type>robndbox</type><name>wheat_head</name><pose>Unspecified</pose><truncated>0</truncated><difficult>0</difficult><robndbox><cx>786.565</cx><cy>88.4975</cy><w>75.6276</w><h>33.5739</h><angle>0.982031</angle></robndbox></object><object><type>robndbox</type><name>wheat_head</name><pose>Unspecified</pose><truncated>0</truncated><difficult>0</difficult><robndbox><cx>652.2009</cx><cy>205.6496</cy><w>84.5848</w><h>38.5808</h><angle>0.551206</angle></robndbox></object><object><type>robndbox</type><name>wheat_head</name><pose>Unspecified</pose><truncated>0</truncated><difficult>0</difficult><robndbox><cx>133.5497</cx><cy>537.2625</cy><w>96.8806</w><h>29.8676</h><angle>0.4535</angle></robndbox></object><object><type>robndbox</type><name>wheat_head</name><pose>Unspecified</pose><truncated>0</truncated><difficult>0</difficult><robndbox><cx>791.1793</cx><cy>218.3914</cy><w>93.2167</w><h>38.6863</h><angle>0.50424</angle></robndbox></object><object><type>robndbox</type><name>wheat_head</name><pose>Unspecified</pose><truncated>0</truncated><difficult>0</difficult><robndbox><cx>46.8449</cx><cy>781.6549</cy><w>67.4595</w><h>26.0101</h><angle>0.571882</angle></robndbox></object><object><type>robndbox</type><name>wheat_head</name><pose>Unspecified</pose><truncated>0</truncated><difficult>0</difficult><robndbox><cx>119.4759</cx><cy>838.7534</cy><w>105.6772</w><h>33.9113</h><angle>0.419802</angle></robndbox></object><object><type>robndbox</type><name>wheat_head</name><pose>Unspecified</pose><truncated>0</truncated><difficult>0</difficult><robndbox><cx>595.0964</cx><cy>473.9438</cy><w>154.4059</w><h>20.8829</h><angle>0.436733</angle></robndbox></object><object><type>robndbox</type><name>wheat_head</name><pose>Unspecified</pose><truncated>0</truncated><difficult>0</difficult><robndbox><cx>527.1435</cx><cy>125.5292</cy><w>119.0412</w><h>39.4285</h><angle>0.611196</angle></robndbox></object><object><type>robndbox</type><name>wheat_head</name><pose>Unspecified</pose><truncated>0</truncated><difficult>0</difficult><robndbox><cx>327.1899</cx><cy>892.3943</cy><w>120.1471</w><h>41.9122</h><angle>0.616274</angle></robndbox></object><object><type>robndbox</type><name>wheat_head</name><pose>Unspecified</pose><truncated>0</truncated><difficult>0</difficult><robndbox><cx>874.8892</cx><cy>200.8055</cy><w>101.4338</w><h>39.4797</h><angle>0.656312</angle></robndbox></object><object><type>robndbox</type><name>wheat_head</name><pose>Unspecified</pose><truncated>0</truncated><difficult>0</difficult><robndbox><cx>947.3114</cx><cy>590.6942</cy><w>50.5641</w><h>35.6729</h><angle>0.868776</angle></robndbox></object><object><type>robndbox</type><name>wheat_head</name><pose>Unspecified</pose><truncated>0</truncated><difficult>0</difficult><robndbox><cx>60.5</cx><cy>310.0</cy><w>93.5583</w><h>16.8681</h><angle>0.546678</angle></robndbox></object><object><type>robndbox</type><name>wheat_head</name><pose>Unspecified</pose><truncated>0</truncated><difficult>0</difficult><robndbox><cx>132.8526</cx><cy>126.3676</cy><w>129.398</w><h>42.4615</h><angle>0.525949</angle></robndbox></object><object><type>robndbox</type><name>wheat_head</name><pose>Unspecified</pose><truncated>0</truncated><difficult>0</difficult><robndbox><cx>747.9296</cx><cy>270.1013</cy><w>114.162</w><h>43.4825</h><angle>0.641413</angle></robndbox></object><object><type>robndbox</type><name>wheat_head</name><pose>Unspecified</pose><truncated>0</truncated><difficult>0</difficult><robndbox><cx>327.1899</cx><cy>892.3943</cy><w>120.1471</w><h>41.9122</h><angle>0.616274</angle></robndbox></object><object><type>robndbox</type><name>wheat_head</name><pose>Unspecified</pose><truncated>0</truncated><difficult>0</difficult><robndbox><cx>987.6036</cx><cy>202.1651</cy><w>60.6775</w><h>37.6525</h><angle>0.380017</angle></robndbox></object><object><type>robndbox</type><name>wheat_head</name><pose>Unspecified</pose><truncated>0</truncated><difficult>0</difficult><robndbox><cx>374.0316</cx><cy>696.9339</cy><w>88.1768</w><h>35.2118</h><angle>0.383559</angle></robndbox></object><object><type>robndbox</type><name>wheat_head</name><pose>Unspecified</pose><truncated>0</truncated><difficult>0</difficult><robndbox><cx>955.3217</cx><cy>782.038</cy><w>103.4868</w><h>43.5709</h><angle>0.447358</angle></robndbox></object><object><type>robndbox</type><name>wheat_head</name><pose>Unspecified</pose><truncated>0</truncated><difficult>0</difficult><robndbox><cx>80.824</cx><cy>49.5243</cy><w>120.2633</w><h>30.0355</h><angle>0.317998</angle></robndbox></object><object><type>robndbox</type><name>wheat_head</name><pose>Unspecified</pose><truncated>0</truncated><difficult>0</difficult><robndbox><cx>366.8232</cx><cy>791.1657</cy><w>58.2419</w><h>26.2713</h><angle>0.392556</angle></robndbox></object><object><type>robndbox</type><name>wheat_head</name><pose>Unspecified</pose><truncated>0</truncated><difficult>0</difficult><robndbox><cx>44.0904</cx><cy>683.1482</cy><w>75.2426</w><h>27.0855</h><angle>0.242652</angle></robndbox></object><object><type>robndbox</type><name>wheat_head</name><pose>Unspecified</pose><truncated>0</truncated><difficult>0</difficult><robndbox><cx>62.0437</cx><cy>353.3618</cy><w>110.944</w><h>30.1038</h><angle>0.366528</angle></robndbox></object><object><type>robndbox</type><name>wheat_head</name><pose>Unspecified</pose><truncated>0</truncated><difficult>0</difficult><robndbox><cx>497.6617</cx><cy>867.5872</cy><w>77.2704</w><h>29.8405</h><angle>0.391268</angle></robndbox></object><object><type>robndbox</type><name>wheat_head</name><pose>Unspecified</pose><truncated>0</truncated><difficult>0</difficult><robndbox><cx>448.3196</cx><cy>236.9027</cy><w>59.8187</w><h>28.1956</h><angle>0.334628</angle></robndbox></object><object><type>robndbox</type><name>wheat_head</name><pose>Unspecified</pose><truncated>0</truncated><difficult>0</difficult><robndbox><cx>914.8495</cx><cy>148.093</cy><w>85.4364</w><h>38.044</h><angle>0.439544</angle></robndbox></object><object><type>robndbox</type><name>wheat_head</name><pose>Unspecified</pose><truncated>0</truncated><difficult>0</difficult><robndbox><cx>177.4508</cx><cy>788.3675</cy><w>82.3263</w><h>35.6153</h><angle>0.561753</angle></robndbox></object><object><type>robndbox</type><name>wheat_head</name><pose>Unspecified</pose><truncated>0</truncated><difficult>0</difficult><robndbox><cx>35.2241</cx><cy>143.3145</cy><w>73.711</w><h>35.7009</h><angle>0.595934</angle></robndbox></object><object><type>robndbox</type><name>wheat_head</name><pose>Unspecified</pose><truncated>0</truncated><difficult>0</difficult><robndbox><cx>470.5485</cx><cy>190.782</cy><w>126.5811</w><h>31.0084</h><angle>0.418248</angle></robndbox></object><object><type>robndbox</type><name>wheat_head</name><pose>Unspecified</pose><truncated>0</truncated><difficult>0</difficult><robndbox><cx>244.2455</cx><cy>563.7173</cy><w>90.0331</w><h>32.8758</h><angle>0.302883</angle></robndbox></object><object><type>robndbox</type><name>wheat_head</name><pose>Unspecified</pose><truncated>0</truncated><difficult>0</difficult><robndbox><cx>201.8053</cx><cy>938.9609</cy><w>125.2862</w><h>39.3609</h><angle>0.038866</angle></robndbox></object><object><type>robndbox</type><name>wheat_head</name><pose>Unspecified</pose><truncated>0</truncated><difficult>0</difficult><robndbox><cx>573.1003</cx><cy>762.2913</cy><w>78.4209</w><h>27.8962</h><angle>0.025394</angle></robndbox></object><object><type>robndbox</type><name>wheat_head</name><pose>Unspecified</pose><truncated>0</truncated><difficult>0</difficult><robndbox><cx>735.7562</cx><cy>112.9191</cy><w>58.2171</w><h>36.564</h><angle>0.684727</angle></robndbox></object><object><type>robndbox</type><name>wheat_head</name><pose>Unspecified</pose><truncated>0</truncated><difficult>0</difficult><robndbox><cx>655.9478</cx><cy>818.881</cy><w>85.6356</w><h>22.6108</h><angle>0.256325</angle></robndbox></object><object><type>robndbox</type><name>wheat_head</name><pose>Unspecified</pose><truncated>0</truncated><difficult>0</difficult><robndbox><cx>667.9266</cx><cy>775.3103</cy><w>72.3212</w><h>26.1667</h><angle>0.034382</angle></robndbox></object><object><type>robndbox</type><name>wheat_head</name><pose>Unspecified</pose><truncated>0</truncated><difficult>0</difficult><robndbox><cx>366.8232</cx><cy>791.1657</cy><w>58.2419</w><h>26.2713</h><angle>0.392556</angle></robndbox></object><object><type>robndbox</type><name>wheat_head</name><pose>Unspecified</pose><truncated>0</truncated><difficult>0</difficult><robndbox><cx>62.5754</cx><cy>450.906</cy><w>79.1342</w><h>28.576</h><angle>0.872223</angle></robndbox></object><object><type>robndbox</type><name>wheat_head</name><pose>Unspecified</pose><truncated>0</truncated><difficult>0</difficult><robndbox><cx>609.978</cx><cy>452.9777</cy><w>114.1093</w><h>37.6327</h><angle>0.436733</angle></robndbox></object><object><type>robndbox</type><name>wheat_head</name><pose>Unspecified</pose><truncated>0</truncated><difficult>0</difficult><robndbox><cx>485.8378</cx><cy>639.9808</cy><w>63.0927</w><h>25.8332</h><angle>0.251779</angle></robndbox></object><object><type>robndbox</type><name>wheat_head</name><pose>Unspecified</pose><truncated>0</truncated><difficult>0</difficult><robndbox><cx>332.1211</cx><cy>829.6085</cy><w>65.3493</w><h>25.2301</h><angle>0.388113</angle></robndbox></object><object><type>robndbox</type><name>wheat_head</name><pose>Unspecified</pose><truncated>0</truncated><difficult>0</difficult><robndbox><cx>776.6775</cx><cy>557.2169</cy><w>89.371</w><h>19.9693</h><angle>0.573165</angle></robndbox></object><object><type>robndbox</type><name>wheat_head</name><pose>Unspecified</pose><truncated>0</truncated><difficult>0</difficult><robndbox><cx>228.6642</cx><cy>25.4562</cy><w>49.7339</w><h>30.511</h><angle>0.392693</angle></robndbox></object><object><type>robndbox</type><name>wheat_head</name><pose>Unspecified</pose><truncated>0</truncated><difficult>0</difficult><robndbox><cx>825.8722</cx><cy>618.5487</cy><w>66.686</w><h>41.4912</h><angle>0.573165</angle></robndbox></object><object><type>robndbox</type><name>wheat_head</name><pose>Unspecified</pose><truncated>0</truncated><difficult>0</difficult><robndbox><cx>186.9313</cx><cy>978.9929</cy><w>74.6339</w><h>19.9614</h><angle>3.010109</angle></robndbox></object><object><type>robndbox</type><name>wheat_head</name><pose>Unspecified</pose><truncated>0</truncated><difficult>0</difficult><robndbox><cx>341.6908</cx><cy>595.6113</cy><w>52.6951</w><h>20.3264</h><angle>0.099982</angle></robndbox></object><object><type>robndbox</type><name>wheat_head</name><pose>Unspecified</pose><truncated>0</truncated><difficult>0</difficult><robndbox><cx>273.0351</cx><cy>480.3456</cy><w>99.5253</w><h>32.3173</h><angle>0.214011</angle></robndbox></object><object><type>robndbox</type><name>wheat_head</name><pose>Unspecified</pose><truncated>0</truncated><difficult>0</difficult><robndbox><cx>865.0341</cx><cy>953.8688</cy><w>96.7525</w><h>34.9753</h><angle>0.186803</angle></robndbox></object><object><type>robndbox</type><name>wheat_head</name><pose>Unspecified</pose><truncated>0</truncated><difficult>0</difficult><robndbox><cx>125.8963</cx><cy>202.632</cy><w>125.4403</w><h>33.6378</h><angle>0.403042</angle></robndbox></object><object><type>robndbox</type><name>wheat_head</name><pose>Unspecified</pose><truncated>0</truncated><difficult>0</difficult><robndbox><cx>27.9913</cx><cy>856.5853</cy><w>46.429</w><h>27.0522</h><angle>0.238887</angle></robndbox></object><object><type>robndbox</type><name>wheat_head</name><pose>Unspecified</pose><truncated>0</truncated><difficult>0</difficult><robndbox><cx>526.4432</cx><cy>72.4342</cy><w>60.6977</w><h>29.6967</h><angle>0.586241</angle></robndbox></object><object><type>robndbox</type><name>wheat_head</name><pose>Unspecified</pose><truncated>0</truncated><difficult>0</difficult><robndbox><cx>656.2636</cx><cy>857.5156</cy><w>95.1715</w><h>32.1539</h><angle>0.017509</angle></robndbox></object><object><type>robndbox</type><name>wheat_head</name><pose>Unspecified</pose><truncated>0</truncated><difficult>0</difficult><robndbox><cx>460.6484</cx><cy>135.4977</cy><w>123.4843</w><h>34.5472</h><angle>0.775636</angle></robndbox></object><object><type>robndbox</type><name>wheat_head</name><pose>Unspecified</pose><truncated>0</truncated><difficult>0</difficult><robndbox><cx>689.3772</cx><cy>922.8611</cy><w>89.9641</w><h>33.3032</h><angle>0.526332</angle></robndbox></object><object><type>robndbox</type><name>wheat_head</name><pose>Unspecified</pose><truncated>0</truncated><difficult>0</difficult><robndbox><cx>510.2363</cx><cy>1007.6257</cy><w>64.6073</w><h>23.8653</h><angle>3.138556</angle></robndbox></object><object><type>robndbox</type><name>wheat_head</name><pose>Unspecified</pose><truncated>0</truncated><difficult>0</difficult><robndbox><cx>879.3506</cx><cy>900.9228</cy><w>92.3109</w><h>38.7126</h><angle>0.278674</angle></robndbox></object><object><type>robndbox</type><name>wheat_head</name><pose>Unspecified</pose><truncated>0</truncated><difficult>0</difficult><robndbox><cx>470.5485</cx><cy>190.782</cy><w>126.5811</w><h>31.0084</h><angle>0.418248</angle></robndbox></object><object><type>robndbox</type><name>wheat_head</name><pose>Unspecified</pose><truncated>0</truncated><difficult>0</difficult><robndbox><cx>616.8026</cx><cy>883.7349</cy><w>187.5893</w><h>31.1269</h><angle>0.326332</angle></robndbox></object><object><type>robndbox</type><name>wheat_head</name><pose>Unspecified</pose><truncated>0</truncated><difficult>0</difficult><robndbox><cx>17.9709</cx><cy>582.617</cy><w>32.4664</w><h>31.2839</h><angle>0.200924</angle></robndbox></object><object><type>robndbox</type><name>wheat_head</name><pose>Unspecified</pose><truncated>0</truncated><difficult>0</difficult><robndbox><cx>99.5636</cx><cy>570.8293</cy><w>26.2412</w><h>25.975</h><angle>2.15571</angle></robndbox></object><object><type>robndbox</type><name>wheat_head</name><pose>Unspecified</pose><truncated>0</truncated><difficult>0</difficult><robndbox><cx>222.2022</cx><cy>724.9444</cy><w>40.2626</w><h>27.9506</h><angle>0.429883</angle></robndbox></object><object><type>robndbox</type><name>wheat_head</name><pose>Unspecified</pose><truncated>0</truncated><difficult>0</difficult><robndbox><cx>396.1364</cx><cy>62.5606</cy><w>51.8652</w><h>32.6497</h><angle>0.977446</angle></robndbox></object><object><type>robndbox</type><name>wheat_head</name><pose>Unspecified</pose><truncated>0</truncated><difficult>0</difficult><robndbox><cx>346.5197</cx><cy>487.5141</cy><w>35.8469</w><h>30.0837</h><angle>0.401229</angle></robndbox></object><object><type>robndbox</type><name>wheat_head</name><pose>Unspecified</pose><truncated>0</truncated><difficult>0</difficult><robndbox><cx>753.279</cx><cy>577.7476</cy><w>86.8159</w><h>37.7959</h><angle>0.427581</angle></robndbox></object><object><type>robndbox</type><name>wheat_head</name><pose>Unspecified</pose><truncated>0</truncated><difficult>0</difficult><robndbox><cx>59.1809</cx><cy>552.8042</cy><w>51.0882</w><h>39.5942</h><angle>3.100348</angle></robndbox></object><object><type>robndbox</type><name>wheat_head</name><pose>Unspecified</pose><truncated>0</truncated><difficult>0</difficult><robndbox><cx>380.107</cx><cy>766.9331</cy><w>55.0</w><h>12.7491</h><angle>0.643501</angle></robndbox></object><object><type>robndbox</type><name>wheat_head</name><pose>Unspecified</pose><truncated>0</truncated><difficult>0</difficult><robndbox><cx>602.5181</cx><cy>828.194</cy><w>43.4166</w><h>24.4245</h><angle>0.256151</angle></robndbox></object></annotation>