<annotation verified="no"><folder>images</folder><filename>3fa57b900</filename><path>/home/badhon/Documents/thesis/final_dataset/ethz_1/images/3fa57b900.jpg</path><source><database>Unknown</database></source><size><width>1024</width><height>1024</height><depth>3</depth></size><segmented>0</segmented><object><type>robndbox</type><name>wheat_head</name><pose>Unspecified</pose><truncated>0</truncated><difficult>0</difficult><robndbox><cx>650.4871</cx><cy>306.562</cy><w>98.4026</w><h>34.3232</h><angle>0.66919</angle></robndbox></object><object><type>robndbox</type><name>wheat_head</name><pose>Unspecified</pose><truncated>0</truncated><difficult>0</difficult><robndbox><cx>854.0627</cx><cy>424.744</cy><w>102.4156</w><h>35.8605</h><angle>0.633423</angle></robndbox></object><object><type>robndbox</type><name>wheat_head</name><pose>Unspecified</pose><truncated>0</truncated><difficult>0</difficult><robndbox><cx>823.4202</cx><cy>91.6749</cy><w>115.2923</w><h>34.4919</h><angle>1.129051</angle></robndbox></object><object><type>robndbox</type><name>wheat_head</name><pose>Unspecified</pose><truncated>0</truncated><difficult>0</difficult><robndbox><cx>895.8711</cx><cy>334.4125</cy><w>93.2716</w><h>29.3977</h><angle>0.8719</angle></robndbox></object><object><type>robndbox</type><name>wheat_head</name><pose>Unspecified</pose><truncated>0</truncated><difficult>0</difficult><robndbox><cx>384.4972</cx><cy>415.246</cy><w>103.6281</w><h>34.3068</h><angle>0.681926</angle></robndbox></object><object><type>robndbox</type><name>wheat_head</name><pose>Unspecified</pose><truncated>0</truncated><difficult>0</difficult><robndbox><cx>968.9427</cx><cy>793.8173</cy><w>81.9985</w><h>37.0264</h><angle>0.49889</angle></robndbox></object><object><type>robndbox</type><name>wheat_head</name><pose>Unspecified</pose><truncated>0</truncated><difficult>0</difficult><robndbox><cx>447.6908</cx><cy>253.7052</cy><w>113.7729</w><h>33.3284</h><angle>1.129623</angle></robndbox></object><object><type>robndbox</type><name>wheat_head</name><pose>Unspecified</pose><truncated>0</truncated><difficult>0</difficult><robndbox><cx>868.2396</cx><cy>341.6491</cy><w>142.1141</w><h>31.2799</h><angle>0.814318</angle></robndbox></object><object><type>robndbox</type><name>wheat_head</name><pose>Unspecified</pose><truncated>0</truncated><difficult>0</difficult><robndbox><cx>188.0178</cx><cy>752.0497</cy><w>126.9815</w><h>37.9015</h><angle>0.864651</angle></robndbox></object><object><type>robndbox</type><name>wheat_head</name><pose>Unspecified</pose><truncated>0</truncated><difficult>0</difficult><robndbox><cx>572.9835</cx><cy>988.697</cy><w>73.6902</w><h>34.9356</h><angle>0.545794</angle></robndbox></object><object><type>robndbox</type><name>wheat_head</name><pose>Unspecified</pose><truncated>0</truncated><difficult>0</difficult><robndbox><cx>887.1013</cx><cy>420.8123</cy><w>75.5991</w><h>20.8828</h><angle>0.641358</angle></robndbox></object><object><type>robndbox</type><name>wheat_head</name><pose>Unspecified</pose><truncated>0</truncated><difficult>0</difficult><robndbox><cx>500.1838</cx><cy>354.4716</cy><w>69.5812</w><h>32.6215</h><angle>0.655986</angle></robndbox></object><object><type>robndbox</type><name>wheat_head</name><pose>Unspecified</pose><truncated>0</truncated><difficult>0</difficult><robndbox><cx>713.6561</cx><cy>543.1224</cy><w>97.4918</w><h>37.8386</h><angle>0.575174</angle></robndbox></object><object><type>robndbox</type><name>wheat_head</name><pose>Unspecified</pose><truncated>0</truncated><difficult>0</difficult><robndbox><cx>129.9141</cx><cy>317.0662</cy><w>130.0469</w><h>27.8007</h><angle>0.913729</angle></robndbox></object><object><type>robndbox</type><name>wheat_head</name><pose>Unspecified</pose><truncated>0</truncated><difficult>0</difficult><robndbox><cx>85.4676</cx><cy>378.2982</cy><w>109.9969</w><h>29.2227</h><angle>0.558635</angle></robndbox></object><object><type>robndbox</type><name>wheat_head</name><pose>Unspecified</pose><truncated>0</truncated><difficult>0</difficult><robndbox><cx>751.5067</cx><cy>743.8443</cy><w>72.8057</w><h>24.888</h><angle>0.68007</angle></robndbox></object><object><type>robndbox</type><name>wheat_head</name><pose>Unspecified</pose><truncated>0</truncated><difficult>0</difficult><robndbox><cx>63.6052</cx><cy>152.9514</cy><w>113.2613</w><h>25.0717</h><angle>0.341842</angle></robndbox></object><object><type>robndbox</type><name>wheat_head</name><pose>Unspecified</pose><truncated>0</truncated><difficult>0</difficult><robndbox><cx>596.9987</cx><cy>498.7136</cy><w>68.2416</w><h>36.4391</h><angle>0.634982</angle></robndbox></object><object><type>robndbox</type><name>wheat_head</name><pose>Unspecified</pose><truncated>0</truncated><difficult>0</difficult><robndbox><cx>284.4124</cx><cy>181.5026</cy><w>81.0651</w><h>27.6909</h><angle>0.318628</angle></robndbox></object><object><type>robndbox</type><name>wheat_head</name><pose>Unspecified</pose><truncated>0</truncated><difficult>0</difficult><robndbox><cx>588.9514</cx><cy>696.2217</cy><w>65.8396</w><h>31.878</h><angle>0.555539</angle></robndbox></object><object><type>robndbox</type><name>wheat_head</name><pose>Unspecified</pose><truncated>0</truncated><difficult>0</difficult><robndbox><cx>84.3316</cx><cy>333.6441</cy><w>142.3671</w><h>41.1825</h><angle>0.603098</angle></robndbox></object><object><type>robndbox</type><name>wheat_head</name><pose>Unspecified</pose><truncated>0</truncated><difficult>0</difficult><robndbox><cx>695.1711</cx><cy>698.3551</cy><w>58.1333</w><h>28.7969</h><angle>0.84462</angle></robndbox></object><object><type>robndbox</type><name>wheat_head</name><pose>Unspecified</pose><truncated>0</truncated><difficult>0</difficult><robndbox><cx>567.8731</cx><cy>853.7399</cy><w>70.4672</w><h>30.7244</h><angle>0.416385</angle></robndbox></object><object><type>robndbox</type><name>wheat_head</name><pose>Unspecified</pose><truncated>0</truncated><difficult>0</difficult><robndbox><cx>874.6821</cx><cy>826.8781</cy><w>73.3249</w><h>33.2951</h><angle>0.486955</angle></robndbox></object><object><type>robndbox</type><name>wheat_head</name><pose>Unspecified</pose><truncated>0</truncated><difficult>0</difficult><robndbox><cx>988.8849</cx><cy>885.9313</cy><w>64.6724</w><h>33.7368</h><angle>0.506883</angle></robndbox></object><object><type>robndbox</type><name>wheat_head</name><pose>Unspecified</pose><truncated>0</truncated><difficult>0</difficult><robndbox><cx>702.686</cx><cy>424.4544</cy><w>119.1903</w><h>39.456</h><angle>0.441006</angle></robndbox></object><object><type>robndbox</type><name>wheat_head</name><pose>Unspecified</pose><truncated>0</truncated><difficult>0</difficult><robndbox><cx>43.212</cx><cy>858.9056</cy><w>84.6821</w><h>36.7688</h><angle>0.32277</angle></robndbox></object><object><type>robndbox</type><name>wheat_head</name><pose>Unspecified</pose><truncated>0</truncated><difficult>0</difficult><robndbox><cx>291.7168</cx><cy>402.3595</cy><w>81.9847</w><h>32.4349</h><angle>0.567101</angle></robndbox></object><object><type>robndbox</type><name>wheat_head</name><pose>Unspecified</pose><truncated>0</truncated><difficult>0</difficult><robndbox><cx>522.6353</cx><cy>410.6612</cy><w>68.7974</w><h>30.5482</h><angle>0.398725</angle></robndbox></object><object><type>robndbox</type><name>wheat_head</name><pose>Unspecified</pose><truncated>0</truncated><difficult>0</difficult><robndbox><cx>237.0017</cx><cy>936.6039</cy><w>159.2465</w><h>41.9942</h><angle>1.169599</angle></robndbox></object><object><type>robndbox</type><name>wheat_head</name><pose>Unspecified</pose><truncated>0</truncated><difficult>0</difficult><robndbox><cx>933.6631</cx><cy>604.9438</cy><w>112.1093</w><h>38.3783</h><angle>0.162913</angle></robndbox></object><object><type>robndbox</type><name>wheat_head</name><pose>Unspecified</pose><truncated>0</truncated><difficult>0</difficult><robndbox><cx>457.5441</cx><cy>488.8012</cy><w>83.7573</w><h>32.2122</h><angle>0.518965</angle></robndbox></object><object><type>robndbox</type><name>wheat_head</name><pose>Unspecified</pose><truncated>0</truncated><difficult>0</difficult><robndbox><cx>794.2562</cx><cy>144.376</cy><w>65.2581</w><h>31.5968</h><angle>0.614639</angle></robndbox></object><object><type>robndbox</type><name>wheat_head</name><pose>Unspecified</pose><truncated>0</truncated><difficult>0</difficult><robndbox><cx>524.6331</cx><cy>883.462</cy><w>78.1398</w><h>27.1339</h><angle>0.207043</angle></robndbox></object><object><type>robndbox</type><name>wheat_head</name><pose>Unspecified</pose><truncated>0</truncated><difficult>0</difficult><robndbox><cx>737.4164</cx><cy>218.7228</cy><w>74.2964</w><h>25.9206</h><angle>0.575301</angle></robndbox></object><object><type>robndbox</type><name>wheat_head</name><pose>Unspecified</pose><truncated>0</truncated><difficult>0</difficult><robndbox><cx>999.0544</cx><cy>568.984</cy><w>45.2995</w><h>30.731</h><angle>0.145291</angle></robndbox></object><object><type>robndbox</type><name>wheat_head</name><pose>Unspecified</pose><truncated>0</truncated><difficult>0</difficult><robndbox><cx>35.2658</cx><cy>715.9558</cy><w>45.2351</w><h>26.2344</h><angle>0.419031</angle></robndbox></object><object><type>robndbox</type><name>wheat_head</name><pose>Unspecified</pose><truncated>0</truncated><difficult>0</difficult><robndbox><cx>295.5319</cx><cy>871.1087</cy><w>82.9624</w><h>30.2046</h><angle>0.304422</angle></robndbox></object><object><type>robndbox</type><name>wheat_head</name><pose>Unspecified</pose><truncated>0</truncated><difficult>0</difficult><robndbox><cx>685.288</cx><cy>261.0751</cy><w>126.4973</w><h>30.6158</h><angle>0.250408</angle></robndbox></object><object><type>robndbox</type><name>wheat_head</name><pose>Unspecified</pose><truncated>0</truncated><difficult>0</difficult><robndbox><cx>1013.3347</cx><cy>386.7841</cy><w>30.0027</w><h>19.7231</h><angle>1.593448</angle></robndbox></object><object><type>robndbox</type><name>wheat_head</name><pose>Unspecified</pose><truncated>0</truncated><difficult>0</difficult><robndbox><cx>390.5112</cx><cy>18.6674</cy><w>43.6781</w><h>27.5087</h><angle>0.798588</angle></robndbox></object><object><type>robndbox</type><name>wheat_head</name><pose>Unspecified</pose><truncated>0</truncated><difficult>0</difficult><robndbox><cx>462.7791</cx><cy>72.6652</cy><w>88.9737</w><h>11.1944</h><angle>0.840133</angle></robndbox></object><object><type>robndbox</type><name>wheat_head</name><pose>Unspecified</pose><truncated>0</truncated><difficult>0</difficult><robndbox><cx>325.3978</cx><cy>119.9925</cy><w>95.3475</w><h>29.3985</h><angle>0.319776</angle></robndbox></object><object><type>robndbox</type><name>wheat_head</name><pose>Unspecified</pose><truncated>0</truncated><difficult>0</difficult><robndbox><cx>545.7198</cx><cy>156.1665</cy><w>52.0852</w><h>26.7915</h><angle>0.935759</angle></robndbox></object><object><type>robndbox</type><name>wheat_head</name><pose>Unspecified</pose><truncated>0</truncated><difficult>0</difficult><robndbox><cx>252.9341</cx><cy>559.6642</cy><w>89.7366</w><h>33.1196</h><angle>2.945365</angle></robndbox></object><object><type>robndbox</type><name>wheat_head</name><pose>Unspecified</pose><truncated>0</truncated><difficult>0</difficult><robndbox><cx>627.028</cx><cy>185.2619</cy><w>64.0577</w><h>34.2395</h><angle>0.404403</angle></robndbox></object><object><type>robndbox</type><name>wheat_head</name><pose>Unspecified</pose><truncated>0</truncated><difficult>0</difficult><robndbox><cx>334.1748</cx><cy>792.6601</cy><w>57.7338</w><h>33.2825</h><angle>0.522543</angle></robndbox></object><object><type>robndbox</type><name>wheat_head</name><pose>Unspecified</pose><truncated>0</truncated><difficult>0</difficult><robndbox><cx>998.5159</cx><cy>441.3895</cy><w>41.4039</w><h>27.4484</h><angle>0.416415</angle></robndbox></object><object><type>robndbox</type><name>wheat_head</name><pose>Unspecified</pose><truncated>0</truncated><difficult>0</difficult><robndbox><cx>645.2679</cx><cy>752.8691</cy><w>90.2703</w><h>40.438</h><angle>0.621672</angle></robndbox></object><object><type>robndbox</type><name>wheat_head</name><pose>Unspecified</pose><truncated>0</truncated><difficult>0</difficult><robndbox><cx>113.4983</cx><cy>118.5852</cy><w>136.4546</w><h>35.0949</h><angle>0.409562</angle></robndbox></object><object><type>robndbox</type><name>wheat_head</name><pose>Unspecified</pose><truncated>0</truncated><difficult>0</difficult><robndbox><cx>525.9044</cx><cy>555.0173</cy><w>79.2264</w><h>28.0397</h><angle>0.109478</angle></robndbox></object><object><type>robndbox</type><name>wheat_head</name><pose>Unspecified</pose><truncated>0</truncated><difficult>0</difficult><robndbox><cx>447.5305</cx><cy>516.296</cy><w>59.2607</w><h>23.8131</h><angle>0.042743</angle></robndbox></object><object><type>robndbox</type><name>wheat_head</name><pose>Unspecified</pose><truncated>0</truncated><difficult>0</difficult><robndbox><cx>1010.0</cx><cy>805.5</cy><w>41.8296</w><h>23.3301</h><angle>0.837419</angle></robndbox></object><object><type>robndbox</type><name>wheat_head</name><pose>Unspecified</pose><truncated>0</truncated><difficult>0</difficult><robndbox><cx>645.2679</cx><cy>752.8691</cy><w>90.2703</w><h>40.438</h><angle>0.621672</angle></robndbox></object><object><type>robndbox</type><name>wheat_head</name><pose>Unspecified</pose><truncated>0</truncated><difficult>0</difficult><robndbox><cx>757.1613</cx><cy>470.0412</cy><w>41.94</w><h>28.1158</h><angle>0.558301</angle></robndbox></object><object><type>robndbox</type><name>wheat_head</name><pose>Unspecified</pose><truncated>0</truncated><difficult>0</difficult><robndbox><cx>734.5725</cx><cy>897.9368</cy><w>75.6647</w><h>30.9518</h><angle>0.196369</angle></robndbox></object><object><type>robndbox</type><name>wheat_head</name><pose>Unspecified</pose><truncated>0</truncated><difficult>0</difficult><robndbox><cx>846.5</cx><cy>1011.5</cy><w>25.9458</w><h>25.0082</h><angle>0.025542</angle></robndbox></object><object><type>robndbox</type><name>wheat_head</name><pose>Unspecified</pose><truncated>0</truncated><difficult>0</difficult><robndbox><cx>25.0</cx><cy>1012.0</cy><w>24.4749</w><h>17.0495</h><angle>1.768105</angle></robndbox></object><object><type>robndbox</type><name>wheat_head</name><pose>Unspecified</pose><truncated>0</truncated><difficult>0</difficult><robndbox><cx>670.4576</cx><cy>918.6029</cy><w>45.8144</w><h>29.8758</h><angle>2.698265</angle></robndbox></object><object><type>robndbox</type><name>wheat_head</name><pose>Unspecified</pose><truncated>0</truncated><difficult>0</difficult><robndbox><cx>31.3316</cx><cy>754.4023</cy><w>61.6847</w><h>25.1355</h><angle>0.347386</angle></robndbox></object></annotation>