<annotation verified="no"><folder>images</folder><filename>42200d05d</filename><path>/home/badhon/Documents/thesis/final_dataset/ethz_1/images/42200d05d.jpg</path><source><database>Unknown</database></source><size><width>1024</width><height>1024</height><depth>3</depth></size><segmented>0</segmented><object><type>robndbox</type><name>wheat_head</name><pose>Unspecified</pose><truncated>0</truncated><difficult>0</difficult><robndbox><cx>87.147</cx><cy>28.9239</cy><w>67.762</w><h>32.4348</h><angle>1.17408</angle></robndbox></object><object><type>robndbox</type><name>wheat_head</name><pose>Unspecified</pose><truncated>0</truncated><difficult>0</difficult><robndbox><cx>140.55</cx><cy>297.8411</cy><w>72.988</w><h>36.5185</h><angle>0.999766</angle></robndbox></object><object><type>robndbox</type><name>wheat_head</name><pose>Unspecified</pose><truncated>0</truncated><difficult>0</difficult><robndbox><cx>206.0576</cx><cy>348.0686</cy><w>77.2744</w><h>34.8591</h><angle>1.052725</angle></robndbox></object><object><type>robndbox</type><name>wheat_head</name><pose>Unspecified</pose><truncated>0</truncated><difficult>0</difficult><robndbox><cx>733.9849</cx><cy>332.4947</cy><w>115.3043</w><h>38.7282</h><angle>0.892131</angle></robndbox></object><object><type>robndbox</type><name>wheat_head</name><pose>Unspecified</pose><truncated>0</truncated><difficult>0</difficult><robndbox><cx>805.9129</cx><cy>634.2851</cy><w>54.4197</w><h>21.727</h><angle>0.578285</angle></robndbox></object><object><type>robndbox</type><name>wheat_head</name><pose>Unspecified</pose><truncated>0</truncated><difficult>0</difficult><robndbox><cx>28.0666</cx><cy>643.7894</cy><w>55.7765</w><h>16.1441</h><angle>0.540475</angle></robndbox></object><object><type>robndbox</type><name>wheat_head</name><pose>Unspecified</pose><truncated>0</truncated><difficult>0</difficult><robndbox><cx>803.1686</cx><cy>26.0542</cy><w>66.6332</w><h>32.7981</h><angle>1.040129</angle></robndbox></object><object><type>robndbox</type><name>wheat_head</name><pose>Unspecified</pose><truncated>0</truncated><difficult>0</difficult><robndbox><cx>371.3674</cx><cy>188.1955</cy><w>91.1004</w><h>39.177</h><angle>0.565115</angle></robndbox></object><object><type>robndbox</type><name>wheat_head</name><pose>Unspecified</pose><truncated>0</truncated><difficult>0</difficult><robndbox><cx>671.2032</cx><cy>899.7886</cy><w>106.48</w><h>42.4922</h><angle>0.670643</angle></robndbox></object><object><type>robndbox</type><name>wheat_head</name><pose>Unspecified</pose><truncated>0</truncated><difficult>0</difficult><robndbox><cx>957.2178</cx><cy>954.2355</cy><w>128.9732</w><h>40.4215</h><angle>0.669212</angle></robndbox></object><object><type>robndbox</type><name>wheat_head</name><pose>Unspecified</pose><truncated>0</truncated><difficult>0</difficult><robndbox><cx>634.2404</cx><cy>380.4779</cy><w>71.7061</w><h>37.6788</h><angle>0.545623</angle></robndbox></object><object><type>robndbox</type><name>wheat_head</name><pose>Unspecified</pose><truncated>0</truncated><difficult>0</difficult><robndbox><cx>384.5436</cx><cy>535.4673</cy><w>115.3201</w><h>36.9032</h><angle>0.241468</angle></robndbox></object><object><type>robndbox</type><name>wheat_head</name><pose>Unspecified</pose><truncated>0</truncated><difficult>0</difficult><robndbox><cx>542.1174</cx><cy>908.1384</cy><w>107.0768</w><h>41.271</h><angle>1.075092</angle></robndbox></object><object><type>robndbox</type><name>wheat_head</name><pose>Unspecified</pose><truncated>0</truncated><difficult>0</difficult><robndbox><cx>278.4915</cx><cy>307.3243</cy><w>64.0444</w><h>36.5358</h><angle>1.291208</angle></robndbox></object><object><type>robndbox</type><name>wheat_head</name><pose>Unspecified</pose><truncated>0</truncated><difficult>0</difficult><robndbox><cx>559.9672</cx><cy>417.8029</cy><w>69.3561</w><h>31.1167</h><angle>0.632115</angle></robndbox></object><object><type>robndbox</type><name>wheat_head</name><pose>Unspecified</pose><truncated>0</truncated><difficult>0</difficult><robndbox><cx>49.0306</cx><cy>27.408</cy><w>50.3457</w><h>37.2412</h><angle>1.029251</angle></robndbox></object><object><type>robndbox</type><name>wheat_head</name><pose>Unspecified</pose><truncated>0</truncated><difficult>0</difficult><robndbox><cx>144.3827</cx><cy>106.5462</cy><w>136.2032</w><h>35.4539</h><angle>0.088255</angle></robndbox></object><object><type>robndbox</type><name>wheat_head</name><pose>Unspecified</pose><truncated>0</truncated><difficult>0</difficult><robndbox><cx>52.0354</cx><cy>409.2482</cy><w>80.4093</w><h>38.2843</h><angle>0.506013</angle></robndbox></object><object><type>robndbox</type><name>wheat_head</name><pose>Unspecified</pose><truncated>0</truncated><difficult>0</difficult><robndbox><cx>851.7745</cx><cy>983.1473</cy><w>53.4157</w><h>31.2607</h><angle>0.985122</angle></robndbox></object><object><type>robndbox</type><name>wheat_head</name><pose>Unspecified</pose><truncated>0</truncated><difficult>0</difficult><robndbox><cx>800.4072</cx><cy>665.6736</cy><w>120.506</w><h>44.1617</h><angle>0.678285</angle></robndbox></object><object><type>robndbox</type><name>wheat_head</name><pose>Unspecified</pose><truncated>0</truncated><difficult>0</difficult><robndbox><cx>766.8809</cx><cy>745.0579</cy><w>46.3721</w><h>32.6372</h><angle>1.565092</angle></robndbox></object><object><type>robndbox</type><name>wheat_head</name><pose>Unspecified</pose><truncated>0</truncated><difficult>0</difficult><robndbox><cx>37.596</cx><cy>93.9181</cy><w>64.1369</w><h>36.3159</h><angle>2.834257</angle></robndbox></object><object><type>robndbox</type><name>wheat_head</name><pose>Unspecified</pose><truncated>0</truncated><difficult>0</difficult><robndbox><cx>26.3929</cx><cy>228.6394</cy><w>46.6422</w><h>35.1906</h><angle>0.076382</angle></robndbox></object><object><type>robndbox</type><name>wheat_head</name><pose>Unspecified</pose><truncated>0</truncated><difficult>0</difficult><robndbox><cx>862.7028</cx><cy>146.9339</cy><w>83.9445</w><h>35.7244</h><angle>2.795376</angle></robndbox></object><object><type>robndbox</type><name>wheat_head</name><pose>Unspecified</pose><truncated>0</truncated><difficult>0</difficult><robndbox><cx>49.4162</cx><cy>764.3735</cy><w>86.5819</w><h>43.5626</h><angle>0.500873</angle></robndbox></object><object><type>robndbox</type><name>wheat_head</name><pose>Unspecified</pose><truncated>0</truncated><difficult>0</difficult><robndbox><cx>83.0686</cx><cy>216.4526</cy><w>89.257</w><h>38.7459</h><angle>0.478939</angle></robndbox></object><object><type>robndbox</type><name>wheat_head</name><pose>Unspecified</pose><truncated>0</truncated><difficult>0</difficult><robndbox><cx>772.1575</cx><cy>177.7258</cy><w>82.7195</w><h>38.8813</h><angle>2.835895</angle></robndbox></object><object><type>robndbox</type><name>wheat_head</name><pose>Unspecified</pose><truncated>0</truncated><difficult>0</difficult><robndbox><cx>417.9918</cx><cy>98.4432</cy><w>63.4286</w><h>33.8313</h><angle>2.866209</angle></robndbox></object><object><type>robndbox</type><name>wheat_head</name><pose>Unspecified</pose><truncated>0</truncated><difficult>0</difficult><robndbox><cx>739.0972</cx><cy>44.3956</cy><w>67.1786</w><h>45.2075</h><angle>0.269945</angle></robndbox></object><object><type>robndbox</type><name>wheat_head</name><pose>Unspecified</pose><truncated>0</truncated><difficult>0</difficult><robndbox><cx>277.7852</cx><cy>920.9081</cy><w>87.9913</w><h>36.4782</h><angle>2.766336</angle></robndbox></object><object><type>robndbox</type><name>wheat_head</name><pose>Unspecified</pose><truncated>0</truncated><difficult>0</difficult><robndbox><cx>899.4805</cx><cy>965.3612</cy><w>49.807</w><h>28.3795</h><angle>0.673304</angle></robndbox></object><object><type>robndbox</type><name>wheat_head</name><pose>Unspecified</pose><truncated>0</truncated><difficult>0</difficult><robndbox><cx>495.7758</cx><cy>602.0746</cy><w>60.4748</w><h>34.8943</h><angle>0.021608</angle></robndbox></object><object><type>robndbox</type><name>wheat_head</name><pose>Unspecified</pose><truncated>0</truncated><difficult>0</difficult><robndbox><cx>428.3047</cx><cy>443.6304</cy><w>64.5366</w><h>34.3349</h><angle>0.005513</angle></robndbox></object><object><type>robndbox</type><name>wheat_head</name><pose>Unspecified</pose><truncated>0</truncated><difficult>0</difficult><robndbox><cx>195.7912</cx><cy>846.0033</cy><w>82.9755</w><h>34.7113</h><angle>0.369593</angle></robndbox></object><object><type>robndbox</type><name>wheat_head</name><pose>Unspecified</pose><truncated>0</truncated><difficult>0</difficult><robndbox><cx>990.4881</cx><cy>266.8641</cy><w>62.8351</w><h>40.3217</h><angle>2.584766</angle></robndbox></object><object><type>robndbox</type><name>wheat_head</name><pose>Unspecified</pose><truncated>0</truncated><difficult>0</difficult><robndbox><cx>207.4324</cx><cy>893.0837</cy><w>67.7522</w><h>34.0326</h><angle>0.433318</angle></robndbox></object><object><type>robndbox</type><name>wheat_head</name><pose>Unspecified</pose><truncated>0</truncated><difficult>0</difficult><robndbox><cx>12.0</cx><cy>21.5</cy><w>27.858</w><h>24.0046</h><angle>1.55121</angle></robndbox></object><object><type>robndbox</type><name>wheat_head</name><pose>Unspecified</pose><truncated>0</truncated><difficult>0</difficult><robndbox><cx>502.1799</cx><cy>490.7976</cy><w>64.384</w><h>31.5258</h><angle>0.195868</angle></robndbox></object><object><type>robndbox</type><name>wheat_head</name><pose>Unspecified</pose><truncated>0</truncated><difficult>0</difficult><robndbox><cx>494.1249</cx><cy>250.4472</cy><w>66.9555</w><h>42.633</h><angle>0.589772</angle></robndbox></object><object><type>robndbox</type><name>wheat_head</name><pose>Unspecified</pose><truncated>0</truncated><difficult>0</difficult><robndbox><cx>587.6993</cx><cy>560.8642</cy><w>58.4238</w><h>29.766</h><angle>0.009785</angle></robndbox></object><object><type>robndbox</type><name>wheat_head</name><pose>Unspecified</pose><truncated>0</truncated><difficult>0</difficult><robndbox><cx>111.5144</cx><cy>460.8911</cy><w>71.6266</w><h>35.7632</h><angle>0.12043</angle></robndbox></object><object><type>robndbox</type><name>wheat_head</name><pose>Unspecified</pose><truncated>0</truncated><difficult>0</difficult><robndbox><cx>727.8163</cx><cy>514.9981</cy><w>69.3097</w><h>31.9322</h><angle>0.003415</angle></robndbox></object><object><type>robndbox</type><name>wheat_head</name><pose>Unspecified</pose><truncated>0</truncated><difficult>0</difficult><robndbox><cx>62.3475</cx><cy>685.0251</cy><w>121.158</w><h>40.4366</h><angle>0.540475</angle></robndbox></object><object><type>robndbox</type><name>wheat_head</name><pose>Unspecified</pose><truncated>0</truncated><difficult>0</difficult><robndbox><cx>715.8514</cx><cy>211.8151</cy><w>67.6792</w><h>30.0574</h><angle>3.007294</angle></robndbox></object><object><type>robndbox</type><name>wheat_head</name><pose>Unspecified</pose><truncated>0</truncated><difficult>0</difficult><robndbox><cx>1010.6028</cx><cy>932.8831</cy><w>38.4122</w><h>22.6776</h><angle>1.593536</angle></robndbox></object><object><type>robndbox</type><name>wheat_head</name><pose>Unspecified</pose><truncated>0</truncated><difficult>0</difficult><robndbox><cx>578.5877</cx><cy>480.3065</cy><w>55.2398</w><h>35.0049</h><angle>2.964588</angle></robndbox></object><object><type>robndbox</type><name>wheat_head</name><pose>Unspecified</pose><truncated>0</truncated><difficult>0</difficult><robndbox><cx>313.5539</cx><cy>203.8431</cy><w>44.8533</w><h>30.2702</h><angle>0.175339</angle></robndbox></object><object><type>robndbox</type><name>wheat_head</name><pose>Unspecified</pose><truncated>0</truncated><difficult>0</difficult><robndbox><cx>43.5757</cx><cy>1002.6303</cy><w>82.0554</w><h>32.3275</h><angle>0.032978</angle></robndbox></object><object><type>robndbox</type><name>wheat_head</name><pose>Unspecified</pose><truncated>0</truncated><difficult>0</difficult><robndbox><cx>790.3467</cx><cy>92.9047</cy><w>58.4223</w><h>36.2585</h><angle>0.528732</angle></robndbox></object><object><type>robndbox</type><name>wheat_head</name><pose>Unspecified</pose><truncated>0</truncated><difficult>0</difficult><robndbox><cx>13.5</cx><cy>413.0</cy><w>33.6341</w><h>24.69</h><angle>2.502701</angle></robndbox></object><object><type>robndbox</type><name>wheat_head</name><pose>Unspecified</pose><truncated>0</truncated><difficult>0</difficult><robndbox><cx>813.1976</cx><cy>458.2219</cy><w>37.3132</w><h>20.7495</h><angle>0.21472</angle></robndbox></object><object><type>robndbox</type><name>wheat_head</name><pose>Unspecified</pose><truncated>0</truncated><difficult>0</difficult><robndbox><cx>366.317</cx><cy>483.2355</cy><w>71.9111</w><h>27.0568</h><angle>3.056503</angle></robndbox></object><object><type>robndbox</type><name>wheat_head</name><pose>Unspecified</pose><truncated>0</truncated><difficult>0</difficult><robndbox><cx>739.0972</cx><cy>44.3956</cy><w>67.1786</w><h>45.2075</h><angle>0.269945</angle></robndbox></object><object><type>robndbox</type><name>wheat_head</name><pose>Unspecified</pose><truncated>0</truncated><difficult>0</difficult><robndbox><cx>247.238</cx><cy>1012.7159</cy><w>26.9831</w><h>16.8634</h><angle>3.081324</angle></robndbox></object><object><type>robndbox</type><name>wheat_head</name><pose>Unspecified</pose><truncated>0</truncated><difficult>0</difficult><robndbox><cx>220.011</cx><cy>548.566</cy><w>77.0945</w><h>35.3321</h><angle>3.137149</angle></robndbox></object><object><type>robndbox</type><name>wheat_head</name><pose>Unspecified</pose><truncated>0</truncated><difficult>0</difficult><robndbox><cx>750.9269</cx><cy>459.5033</cy><w>37.5098</w><h>30.4603</h><angle>2.923947</angle></robndbox></object><object><type>robndbox</type><name>wheat_head</name><pose>Unspecified</pose><truncated>0</truncated><difficult>0</difficult><robndbox><cx>942.69</cx><cy>489.6281</cy><w>39.0399</w><h>28.4106</h><angle>0.383041</angle></robndbox></object><object><type>robndbox</type><name>wheat_head</name><pose>Unspecified</pose><truncated>0</truncated><difficult>0</difficult><robndbox><cx>512.9234</cx><cy>814.2179</cy><w>35.2634</w><h>28.6408</h><angle>0.173668</angle></robndbox></object><object><type>robndbox</type><name>wheat_head</name><pose>Unspecified</pose><truncated>0</truncated><difficult>0</difficult><robndbox><cx>864.3041</cx><cy>449.6576</cy><w>70.0425</w><h>40.1085</h><angle>2.656312</angle></robndbox></object><object><type>robndbox</type><name>wheat_head</name><pose>Unspecified</pose><truncated>0</truncated><difficult>0</difficult><robndbox><cx>608.9534</cx><cy>495.9029</cy><w>34.7418</w><h>29.8488</h><angle>0.848109</angle></robndbox></object><object><type>robndbox</type><name>wheat_head</name><pose>Unspecified</pose><truncated>0</truncated><difficult>0</difficult><robndbox><cx>1008.5</cx><cy>292.5</cy><w>42.9378</w><h>27.0886</h><angle>2.265015</angle></robndbox></object><object><type>robndbox</type><name>wheat_head</name><pose>Unspecified</pose><truncated>0</truncated><difficult>0</difficult><robndbox><cx>228.6364</cx><cy>516.7799</cy><w>76.0</w><h>33.848</h><angle>0.0</angle></robndbox></object><object><type>robndbox</type><name>wheat_head</name><pose>Unspecified</pose><truncated>0</truncated><difficult>0</difficult><robndbox><cx>539.0116</cx><cy>456.1174</cy><w>43.9659</w><h>35.4749</h><angle>0.300171</angle></robndbox></object></annotation>