<annotation verified="no"><folder>images</folder><filename>427fddfcf</filename><path>/home/badhon/Documents/thesis/final_dataset/ethz_1/images/427fddfcf.jpg</path><source><database>Unknown</database></source><size><width>1024</width><height>1024</height><depth>3</depth></size><segmented>0</segmented><object><type>robndbox</type><name>wheat_head</name><pose>Unspecified</pose><truncated>0</truncated><difficult>0</difficult><robndbox><cx>700.5766</cx><cy>801.5134</cy><w>100.0809</w><h>42.4275</h><angle>0.681139</angle></robndbox></object><object><type>robndbox</type><name>wheat_head</name><pose>Unspecified</pose><truncated>0</truncated><difficult>0</difficult><robndbox><cx>828.788</cx><cy>421.4855</cy><w>74.3072</w><h>33.3544</h><angle>1.01225</angle></robndbox></object><object><type>robndbox</type><name>wheat_head</name><pose>Unspecified</pose><truncated>0</truncated><difficult>0</difficult><robndbox><cx>876.4871</cx><cy>42.2999</cy><w>65.7835</w><h>42.1961</h><angle>0.646563</angle></robndbox></object><object><type>robndbox</type><name>wheat_head</name><pose>Unspecified</pose><truncated>0</truncated><difficult>0</difficult><robndbox><cx>20.2145</cx><cy>783.6929</cy><w>53.1879</w><h>28.2646</h><angle>0.255785</angle></robndbox></object><object><type>robndbox</type><name>wheat_head</name><pose>Unspecified</pose><truncated>0</truncated><difficult>0</difficult><robndbox><cx>208.6829</cx><cy>320.5019</cy><w>72.7772</w><h>36.072</h><angle>0.558339</angle></robndbox></object><object><type>robndbox</type><name>wheat_head</name><pose>Unspecified</pose><truncated>0</truncated><difficult>0</difficult><robndbox><cx>627.9079</cx><cy>280.704</cy><w>41.1035</w><h>29.382</h><angle>1.130039</angle></robndbox></object><object><type>robndbox</type><name>wheat_head</name><pose>Unspecified</pose><truncated>0</truncated><difficult>0</difficult><robndbox><cx>226.5425</cx><cy>116.0043</cy><w>79.082</w><h>39.9418</h><angle>0.608849</angle></robndbox></object><object><type>robndbox</type><name>wheat_head</name><pose>Unspecified</pose><truncated>0</truncated><difficult>0</difficult><robndbox><cx>788.7067</cx><cy>798.2899</cy><w>85.0918</w><h>30.9689</h><angle>0.539121</angle></robndbox></object><object><type>robndbox</type><name>wheat_head</name><pose>Unspecified</pose><truncated>0</truncated><difficult>0</difficult><robndbox><cx>307.343</cx><cy>155.4378</cy><w>56.2808</w><h>32.2563</h><angle>0.986912</angle></robndbox></object><object><type>robndbox</type><name>wheat_head</name><pose>Unspecified</pose><truncated>0</truncated><difficult>0</difficult><robndbox><cx>956.9132</cx><cy>765.8683</cy><w>77.86</w><h>39.4332</h><angle>0.699754</angle></robndbox></object><object><type>robndbox</type><name>wheat_head</name><pose>Unspecified</pose><truncated>0</truncated><difficult>0</difficult><robndbox><cx>214.2515</cx><cy>440.0617</cy><w>78.6987</w><h>33.1791</h><angle>0.505744</angle></robndbox></object><object><type>robndbox</type><name>wheat_head</name><pose>Unspecified</pose><truncated>0</truncated><difficult>0</difficult><robndbox><cx>969.0326</cx><cy>53.6645</cy><w>58.4196</w><h>33.265</h><angle>0.553111</angle></robndbox></object><object><type>robndbox</type><name>wheat_head</name><pose>Unspecified</pose><truncated>0</truncated><difficult>0</difficult><robndbox><cx>634.3116</cx><cy>621.3624</cy><w>114.4005</w><h>43.1829</h><angle>2.660776</angle></robndbox></object><object><type>robndbox</type><name>wheat_head</name><pose>Unspecified</pose><truncated>0</truncated><difficult>0</difficult><robndbox><cx>554.1072</cx><cy>175.1023</cy><w>73.1874</w><h>32.5599</h><angle>0.444988</angle></robndbox></object><object><type>robndbox</type><name>wheat_head</name><pose>Unspecified</pose><truncated>0</truncated><difficult>0</difficult><robndbox><cx>683.4283</cx><cy>14.6865</cy><w>38.5814</w><h>27.1175</h><angle>0.982649</angle></robndbox></object><object><type>robndbox</type><name>wheat_head</name><pose>Unspecified</pose><truncated>0</truncated><difficult>0</difficult><robndbox><cx>198.5163</cx><cy>175.6549</cy><w>99.4059</w><h>41.9631</h><angle>0.540299</angle></robndbox></object><object><type>robndbox</type><name>wheat_head</name><pose>Unspecified</pose><truncated>0</truncated><difficult>0</difficult><robndbox><cx>170.1953</cx><cy>460.007</cy><w>82.7111</w><h>31.8885</h><angle>0.295069</angle></robndbox></object><object><type>robndbox</type><name>wheat_head</name><pose>Unspecified</pose><truncated>0</truncated><difficult>0</difficult><robndbox><cx>917.7687</cx><cy>804.5386</cy><w>111.1467</w><h>39.3447</h><angle>0.205942</angle></robndbox></object><object><type>robndbox</type><name>wheat_head</name><pose>Unspecified</pose><truncated>0</truncated><difficult>0</difficult><robndbox><cx>121.9338</cx><cy>203.0017</cy><w>57.033</w><h>32.399</h><angle>0.511764</angle></robndbox></object><object><type>robndbox</type><name>wheat_head</name><pose>Unspecified</pose><truncated>0</truncated><difficult>0</difficult><robndbox><cx>235.7465</cx><cy>742.8064</cy><w>74.404</w><h>28.1731</h><angle>0.254934</angle></robndbox></object><object><type>robndbox</type><name>wheat_head</name><pose>Unspecified</pose><truncated>0</truncated><difficult>0</difficult><robndbox><cx>648.1439</cx><cy>144.9178</cy><w>99.6058</w><h>41.9685</h><angle>2.548346</angle></robndbox></object><object><type>robndbox</type><name>wheat_head</name><pose>Unspecified</pose><truncated>0</truncated><difficult>0</difficult><robndbox><cx>324.9766</cx><cy>726.3436</cy><w>51.4018</w><h>34.5548</h><angle>0.420631</angle></robndbox></object><object><type>robndbox</type><name>wheat_head</name><pose>Unspecified</pose><truncated>0</truncated><difficult>0</difficult><robndbox><cx>129.5539</cx><cy>908.7289</cy><w>129.4701</w><h>39.2184</h><angle>2.809467</angle></robndbox></object><object><type>robndbox</type><name>wheat_head</name><pose>Unspecified</pose><truncated>0</truncated><difficult>0</difficult><robndbox><cx>193.5528</cx><cy>986.5915</cy><w>64.8617</w><h>33.9425</h><angle>2.853964</angle></robndbox></object><object><type>robndbox</type><name>wheat_head</name><pose>Unspecified</pose><truncated>0</truncated><difficult>0</difficult><robndbox><cx>63.0448</cx><cy>413.1831</cy><w>50.0353</w><h>33.6107</h><angle>1.203199</angle></robndbox></object><object><type>robndbox</type><name>wheat_head</name><pose>Unspecified</pose><truncated>0</truncated><difficult>0</difficult><robndbox><cx>272.625</cx><cy>897.1724</cy><w>48.042</w><h>33.8416</h><angle>0.418739</angle></robndbox></object><object><type>robndbox</type><name>wheat_head</name><pose>Unspecified</pose><truncated>0</truncated><difficult>0</difficult><robndbox><cx>768.9714</cx><cy>22.3248</cy><w>55.0512</w><h>37.0369</h><angle>0.611907</angle></robndbox></object><object><type>robndbox</type><name>wheat_head</name><pose>Unspecified</pose><truncated>0</truncated><difficult>0</difficult><robndbox><cx>369.5768</cx><cy>7.3911</cy><w>40.3014</w><h>23.1606</h><angle>0.184733</angle></robndbox></object><object><type>robndbox</type><name>wheat_head</name><pose>Unspecified</pose><truncated>0</truncated><difficult>0</difficult><robndbox><cx>186.2265</cx><cy>764.1158</cy><w>46.8221</w><h>26.8358</h><angle>0.321636</angle></robndbox></object><object><type>robndbox</type><name>wheat_head</name><pose>Unspecified</pose><truncated>0</truncated><difficult>0</difficult><robndbox><cx>376.6078</cx><cy>681.3535</cy><w>35.8763</w><h>29.8223</h><angle>0.33338</angle></robndbox></object><object><type>robndbox</type><name>wheat_head</name><pose>Unspecified</pose><truncated>0</truncated><difficult>0</difficult><robndbox><cx>511.508</cx><cy>74.9281</cy><w>56.6897</w><h>32.333</h><angle>0.276254</angle></robndbox></object><object><type>robndbox</type><name>wheat_head</name><pose>Unspecified</pose><truncated>0</truncated><difficult>0</difficult><robndbox><cx>281.6238</cx><cy>805.8209</cy><w>70.1597</w><h>35.91</h><angle>1.435547</angle></robndbox></object><object><type>robndbox</type><name>wheat_head</name><pose>Unspecified</pose><truncated>0</truncated><difficult>0</difficult><robndbox><cx>354.1561</cx><cy>866.6562</cy><w>54.5101</w><h>36.0343</h><angle>0.50635</angle></robndbox></object><object><type>robndbox</type><name>wheat_head</name><pose>Unspecified</pose><truncated>0</truncated><difficult>0</difficult><robndbox><cx>760.0865</cx><cy>106.9273</cy><w>63.9701</w><h>30.968</h><angle>0.361864</angle></robndbox></object><object><type>robndbox</type><name>wheat_head</name><pose>Unspecified</pose><truncated>0</truncated><difficult>0</difficult><robndbox><cx>589.4523</cx><cy>900.7394</cy><w>40.0899</w><h>28.3923</h><angle>1.476012</angle></robndbox></object><object><type>robndbox</type><name>wheat_head</name><pose>Unspecified</pose><truncated>0</truncated><difficult>0</difficult><robndbox><cx>903.1627</cx><cy>722.8133</cy><w>40.2708</w><h>30.1013</h><angle>0.636614</angle></robndbox></object><object><type>robndbox</type><name>wheat_head</name><pose>Unspecified</pose><truncated>0</truncated><difficult>0</difficult><robndbox><cx>806.4351</cx><cy>354.522</cy><w>53.9776</w><h>35.8583</h><angle>0.564831</angle></robndbox></object><object><type>robndbox</type><name>wheat_head</name><pose>Unspecified</pose><truncated>0</truncated><difficult>0</difficult><robndbox><cx>853.5428</cx><cy>542.6171</cy><w>40.2894</w><h>29.6709</h><angle>0.817343</angle></robndbox></object><object><type>robndbox</type><name>wheat_head</name><pose>Unspecified</pose><truncated>0</truncated><difficult>0</difficult><robndbox><cx>610.6146</cx><cy>231.1188</cy><w>71.2205</w><h>29.7368</h><angle>2.667191</angle></robndbox></object><object><type>robndbox</type><name>wheat_head</name><pose>Unspecified</pose><truncated>0</truncated><difficult>0</difficult><robndbox><cx>695.1285</cx><cy>855.9413</cy><w>55.318</w><h>31.5072</h><angle>0.437546</angle></robndbox></object><object><type>robndbox</type><name>wheat_head</name><pose>Unspecified</pose><truncated>0</truncated><difficult>0</difficult><robndbox><cx>154.785</cx><cy>543.7335</cy><w>50.0446</w><h>29.9993</h><angle>3.054467</angle></robndbox></object><object><type>robndbox</type><name>wheat_head</name><pose>Unspecified</pose><truncated>0</truncated><difficult>0</difficult><robndbox><cx>726.4979</cx><cy>559.8978</cy><w>63.7053</w><h>38.5059</h><angle>0.380743</angle></robndbox></object><object><type>robndbox</type><name>wheat_head</name><pose>Unspecified</pose><truncated>0</truncated><difficult>0</difficult><robndbox><cx>744.3188</cx><cy>993.7297</cy><w>50.1864</w><h>26.7444</h><angle>0.552507</angle></robndbox></object><object><type>robndbox</type><name>wheat_head</name><pose>Unspecified</pose><truncated>0</truncated><difficult>0</difficult><robndbox><cx>644.1522</cx><cy>560.4839</cy><w>52.2256</w><h>31.9484</h><angle>0.561006</angle></robndbox></object><object><type>robndbox</type><name>wheat_head</name><pose>Unspecified</pose><truncated>0</truncated><difficult>0</difficult><robndbox><cx>933.7112</cx><cy>696.959</cy><w>45.7092</w><h>29.1558</h><angle>1.212262</angle></robndbox></object><object><type>robndbox</type><name>wheat_head</name><pose>Unspecified</pose><truncated>0</truncated><difficult>0</difficult><robndbox><cx>71.4897</cx><cy>860.7107</cy><w>64.8682</w><h>20.1405</h><angle>2.933579</angle></robndbox></object><object><type>robndbox</type><name>wheat_head</name><pose>Unspecified</pose><truncated>0</truncated><difficult>0</difficult><robndbox><cx>75.2942</cx><cy>6.2911</cy><w>59.0552</w><h>7.2926</h><angle>0.037322</angle></robndbox></object><object><type>robndbox</type><name>wheat_head</name><pose>Unspecified</pose><truncated>0</truncated><difficult>0</difficult><robndbox><cx>975.6869</cx><cy>228.7498</cy><w>29.6412</w><h>27.7899</h><angle>0.283916</angle></robndbox></object><object><type>robndbox</type><name>wheat_head</name><pose>Unspecified</pose><truncated>0</truncated><difficult>0</difficult><robndbox><cx>841.6956</cx><cy>120.9494</cy><w>44.2734</w><h>30.6915</h><angle>0.50834</angle></robndbox></object><object><type>robndbox</type><name>wheat_head</name><pose>Unspecified</pose><truncated>0</truncated><difficult>0</difficult><robndbox><cx>690.6777</cx><cy>487.5634</cy><w>61.5086</w><h>36.3684</h><angle>0.304207</angle></robndbox></object><object><type>robndbox</type><name>wheat_head</name><pose>Unspecified</pose><truncated>0</truncated><difficult>0</difficult><robndbox><cx>66.7995</cx><cy>105.7556</cy><w>88.6806</w><h>32.8797</h><angle>0.555242</angle></robndbox></object><object><type>robndbox</type><name>wheat_head</name><pose>Unspecified</pose><truncated>0</truncated><difficult>0</difficult><robndbox><cx>394.8967</cx><cy>840.2054</cy><w>35.9787</w><h>29.838</h><angle>2.99372</angle></robndbox></object><object><type>robndbox</type><name>wheat_head</name><pose>Unspecified</pose><truncated>0</truncated><difficult>0</difficult><robndbox><cx>164.7024</cx><cy>123.9112</cy><w>59.5783</w><h>32.9767</h><angle>3.100421</angle></robndbox></object><object><type>robndbox</type><name>wheat_head</name><pose>Unspecified</pose><truncated>0</truncated><difficult>0</difficult><robndbox><cx>606.8756</cx><cy>858.5294</cy><w>45.0353</w><h>32.0775</h><angle>0.424924</angle></robndbox></object><object><type>robndbox</type><name>wheat_head</name><pose>Unspecified</pose><truncated>0</truncated><difficult>0</difficult><robndbox><cx>461.6442</cx><cy>931.3603</cy><w>45.9323</w><h>34.4262</h><angle>2.653661</angle></robndbox></object><object><type>robndbox</type><name>wheat_head</name><pose>Unspecified</pose><truncated>0</truncated><difficult>0</difficult><robndbox><cx>405.1352</cx><cy>908.8266</cy><w>53.7336</w><h>32.4965</h><angle>0.293818</angle></robndbox></object><object><type>robndbox</type><name>wheat_head</name><pose>Unspecified</pose><truncated>0</truncated><difficult>0</difficult><robndbox><cx>928.9952</cx><cy>521.1702</cy><w>26.9908</w><h>26.2272</h><angle>2.505381</angle></robndbox></object><object><type>robndbox</type><name>wheat_head</name><pose>Unspecified</pose><truncated>0</truncated><difficult>0</difficult><robndbox><cx>941.7761</cx><cy>135.8902</cy><w>36.0138</w><h>35.795</h><angle>0.043855</angle></robndbox></object><object><type>robndbox</type><name>wheat_head</name><pose>Unspecified</pose><truncated>0</truncated><difficult>0</difficult><robndbox><cx>720.1133</cx><cy>113.9432</cy><w>31.4348</w><h>17.6048</h><angle>3.104672</angle></robndbox></object><object><type>robndbox</type><name>wheat_head</name><pose>Unspecified</pose><truncated>0</truncated><difficult>0</difficult><robndbox><cx>52.9492</cx><cy>885.1213</cy><w>50.0737</w><h>27.5624</h><angle>0.377432</angle></robndbox></object><object><type>robndbox</type><name>wheat_head</name><pose>Unspecified</pose><truncated>0</truncated><difficult>0</difficult><robndbox><cx>690.4954</cx><cy>161.809</cy><w>31.1127</w><h>15.1333</h><angle>0.785398</angle></robndbox></object><object><type>robndbox</type><name>wheat_head</name><pose>Unspecified</pose><truncated>0</truncated><difficult>0</difficult><robndbox><cx>29.9494</cx><cy>410.1127</cy><w>46.0652</w><h>17.1245</h><angle>0.473356</angle></robndbox></object><object><type>robndbox</type><name>wheat_head</name><pose>Unspecified</pose><truncated>0</truncated><difficult>0</difficult><robndbox><cx>124.1449</cx><cy>137.5131</cy><w>37.8132</w><h>28.0</h><angle>0.070796</angle></robndbox></object><object><type>robndbox</type><name>wheat_head</name><pose>Unspecified</pose><truncated>0</truncated><difficult>0</difficult><robndbox><cx>644.6449</cx><cy>471.2565</cy><w>35.0</w><h>30.1941</h><angle>0.3</angle></robndbox></object><object><type>robndbox</type><name>wheat_head</name><pose>Unspecified</pose><truncated>0</truncated><difficult>0</difficult><robndbox><cx>564.6149</cx><cy>976.7725</cy><w>50.6952</w><h>34.2045</h><angle>0.259332</angle></robndbox></object></annotation>