<annotation verified="no"><folder>images</folder><filename>42c7bc230</filename><path>/home/badhon/Documents/thesis/final_dataset/ethz_1/images/42c7bc230.jpg</path><source><database>Unknown</database></source><size><width>1024</width><height>1024</height><depth>3</depth></size><segmented>0</segmented><object><type>robndbox</type><name>wheat_head</name><pose>Unspecified</pose><truncated>0</truncated><difficult>0</difficult><robndbox><cx>164.7249</cx><cy>471.744</cy><w>105.4619</w><h>37.148</h><angle>0.615119</angle></robndbox></object><object><type>robndbox</type><name>wheat_head</name><pose>Unspecified</pose><truncated>0</truncated><difficult>0</difficult><robndbox><cx>987.046</cx><cy>304.8745</cy><w>62.4805</w><h>35.93</h><angle>0.615124</angle></robndbox></object><object><type>robndbox</type><name>wheat_head</name><pose>Unspecified</pose><truncated>0</truncated><difficult>0</difficult><robndbox><cx>28.3285</cx><cy>287.8116</cy><w>75.284</w><h>35.6949</h><angle>1.04171</angle></robndbox></object><object><type>robndbox</type><name>wheat_head</name><pose>Unspecified</pose><truncated>0</truncated><difficult>0</difficult><robndbox><cx>79.0292</cx><cy>605.529</cy><w>87.9271</w><h>39.0315</h><angle>0.628672</angle></robndbox></object><object><type>robndbox</type><name>wheat_head</name><pose>Unspecified</pose><truncated>0</truncated><difficult>0</difficult><robndbox><cx>1004.8856</cx><cy>7.9495</cy><w>28.7914</w><h>17.563</h><angle>3.140408</angle></robndbox></object><object><type>robndbox</type><name>wheat_head</name><pose>Unspecified</pose><truncated>0</truncated><difficult>0</difficult><robndbox><cx>395.3677</cx><cy>626.3881</cy><w>67.2766</w><h>32.7446</h><angle>0.782661</angle></robndbox></object><object><type>robndbox</type><name>wheat_head</name><pose>Unspecified</pose><truncated>0</truncated><difficult>0</difficult><robndbox><cx>376.0638</cx><cy>99.0254</cy><w>131.2378</w><h>38.4908</h><angle>0.648242</angle></robndbox></object><object><type>robndbox</type><name>wheat_head</name><pose>Unspecified</pose><truncated>0</truncated><difficult>0</difficult><robndbox><cx>760.7858</cx><cy>48.7467</cy><w>99.4522</w><h>32.7362</h><angle>0.359522</angle></robndbox></object><object><type>robndbox</type><name>wheat_head</name><pose>Unspecified</pose><truncated>0</truncated><difficult>0</difficult><robndbox><cx>457.0524</cx><cy>78.452</cy><w>112.6014</w><h>36.8789</h><angle>0.474413</angle></robndbox></object><object><type>robndbox</type><name>wheat_head</name><pose>Unspecified</pose><truncated>0</truncated><difficult>0</difficult><robndbox><cx>952.7943</cx><cy>344.0223</cy><w>66.2288</w><h>37.0681</h><angle>0.817449</angle></robndbox></object><object><type>robndbox</type><name>wheat_head</name><pose>Unspecified</pose><truncated>0</truncated><difficult>0</difficult><robndbox><cx>67.7428</cx><cy>476.5354</cy><w>105.3586</w><h>33.9276</h><angle>0.35104</angle></robndbox></object><object><type>robndbox</type><name>wheat_head</name><pose>Unspecified</pose><truncated>0</truncated><difficult>0</difficult><robndbox><cx>810.3925</cx><cy>415.3071</cy><w>74.9914</w><h>27.4153</h><angle>0.839487</angle></robndbox></object><object><type>robndbox</type><name>wheat_head</name><pose>Unspecified</pose><truncated>0</truncated><difficult>0</difficult><robndbox><cx>460.9318</cx><cy>317.354</cy><w>115.951</w><h>43.2301</h><angle>0.61447</angle></robndbox></object><object><type>robndbox</type><name>wheat_head</name><pose>Unspecified</pose><truncated>0</truncated><difficult>0</difficult><robndbox><cx>500.1456</cx><cy>661.3983</cy><w>80.8957</w><h>42.1578</h><angle>0.648207</angle></robndbox></object><object><type>robndbox</type><name>wheat_head</name><pose>Unspecified</pose><truncated>0</truncated><difficult>0</difficult><robndbox><cx>316.4578</cx><cy>431.7745</cy><w>114.9821</w><h>39.6274</h><angle>0.495337</angle></robndbox></object><object><type>robndbox</type><name>wheat_head</name><pose>Unspecified</pose><truncated>0</truncated><difficult>0</difficult><robndbox><cx>292.8266</cx><cy>576.8284</cy><w>106.7744</w><h>40.3721</h><angle>0.55339</angle></robndbox></object><object><type>robndbox</type><name>wheat_head</name><pose>Unspecified</pose><truncated>0</truncated><difficult>0</difficult><robndbox><cx>328.6354</cx><cy>784.3907</cy><w>162.5778</w><h>42.1151</h><angle>0.442636</angle></robndbox></object><object><type>robndbox</type><name>wheat_head</name><pose>Unspecified</pose><truncated>0</truncated><difficult>0</difficult><robndbox><cx>590.4317</cx><cy>59.3147</cy><w>134.6315</w><h>35.871</h><angle>0.75833</angle></robndbox></object><object><type>robndbox</type><name>wheat_head</name><pose>Unspecified</pose><truncated>0</truncated><difficult>0</difficult><robndbox><cx>45.1032</cx><cy>41.2283</cy><w>104.4937</w><h>34.5656</h><angle>0.85634</angle></robndbox></object><object><type>robndbox</type><name>wheat_head</name><pose>Unspecified</pose><truncated>0</truncated><difficult>0</difficult><robndbox><cx>770.4417</cx><cy>335.0185</cy><w>80.4575</w><h>36.1798</h><angle>0.938607</angle></robndbox></object><object><type>robndbox</type><name>wheat_head</name><pose>Unspecified</pose><truncated>0</truncated><difficult>0</difficult><robndbox><cx>967.1197</cx><cy>50.6511</cy><w>92.3151</w><h>34.0172</h><angle>0.403133</angle></robndbox></object><object><type>robndbox</type><name>wheat_head</name><pose>Unspecified</pose><truncated>0</truncated><difficult>0</difficult><robndbox><cx>183.4951</cx><cy>382.5833</cy><w>123.1988</w><h>43.522</h><angle>0.373583</angle></robndbox></object><object><type>robndbox</type><name>wheat_head</name><pose>Unspecified</pose><truncated>0</truncated><difficult>0</difficult><robndbox><cx>825.6263</cx><cy>688.5872</cy><w>105.4431</w><h>34.1004</h><angle>0.435132</angle></robndbox></object><object><type>robndbox</type><name>wheat_head</name><pose>Unspecified</pose><truncated>0</truncated><difficult>0</difficult><robndbox><cx>30.5498</cx><cy>400.4938</cy><w>54.0463</w><h>28.3058</h><angle>0.501773</angle></robndbox></object><object><type>robndbox</type><name>wheat_head</name><pose>Unspecified</pose><truncated>0</truncated><difficult>0</difficult><robndbox><cx>253.5722</cx><cy>986.667</cy><w>77.4756</w><h>38.5554</h><angle>0.635225</angle></robndbox></object><object><type>robndbox</type><name>wheat_head</name><pose>Unspecified</pose><truncated>0</truncated><difficult>0</difficult><robndbox><cx>404.5168</cx><cy>385.5157</cy><w>85.8727</w><h>37.0257</h><angle>0.981466</angle></robndbox></object><object><type>robndbox</type><name>wheat_head</name><pose>Unspecified</pose><truncated>0</truncated><difficult>0</difficult><robndbox><cx>895.2822</cx><cy>75.9879</cy><w>66.9881</w><h>32.75</h><angle>0.688191</angle></robndbox></object><object><type>robndbox</type><name>wheat_head</name><pose>Unspecified</pose><truncated>0</truncated><difficult>0</difficult><robndbox><cx>171.93</cx><cy>767.8262</cy><w>100.4741</w><h>37.0842</h><angle>0.854148</angle></robndbox></object><object><type>robndbox</type><name>wheat_head</name><pose>Unspecified</pose><truncated>0</truncated><difficult>0</difficult><robndbox><cx>595.8019</cx><cy>924.5591</cy><w>96.5992</w><h>34.5345</h><angle>0.273378</angle></robndbox></object><object><type>robndbox</type><name>wheat_head</name><pose>Unspecified</pose><truncated>0</truncated><difficult>0</difficult><robndbox><cx>851.0942</cx><cy>743.7014</cy><w>101.1708</w><h>33.5366</h><angle>0.589803</angle></robndbox></object><object><type>robndbox</type><name>wheat_head</name><pose>Unspecified</pose><truncated>0</truncated><difficult>0</difficult><robndbox><cx>335.7718</cx><cy>20.196</cy><w>82.5995</w><h>34.8334</h><angle>0.440535</angle></robndbox></object><object><type>robndbox</type><name>wheat_head</name><pose>Unspecified</pose><truncated>0</truncated><difficult>0</difficult><robndbox><cx>620.4817</cx><cy>230.8437</cy><w>68.5405</w><h>37.5105</h><angle>0.511898</angle></robndbox></object><object><type>robndbox</type><name>wheat_head</name><pose>Unspecified</pose><truncated>0</truncated><difficult>0</difficult><robndbox><cx>654.8082</cx><cy>130.0282</cy><w>123.0118</w><h>46.143</h><angle>0.324227</angle></robndbox></object><object><type>robndbox</type><name>wheat_head</name><pose>Unspecified</pose><truncated>0</truncated><difficult>0</difficult><robndbox><cx>760.8834</cx><cy>419.0314</cy><w>150.3961</w><h>37.2432</h><angle>0.451146</angle></robndbox></object><object><type>robndbox</type><name>wheat_head</name><pose>Unspecified</pose><truncated>0</truncated><difficult>0</difficult><robndbox><cx>227.0995</cx><cy>663.3409</cy><w>116.1601</w><h>44.7153</h><angle>0.702596</angle></robndbox></object><object><type>robndbox</type><name>wheat_head</name><pose>Unspecified</pose><truncated>0</truncated><difficult>0</difficult><robndbox><cx>754.4685</cx><cy>470.7387</cy><w>80.6044</w><h>27.1683</h><angle>0.213402</angle></robndbox></object><object><type>robndbox</type><name>wheat_head</name><pose>Unspecified</pose><truncated>0</truncated><difficult>0</difficult><robndbox><cx>987.7338</cx><cy>451.9391</cy><w>57.6847</w><h>32.6096</h><angle>3.106474</angle></robndbox></object><object><type>robndbox</type><name>wheat_head</name><pose>Unspecified</pose><truncated>0</truncated><difficult>0</difficult><robndbox><cx>572.5134</cx><cy>533.3857</cy><w>85.5085</w><h>35.9484</h><angle>0.995284</angle></robndbox></object><object><type>robndbox</type><name>wheat_head</name><pose>Unspecified</pose><truncated>0</truncated><difficult>0</difficult><robndbox><cx>568.8861</cx><cy>810.2764</cy><w>95.8347</w><h>32.7775</h><angle>2.55698</angle></robndbox></object><object><type>robndbox</type><name>wheat_head</name><pose>Unspecified</pose><truncated>0</truncated><difficult>0</difficult><robndbox><cx>205.5626</cx><cy>69.0077</cy><w>58.2388</w><h>26.9168</h><angle>0.266323</angle></robndbox></object><object><type>robndbox</type><name>wheat_head</name><pose>Unspecified</pose><truncated>0</truncated><difficult>0</difficult><robndbox><cx>301.9181</cx><cy>308.1298</cy><w>91.3626</w><h>32.9601</h><angle>0.405833</angle></robndbox></object><object><type>robndbox</type><name>wheat_head</name><pose>Unspecified</pose><truncated>0</truncated><difficult>0</difficult><robndbox><cx>520.7918</cx><cy>62.7065</cy><w>87.2639</w><h>31.3135</h><angle>0.531727</angle></robndbox></object><object><type>robndbox</type><name>wheat_head</name><pose>Unspecified</pose><truncated>0</truncated><difficult>0</difficult><robndbox><cx>319.0966</cx><cy>841.0895</cy><w>95.9417</w><h>32.7839</h><angle>0.217608</angle></robndbox></object><object><type>robndbox</type><name>wheat_head</name><pose>Unspecified</pose><truncated>0</truncated><difficult>0</difficult><robndbox><cx>420.9366</cx><cy>8.8329</cy><w>74.6526</w><h>22.7239</h><angle>0.107656</angle></robndbox></object><object><type>robndbox</type><name>wheat_head</name><pose>Unspecified</pose><truncated>0</truncated><difficult>0</difficult><robndbox><cx>926.5955</cx><cy>424.212</cy><w>55.3883</w><h>34.926</h><angle>0.559907</angle></robndbox></object><object><type>robndbox</type><name>wheat_head</name><pose>Unspecified</pose><truncated>0</truncated><difficult>0</difficult><robndbox><cx>365.1246</cx><cy>215.6407</cy><w>53.7004</w><h>38.0974</h><angle>0.230194</angle></robndbox></object><object><type>robndbox</type><name>wheat_head</name><pose>Unspecified</pose><truncated>0</truncated><difficult>0</difficult><robndbox><cx>756.8766</cx><cy>635.068</cy><w>87.2863</w><h>34.8612</h><angle>0.003754</angle></robndbox></object><object><type>robndbox</type><name>wheat_head</name><pose>Unspecified</pose><truncated>0</truncated><difficult>0</difficult><robndbox><cx>967.7496</cx><cy>96.8173</cy><w>36.7718</w><h>36.5425</h><angle>2.123962</angle></robndbox></object><object><type>robndbox</type><name>wheat_head</name><pose>Unspecified</pose><truncated>0</truncated><difficult>0</difficult><robndbox><cx>308.3061</cx><cy>707.5923</cy><w>52.0463</w><h>30.813</h><angle>0.33089</angle></robndbox></object><object><type>robndbox</type><name>wheat_head</name><pose>Unspecified</pose><truncated>0</truncated><difficult>0</difficult><robndbox><cx>552.8686</cx><cy>390.7317</cy><w>70.1348</w><h>33.2767</h><angle>0.252464</angle></robndbox></object><object><type>robndbox</type><name>wheat_head</name><pose>Unspecified</pose><truncated>0</truncated><difficult>0</difficult><robndbox><cx>744.3118</cx><cy>824.9325</cy><w>65.6227</w><h>34.6864</h><angle>0.089281</angle></robndbox></object><object><type>robndbox</type><name>wheat_head</name><pose>Unspecified</pose><truncated>0</truncated><difficult>0</difficult><robndbox><cx>844.6389</cx><cy>635.7861</cy><w>66.4094</w><h>33.569</h><angle>0.366471</angle></robndbox></object><object><type>robndbox</type><name>wheat_head</name><pose>Unspecified</pose><truncated>0</truncated><difficult>0</difficult><robndbox><cx>248.0214</cx><cy>341.3784</cy><w>51.3984</w><h>27.6073</h><angle>0.484062</angle></robndbox></object><object><type>robndbox</type><name>wheat_head</name><pose>Unspecified</pose><truncated>0</truncated><difficult>0</difficult><robndbox><cx>22.7398</cx><cy>793.6508</cy><w>45.0625</w><h>34.35</h><angle>0.31947</angle></robndbox></object><object><type>robndbox</type><name>wheat_head</name><pose>Unspecified</pose><truncated>0</truncated><difficult>0</difficult><robndbox><cx>654.5232</cx><cy>26.0506</cy><w>47.6256</w><h>22.4847</h><angle>0.972865</angle></robndbox></object><object><type>robndbox</type><name>wheat_head</name><pose>Unspecified</pose><truncated>0</truncated><difficult>0</difficult><robndbox><cx>776.3828</cx><cy>50.0998</cy><w>82.1608</w><h>38.6876</h><angle>1.220918</angle></robndbox></object><object><type>robndbox</type><name>wheat_head</name><pose>Unspecified</pose><truncated>0</truncated><difficult>0</difficult><robndbox><cx>585.619</cx><cy>762.9205</cy><w>122.8045</w><h>29.5566</h><angle>0.034324</angle></robndbox></object><object><type>robndbox</type><name>wheat_head</name><pose>Unspecified</pose><truncated>0</truncated><difficult>0</difficult><robndbox><cx>237.7851</cx><cy>852.9589</cy><w>67.4724</w><h>30.2765</h><angle>0.015111</angle></robndbox></object><object><type>robndbox</type><name>wheat_head</name><pose>Unspecified</pose><truncated>0</truncated><difficult>0</difficult><robndbox><cx>846.0143</cx><cy>798.941</cy><w>76.4968</w><h>34.8564</h><angle>0.110341</angle></robndbox></object><object><type>robndbox</type><name>wheat_head</name><pose>Unspecified</pose><truncated>0</truncated><difficult>0</difficult><robndbox><cx>249.4871</cx><cy>914.2693</cy><w>65.0038</w><h>15.7484</h><angle>3.100317</angle></robndbox></object><object><type>robndbox</type><name>wheat_head</name><pose>Unspecified</pose><truncated>0</truncated><difficult>0</difficult><robndbox><cx>680.5417</cx><cy>67.4241</cy><w>80.3371</w><h>34.6684</h><angle>0.872865</angle></robndbox></object><object><type>robndbox</type><name>wheat_head</name><pose>Unspecified</pose><truncated>0</truncated><difficult>0</difficult><robndbox><cx>480.5739</cx><cy>492.0861</cy><w>53.4786</w><h>23.5305</h><angle>3.110442</angle></robndbox></object><object><type>robndbox</type><name>wheat_head</name><pose>Unspecified</pose><truncated>0</truncated><difficult>0</difficult><robndbox><cx>732.3878</cx><cy>788.7181</cy><w>37.0167</w><h>23.2831</h><angle>0.2353</angle></robndbox></object><object><type>robndbox</type><name>wheat_head</name><pose>Unspecified</pose><truncated>0</truncated><difficult>0</difficult><robndbox><cx>312.1649</cx><cy>97.1642</cy><w>43.9635</w><h>28.4907</h><angle>0.713827</angle></robndbox></object><object><type>robndbox</type><name>wheat_head</name><pose>Unspecified</pose><truncated>0</truncated><difficult>0</difficult><robndbox><cx>266.3362</cx><cy>939.1617</cy><w>93.5951</w><h>36.8016</h><angle>3.100317</angle></robndbox></object><object><type>robndbox</type><name>wheat_head</name><pose>Unspecified</pose><truncated>0</truncated><difficult>0</difficult><robndbox><cx>340.1875</cx><cy>365.1774</cy><w>60.0943</w><h>21.8017</h><angle>0.508798</angle></robndbox></object><object><type>robndbox</type><name>wheat_head</name><pose>Unspecified</pose><truncated>0</truncated><difficult>0</difficult><robndbox><cx>557.752</cx><cy>590.5588</cy><w>63.3737</w><h>25.7298</h><angle>0.015456</angle></robndbox></object><object><type>robndbox</type><name>wheat_head</name><pose>Unspecified</pose><truncated>0</truncated><difficult>0</difficult><robndbox><cx>644.954</cx><cy>923.9813</cy><w>37.9248</w><h>27.3802</h><angle>3.04038</angle></robndbox></object><object><type>robndbox</type><name>wheat_head</name><pose>Unspecified</pose><truncated>0</truncated><difficult>0</difficult><robndbox><cx>322.6599</cx><cy>569.3629</cy><w>42.2966</w><h>22.6018</h><angle>0.11849</angle></robndbox></object><object><type>robndbox</type><name>wheat_head</name><pose>Unspecified</pose><truncated>0</truncated><difficult>0</difficult><robndbox><cx>1003.393</cx><cy>123.8175</cy><w>53.0094</w><h>29.3177</h><angle>0.624635</angle></robndbox></object></annotation>