<annotation verified="no"><folder>images</folder><filename>43ab45d4b</filename><path>/home/badhon/Documents/thesis/final_dataset/ethz_1/images/43ab45d4b.jpg</path><source><database>Unknown</database></source><size><width>1024</width><height>1024</height><depth>3</depth></size><segmented>0</segmented><object><type>robndbox</type><name>wheat_head</name><pose>Unspecified</pose><truncated>0</truncated><difficult>0</difficult><robndbox><cx>961.5988</cx><cy>510.9429</cy><w>68.9103</w><h>35.2324</h><angle>1.967547</angle></robndbox></object><object><type>robndbox</type><name>wheat_head</name><pose>Unspecified</pose><truncated>0</truncated><difficult>0</difficult><robndbox><cx>958.9504</cx><cy>366.5084</cy><w>69.1909</w><h>26.3999</h><angle>1.205035</angle></robndbox></object><object><type>robndbox</type><name>wheat_head</name><pose>Unspecified</pose><truncated>0</truncated><difficult>0</difficult><robndbox><cx>522.1298</cx><cy>88.8711</cy><w>70.9884</w><h>33.4196</h><angle>1.005043</angle></robndbox></object><object><type>robndbox</type><name>wheat_head</name><pose>Unspecified</pose><truncated>0</truncated><difficult>0</difficult><robndbox><cx>257.0836</cx><cy>453.3975</cy><w>59.9062</w><h>31.0585</h><angle>0.961123</angle></robndbox></object><object><type>robndbox</type><name>wheat_head</name><pose>Unspecified</pose><truncated>0</truncated><difficult>0</difficult><robndbox><cx>472.0765</cx><cy>520.081</cy><w>127.6415</w><h>38.0802</h><angle>0.352369</angle></robndbox></object><object><type>robndbox</type><name>wheat_head</name><pose>Unspecified</pose><truncated>0</truncated><difficult>0</difficult><robndbox><cx>746.6777</cx><cy>806.3026</cy><w>90.2649</w><h>37.7944</h><angle>0.550345</angle></robndbox></object><object><type>robndbox</type><name>wheat_head</name><pose>Unspecified</pose><truncated>0</truncated><difficult>0</difficult><robndbox><cx>291.6896</cx><cy>193.2883</cy><w>92.0833</w><h>37.9103</h><angle>0.857163</angle></robndbox></object><object><type>robndbox</type><name>wheat_head</name><pose>Unspecified</pose><truncated>0</truncated><difficult>0</difficult><robndbox><cx>216.7661</cx><cy>230.9485</cy><w>74.1564</w><h>38.1919</h><angle>0.566353</angle></robndbox></object><object><type>robndbox</type><name>wheat_head</name><pose>Unspecified</pose><truncated>0</truncated><difficult>0</difficult><robndbox><cx>214.711</cx><cy>178.6017</cy><w>64.8008</w><h>29.8957</h><angle>1.080961</angle></robndbox></object><object><type>robndbox</type><name>wheat_head</name><pose>Unspecified</pose><truncated>0</truncated><difficult>0</difficult><robndbox><cx>210.5426</cx><cy>618.2681</cy><w>77.5291</w><h>33.9123</h><angle>0.320567</angle></robndbox></object><object><type>robndbox</type><name>wheat_head</name><pose>Unspecified</pose><truncated>0</truncated><difficult>0</difficult><robndbox><cx>234.7676</cx><cy>81.5216</cy><w>82.0135</w><h>38.6957</h><angle>0.649418</angle></robndbox></object><object><type>robndbox</type><name>wheat_head</name><pose>Unspecified</pose><truncated>0</truncated><difficult>0</difficult><robndbox><cx>481.7845</cx><cy>867.439</cy><w>68.3764</w><h>31.2145</h><angle>1.00747</angle></robndbox></object><object><type>robndbox</type><name>wheat_head</name><pose>Unspecified</pose><truncated>0</truncated><difficult>0</difficult><robndbox><cx>601.6808</cx><cy>781.0704</cy><w>63.5307</w><h>32.7392</h><angle>0.646489</angle></robndbox></object><object><type>robndbox</type><name>wheat_head</name><pose>Unspecified</pose><truncated>0</truncated><difficult>0</difficult><robndbox><cx>539.6564</cx><cy>487.2158</cy><w>80.2704</w><h>33.7978</h><angle>0.708285</angle></robndbox></object><object><type>robndbox</type><name>wheat_head</name><pose>Unspecified</pose><truncated>0</truncated><difficult>0</difficult><robndbox><cx>908.1454</cx><cy>417.1449</cy><w>79.007</w><h>31.7487</h><angle>0.440381</angle></robndbox></object><object><type>robndbox</type><name>wheat_head</name><pose>Unspecified</pose><truncated>0</truncated><difficult>0</difficult><robndbox><cx>29.7034</cx><cy>264.2999</cy><w>63.4026</w><h>34.1459</h><angle>0.296224</angle></robndbox></object><object><type>robndbox</type><name>wheat_head</name><pose>Unspecified</pose><truncated>0</truncated><difficult>0</difficult><robndbox><cx>854.864</cx><cy>733.4012</cy><w>95.8647</w><h>35.5214</h><angle>0.958065</angle></robndbox></object><object><type>robndbox</type><name>wheat_head</name><pose>Unspecified</pose><truncated>0</truncated><difficult>0</difficult><robndbox><cx>537.3019</cx><cy>935.3378</cy><w>115.4553</w><h>45.8357</h><angle>0.262044</angle></robndbox></object><object><type>robndbox</type><name>wheat_head</name><pose>Unspecified</pose><truncated>0</truncated><difficult>0</difficult><robndbox><cx>554.9691</cx><cy>7.9182</cy><w>55.4651</w><h>23.42</h><angle>0.290663</angle></robndbox></object><object><type>robndbox</type><name>wheat_head</name><pose>Unspecified</pose><truncated>0</truncated><difficult>0</difficult><robndbox><cx>433.0017</cx><cy>231.982</cy><w>90.2087</w><h>27.0588</h><angle>0.298033</angle></robndbox></object><object><type>robndbox</type><name>wheat_head</name><pose>Unspecified</pose><truncated>0</truncated><difficult>0</difficult><robndbox><cx>103.8243</cx><cy>258.4632</cy><w>57.3457</w><h>33.8992</h><angle>0.483636</angle></robndbox></object><object><type>robndbox</type><name>wheat_head</name><pose>Unspecified</pose><truncated>0</truncated><difficult>0</difficult><robndbox><cx>784.5401</cx><cy>532.1844</cy><w>70.4724</w><h>31.7079</h><angle>0.314454</angle></robndbox></object><object><type>robndbox</type><name>wheat_head</name><pose>Unspecified</pose><truncated>0</truncated><difficult>0</difficult><robndbox><cx>46.4774</cx><cy>161.0898</cy><w>64.5719</w><h>30.1457</h><angle>0.560518</angle></robndbox></object><object><type>robndbox</type><name>wheat_head</name><pose>Unspecified</pose><truncated>0</truncated><difficult>0</difficult><robndbox><cx>479.4792</cx><cy>452.7761</cy><w>54.5323</w><h>32.2019</h><angle>0.694632</angle></robndbox></object><object><type>robndbox</type><name>wheat_head</name><pose>Unspecified</pose><truncated>0</truncated><difficult>0</difficult><robndbox><cx>276.409</cx><cy>10.1086</cy><w>57.8763</w><h>20.4309</h><angle>0.03162</angle></robndbox></object><object><type>robndbox</type><name>wheat_head</name><pose>Unspecified</pose><truncated>0</truncated><difficult>0</difficult><robndbox><cx>755.0027</cx><cy>547.0823</cy><w>37.0467</w><h>30.6864</h><angle>0.434113</angle></robndbox></object><object><type>robndbox</type><name>wheat_head</name><pose>Unspecified</pose><truncated>0</truncated><difficult>0</difficult><robndbox><cx>766.5613</cx><cy>669.434</cy><w>53.5162</w><h>34.3079</h><angle>0.525981</angle></robndbox></object><object><type>robndbox</type><name>wheat_head</name><pose>Unspecified</pose><truncated>0</truncated><difficult>0</difficult><robndbox><cx>662.5135</cx><cy>19.0936</cy><w>74.1273</w><h>25.9496</h><angle>0.173383</angle></robndbox></object><object><type>robndbox</type><name>wheat_head</name><pose>Unspecified</pose><truncated>0</truncated><difficult>0</difficult><robndbox><cx>533.4925</cx><cy>590.1674</cy><w>61.948</w><h>29.765</h><angle>0.151731</angle></robndbox></object><object><type>robndbox</type><name>wheat_head</name><pose>Unspecified</pose><truncated>0</truncated><difficult>0</difficult><robndbox><cx>624.6789</cx><cy>745.4781</cy><w>38.6907</w><h>22.5912</h><angle>1.421189</angle></robndbox></object><object><type>robndbox</type><name>wheat_head</name><pose>Unspecified</pose><truncated>0</truncated><difficult>0</difficult><robndbox><cx>533.6961</cx><cy>682.9763</cy><w>39.8773</w><h>29.3661</h><angle>0.31083</angle></robndbox></object><object><type>robndbox</type><name>wheat_head</name><pose>Unspecified</pose><truncated>0</truncated><difficult>0</difficult><robndbox><cx>442.5626</cx><cy>308.6796</cy><w>57.7076</w><h>35.4921</h><angle>0.296126</angle></robndbox></object><object><type>robndbox</type><name>wheat_head</name><pose>Unspecified</pose><truncated>0</truncated><difficult>0</difficult><robndbox><cx>107.3815</cx><cy>498.4333</cy><w>68.2258</w><h>30.5352</h><angle>0.60178</angle></robndbox></object><object><type>robndbox</type><name>wheat_head</name><pose>Unspecified</pose><truncated>0</truncated><difficult>0</difficult><robndbox><cx>384.4651</cx><cy>704.8535</cy><w>81.5559</w><h>28.3474</h><angle>3.104255</angle></robndbox></object><object><type>robndbox</type><name>wheat_head</name><pose>Unspecified</pose><truncated>0</truncated><difficult>0</difficult><robndbox><cx>24.146</cx><cy>730.4408</cy><w>44.3718</w><h>29.0505</h><angle>0.128848</angle></robndbox></object><object><type>robndbox</type><name>wheat_head</name><pose>Unspecified</pose><truncated>0</truncated><difficult>0</difficult><robndbox><cx>662.7804</cx><cy>643.3903</cy><w>52.6792</w><h>28.3136</h><angle>0.249157</angle></robndbox></object><object><type>robndbox</type><name>wheat_head</name><pose>Unspecified</pose><truncated>0</truncated><difficult>0</difficult><robndbox><cx>595.1869</cx><cy>545.9501</cy><w>111.0306</w><h>35.2314</h><angle>0.408285</angle></robndbox></object><object><type>robndbox</type><name>wheat_head</name><pose>Unspecified</pose><truncated>0</truncated><difficult>0</difficult><robndbox><cx>1001.2979</cx><cy>472.1982</cy><w>34.2068</w><h>31.9677</h><angle>1.671605</angle></robndbox></object><object><type>robndbox</type><name>wheat_head</name><pose>Unspecified</pose><truncated>0</truncated><difficult>0</difficult><robndbox><cx>631.6465</cx><cy>312.9594</cy><w>57.7205</w><h>29.2592</h><angle>2.91108</angle></robndbox></object><object><type>robndbox</type><name>wheat_head</name><pose>Unspecified</pose><truncated>0</truncated><difficult>0</difficult><robndbox><cx>888.6382</cx><cy>793.7328</cy><w>44.9766</w><h>22.0235</h><angle>0.893715</angle></robndbox></object><object><type>robndbox</type><name>wheat_head</name><pose>Unspecified</pose><truncated>0</truncated><difficult>0</difficult><robndbox><cx>606.5087</cx><cy>653.8679</cy><w>78.4807</w><h>40.0936</h><angle>0.493483</angle></robndbox></object><object><type>robndbox</type><name>wheat_head</name><pose>Unspecified</pose><truncated>0</truncated><difficult>0</difficult><robndbox><cx>624.5</cx><cy>19.0</cy><w>30.1337</w><h>25.8154</h><angle>2.681486</angle></robndbox></object><object><type>robndbox</type><name>wheat_head</name><pose>Unspecified</pose><truncated>0</truncated><difficult>0</difficult><robndbox><cx>943.6162</cx><cy>7.348</cy><w>24.104</w><h>13.0791</h><angle>0.003307</angle></robndbox></object><object><type>robndbox</type><name>wheat_head</name><pose>Unspecified</pose><truncated>0</truncated><difficult>0</difficult><robndbox><cx>203.6604</cx><cy>574.8062</cy><w>54.4474</w><h>24.7679</h><angle>0.385765</angle></robndbox></object><object><type>robndbox</type><name>wheat_head</name><pose>Unspecified</pose><truncated>0</truncated><difficult>0</difficult><robndbox><cx>397.2202</cx><cy>633.7768</cy><w>44.4821</w><h>30.7577</h><angle>0.532759</angle></robndbox></object><object><type>robndbox</type><name>wheat_head</name><pose>Unspecified</pose><truncated>0</truncated><difficult>0</difficult><robndbox><cx>534.3291</cx><cy>635.7867</cy><w>63.3484</w><h>23.6534</h><angle>0.416395</angle></robndbox></object><object><type>robndbox</type><name>wheat_head</name><pose>Unspecified</pose><truncated>0</truncated><difficult>0</difficult><robndbox><cx>760.0648</cx><cy>885.0158</cy><w>48.5367</w><h>22.241</h><angle>0.779278</angle></robndbox></object><object><type>robndbox</type><name>wheat_head</name><pose>Unspecified</pose><truncated>0</truncated><difficult>0</difficult><robndbox><cx>787.1317</cx><cy>935.823</cy><w>35.8942</w><h>27.0819</h><angle>0.002527</angle></robndbox></object><object><type>robndbox</type><name>wheat_head</name><pose>Unspecified</pose><truncated>0</truncated><difficult>0</difficult><robndbox><cx>353.8728</cx><cy>789.9364</cy><w>35.0123</w><h>25.1805</h><angle>0.160296</angle></robndbox></object><object><type>robndbox</type><name>wheat_head</name><pose>Unspecified</pose><truncated>0</truncated><difficult>0</difficult><robndbox><cx>352.7908</cx><cy>613.6714</cy><w>42.5745</w><h>25.6016</h><angle>0.207651</angle></robndbox></object><object><type>robndbox</type><name>wheat_head</name><pose>Unspecified</pose><truncated>0</truncated><difficult>0</difficult><robndbox><cx>268.0533</cx><cy>32.5512</cy><w>40.4958</w><h>25.7157</h><angle>0.235819</angle></robndbox></object><object><type>robndbox</type><name>wheat_head</name><pose>Unspecified</pose><truncated>0</truncated><difficult>0</difficult><robndbox><cx>230.8754</cx><cy>692.6357</cy><w>35.8878</w><h>19.6613</h><angle>0.38583</angle></robndbox></object><object><type>robndbox</type><name>wheat_head</name><pose>Unspecified</pose><truncated>0</truncated><difficult>0</difficult><robndbox><cx>369.5147</cx><cy>761.4477</cy><w>84.2898</w><h>40.41</h><angle>2.867964</angle></robndbox></object><object><type>robndbox</type><name>wheat_head</name><pose>Unspecified</pose><truncated>0</truncated><difficult>0</difficult><robndbox><cx>1004.5725</cx><cy>976.2475</cy><w>34.9086</w><h>25.1291</h><angle>1.165608</angle></robndbox></object><object><type>robndbox</type><name>wheat_head</name><pose>Unspecified</pose><truncated>0</truncated><difficult>0</difficult><robndbox><cx>147.6945</cx><cy>144.7246</cy><w>34.8137</w><h>27.8638</h><angle>0.551366</angle></robndbox></object><object><type>robndbox</type><name>wheat_head</name><pose>Unspecified</pose><truncated>0</truncated><difficult>0</difficult><robndbox><cx>600.2814</cx><cy>998.3658</cy><w>47.8755</w><h>30.9653</h><angle>0.469253</angle></robndbox></object><object><type>robndbox</type><name>wheat_head</name><pose>Unspecified</pose><truncated>0</truncated><difficult>0</difficult><robndbox><cx>339.1785</cx><cy>677.6998</cy><w>37.0253</w><h>22.5854</h><angle>3.043708</angle></robndbox></object><object><type>robndbox</type><name>wheat_head</name><pose>Unspecified</pose><truncated>0</truncated><difficult>0</difficult><robndbox><cx>60.9553</cx><cy>447.45</cy><w>64.1181</w><h>28.0895</h><angle>0.943419</angle></robndbox></object><object><type>robndbox</type><name>wheat_head</name><pose>Unspecified</pose><truncated>0</truncated><difficult>0</difficult><robndbox><cx>500.9973</cx><cy>226.3641</cy><w>33.2455</w><h>22.1505</h><angle>1.515967</angle></robndbox></object><object><type>robndbox</type><name>wheat_head</name><pose>Unspecified</pose><truncated>0</truncated><difficult>0</difficult><robndbox><cx>813.7607</cx><cy>275.7903</cy><w>36.4009</w><h>28.2578</h><angle>1.04378</angle></robndbox></object><object><type>robndbox</type><name>wheat_head</name><pose>Unspecified</pose><truncated>0</truncated><difficult>0</difficult><robndbox><cx>715.7962</cx><cy>850.6237</cy><w>54.6597</w><h>23.9738</h><angle>0.495277</angle></robndbox></object><object><type>robndbox</type><name>wheat_head</name><pose>Unspecified</pose><truncated>0</truncated><difficult>0</difficult><robndbox><cx>432.2022</cx><cy>94.4928</cy><w>58.8854</w><h>25.7819</h><angle>0.565836</angle></robndbox></object><object><type>robndbox</type><name>wheat_head</name><pose>Unspecified</pose><truncated>0</truncated><difficult>0</difficult><robndbox><cx>904.4822</cx><cy>693.8399</cy><w>26.7259</w><h>25.335</h><angle>1.82931</angle></robndbox></object><object><type>robndbox</type><name>wheat_head</name><pose>Unspecified</pose><truncated>0</truncated><difficult>0</difficult><robndbox><cx>523.7558</cx><cy>659.7558</cy><w>34.9054</w><h>28.3818</h><angle>1.214337</angle></robndbox></object><object><type>robndbox</type><name>wheat_head</name><pose>Unspecified</pose><truncated>0</truncated><difficult>0</difficult><robndbox><cx>656.0089</cx><cy>683.5423</cy><w>43.0116</w><h>29.3262</h><angle>0.950547</angle></robndbox></object></annotation>