<annotation verified="no"><folder>images</folder><filename>44e31e39f</filename><path>/home/badhon/Documents/thesis/final_dataset/ethz_1/images/44e31e39f.jpg</path><source><database>Unknown</database></source><size><width>1024</width><height>1024</height><depth>3</depth></size><segmented>0</segmented><object><type>robndbox</type><name>wheat_head</name><pose>Unspecified</pose><truncated>0</truncated><difficult>0</difficult><robndbox><cx>98.245</cx><cy>457.2491</cy><w>145.9137</w><h>36.7496</h><angle>1.446714</angle></robndbox></object><object><type>robndbox</type><name>wheat_head</name><pose>Unspecified</pose><truncated>0</truncated><difficult>0</difficult><robndbox><cx>504.1585</cx><cy>345.4152</cy><w>76.259</w><h>35.9608</h><angle>1.288316</angle></robndbox></object><object><type>robndbox</type><name>wheat_head</name><pose>Unspecified</pose><truncated>0</truncated><difficult>0</difficult><robndbox><cx>27.2258</cx><cy>512.7321</cy><w>53.1852</w><h>31.1363</h><angle>1.417669</angle></robndbox></object><object><type>robndbox</type><name>wheat_head</name><pose>Unspecified</pose><truncated>0</truncated><difficult>0</difficult><robndbox><cx>507.0115</cx><cy>146.3881</cy><w>58.0405</w><h>31.415</h><angle>1.320609</angle></robndbox></object><object><type>robndbox</type><name>wheat_head</name><pose>Unspecified</pose><truncated>0</truncated><difficult>0</difficult><robndbox><cx>133.4633</cx><cy>159.9317</cy><w>119.1619</w><h>35.6712</h><angle>1.907127</angle></robndbox></object><object><type>robndbox</type><name>wheat_head</name><pose>Unspecified</pose><truncated>0</truncated><difficult>0</difficult><robndbox><cx>301.7863</cx><cy>628.4894</cy><w>110.5066</w><h>37.4752</h><angle>1.898457</angle></robndbox></object><object><type>robndbox</type><name>wheat_head</name><pose>Unspecified</pose><truncated>0</truncated><difficult>0</difficult><robndbox><cx>593.4305</cx><cy>241.7916</cy><w>60.1563</w><h>39.564</h><angle>0.616439</angle></robndbox></object><object><type>robndbox</type><name>wheat_head</name><pose>Unspecified</pose><truncated>0</truncated><difficult>0</difficult><robndbox><cx>935.5723</cx><cy>429.6532</cy><w>66.0743</w><h>38.582</h><angle>0.44711</angle></robndbox></object><object><type>robndbox</type><name>wheat_head</name><pose>Unspecified</pose><truncated>0</truncated><difficult>0</difficult><robndbox><cx>960.0595</cx><cy>206.625</cy><w>73.636</w><h>36.8277</h><angle>1.681493</angle></robndbox></object><object><type>robndbox</type><name>wheat_head</name><pose>Unspecified</pose><truncated>0</truncated><difficult>0</difficult><robndbox><cx>572.3042</cx><cy>114.2239</cy><w>57.0423</w><h>35.6344</h><angle>0.962794</angle></robndbox></object><object><type>robndbox</type><name>wheat_head</name><pose>Unspecified</pose><truncated>0</truncated><difficult>0</difficult><robndbox><cx>807.1187</cx><cy>287.6285</cy><w>34.2153</w><h>27.8521</h><angle>1.594442</angle></robndbox></object><object><type>robndbox</type><name>wheat_head</name><pose>Unspecified</pose><truncated>0</truncated><difficult>0</difficult><robndbox><cx>404.4497</cx><cy>321.1822</cy><w>61.1655</w><h>38.9686</h><angle>0.575522</angle></robndbox></object><object><type>robndbox</type><name>wheat_head</name><pose>Unspecified</pose><truncated>0</truncated><difficult>0</difficult><robndbox><cx>948.3082</cx><cy>904.898</cy><w>57.9286</w><h>38.8612</h><angle>0.342633</angle></robndbox></object><object><type>robndbox</type><name>wheat_head</name><pose>Unspecified</pose><truncated>0</truncated><difficult>0</difficult><robndbox><cx>272.2242</cx><cy>530.8495</cy><w>77.9306</w><h>36.7607</h><angle>0.534706</angle></robndbox></object><object><type>robndbox</type><name>wheat_head</name><pose>Unspecified</pose><truncated>0</truncated><difficult>0</difficult><robndbox><cx>85.2225</cx><cy>236.4048</cy><w>43.6712</w><h>31.3955</h><angle>0.992485</angle></robndbox></object><object><type>robndbox</type><name>wheat_head</name><pose>Unspecified</pose><truncated>0</truncated><difficult>0</difficult><robndbox><cx>761.7379</cx><cy>259.0106</cy><w>48.4335</w><h>32.6953</h><angle>1.47529</angle></robndbox></object><object><type>robndbox</type><name>wheat_head</name><pose>Unspecified</pose><truncated>0</truncated><difficult>0</difficult><robndbox><cx>441.0951</cx><cy>535.15</cy><w>57.8714</w><h>30.6201</h><angle>0.102718</angle></robndbox></object><object><type>robndbox</type><name>wheat_head</name><pose>Unspecified</pose><truncated>0</truncated><difficult>0</difficult><robndbox><cx>960.0595</cx><cy>206.625</cy><w>73.636</w><h>36.8277</h><angle>1.681493</angle></robndbox></object><object><type>robndbox</type><name>wheat_head</name><pose>Unspecified</pose><truncated>0</truncated><difficult>0</difficult><robndbox><cx>595.4855</cx><cy>429.5437</cy><w>64.4095</w><h>31.8936</h><angle>3.090829</angle></robndbox></object><object><type>robndbox</type><name>wheat_head</name><pose>Unspecified</pose><truncated>0</truncated><difficult>0</difficult><robndbox><cx>483.8383</cx><cy>672.3467</cy><w>55.7675</w><h>35.2088</h><angle>0.6073</angle></robndbox></object><object><type>robndbox</type><name>wheat_head</name><pose>Unspecified</pose><truncated>0</truncated><difficult>0</difficult><robndbox><cx>916.9146</cx><cy>497.9472</cy><w>38.3306</w><h>15.7002</h><angle>1.275925</angle></robndbox></object><object><type>robndbox</type><name>wheat_head</name><pose>Unspecified</pose><truncated>0</truncated><difficult>0</difficult><robndbox><cx>576.2227</cx><cy>537.3709</cy><w>92.0268</w><h>44.6376</h><angle>0.173258</angle></robndbox></object><object><type>robndbox</type><name>wheat_head</name><pose>Unspecified</pose><truncated>0</truncated><difficult>0</difficult><robndbox><cx>803.7443</cx><cy>774.425</cy><w>48.8523</w><h>32.4946</h><angle>0.937742</angle></robndbox></object><object><type>robndbox</type><name>wheat_head</name><pose>Unspecified</pose><truncated>0</truncated><difficult>0</difficult><robndbox><cx>908.2995</cx><cy>152.8668</cy><w>52.6475</w><h>39.0334</h><angle>0.612956</angle></robndbox></object><object><type>robndbox</type><name>wheat_head</name><pose>Unspecified</pose><truncated>0</truncated><difficult>0</difficult><robndbox><cx>836.811</cx><cy>313.1892</cy><w>37.1685</w><h>27.2125</h><angle>1.794448</angle></robndbox></object><object><type>robndbox</type><name>wheat_head</name><pose>Unspecified</pose><truncated>0</truncated><difficult>0</difficult><robndbox><cx>126.9616</cx><cy>712.9934</cy><w>52.099</w><h>33.1762</h><angle>2.932152</angle></robndbox></object><object><type>robndbox</type><name>wheat_head</name><pose>Unspecified</pose><truncated>0</truncated><difficult>0</difficult><robndbox><cx>244.5799</cx><cy>577.6155</cy><w>82.8285</w><h>32.1838</h><angle>3.061126</angle></robndbox></object><object><type>robndbox</type><name>wheat_head</name><pose>Unspecified</pose><truncated>0</truncated><difficult>0</difficult><robndbox><cx>797.4949</cx><cy>630.9576</cy><w>36.7002</w><h>31.0694</h><angle>1.705416</angle></robndbox></object><object><type>robndbox</type><name>wheat_head</name><pose>Unspecified</pose><truncated>0</truncated><difficult>0</difficult><robndbox><cx>102.5404</cx><cy>287.416</cy><w>30.9408</w><h>28.4615</h><angle>2.492685</angle></robndbox></object><object><type>robndbox</type><name>wheat_head</name><pose>Unspecified</pose><truncated>0</truncated><difficult>0</difficult><robndbox><cx>696.5585</cx><cy>203.3665</cy><w>42.2526</w><h>34.9488</h><angle>2.912923</angle></robndbox></object><object><type>robndbox</type><name>wheat_head</name><pose>Unspecified</pose><truncated>0</truncated><difficult>0</difficult><robndbox><cx>792.3744</cx><cy>513.3672</cy><w>45.687</w><h>39.0243</h><angle>0.430788</angle></robndbox></object><object><type>robndbox</type><name>wheat_head</name><pose>Unspecified</pose><truncated>0</truncated><difficult>0</difficult><robndbox><cx>795.2929</cx><cy>336.64</cy><w>117.2595</w><h>37.1862</h><angle>0.605664</angle></robndbox></object><object><type>robndbox</type><name>wheat_head</name><pose>Unspecified</pose><truncated>0</truncated><difficult>0</difficult><robndbox><cx>584.8487</cx><cy>930.7896</cy><w>36.5832</w><h>32.3504</h><angle>1.184107</angle></robndbox></object><object><type>robndbox</type><name>wheat_head</name><pose>Unspecified</pose><truncated>0</truncated><difficult>0</difficult><robndbox><cx>875.1165</cx><cy>512.0761</cy><w>67.2998</w><h>34.563</h><angle>1.533631</angle></robndbox></object><object><type>robndbox</type><name>wheat_head</name><pose>Unspecified</pose><truncated>0</truncated><difficult>0</difficult><robndbox><cx>843.1705</cx><cy>587.7018</cy><w>42.0962</w><h>31.7759</h><angle>1.110377</angle></robndbox></object><object><type>robndbox</type><name>wheat_head</name><pose>Unspecified</pose><truncated>0</truncated><difficult>0</difficult><robndbox><cx>576.2227</cx><cy>537.3709</cy><w>92.0268</w><h>44.6376</h><angle>0.173258</angle></robndbox></object><object><type>robndbox</type><name>wheat_head</name><pose>Unspecified</pose><truncated>0</truncated><difficult>0</difficult><robndbox><cx>475.606</cx><cy>182.0916</cy><w>66.293</w><h>35.6122</h><angle>0.662446</angle></robndbox></object><object><type>robndbox</type><name>wheat_head</name><pose>Unspecified</pose><truncated>0</truncated><difficult>0</difficult><robndbox><cx>951.3623</cx><cy>578.8526</cy><w>37.5909</w><h>29.661</h><angle>0.533631</angle></robndbox></object><object><type>robndbox</type><name>wheat_head</name><pose>Unspecified</pose><truncated>0</truncated><difficult>0</difficult><robndbox><cx>879.1374</cx><cy>332.929</cy><w>38.8013</w><h>36.5513</h><angle>1.275092</angle></robndbox></object><object><type>robndbox</type><name>wheat_head</name><pose>Unspecified</pose><truncated>0</truncated><difficult>0</difficult><robndbox><cx>372.4277</cx><cy>965.3357</cy><w>61.0012</w><h>23.2325</h><angle>0.201554</angle></robndbox></object><object><type>robndbox</type><name>wheat_head</name><pose>Unspecified</pose><truncated>0</truncated><difficult>0</difficult><robndbox><cx>567.7159</cx><cy>53.4273</cy><w>47.3205</w><h>30.9957</h><angle>2.8297</angle></robndbox></object><object><type>robndbox</type><name>wheat_head</name><pose>Unspecified</pose><truncated>0</truncated><difficult>0</difficult><robndbox><cx>544.5863</cx><cy>486.2167</cy><w>40.4671</w><h>38.5257</h><angle>1.069969</angle></robndbox></object><object><type>robndbox</type><name>wheat_head</name><pose>Unspecified</pose><truncated>0</truncated><difficult>0</difficult><robndbox><cx>179.3166</cx><cy>68.3309</cy><w>44.6864</w><h>30.3894</h><angle>2.804767</angle></robndbox></object><object><type>robndbox</type><name>wheat_head</name><pose>Unspecified</pose><truncated>0</truncated><difficult>0</difficult><robndbox><cx>358.3078</cx><cy>985.692</cy><w>38.0067</w><h>27.6538</h><angle>3.117682</angle></robndbox></object><object><type>robndbox</type><name>wheat_head</name><pose>Unspecified</pose><truncated>0</truncated><difficult>0</difficult><robndbox><cx>98.245</cx><cy>457.2491</cy><w>145.9137</w><h>36.7496</h><angle>1.446714</angle></robndbox></object><object><type>robndbox</type><name>wheat_head</name><pose>Unspecified</pose><truncated>0</truncated><difficult>0</difficult><robndbox><cx>441.9637</cx><cy>713.9518</cy><w>69.7406</w><h>35.9985</h><angle>2.656343</angle></robndbox></object><object><type>robndbox</type><name>wheat_head</name><pose>Unspecified</pose><truncated>0</truncated><difficult>0</difficult><robndbox><cx>553.6882</cx><cy>771.0651</cy><w>44.9302</w><h>37.3989</h><angle>1.525387</angle></robndbox></object><object><type>robndbox</type><name>wheat_head</name><pose>Unspecified</pose><truncated>0</truncated><difficult>0</difficult><robndbox><cx>243.5838</cx><cy>922.0966</cy><w>39.3599</w><h>38.4388</h><angle>1.71348</angle></robndbox></object><object><type>robndbox</type><name>wheat_head</name><pose>Unspecified</pose><truncated>0</truncated><difficult>0</difficult><robndbox><cx>224.697</cx><cy>824.7401</cy><w>32.7012</w><h>24.0786</h><angle>1.003522</angle></robndbox></object><object><type>robndbox</type><name>wheat_head</name><pose>Unspecified</pose><truncated>0</truncated><difficult>0</difficult><robndbox><cx>753.6906</cx><cy>494.6792</cy><w>51.5425</w><h>36.9401</h><angle>0.365561</angle></robndbox></object><object><type>robndbox</type><name>wheat_head</name><pose>Unspecified</pose><truncated>0</truncated><difficult>0</difficult><robndbox><cx>417.8058</cx><cy>866.9775</cy><w>78.3342</w><h>30.673</h><angle>0.493493</angle></robndbox></object><object><type>robndbox</type><name>wheat_head</name><pose>Unspecified</pose><truncated>0</truncated><difficult>0</difficult><robndbox><cx>284.5987</cx><cy>863.9019</cy><w>65.9329</w><h>40.5393</h><angle>2.733259</angle></robndbox></object><object><type>robndbox</type><name>wheat_head</name><pose>Unspecified</pose><truncated>0</truncated><difficult>0</difficult><robndbox><cx>521.4628</cx><cy>838.205</cy><w>29.454</w><h>22.326</h><angle>0.335111</angle></robndbox></object><object><type>robndbox</type><name>wheat_head</name><pose>Unspecified</pose><truncated>0</truncated><difficult>0</difficult><robndbox><cx>551.684</cx><cy>857.8555</cy><w>57.9312</w><h>30.1182</h><angle>0.313369</angle></robndbox></object><object><type>robndbox</type><name>wheat_head</name><pose>Unspecified</pose><truncated>0</truncated><difficult>0</difficult><robndbox><cx>510.0924</cx><cy>892.6395</cy><w>84.5794</w><h>35.1524</h><angle>0.364781</angle></robndbox></object><object><type>robndbox</type><name>wheat_head</name><pose>Unspecified</pose><truncated>0</truncated><difficult>0</difficult><robndbox><cx>460.8601</cx><cy>907.5854</cy><w>36.102</w><h>35.5462</h><angle>1.634126</angle></robndbox></object><object><type>robndbox</type><name>wheat_head</name><pose>Unspecified</pose><truncated>0</truncated><difficult>0</difficult><robndbox><cx>955.7798</cx><cy>535.7818</cy><w>36.535</w><h>28.3211</h><angle>0.547502</angle></robndbox></object><object><type>robndbox</type><name>wheat_head</name><pose>Unspecified</pose><truncated>0</truncated><difficult>0</difficult><robndbox><cx>146.802</cx><cy>245.8868</cy><w>50.774</w><h>44.4789</h><angle>1.010109</angle></robndbox></object><object><type>robndbox</type><name>wheat_head</name><pose>Unspecified</pose><truncated>0</truncated><difficult>0</difficult><robndbox><cx>907.3358</cx><cy>550.0377</cy><w>40.8044</w><h>24.7458</h><angle>1.272297</angle></robndbox></object></annotation>