<annotation verified="no"><folder>images</folder><filename>46630486d</filename><path>/home/badhon/Documents/thesis/final_dataset/ethz_1/images/46630486d.jpg</path><source><database>Unknown</database></source><size><width>1024</width><height>1024</height><depth>3</depth></size><segmented>0</segmented><object><type>robndbox</type><name>wheat_head</name><pose>Unspecified</pose><truncated>0</truncated><difficult>0</difficult><robndbox><cx>980.3358</cx><cy>421.027</cy><w>92.3789</w><h>35.1252</h><angle>1.098045</angle></robndbox></object><object><type>robndbox</type><name>wheat_head</name><pose>Unspecified</pose><truncated>0</truncated><difficult>0</difficult><robndbox><cx>503.2159</cx><cy>575.5294</cy><w>97.3932</w><h>30.7963</h><angle>1.118732</angle></robndbox></object><object><type>robndbox</type><name>wheat_head</name><pose>Unspecified</pose><truncated>0</truncated><difficult>0</difficult><robndbox><cx>862.7775</cx><cy>976.8921</cy><w>96.6648</w><h>35.8214</h><angle>0.583141</angle></robndbox></object><object><type>robndbox</type><name>wheat_head</name><pose>Unspecified</pose><truncated>0</truncated><difficult>0</difficult><robndbox><cx>863.4042</cx><cy>247.8494</cy><w>85.6742</w><h>36.795</h><angle>0.975946</angle></robndbox></object><object><type>robndbox</type><name>wheat_head</name><pose>Unspecified</pose><truncated>0</truncated><difficult>0</difficult><robndbox><cx>688.5725</cx><cy>596.1389</cy><w>106.7874</w><h>39.523</h><angle>0.359772</angle></robndbox></object><object><type>robndbox</type><name>wheat_head</name><pose>Unspecified</pose><truncated>0</truncated><difficult>0</difficult><robndbox><cx>623.9868</cx><cy>430.7436</cy><w>86.051</w><h>36.9859</h><angle>0.662617</angle></robndbox></object><object><type>robndbox</type><name>wheat_head</name><pose>Unspecified</pose><truncated>0</truncated><difficult>0</difficult><robndbox><cx>826.5061</cx><cy>498.382</cy><w>63.6585</w><h>36.9796</h><angle>0.923887</angle></robndbox></object><object><type>robndbox</type><name>wheat_head</name><pose>Unspecified</pose><truncated>0</truncated><difficult>0</difficult><robndbox><cx>102.0452</cx><cy>539.7627</cy><w>71.729</w><h>31.1792</h><angle>1.82091</angle></robndbox></object><object><type>robndbox</type><name>wheat_head</name><pose>Unspecified</pose><truncated>0</truncated><difficult>0</difficult><robndbox><cx>668.9404</cx><cy>831.113</cy><w>87.0212</w><h>38.4155</h><angle>0.600756</angle></robndbox></object><object><type>robndbox</type><name>wheat_head</name><pose>Unspecified</pose><truncated>0</truncated><difficult>0</difficult><robndbox><cx>187.9626</cx><cy>164.843</cy><w>60.1932</w><h>34.9207</h><angle>0.927881</angle></robndbox></object><object><type>robndbox</type><name>wheat_head</name><pose>Unspecified</pose><truncated>0</truncated><difficult>0</difficult><robndbox><cx>669.7259</cx><cy>101.9988</cy><w>77.7742</w><h>34.8826</h><angle>1.430458</angle></robndbox></object><object><type>robndbox</type><name>wheat_head</name><pose>Unspecified</pose><truncated>0</truncated><difficult>0</difficult><robndbox><cx>369.6769</cx><cy>148.4278</cy><w>59.7758</w><h>35.6832</h><angle>0.949367</angle></robndbox></object><object><type>robndbox</type><name>wheat_head</name><pose>Unspecified</pose><truncated>0</truncated><difficult>0</difficult><robndbox><cx>520.2598</cx><cy>446.6146</cy><w>91.6871</w><h>40.1067</h><angle>0.873802</angle></robndbox></object><object><type>robndbox</type><name>wheat_head</name><pose>Unspecified</pose><truncated>0</truncated><difficult>0</difficult><robndbox><cx>534.5689</cx><cy>793.9232</cy><w>67.2489</w><h>24.942</h><angle>1.217513</angle></robndbox></object><object><type>robndbox</type><name>wheat_head</name><pose>Unspecified</pose><truncated>0</truncated><difficult>0</difficult><robndbox><cx>259.0316</cx><cy>588.1541</cy><w>54.9189</w><h>31.1022</h><angle>0.596435</angle></robndbox></object><object><type>robndbox</type><name>wheat_head</name><pose>Unspecified</pose><truncated>0</truncated><difficult>0</difficult><robndbox><cx>39.4341</cx><cy>330.7606</cy><w>58.7741</w><h>36.5734</h><angle>0.626327</angle></robndbox></object><object><type>robndbox</type><name>wheat_head</name><pose>Unspecified</pose><truncated>0</truncated><difficult>0</difficult><robndbox><cx>493.8394</cx><cy>806.9295</cy><w>69.8484</w><h>34.874</h><angle>0.933541</angle></robndbox></object><object><type>robndbox</type><name>wheat_head</name><pose>Unspecified</pose><truncated>0</truncated><difficult>0</difficult><robndbox><cx>941.6401</cx><cy>559.7545</cy><w>50.2322</w><h>45.5261</h><angle>0.441018</angle></robndbox></object><object><type>robndbox</type><name>wheat_head</name><pose>Unspecified</pose><truncated>0</truncated><difficult>0</difficult><robndbox><cx>328.327</cx><cy>221.3514</cy><w>54.753</w><h>31.8231</h><angle>1.332365</angle></robndbox></object><object><type>robndbox</type><name>wheat_head</name><pose>Unspecified</pose><truncated>0</truncated><difficult>0</difficult><robndbox><cx>747.8551</cx><cy>771.0876</cy><w>54.1662</w><h>31.9441</h><angle>1.317051</angle></robndbox></object><object><type>robndbox</type><name>wheat_head</name><pose>Unspecified</pose><truncated>0</truncated><difficult>0</difficult><robndbox><cx>622.0406</cx><cy>264.4149</cy><w>59.6552</w><h>32.8268</h><angle>1.396571</angle></robndbox></object><object><type>robndbox</type><name>wheat_head</name><pose>Unspecified</pose><truncated>0</truncated><difficult>0</difficult><robndbox><cx>438.277</cx><cy>576.5024</cy><w>44.454</w><h>30.6568</h><angle>1.803757</angle></robndbox></object><object><type>robndbox</type><name>wheat_head</name><pose>Unspecified</pose><truncated>0</truncated><difficult>0</difficult><robndbox><cx>450.3259</cx><cy>528.0872</cy><w>69.3351</w><h>24.3223</h><angle>3.071715</angle></robndbox></object><object><type>robndbox</type><name>wheat_head</name><pose>Unspecified</pose><truncated>0</truncated><difficult>0</difficult><robndbox><cx>20.3481</cx><cy>704.961</cy><w>40.3559</w><h>36.7044</h><angle>1.443491</angle></robndbox></object><object><type>robndbox</type><name>wheat_head</name><pose>Unspecified</pose><truncated>0</truncated><difficult>0</difficult><robndbox><cx>428.7902</cx><cy>454.3144</cy><w>67.1235</w><h>30.5781</h><angle>0.319547</angle></robndbox></object><object><type>robndbox</type><name>wheat_head</name><pose>Unspecified</pose><truncated>0</truncated><difficult>0</difficult><robndbox><cx>708.0026</cx><cy>299.7286</cy><w>46.4809</w><h>27.5004</h><angle>0.485254</angle></robndbox></object><object><type>robndbox</type><name>wheat_head</name><pose>Unspecified</pose><truncated>0</truncated><difficult>0</difficult><robndbox><cx>395.82</cx><cy>284.5604</cy><w>56.0552</w><h>28.2869</h><angle>0.378545</angle></robndbox></object><object><type>robndbox</type><name>wheat_head</name><pose>Unspecified</pose><truncated>0</truncated><difficult>0</difficult><robndbox><cx>186.0224</cx><cy>792.6451</cy><w>57.1002</w><h>35.1693</h><angle>0.912827</angle></robndbox></object><object><type>robndbox</type><name>wheat_head</name><pose>Unspecified</pose><truncated>0</truncated><difficult>0</difficult><robndbox><cx>192.2871</cx><cy>636.7055</cy><w>102.0162</w><h>33.7475</h><angle>3.021129</angle></robndbox></object><object><type>robndbox</type><name>wheat_head</name><pose>Unspecified</pose><truncated>0</truncated><difficult>0</difficult><robndbox><cx>780.0055</cx><cy>567.7394</cy><w>42.5872</w><h>30.0819</h><angle>1.537796</angle></robndbox></object><object><type>robndbox</type><name>wheat_head</name><pose>Unspecified</pose><truncated>0</truncated><difficult>0</difficult><robndbox><cx>337.134</cx><cy>843.789</cy><w>41.1697</w><h>31.1958</h><angle>0.562193</angle></robndbox></object><object><type>robndbox</type><name>wheat_head</name><pose>Unspecified</pose><truncated>0</truncated><difficult>0</difficult><robndbox><cx>488.9341</cx><cy>915.3004</cy><w>94.9871</w><h>28.8396</h><angle>0.240916</angle></robndbox></object><object><type>robndbox</type><name>wheat_head</name><pose>Unspecified</pose><truncated>0</truncated><difficult>0</difficult><robndbox><cx>454.9998</cx><cy>149.7138</cy><w>52.855</w><h>31.0528</h><angle>1.39767</angle></robndbox></object><object><type>robndbox</type><name>wheat_head</name><pose>Unspecified</pose><truncated>0</truncated><difficult>0</difficult><robndbox><cx>196.2983</cx><cy>246.8509</cy><w>67.6168</w><h>29.5649</h><angle>3.013596</angle></robndbox></object><object><type>robndbox</type><name>wheat_head</name><pose>Unspecified</pose><truncated>0</truncated><difficult>0</difficult><robndbox><cx>307.3013</cx><cy>418.5899</cy><w>48.0174</w><h>27.5204</h><angle>0.929552</angle></robndbox></object><object><type>robndbox</type><name>wheat_head</name><pose>Unspecified</pose><truncated>0</truncated><difficult>0</difficult><robndbox><cx>545.5053</cx><cy>977.9724</cy><w>48.925</w><h>28.2013</h><angle>0.152294</angle></robndbox></object><object><type>robndbox</type><name>wheat_head</name><pose>Unspecified</pose><truncated>0</truncated><difficult>0</difficult><robndbox><cx>417.7494</cx><cy>489.3339</cy><w>70.1348</w><h>34.7135</h><angle>2.949682</angle></robndbox></object><object><type>robndbox</type><name>wheat_head</name><pose>Unspecified</pose><truncated>0</truncated><difficult>0</difficult><robndbox><cx>413.0</cx><cy>163.5</cy><w>39.1591</w><h>34.0184</h><angle>1.303696</angle></robndbox></object><object><type>robndbox</type><name>wheat_head</name><pose>Unspecified</pose><truncated>0</truncated><difficult>0</difficult><robndbox><cx>604.1417</cx><cy>819.9952</cy><w>60.5985</w><h>33.5373</h><angle>0.59032</angle></robndbox></object><object><type>robndbox</type><name>wheat_head</name><pose>Unspecified</pose><truncated>0</truncated><difficult>0</difficult><robndbox><cx>132.1381</cx><cy>591.3955</cy><w>41.3089</w><h>23.7958</h><angle>0.665004</angle></robndbox></object><object><type>robndbox</type><name>wheat_head</name><pose>Unspecified</pose><truncated>0</truncated><difficult>0</difficult><robndbox><cx>135.2734</cx><cy>471.858</cy><w>32.712</w><h>24.0554</h><angle>0.178097</angle></robndbox></object><object><type>robndbox</type><name>wheat_head</name><pose>Unspecified</pose><truncated>0</truncated><difficult>0</difficult><robndbox><cx>386.8077</cx><cy>318.7312</cy><w>42.4309</w><h>32.1123</h><angle>0.778545</angle></robndbox></object><object><type>robndbox</type><name>wheat_head</name><pose>Unspecified</pose><truncated>0</truncated><difficult>0</difficult><robndbox><cx>173.9818</cx><cy>305.8493</cy><w>40.4412</w><h>19.9311</h><angle>3.092931</angle></robndbox></object><object><type>robndbox</type><name>wheat_head</name><pose>Unspecified</pose><truncated>0</truncated><difficult>0</difficult><robndbox><cx>257.5204</cx><cy>154.4255</cy><w>49.3118</w><h>32.0861</h><angle>2.001449</angle></robndbox></object><object><type>robndbox</type><name>wheat_head</name><pose>Unspecified</pose><truncated>0</truncated><difficult>0</difficult><robndbox><cx>263.2998</cx><cy>296.8955</cy><w>46.9458</w><h>34.4091</h><angle>0.04517</angle></robndbox></object><object><type>robndbox</type><name>wheat_head</name><pose>Unspecified</pose><truncated>0</truncated><difficult>0</difficult><robndbox><cx>863.0</cx><cy>1010.0</cy><w>28.0099</w><h>26.4037</h><angle>1.544166</angle></robndbox></object><object><type>robndbox</type><name>wheat_head</name><pose>Unspecified</pose><truncated>0</truncated><difficult>0</difficult><robndbox><cx>293.8342</cx><cy>52.783</cy><w>43.1519</w><h>26.7032</h><angle>0.07026</angle></robndbox></object><object><type>robndbox</type><name>wheat_head</name><pose>Unspecified</pose><truncated>0</truncated><difficult>0</difficult><robndbox><cx>662.8534</cx><cy>899.7453</cy><w>58.1495</w><h>28.5372</h><angle>0.535902</angle></robndbox></object><object><type>robndbox</type><name>wheat_head</name><pose>Unspecified</pose><truncated>0</truncated><difficult>0</difficult><robndbox><cx>337.8013</cx><cy>461.0899</cy><w>65.4215</w><h>29.2812</h><angle>0.929552</angle></robndbox></object><object><type>robndbox</type><name>wheat_head</name><pose>Unspecified</pose><truncated>0</truncated><difficult>0</difficult><robndbox><cx>69.658</cx><cy>754.8961</cy><w>36.8099</w><h>26.4554</h><angle>1.033278</angle></robndbox></object><object><type>robndbox</type><name>wheat_head</name><pose>Unspecified</pose><truncated>0</truncated><difficult>0</difficult><robndbox><cx>828.4924</cx><cy>916.0397</cy><w>32.3792</w><h>27.4049</h><angle>0.210054</angle></robndbox></object><object><type>robndbox</type><name>wheat_head</name><pose>Unspecified</pose><truncated>0</truncated><difficult>0</difficult><robndbox><cx>179.5</cx><cy>554.0</cy><w>31.8606</w><h>28.126</h><angle>0.232952</angle></robndbox></object><object><type>robndbox</type><name>wheat_head</name><pose>Unspecified</pose><truncated>0</truncated><difficult>0</difficult><robndbox><cx>212.8503</cx><cy>861.7725</cy><w>38.4413</w><h>28.2725</h><angle>0.135663</angle></robndbox></object><object><type>robndbox</type><name>wheat_head</name><pose>Unspecified</pose><truncated>0</truncated><difficult>0</difficult><robndbox><cx>387.2017</cx><cy>530.8934</cy><w>41.7808</w><h>27.4186</h><angle>0.173598</angle></robndbox></object><object><type>robndbox</type><name>wheat_head</name><pose>Unspecified</pose><truncated>0</truncated><difficult>0</difficult><robndbox><cx>844.9721</cx><cy>265.0497</cy><w>42.1095</w><h>27.2041</h><angle>0.630771</angle></robndbox></object><object><type>robndbox</type><name>wheat_head</name><pose>Unspecified</pose><truncated>0</truncated><difficult>0</difficult><robndbox><cx>515.3916</cx><cy>870.7242</cy><w>47.4481</w><h>32.75</h><angle>1.991427</angle></robndbox></object><object><type>robndbox</type><name>wheat_head</name><pose>Unspecified</pose><truncated>0</truncated><difficult>0</difficult><robndbox><cx>1011.1566</cx><cy>799.3451</cy><w>72.5672</w><h>24.9329</h><angle>1.36259</angle></robndbox></object><object><type>robndbox</type><name>wheat_head</name><pose>Unspecified</pose><truncated>0</truncated><difficult>0</difficult><robndbox><cx>998.1461</cx><cy>831.4748</cy><w>46.6154</w><h>16.5878</h><angle>0.953041</angle></robndbox></object><object><type>robndbox</type><name>wheat_head</name><pose>Unspecified</pose><truncated>0</truncated><difficult>0</difficult><robndbox><cx>148.0847</cx><cy>560.0145</cy><w>60.9262</w><h>26.3594</h><angle>0.404892</angle></robndbox></object><object><type>robndbox</type><name>wheat_head</name><pose>Unspecified</pose><truncated>0</truncated><difficult>0</difficult><robndbox><cx>409.8709</cx><cy>417.9517</cy><w>30.8058</w><h>30.5069</h><angle>0.946773</angle></robndbox></object></annotation>