<annotation verified="no"><folder>images</folder><filename>466a4369a</filename><path>/home/badhon/Documents/thesis/final_dataset/ethz_1/images/466a4369a.jpg</path><source><database>Unknown</database></source><size><width>1024</width><height>1024</height><depth>3</depth></size><segmented>0</segmented><object><type>robndbox</type><name>wheat_head</name><pose>Unspecified</pose><truncated>0</truncated><difficult>0</difficult><robndbox><cx>407.3308</cx><cy>116.8032</cy><w>70.5154</w><h>33.4885</h><angle>0.66496</angle></robndbox></object><object><type>robndbox</type><name>wheat_head</name><pose>Unspecified</pose><truncated>0</truncated><difficult>0</difficult><robndbox><cx>885.7117</cx><cy>414.2303</cy><w>81.303</w><h>36.7161</h><angle>0.696682</angle></robndbox></object><object><type>robndbox</type><name>wheat_head</name><pose>Unspecified</pose><truncated>0</truncated><difficult>0</difficult><robndbox><cx>603.8251</cx><cy>146.2911</cy><w>93.7307</w><h>38.7259</h><angle>0.690184</angle></robndbox></object><object><type>robndbox</type><name>wheat_head</name><pose>Unspecified</pose><truncated>0</truncated><difficult>0</difficult><robndbox><cx>473.0339</cx><cy>96.987</cy><w>116.2816</w><h>37.075</h><angle>0.665325</angle></robndbox></object><object><type>robndbox</type><name>wheat_head</name><pose>Unspecified</pose><truncated>0</truncated><difficult>0</difficult><robndbox><cx>198.6032</cx><cy>662.0037</cy><w>100.4763</w><h>42.2698</h><angle>0.625747</angle></robndbox></object><object><type>robndbox</type><name>wheat_head</name><pose>Unspecified</pose><truncated>0</truncated><difficult>0</difficult><robndbox><cx>759.0494</cx><cy>24.7541</cy><w>56.9989</w><h>36.6248</h><angle>0.959128</angle></robndbox></object><object><type>robndbox</type><name>wheat_head</name><pose>Unspecified</pose><truncated>0</truncated><difficult>0</difficult><robndbox><cx>645.103</cx><cy>528.1989</cy><w>71.1679</w><h>37.641</h><angle>0.660734</angle></robndbox></object><object><type>robndbox</type><name>wheat_head</name><pose>Unspecified</pose><truncated>0</truncated><difficult>0</difficult><robndbox><cx>595.2824</cx><cy>380.6617</cy><w>87.4383</w><h>34.7249</h><angle>0.646869</angle></robndbox></object><object><type>robndbox</type><name>wheat_head</name><pose>Unspecified</pose><truncated>0</truncated><difficult>0</difficult><robndbox><cx>931.9129</cx><cy>855.2739</cy><w>57.7167</w><h>32.4372</h><angle>1.085991</angle></robndbox></object><object><type>robndbox</type><name>wheat_head</name><pose>Unspecified</pose><truncated>0</truncated><difficult>0</difficult><robndbox><cx>17.0028</cx><cy>366.2853</cy><w>45.0055</w><h>28.348</h><angle>0.943867</angle></robndbox></object><object><type>robndbox</type><name>wheat_head</name><pose>Unspecified</pose><truncated>0</truncated><difficult>0</difficult><robndbox><cx>413.4345</cx><cy>987.9976</cy><w>64.2349</w><h>31.6959</h><angle>0.909525</angle></robndbox></object><object><type>robndbox</type><name>wheat_head</name><pose>Unspecified</pose><truncated>0</truncated><difficult>0</difficult><robndbox><cx>740.3427</cx><cy>378.9614</cy><w>62.1901</w><h>32.5353</h><angle>0.850205</angle></robndbox></object><object><type>robndbox</type><name>wheat_head</name><pose>Unspecified</pose><truncated>0</truncated><difficult>0</difficult><robndbox><cx>668.1728</cx><cy>117.1598</cy><w>57.2767</w><h>33.2467</h><angle>1.276044</angle></robndbox></object><object><type>robndbox</type><name>wheat_head</name><pose>Unspecified</pose><truncated>0</truncated><difficult>0</difficult><robndbox><cx>196.4297</cx><cy>336.5851</cy><w>49.2879</w><h>28.2793</h><angle>1.406038</angle></robndbox></object><object><type>robndbox</type><name>wheat_head</name><pose>Unspecified</pose><truncated>0</truncated><difficult>0</difficult><robndbox><cx>828.6548</cx><cy>931.0071</cy><w>58.8472</w><h>31.4503</h><angle>1.195962</angle></robndbox></object><object><type>robndbox</type><name>wheat_head</name><pose>Unspecified</pose><truncated>0</truncated><difficult>0</difficult><robndbox><cx>355.692</cx><cy>701.4631</cy><w>91.5184</w><h>34.1729</h><angle>0.564815</angle></robndbox></object><object><type>robndbox</type><name>wheat_head</name><pose>Unspecified</pose><truncated>0</truncated><difficult>0</difficult><robndbox><cx>854.4018</cx><cy>585.2708</cy><w>61.9013</w><h>34.7957</h><angle>1.044944</angle></robndbox></object><object><type>robndbox</type><name>wheat_head</name><pose>Unspecified</pose><truncated>0</truncated><difficult>0</difficult><robndbox><cx>350.3637</cx><cy>746.7321</cy><w>63.7867</w><h>24.867</h><angle>1.135307</angle></robndbox></object><object><type>robndbox</type><name>wheat_head</name><pose>Unspecified</pose><truncated>0</truncated><difficult>0</difficult><robndbox><cx>149.0564</cx><cy>22.8002</cy><w>61.3729</w><h>31.766</h><angle>0.882836</angle></robndbox></object><object><type>robndbox</type><name>wheat_head</name><pose>Unspecified</pose><truncated>0</truncated><difficult>0</difficult><robndbox><cx>993.7439</cx><cy>186.3423</cy><w>74.2974</w><h>30.9283</h><angle>1.116635</angle></robndbox></object><object><type>robndbox</type><name>wheat_head</name><pose>Unspecified</pose><truncated>0</truncated><difficult>0</difficult><robndbox><cx>870.6591</cx><cy>31.5472</cy><w>65.7289</w><h>33.4273</h><angle>1.00975</angle></robndbox></object><object><type>robndbox</type><name>wheat_head</name><pose>Unspecified</pose><truncated>0</truncated><difficult>0</difficult><robndbox><cx>879.4171</cx><cy>844.7121</cy><w>52.9008</w><h>27.5908</h><angle>1.162335</angle></robndbox></object><object><type>robndbox</type><name>wheat_head</name><pose>Unspecified</pose><truncated>0</truncated><difficult>0</difficult><robndbox><cx>571.8968</cx><cy>15.6973</cy><w>43.9117</w><h>33.7632</h><angle>1.126124</angle></robndbox></object><object><type>robndbox</type><name>wheat_head</name><pose>Unspecified</pose><truncated>0</truncated><difficult>0</difficult><robndbox><cx>173.0572</cx><cy>406.5456</cy><w>68.1062</w><h>36.1003</h><angle>0.633211</angle></robndbox></object><object><type>robndbox</type><name>wheat_head</name><pose>Unspecified</pose><truncated>0</truncated><difficult>0</difficult><robndbox><cx>132.7389</cx><cy>445.7934</cy><w>76.4043</w><h>34.5228</h><angle>0.327968</angle></robndbox></object><object><type>robndbox</type><name>wheat_head</name><pose>Unspecified</pose><truncated>0</truncated><difficult>0</difficult><robndbox><cx>674.4813</cx><cy>429.456</cy><w>52.4604</w><h>30.4396</h><angle>2.145056</angle></robndbox></object><object><type>robndbox</type><name>wheat_head</name><pose>Unspecified</pose><truncated>0</truncated><difficult>0</difficult><robndbox><cx>798.2614</cx><cy>775.767</cy><w>69.6694</w><h>31.5901</h><angle>0.485321</angle></robndbox></object><object><type>robndbox</type><name>wheat_head</name><pose>Unspecified</pose><truncated>0</truncated><difficult>0</difficult><robndbox><cx>740.5486</cx><cy>828.6991</cy><w>93.4555</w><h>37.6092</h><angle>0.22154</angle></robndbox></object><object><type>robndbox</type><name>wheat_head</name><pose>Unspecified</pose><truncated>0</truncated><difficult>0</difficult><robndbox><cx>342.7482</cx><cy>906.449</cy><w>55.1318</w><h>33.7062</h><angle>0.578676</angle></robndbox></object><object><type>robndbox</type><name>wheat_head</name><pose>Unspecified</pose><truncated>0</truncated><difficult>0</difficult><robndbox><cx>644.729</cx><cy>976.7786</cy><w>55.5567</w><h>35.4535</h><angle>0.707884</angle></robndbox></object><object><type>robndbox</type><name>wheat_head</name><pose>Unspecified</pose><truncated>0</truncated><difficult>0</difficult><robndbox><cx>447.2435</cx><cy>831.397</cy><w>71.7516</w><h>29.8235</h><angle>0.386547</angle></robndbox></object><object><type>robndbox</type><name>wheat_head</name><pose>Unspecified</pose><truncated>0</truncated><difficult>0</difficult><robndbox><cx>917.3171</cx><cy>242.0325</cy><w>57.9854</w><h>30.3645</h><angle>0.513601</angle></robndbox></object><object><type>robndbox</type><name>wheat_head</name><pose>Unspecified</pose><truncated>0</truncated><difficult>0</difficult><robndbox><cx>477.7493</cx><cy>557.1135</cy><w>42.7401</w><h>28.9654</h><angle>0.976179</angle></robndbox></object><object><type>robndbox</type><name>wheat_head</name><pose>Unspecified</pose><truncated>0</truncated><difficult>0</difficult><robndbox><cx>545.1669</cx><cy>754.7382</cy><w>60.1603</w><h>35.6191</h><angle>0.497235</angle></robndbox></object><object><type>robndbox</type><name>wheat_head</name><pose>Unspecified</pose><truncated>0</truncated><difficult>0</difficult><robndbox><cx>303.8821</cx><cy>106.7969</cy><w>50.3179</w><h>29.4977</h><angle>0.686713</angle></robndbox></object><object><type>robndbox</type><name>wheat_head</name><pose>Unspecified</pose><truncated>0</truncated><difficult>0</difficult><robndbox><cx>630.1187</cx><cy>360.5135</cy><w>36.0576</w><h>29.8784</h><angle>1.150136</angle></robndbox></object><object><type>robndbox</type><name>wheat_head</name><pose>Unspecified</pose><truncated>0</truncated><difficult>0</difficult><robndbox><cx>981.77</cx><cy>367.4822</cy><w>42.4444</w><h>29.1307</h><angle>1.493862</angle></robndbox></object><object><type>robndbox</type><name>wheat_head</name><pose>Unspecified</pose><truncated>0</truncated><difficult>0</difficult><robndbox><cx>280.5244</cx><cy>229.7522</cy><w>57.3961</w><h>27.3676</h><angle>0.209627</angle></robndbox></object><object><type>robndbox</type><name>wheat_head</name><pose>Unspecified</pose><truncated>0</truncated><difficult>0</difficult><robndbox><cx>8.0</cx><cy>956.5</cy><w>28.3275</w><h>13.0038</h><angle>2.060366</angle></robndbox></object><object><type>robndbox</type><name>wheat_head</name><pose>Unspecified</pose><truncated>0</truncated><difficult>0</difficult><robndbox><cx>219.9798</cx><cy>193.6223</cy><w>53.3547</w><h>37.8974</h><angle>0.669252</angle></robndbox></object><object><type>robndbox</type><name>wheat_head</name><pose>Unspecified</pose><truncated>0</truncated><difficult>0</difficult><robndbox><cx>987.411</cx><cy>59.2213</cy><w>51.778</w><h>26.3722</h><angle>1.222742</angle></robndbox></object><object><type>robndbox</type><name>wheat_head</name><pose>Unspecified</pose><truncated>0</truncated><difficult>0</difficult><robndbox><cx>576.9041</cx><cy>828.3005</cy><w>38.3644</w><h>31.4908</h><angle>0.794091</angle></robndbox></object><object><type>robndbox</type><name>wheat_head</name><pose>Unspecified</pose><truncated>0</truncated><difficult>0</difficult><robndbox><cx>341.5122</cx><cy>480.0503</cy><w>88.7547</w><h>30.6401</h><angle>0.003833</angle></robndbox></object><object><type>robndbox</type><name>wheat_head</name><pose>Unspecified</pose><truncated>0</truncated><difficult>0</difficult><robndbox><cx>281.8753</cx><cy>530.7532</cy><w>62.2503</w><h>25.4016</h><angle>0.074934</angle></robndbox></object><object><type>robndbox</type><name>wheat_head</name><pose>Unspecified</pose><truncated>0</truncated><difficult>0</difficult><robndbox><cx>152.922</cx><cy>95.9617</cy><w>68.9754</w><h>29.1301</h><angle>1.91321</angle></robndbox></object><object><type>robndbox</type><name>wheat_head</name><pose>Unspecified</pose><truncated>0</truncated><difficult>0</difficult><robndbox><cx>66.5962</cx><cy>533.5776</cy><w>85.5476</w><h>32.3898</h><angle>0.483786</angle></robndbox></object><object><type>robndbox</type><name>wheat_head</name><pose>Unspecified</pose><truncated>0</truncated><difficult>0</difficult><robndbox><cx>540.4495</cx><cy>398.2967</cy><w>53.3788</w><h>28.4588</h><angle>0.743137</angle></robndbox></object><object><type>robndbox</type><name>wheat_head</name><pose>Unspecified</pose><truncated>0</truncated><difficult>0</difficult><robndbox><cx>125.5248</cx><cy>572.6152</cy><w>51.0326</w><h>32.2375</h><angle>0.586314</angle></robndbox></object><object><type>robndbox</type><name>wheat_head</name><pose>Unspecified</pose><truncated>0</truncated><difficult>0</difficult><robndbox><cx>737.6339</cx><cy>570.5515</cy><w>50.6162</w><h>32.4993</h><angle>0.175621</angle></robndbox></object><object><type>robndbox</type><name>wheat_head</name><pose>Unspecified</pose><truncated>0</truncated><difficult>0</difficult><robndbox><cx>1006.6509</cx><cy>98.9555</cy><w>32.8686</w><h>22.547</h><angle>1.722742</angle></robndbox></object><object><type>robndbox</type><name>wheat_head</name><pose>Unspecified</pose><truncated>0</truncated><difficult>0</difficult><robndbox><cx>878.0401</cx><cy>512.6549</cy><w>27.101</w><h>24.9923</h><angle>1.299248</angle></robndbox></object><object><type>robndbox</type><name>wheat_head</name><pose>Unspecified</pose><truncated>0</truncated><difficult>0</difficult><robndbox><cx>292.1434</cx><cy>816.0974</cy><w>80.1082</w><h>33.5518</h><angle>0.056445</angle></robndbox></object><object><type>robndbox</type><name>wheat_head</name><pose>Unspecified</pose><truncated>0</truncated><difficult>0</difficult><robndbox><cx>170.4671</cx><cy>866.684</cy><w>52.1024</w><h>28.6342</h><angle>2.967059</angle></robndbox></object><object><type>robndbox</type><name>wheat_head</name><pose>Unspecified</pose><truncated>0</truncated><difficult>0</difficult><robndbox><cx>532.3286</cx><cy>899.5686</cy><w>53.462</w><h>20.7856</h><angle>3.137878</angle></robndbox></object><object><type>robndbox</type><name>wheat_head</name><pose>Unspecified</pose><truncated>0</truncated><difficult>0</difficult><robndbox><cx>450.9315</cx><cy>890.9144</cy><w>38.2353</w><h>25.5327</h><angle>0.182355</angle></robndbox></object><object><type>robndbox</type><name>wheat_head</name><pose>Unspecified</pose><truncated>0</truncated><difficult>0</difficult><robndbox><cx>911.7693</cx><cy>294.3573</cy><w>42.2638</w><h>27.4808</h><angle>2.735074</angle></robndbox></object><object><type>robndbox</type><name>wheat_head</name><pose>Unspecified</pose><truncated>0</truncated><difficult>0</difficult><robndbox><cx>166.7022</cx><cy>897.2474</cy><w>32.526</w><h>19.0076</h><angle>0.992326</angle></robndbox></object><object><type>robndbox</type><name>wheat_head</name><pose>Unspecified</pose><truncated>0</truncated><difficult>0</difficult><robndbox><cx>533.2144</cx><cy>936.3802</cy><w>33.6207</w><h>29.0318</h><angle>0.163935</angle></robndbox></object><object><type>robndbox</type><name>wheat_head</name><pose>Unspecified</pose><truncated>0</truncated><difficult>0</difficult><robndbox><cx>777.6564</cx><cy>529.6418</cy><w>34.338</w><h>25.5987</h><angle>0.307388</angle></robndbox></object><object><type>robndbox</type><name>wheat_head</name><pose>Unspecified</pose><truncated>0</truncated><difficult>0</difficult><robndbox><cx>708.386</cx><cy>426.3475</cy><w>28.6988</w><h>24.7193</h><angle>1.547323</angle></robndbox></object><object><type>robndbox</type><name>wheat_head</name><pose>Unspecified</pose><truncated>0</truncated><difficult>0</difficult><robndbox><cx>977.1352</cx><cy>624.0976</cy><w>35.2662</w><h>25.812</h><angle>0.566713</angle></robndbox></object><object><type>robndbox</type><name>wheat_head</name><pose>Unspecified</pose><truncated>0</truncated><difficult>0</difficult><robndbox><cx>140.221</cx><cy>806.3255</cy><w>39.3307</w><h>32.4713</h><angle>1.467485</angle></robndbox></object><object><type>robndbox</type><name>wheat_head</name><pose>Unspecified</pose><truncated>0</truncated><difficult>0</difficult><robndbox><cx>824.3725</cx><cy>87.3436</cy><w>56.9484</w><h>28.3521</h><angle>0.33354</angle></robndbox></object><object><type>robndbox</type><name>wheat_head</name><pose>Unspecified</pose><truncated>0</truncated><difficult>0</difficult><robndbox><cx>686.2518</cx><cy>931.7422</cy><w>34.1574</w><h>25.8285</h><angle>0.088186</angle></robndbox></object><object><type>robndbox</type><name>wheat_head</name><pose>Unspecified</pose><truncated>0</truncated><difficult>0</difficult><robndbox><cx>165.5665</cx><cy>435.3458</cy><w>39.8497</w><h>28.2336</h><angle>1.164917</angle></robndbox></object><object><type>robndbox</type><name>wheat_head</name><pose>Unspecified</pose><truncated>0</truncated><difficult>0</difficult><robndbox><cx>896.3557</cx><cy>605.5909</cy><w>24.6982</w><h>18.5616</h><angle>0.554307</angle></robndbox></object><object><type>robndbox</type><name>wheat_head</name><pose>Unspecified</pose><truncated>0</truncated><difficult>0</difficult><robndbox><cx>92.0189</cx><cy>511.2101</cy><w>37.4433</w><h>22.5859</h><angle>0.59541</angle></robndbox></object></annotation>