<annotation verified="no"><folder>images</folder><filename>4676009a9</filename><path>/home/badhon/Documents/thesis/final_dataset/ethz_1/images/4676009a9.jpg</path><source><database>Unknown</database></source><size><width>1024</width><height>1024</height><depth>3</depth></size><segmented>0</segmented><object><type>robndbox</type><name>wheat_head</name><pose>Unspecified</pose><truncated>0</truncated><difficult>0</difficult><robndbox><cx>507.6509</cx><cy>141.7301</cy><w>86.9708</w><h>32.4705</h><angle>0.996655</angle></robndbox></object><object><type>robndbox</type><name>wheat_head</name><pose>Unspecified</pose><truncated>0</truncated><difficult>0</difficult><robndbox><cx>423.4245</cx><cy>403.6559</cy><w>104.6493</w><h>40.0153</h><angle>0.561422</angle></robndbox></object><object><type>robndbox</type><name>wheat_head</name><pose>Unspecified</pose><truncated>0</truncated><difficult>0</difficult><robndbox><cx>140.1951</cx><cy>505.4683</cy><w>104.2526</w><h>37.0742</h><angle>0.914898</angle></robndbox></object><object><type>robndbox</type><name>wheat_head</name><pose>Unspecified</pose><truncated>0</truncated><difficult>0</difficult><robndbox><cx>421.9087</cx><cy>45.331</cy><w>52.9976</w><h>28.2027</h><angle>1.10879</angle></robndbox></object><object><type>robndbox</type><name>wheat_head</name><pose>Unspecified</pose><truncated>0</truncated><difficult>0</difficult><robndbox><cx>309.8052</cx><cy>621.6047</cy><w>76.6857</w><h>35.4816</h><angle>1.067175</angle></robndbox></object><object><type>robndbox</type><name>wheat_head</name><pose>Unspecified</pose><truncated>0</truncated><difficult>0</difficult><robndbox><cx>388.9707</cx><cy>207.1741</cy><w>58.7585</w><h>32.8352</h><angle>0.995214</angle></robndbox></object><object><type>robndbox</type><name>wheat_head</name><pose>Unspecified</pose><truncated>0</truncated><difficult>0</difficult><robndbox><cx>165.6438</cx><cy>454.2613</cy><w>76.5424</w><h>28.8745</h><angle>1.134369</angle></robndbox></object><object><type>robndbox</type><name>wheat_head</name><pose>Unspecified</pose><truncated>0</truncated><difficult>0</difficult><robndbox><cx>467.5351</cx><cy>788.7687</cy><w>64.043</w><h>34.1647</h><angle>1.099383</angle></robndbox></object><object><type>robndbox</type><name>wheat_head</name><pose>Unspecified</pose><truncated>0</truncated><difficult>0</difficult><robndbox><cx>303.1127</cx><cy>497.6013</cy><w>70.1936</w><h>42.4487</h><angle>0.614554</angle></robndbox></object><object><type>robndbox</type><name>wheat_head</name><pose>Unspecified</pose><truncated>0</truncated><difficult>0</difficult><robndbox><cx>20.3938</cx><cy>660.2023</cy><w>41.639</w><h>32.6162</h><angle>0.249667</angle></robndbox></object><object><type>robndbox</type><name>wheat_head</name><pose>Unspecified</pose><truncated>0</truncated><difficult>0</difficult><robndbox><cx>155.8173</cx><cy>271.5815</cy><w>68.4022</w><h>36.0866</h><angle>0.609597</angle></robndbox></object><object><type>robndbox</type><name>wheat_head</name><pose>Unspecified</pose><truncated>0</truncated><difficult>0</difficult><robndbox><cx>738.9437</cx><cy>215.7053</cy><w>69.6897</w><h>35.9237</h><angle>1.171173</angle></robndbox></object><object><type>robndbox</type><name>wheat_head</name><pose>Unspecified</pose><truncated>0</truncated><difficult>0</difficult><robndbox><cx>167.2547</cx><cy>377.1941</cy><w>108.8153</w><h>44.5246</h><angle>0.642868</angle></robndbox></object><object><type>robndbox</type><name>wheat_head</name><pose>Unspecified</pose><truncated>0</truncated><difficult>0</difficult><robndbox><cx>543.4825</cx><cy>529.5338</cy><w>84.3613</w><h>36.7674</h><angle>1.359724</angle></robndbox></object><object><type>robndbox</type><name>wheat_head</name><pose>Unspecified</pose><truncated>0</truncated><difficult>0</difficult><robndbox><cx>990.2993</cx><cy>657.8277</cy><w>65.0064</w><h>32.8426</h><angle>0.923455</angle></robndbox></object><object><type>robndbox</type><name>wheat_head</name><pose>Unspecified</pose><truncated>0</truncated><difficult>0</difficult><robndbox><cx>989.6075</cx><cy>569.4762</cy><w>59.1592</w><h>37.2197</h><angle>0.517944</angle></robndbox></object><object><type>robndbox</type><name>wheat_head</name><pose>Unspecified</pose><truncated>0</truncated><difficult>0</difficult><robndbox><cx>209.487</cx><cy>994.2996</cy><w>74.227</w><h>32.4438</h><angle>0.375424</angle></robndbox></object><object><type>robndbox</type><name>wheat_head</name><pose>Unspecified</pose><truncated>0</truncated><difficult>0</difficult><robndbox><cx>183.7323</cx><cy>898.092</cy><w>170.3633</w><h>43.2188</h><angle>0.340854</angle></robndbox></object><object><type>robndbox</type><name>wheat_head</name><pose>Unspecified</pose><truncated>0</truncated><difficult>0</difficult><robndbox><cx>89.1096</cx><cy>79.2573</cy><w>141.2555</w><h>31.0725</h><angle>1.448235</angle></robndbox></object><object><type>robndbox</type><name>wheat_head</name><pose>Unspecified</pose><truncated>0</truncated><difficult>0</difficult><robndbox><cx>759.9858</cx><cy>514.6546</cy><w>104.9364</w><h>40.499</h><angle>1.766673</angle></robndbox></object><object><type>robndbox</type><name>wheat_head</name><pose>Unspecified</pose><truncated>0</truncated><difficult>0</difficult><robndbox><cx>908.2857</cx><cy>864.7696</cy><w>35.3506</w><h>32.3005</h><angle>2.724076</angle></robndbox></object><object><type>robndbox</type><name>wheat_head</name><pose>Unspecified</pose><truncated>0</truncated><difficult>0</difficult><robndbox><cx>274.2242</cx><cy>337.1299</cy><w>63.8636</w><h>34.7777</h><angle>0.910978</angle></robndbox></object><object><type>robndbox</type><name>wheat_head</name><pose>Unspecified</pose><truncated>0</truncated><difficult>0</difficult><robndbox><cx>907.5399</cx><cy>413.1819</cy><w>75.8335</w><h>32.3241</h><angle>1.716366</angle></robndbox></object><object><type>robndbox</type><name>wheat_head</name><pose>Unspecified</pose><truncated>0</truncated><difficult>0</difficult><robndbox><cx>798.5539</cx><cy>564.96</cy><w>43.9077</w><h>34.2161</h><angle>1.883731</angle></robndbox></object><object><type>robndbox</type><name>wheat_head</name><pose>Unspecified</pose><truncated>0</truncated><difficult>0</difficult><robndbox><cx>920.6788</cx><cy>278.261</cy><w>87.0338</w><h>39.8782</h><angle>0.447859</angle></robndbox></object><object><type>robndbox</type><name>wheat_head</name><pose>Unspecified</pose><truncated>0</truncated><difficult>0</difficult><robndbox><cx>703.4566</cx><cy>923.2466</cy><w>62.2555</w><h>33.5214</h><angle>1.289333</angle></robndbox></object><object><type>robndbox</type><name>wheat_head</name><pose>Unspecified</pose><truncated>0</truncated><difficult>0</difficult><robndbox><cx>344.9677</cx><cy>308.9376</cy><w>47.3238</w><h>33.1502</h><angle>0.995602</angle></robndbox></object><object><type>robndbox</type><name>wheat_head</name><pose>Unspecified</pose><truncated>0</truncated><difficult>0</difficult><robndbox><cx>706.7197</cx><cy>523.4874</cy><w>46.6455</w><h>22.1833</h><angle>1.242395</angle></robndbox></object><object><type>robndbox</type><name>wheat_head</name><pose>Unspecified</pose><truncated>0</truncated><difficult>0</difficult><robndbox><cx>85.6629</cx><cy>563.4374</cy><w>110.9478</w><h>44.4716</h><angle>0.654552</angle></robndbox></object><object><type>robndbox</type><name>wheat_head</name><pose>Unspecified</pose><truncated>0</truncated><difficult>0</difficult><robndbox><cx>452.9109</cx><cy>332.3326</cy><w>50.1749</w><h>31.139</h><angle>1.147521</angle></robndbox></object><object><type>robndbox</type><name>wheat_head</name><pose>Unspecified</pose><truncated>0</truncated><difficult>0</difficult><robndbox><cx>951.5841</cx><cy>825.6843</cy><w>81.8888</w><h>38.1235</h><angle>0.398071</angle></robndbox></object><object><type>robndbox</type><name>wheat_head</name><pose>Unspecified</pose><truncated>0</truncated><difficult>0</difficult><robndbox><cx>426.6966</cx><cy>925.0322</cy><w>45.6251</w><h>32.1591</h><angle>0.958056</angle></robndbox></object><object><type>robndbox</type><name>wheat_head</name><pose>Unspecified</pose><truncated>0</truncated><difficult>0</difficult><robndbox><cx>984.7986</cx><cy>9.0773</cy><w>56.1306</w><h>24.1162</h><angle>0.200416</angle></robndbox></object><object><type>robndbox</type><name>wheat_head</name><pose>Unspecified</pose><truncated>0</truncated><difficult>0</difficult><robndbox><cx>546.6025</cx><cy>378.2905</cy><w>43.7178</w><h>34.4475</h><angle>0.444867</angle></robndbox></object><object><type>robndbox</type><name>wheat_head</name><pose>Unspecified</pose><truncated>0</truncated><difficult>0</difficult><robndbox><cx>587.4283</cx><cy>1006.9916</cy><w>40.5707</w><h>28.748</h><angle>0.083112</angle></robndbox></object><object><type>robndbox</type><name>wheat_head</name><pose>Unspecified</pose><truncated>0</truncated><difficult>0</difficult><robndbox><cx>605.3076</cx><cy>177.6565</cy><w>79.2667</w><h>38.3995</h><angle>0.370257</angle></robndbox></object><object><type>robndbox</type><name>wheat_head</name><pose>Unspecified</pose><truncated>0</truncated><difficult>0</difficult><robndbox><cx>226.5825</cx><cy>672.1437</cy><w>50.3804</w><h>31.493</h><angle>1.213102</angle></robndbox></object><object><type>robndbox</type><name>wheat_head</name><pose>Unspecified</pose><truncated>0</truncated><difficult>0</difficult><robndbox><cx>474.9817</cx><cy>947.4918</cy><w>48.8608</w><h>31.8107</h><angle>0.429868</angle></robndbox></object><object><type>robndbox</type><name>wheat_head</name><pose>Unspecified</pose><truncated>0</truncated><difficult>0</difficult><robndbox><cx>605.3076</cx><cy>177.6565</cy><w>79.2667</w><h>38.3995</h><angle>0.370257</angle></robndbox></object><object><type>robndbox</type><name>wheat_head</name><pose>Unspecified</pose><truncated>0</truncated><difficult>0</difficult><robndbox><cx>938.2857</cx><cy>916.2696</cy><w>78.8155</w><h>34.1861</h><angle>1.05328</angle></robndbox></object><object><type>robndbox</type><name>wheat_head</name><pose>Unspecified</pose><truncated>0</truncated><difficult>0</difficult><robndbox><cx>11.5</cx><cy>178.5</cy><w>24.2275</w><h>15.7038</h><angle>2.82191</angle></robndbox></object><object><type>robndbox</type><name>wheat_head</name><pose>Unspecified</pose><truncated>0</truncated><difficult>0</difficult><robndbox><cx>280.6378</cx><cy>713.7051</cy><w>37.4506</w><h>32.987</h><angle>0.226107</angle></robndbox></object><object><type>robndbox</type><name>wheat_head</name><pose>Unspecified</pose><truncated>0</truncated><difficult>0</difficult><robndbox><cx>729.2715</cx><cy>483.8773</cy><w>52.2589</w><h>24.4554</h><angle>1.180431</angle></robndbox></object><object><type>robndbox</type><name>wheat_head</name><pose>Unspecified</pose><truncated>0</truncated><difficult>0</difficult><robndbox><cx>638.7123</cx><cy>876.0173</cy><w>47.1539</w><h>33.0245</h><angle>0.457443</angle></robndbox></object><object><type>robndbox</type><name>wheat_head</name><pose>Unspecified</pose><truncated>0</truncated><difficult>0</difficult><robndbox><cx>500.4777</cx><cy>638.2794</cy><w>52.4027</w><h>36.1917</h><angle>0.277726</angle></robndbox></object><object><type>robndbox</type><name>wheat_head</name><pose>Unspecified</pose><truncated>0</truncated><difficult>0</difficult><robndbox><cx>371.4093</cx><cy>692.9724</cy><w>36.6582</w><h>30.2705</h><angle>0.634199</angle></robndbox></object><object><type>robndbox</type><name>wheat_head</name><pose>Unspecified</pose><truncated>0</truncated><difficult>0</difficult><robndbox><cx>350.1833</cx><cy>994.556</cy><w>37.037</w><h>33.324</h><angle>0.040158</angle></robndbox></object><object><type>robndbox</type><name>wheat_head</name><pose>Unspecified</pose><truncated>0</truncated><difficult>0</difficult><robndbox><cx>27.8182</cx><cy>520.6063</cy><w>49.8614</w><h>28.836</h><angle>0.786142</angle></robndbox></object><object><type>robndbox</type><name>wheat_head</name><pose>Unspecified</pose><truncated>0</truncated><difficult>0</difficult><robndbox><cx>349.4478</cx><cy>871.0518</cy><w>39.1681</w><h>33.3793</h><angle>0.696076</angle></robndbox></object><object><type>robndbox</type><name>wheat_head</name><pose>Unspecified</pose><truncated>0</truncated><difficult>0</difficult><robndbox><cx>721.6862</cx><cy>598.1643</cy><w>37.1882</w><h>31.917</h><angle>1.969665</angle></robndbox></object><object><type>robndbox</type><name>wheat_head</name><pose>Unspecified</pose><truncated>0</truncated><difficult>0</difficult><robndbox><cx>1011.4411</cx><cy>74.3373</cy><w>45.5587</w><h>23.6399</h><angle>1.843796</angle></robndbox></object><object><type>robndbox</type><name>wheat_head</name><pose>Unspecified</pose><truncated>0</truncated><difficult>0</difficult><robndbox><cx>1004.5133</cx><cy>544.6854</cy><w>39.2198</w><h>31.95</h><angle>1.721235</angle></robndbox></object><object><type>robndbox</type><name>wheat_head</name><pose>Unspecified</pose><truncated>0</truncated><difficult>0</difficult><robndbox><cx>800.7191</cx><cy>1000.4855</cy><w>44.9294</w><h>31.1377</h><angle>0.561929</angle></robndbox></object><object><type>robndbox</type><name>wheat_head</name><pose>Unspecified</pose><truncated>0</truncated><difficult>0</difficult><robndbox><cx>867.1086</cx><cy>678.6081</cy><w>47.8017</w><h>38.2227</h><angle>0.118927</angle></robndbox></object></annotation>