<annotation verified="no"><folder>images</folder><filename>49fbdf27c</filename><path>/home/badhon/Documents/thesis/final_dataset/ethz_1/images/49fbdf27c.jpg</path><source><database>Unknown</database></source><size><width>1024</width><height>1024</height><depth>3</depth></size><segmented>0</segmented><object><type>robndbox</type><name>wheat_head</name><pose>Unspecified</pose><truncated>0</truncated><difficult>0</difficult><robndbox><cx>293.2709</cx><cy>354.8049</cy><w>71.2196</w><h>26.0903</h><angle>1.115859</angle></robndbox></object><object><type>robndbox</type><name>wheat_head</name><pose>Unspecified</pose><truncated>0</truncated><difficult>0</difficult><robndbox><cx>725.6142</cx><cy>463.0987</cy><w>109.398</w><h>33.6585</h><angle>2.080129</angle></robndbox></object><object><type>robndbox</type><name>wheat_head</name><pose>Unspecified</pose><truncated>0</truncated><difficult>0</difficult><robndbox><cx>199.1906</cx><cy>266.9247</cy><w>79.9188</w><h>27.9228</h><angle>0.914412</angle></robndbox></object><object><type>robndbox</type><name>wheat_head</name><pose>Unspecified</pose><truncated>0</truncated><difficult>0</difficult><robndbox><cx>535.7154</cx><cy>862.4934</cy><w>71.5809</w><h>35.5455</h><angle>0.968812</angle></robndbox></object><object><type>robndbox</type><name>wheat_head</name><pose>Unspecified</pose><truncated>0</truncated><difficult>0</difficult><robndbox><cx>990.826</cx><cy>66.4334</cy><w>68.6294</w><h>34.4144</h><angle>1.112808</angle></robndbox></object><object><type>robndbox</type><name>wheat_head</name><pose>Unspecified</pose><truncated>0</truncated><difficult>0</difficult><robndbox><cx>328.8922</cx><cy>966.2644</cy><w>63.2978</w><h>37.3874</h><angle>0.985061</angle></robndbox></object><object><type>robndbox</type><name>wheat_head</name><pose>Unspecified</pose><truncated>0</truncated><difficult>0</difficult><robndbox><cx>545.5952</cx><cy>231.256</cy><w>87.8082</w><h>36.4964</h><angle>1.299408</angle></robndbox></object><object><type>robndbox</type><name>wheat_head</name><pose>Unspecified</pose><truncated>0</truncated><difficult>0</difficult><robndbox><cx>20.5952</cx><cy>274.4362</cy><w>63.2742</w><h>31.9008</h><angle>1.085064</angle></robndbox></object><object><type>robndbox</type><name>wheat_head</name><pose>Unspecified</pose><truncated>0</truncated><difficult>0</difficult><robndbox><cx>195.5704</cx><cy>607.8383</cy><w>73.2739</w><h>27.5831</h><angle>0.759416</angle></robndbox></object><object><type>robndbox</type><name>wheat_head</name><pose>Unspecified</pose><truncated>0</truncated><difficult>0</difficult><robndbox><cx>380.7289</cx><cy>69.6862</cy><w>73.1412</w><h>30.1379</h><angle>0.901952</angle></robndbox></object><object><type>robndbox</type><name>wheat_head</name><pose>Unspecified</pose><truncated>0</truncated><difficult>0</difficult><robndbox><cx>809.5942</cx><cy>73.2684</cy><w>72.1526</w><h>34.0586</h><angle>0.908386</angle></robndbox></object><object><type>robndbox</type><name>wheat_head</name><pose>Unspecified</pose><truncated>0</truncated><difficult>0</difficult><robndbox><cx>421.7546</cx><cy>320.2821</cy><w>101.7247</w><h>38.1268</h><angle>1.107787</angle></robndbox></object><object><type>robndbox</type><name>wheat_head</name><pose>Unspecified</pose><truncated>0</truncated><difficult>0</difficult><robndbox><cx>213.8876</cx><cy>426.1834</cy><w>95.1218</w><h>39.9427</h><angle>0.678166</angle></robndbox></object><object><type>robndbox</type><name>wheat_head</name><pose>Unspecified</pose><truncated>0</truncated><difficult>0</difficult><robndbox><cx>550.0034</cx><cy>91.6481</cy><w>70.3492</w><h>31.4065</h><angle>1.31023</angle></robndbox></object><object><type>robndbox</type><name>wheat_head</name><pose>Unspecified</pose><truncated>0</truncated><difficult>0</difficult><robndbox><cx>165.5634</cx><cy>447.3847</cy><w>79.5952</w><h>31.0857</h><angle>0.887498</angle></robndbox></object><object><type>robndbox</type><name>wheat_head</name><pose>Unspecified</pose><truncated>0</truncated><difficult>0</difficult><robndbox><cx>46.8633</cx><cy>70.9669</cy><w>90.3748</w><h>35.2999</h><angle>0.673067</angle></robndbox></object><object><type>robndbox</type><name>wheat_head</name><pose>Unspecified</pose><truncated>0</truncated><difficult>0</difficult><robndbox><cx>216.0932</cx><cy>935.1056</cy><w>79.8066</w><h>35.6783</h><angle>0.653705</angle></robndbox></object><object><type>robndbox</type><name>wheat_head</name><pose>Unspecified</pose><truncated>0</truncated><difficult>0</difficult><robndbox><cx>453.3683</cx><cy>408.1183</cy><w>76.4248</w><h>24.9374</h><angle>0.91899</angle></robndbox></object><object><type>robndbox</type><name>wheat_head</name><pose>Unspecified</pose><truncated>0</truncated><difficult>0</difficult><robndbox><cx>766.8273</cx><cy>632.7469</cy><w>70.1731</w><h>34.8595</h><angle>1.123458</angle></robndbox></object><object><type>robndbox</type><name>wheat_head</name><pose>Unspecified</pose><truncated>0</truncated><difficult>0</difficult><robndbox><cx>983.2755</cx><cy>792.457</cy><w>54.4485</w><h>25.474</h><angle>1.26961</angle></robndbox></object><object><type>robndbox</type><name>wheat_head</name><pose>Unspecified</pose><truncated>0</truncated><difficult>0</difficult><robndbox><cx>463.6762</cx><cy>316.8739</cy><w>90.8726</w><h>30.2244</h><angle>0.976566</angle></robndbox></object><object><type>robndbox</type><name>wheat_head</name><pose>Unspecified</pose><truncated>0</truncated><difficult>0</difficult><robndbox><cx>681.9083</cx><cy>265.2149</cy><w>64.5786</w><h>34.4178</h><angle>1.026092</angle></robndbox></object><object><type>robndbox</type><name>wheat_head</name><pose>Unspecified</pose><truncated>0</truncated><difficult>0</difficult><robndbox><cx>557.7374</cx><cy>612.5768</cy><w>52.5885</w><h>28.9241</h><angle>0.891313</angle></robndbox></object><object><type>robndbox</type><name>wheat_head</name><pose>Unspecified</pose><truncated>0</truncated><difficult>0</difficult><robndbox><cx>889.3818</cx><cy>515.8348</cy><w>73.7997</w><h>31.7979</h><angle>1.3275</angle></robndbox></object><object><type>robndbox</type><name>wheat_head</name><pose>Unspecified</pose><truncated>0</truncated><difficult>0</difficult><robndbox><cx>664.0758</cx><cy>72.8833</cy><w>51.5108</w><h>31.8313</h><angle>1.021473</angle></robndbox></object><object><type>robndbox</type><name>wheat_head</name><pose>Unspecified</pose><truncated>0</truncated><difficult>0</difficult><robndbox><cx>242.8687</cx><cy>665.7511</cy><w>61.5854</w><h>33.0743</h><angle>0.681691</angle></robndbox></object><object><type>robndbox</type><name>wheat_head</name><pose>Unspecified</pose><truncated>0</truncated><difficult>0</difficult><robndbox><cx>319.8293</cx><cy>156.8576</cy><w>75.2597</w><h>38.0574</h><angle>1.032499</angle></robndbox></object><object><type>robndbox</type><name>wheat_head</name><pose>Unspecified</pose><truncated>0</truncated><difficult>0</difficult><robndbox><cx>178.941</cx><cy>979.0936</cy><w>50.3824</w><h>29.4062</h><angle>0.813252</angle></robndbox></object><object><type>robndbox</type><name>wheat_head</name><pose>Unspecified</pose><truncated>0</truncated><difficult>0</difficult><robndbox><cx>565.3495</cx><cy>565.9758</cy><w>87.6937</w><h>39.3482</h><angle>0.783051</angle></robndbox></object><object><type>robndbox</type><name>wheat_head</name><pose>Unspecified</pose><truncated>0</truncated><difficult>0</difficult><robndbox><cx>116.3715</cx><cy>941.0872</cy><w>55.4385</w><h>33.9216</h><angle>0.845204</angle></robndbox></object><object><type>robndbox</type><name>wheat_head</name><pose>Unspecified</pose><truncated>0</truncated><difficult>0</difficult><robndbox><cx>552.0214</cx><cy>987.2931</cy><w>62.2024</w><h>35.1043</h><angle>1.074262</angle></robndbox></object><object><type>robndbox</type><name>wheat_head</name><pose>Unspecified</pose><truncated>0</truncated><difficult>0</difficult><robndbox><cx>624.2018</cx><cy>453.5167</cy><w>104.0666</w><h>42.1298</h><angle>0.981379</angle></robndbox></object><object><type>robndbox</type><name>wheat_head</name><pose>Unspecified</pose><truncated>0</truncated><difficult>0</difficult><robndbox><cx>950.1644</cx><cy>561.4592</cy><w>86.1289</w><h>32.7145</h><angle>1.349985</angle></robndbox></object><object><type>robndbox</type><name>wheat_head</name><pose>Unspecified</pose><truncated>0</truncated><difficult>0</difficult><robndbox><cx>744.7529</cx><cy>902.0596</cy><w>115.9837</w><h>42.512</h><angle>0.615863</angle></robndbox></object><object><type>robndbox</type><name>wheat_head</name><pose>Unspecified</pose><truncated>0</truncated><difficult>0</difficult><robndbox><cx>198.9515</cx><cy>673.4528</cy><w>61.563</w><h>32.3303</h><angle>0.679099</angle></robndbox></object><object><type>robndbox</type><name>wheat_head</name><pose>Unspecified</pose><truncated>0</truncated><difficult>0</difficult><robndbox><cx>335.9709</cx><cy>228.2022</cy><w>63.6991</w><h>30.398</h><angle>0.993204</angle></robndbox></object><object><type>robndbox</type><name>wheat_head</name><pose>Unspecified</pose><truncated>0</truncated><difficult>0</difficult><robndbox><cx>332.4494</cx><cy>76.8755</cy><w>61.5663</w><h>32.6176</h><angle>0.889142</angle></robndbox></object><object><type>robndbox</type><name>wheat_head</name><pose>Unspecified</pose><truncated>0</truncated><difficult>0</difficult><robndbox><cx>49.5242</cx><cy>224.907</cy><w>106.4713</w><h>39.8956</h><angle>0.900335</angle></robndbox></object><object><type>robndbox</type><name>wheat_head</name><pose>Unspecified</pose><truncated>0</truncated><difficult>0</difficult><robndbox><cx>955.5916</cx><cy>810.9277</cy><w>85.272</w><h>34.8046</h><angle>1.223243</angle></robndbox></object><object><type>robndbox</type><name>wheat_head</name><pose>Unspecified</pose><truncated>0</truncated><difficult>0</difficult><robndbox><cx>58.8345</cx><cy>461.4431</cy><w>74.4569</w><h>35.1526</h><angle>0.707619</angle></robndbox></object><object><type>robndbox</type><name>wheat_head</name><pose>Unspecified</pose><truncated>0</truncated><difficult>0</difficult><robndbox><cx>516.3863</cx><cy>83.7674</cy><w>40.5848</w><h>23.7172</h><angle>1.141579</angle></robndbox></object><object><type>robndbox</type><name>wheat_head</name><pose>Unspecified</pose><truncated>0</truncated><difficult>0</difficult><robndbox><cx>518.3982</cx><cy>354.0133</cy><w>123.3759</w><h>31.3385</h><angle>1.562163</angle></robndbox></object><object><type>robndbox</type><name>wheat_head</name><pose>Unspecified</pose><truncated>0</truncated><difficult>0</difficult><robndbox><cx>827.9461</cx><cy>542.1079</cy><w>78.5355</w><h>35.075</h><angle>1.582213</angle></robndbox></object><object><type>robndbox</type><name>wheat_head</name><pose>Unspecified</pose><truncated>0</truncated><difficult>0</difficult><robndbox><cx>770.9539</cx><cy>588.3692</cy><w>128.8895</w><h>41.3228</h><angle>1.01206</angle></robndbox></object><object><type>robndbox</type><name>wheat_head</name><pose>Unspecified</pose><truncated>0</truncated><difficult>0</difficult><robndbox><cx>97.6599</cx><cy>751.0901</cy><w>150.3552</w><h>41.6537</h><angle>0.287465</angle></robndbox></object><object><type>robndbox</type><name>wheat_head</name><pose>Unspecified</pose><truncated>0</truncated><difficult>0</difficult><robndbox><cx>640.9036</cx><cy>857.1899</cy><w>135.3509</w><h>33.2127</h><angle>1.479111</angle></robndbox></object><object><type>robndbox</type><name>wheat_head</name><pose>Unspecified</pose><truncated>0</truncated><difficult>0</difficult><robndbox><cx>65.9627</cx><cy>420.9328</cy><w>137.3733</w><h>33.5025</h><angle>0.43947</angle></robndbox></object><object><type>robndbox</type><name>wheat_head</name><pose>Unspecified</pose><truncated>0</truncated><difficult>0</difficult><robndbox><cx>294.852</cx><cy>274.205</cy><w>54.2114</w><h>31.8434</h><angle>0.611207</angle></robndbox></object><object><type>robndbox</type><name>wheat_head</name><pose>Unspecified</pose><truncated>0</truncated><difficult>0</difficult><robndbox><cx>375.9745</cx><cy>286.3337</cy><w>65.5734</w><h>32.6035</h><angle>0.930644</angle></robndbox></object><object><type>robndbox</type><name>wheat_head</name><pose>Unspecified</pose><truncated>0</truncated><difficult>0</difficult><robndbox><cx>154.8015</cx><cy>844.1453</cy><w>53.3551</w><h>32.7802</h><angle>0.92176</angle></robndbox></object><object><type>robndbox</type><name>wheat_head</name><pose>Unspecified</pose><truncated>0</truncated><difficult>0</difficult><robndbox><cx>895.8142</cx><cy>106.8184</cy><w>59.073</w><h>36.294</h><angle>0.824389</angle></robndbox></object><object><type>robndbox</type><name>wheat_head</name><pose>Unspecified</pose><truncated>0</truncated><difficult>0</difficult><robndbox><cx>901.8115</cx><cy>691.7892</cy><w>44.986</w><h>31.1859</h><angle>1.064374</angle></robndbox></object><object><type>robndbox</type><name>wheat_head</name><pose>Unspecified</pose><truncated>0</truncated><difficult>0</difficult><robndbox><cx>407.3847</cx><cy>884.6392</cy><w>48.9285</w><h>31.3195</h><angle>0.842805</angle></robndbox></object><object><type>robndbox</type><name>wheat_head</name><pose>Unspecified</pose><truncated>0</truncated><difficult>0</difficult><robndbox><cx>859.9005</cx><cy>114.5176</cy><w>46.4531</w><h>24.8698</h><angle>1.34478</angle></robndbox></object><object><type>robndbox</type><name>wheat_head</name><pose>Unspecified</pose><truncated>0</truncated><difficult>0</difficult><robndbox><cx>258.6546</cx><cy>996.9937</cy><w>32.6841</w><h>29.1505</h><angle>2.937423</angle></robndbox></object><object><type>robndbox</type><name>wheat_head</name><pose>Unspecified</pose><truncated>0</truncated><difficult>0</difficult><robndbox><cx>840.402</cx><cy>914.1873</cy><w>62.2777</w><h>33.787</h><angle>1.890976</angle></robndbox></object><object><type>robndbox</type><name>wheat_head</name><pose>Unspecified</pose><truncated>0</truncated><difficult>0</difficult><robndbox><cx>704.9773</cx><cy>822.3565</cy><w>130.5549</w><h>38.6348</h><angle>2.535708</angle></robndbox></object><object><type>robndbox</type><name>wheat_head</name><pose>Unspecified</pose><truncated>0</truncated><difficult>0</difficult><robndbox><cx>806.9326</cx><cy>8.4931</cy><w>39.3464</w><h>18.8566</h><angle>3.126906</angle></robndbox></object><object><type>robndbox</type><name>wheat_head</name><pose>Unspecified</pose><truncated>0</truncated><difficult>0</difficult><robndbox><cx>207.3801</cx><cy>112.8106</cy><w>80.9984</w><h>39.1056</h><angle>0.386127</angle></robndbox></object><object><type>robndbox</type><name>wheat_head</name><pose>Unspecified</pose><truncated>0</truncated><difficult>0</difficult><robndbox><cx>182.2305</cx><cy>723.1564</cy><w>36.343</w><h>26.6679</h><angle>0.830483</angle></robndbox></object><object><type>robndbox</type><name>wheat_head</name><pose>Unspecified</pose><truncated>0</truncated><difficult>0</difficult><robndbox><cx>341.9403</cx><cy>9.1201</cy><w>29.8359</w><h>23.5754</h><angle>2.91978</angle></robndbox></object><object><type>robndbox</type><name>wheat_head</name><pose>Unspecified</pose><truncated>0</truncated><difficult>0</difficult><robndbox><cx>470.7818</cx><cy>920.8086</cy><w>54.2245</w><h>35.0272</h><angle>1.322685</angle></robndbox></object><object><type>robndbox</type><name>wheat_head</name><pose>Unspecified</pose><truncated>0</truncated><difficult>0</difficult><robndbox><cx>117.5162</cx><cy>811.8503</cy><w>36.2559</w><h>30.5405</h><angle>0.812855</angle></robndbox></object><object><type>robndbox</type><name>wheat_head</name><pose>Unspecified</pose><truncated>0</truncated><difficult>0</difficult><robndbox><cx>331.4603</cx><cy>445.4447</cy><w>103.9137</w><h>41.4217</h><angle>2.720143</angle></robndbox></object><object><type>robndbox</type><name>wheat_head</name><pose>Unspecified</pose><truncated>0</truncated><difficult>0</difficult><robndbox><cx>480.9562</cx><cy>783.6064</cy><w>57.4623</w><h>35.6363</h><angle>0.566502</angle></robndbox></object><object><type>robndbox</type><name>wheat_head</name><pose>Unspecified</pose><truncated>0</truncated><difficult>0</difficult><robndbox><cx>724.0246</cx><cy>330.7532</cy><w>47.0453</w><h>38.5719</h><angle>0.473909</angle></robndbox></object><object><type>robndbox</type><name>wheat_head</name><pose>Unspecified</pose><truncated>0</truncated><difficult>0</difficult><robndbox><cx>537.3237</cx><cy>484.6937</cy><w>97.373</w><h>41.4325</h><angle>1.363051</angle></robndbox></object><object><type>robndbox</type><name>wheat_head</name><pose>Unspecified</pose><truncated>0</truncated><difficult>0</difficult><robndbox><cx>467.2607</cx><cy>981.6195</cy><w>39.7373</w><h>29.0214</h><angle>1.853312</angle></robndbox></object><object><type>robndbox</type><name>wheat_head</name><pose>Unspecified</pose><truncated>0</truncated><difficult>0</difficult><robndbox><cx>942.0832</cx><cy>662.0974</cy><w>31.8126</w><h>30.2474</h><angle>1.744781</angle></robndbox></object><object><type>robndbox</type><name>wheat_head</name><pose>Unspecified</pose><truncated>0</truncated><difficult>0</difficult><robndbox><cx>724.0246</cx><cy>330.7532</cy><w>47.0453</w><h>38.5719</h><angle>0.473909</angle></robndbox></object><object><type>robndbox</type><name>wheat_head</name><pose>Unspecified</pose><truncated>0</truncated><difficult>0</difficult><robndbox><cx>381.4498</cx><cy>392.3808</cy><w>44.9202</w><h>31.5716</h><angle>1.458923</angle></robndbox></object><object><type>robndbox</type><name>wheat_head</name><pose>Unspecified</pose><truncated>0</truncated><difficult>0</difficult><robndbox><cx>731.3978</cx><cy>832.84</cy><w>90.8059</w><h>41.5013</h><angle>0.594116</angle></robndbox></object><object><type>robndbox</type><name>wheat_head</name><pose>Unspecified</pose><truncated>0</truncated><difficult>0</difficult><robndbox><cx>15.0</cx><cy>231.0</cy><w>31.0052</w><h>25.3923</h><angle>2.886259</angle></robndbox></object><object><type>robndbox</type><name>wheat_head</name><pose>Unspecified</pose><truncated>0</truncated><difficult>0</difficult><robndbox><cx>946.2664</cx><cy>46.255</cy><w>34.2206</w><h>31.6695</h><angle>1.530514</angle></robndbox></object><object><type>robndbox</type><name>wheat_head</name><pose>Unspecified</pose><truncated>0</truncated><difficult>0</difficult><robndbox><cx>21.0855</cx><cy>1007.0132</cy><w>43.1393</w><h>33.7204</h><angle>0.769006</angle></robndbox></object><object><type>robndbox</type><name>wheat_head</name><pose>Unspecified</pose><truncated>0</truncated><difficult>0</difficult><robndbox><cx>19.1111</cx><cy>969.3206</cy><w>59.6657</w><h>29.5693</h><angle>0.88035</angle></robndbox></object><object><type>robndbox</type><name>wheat_head</name><pose>Unspecified</pose><truncated>0</truncated><difficult>0</difficult><robndbox><cx>1000.1966</cx><cy>569.6182</cy><w>65.7343</w><h>31.6726</h><angle>2.15036</angle></robndbox></object><object><type>robndbox</type><name>wheat_head</name><pose>Unspecified</pose><truncated>0</truncated><difficult>0</difficult><robndbox><cx>41.4066</cx><cy>139.8807</cy><w>102.0833</w><h>39.3859</h><angle>1.05894</angle></robndbox></object><object><type>robndbox</type><name>wheat_head</name><pose>Unspecified</pose><truncated>0</truncated><difficult>0</difficult><robndbox><cx>422.9061</cx><cy>29.4711</cy><w>61.7414</w><h>30.0027</h><angle>1.136126</angle></robndbox></object><object><type>robndbox</type><name>wheat_head</name><pose>Unspecified</pose><truncated>0</truncated><difficult>0</difficult><robndbox><cx>452.5782</cx><cy>32.7673</cy><w>58.6003</w><h>29.6985</h><angle>1.030045</angle></robndbox></object><object><type>robndbox</type><name>wheat_head</name><pose>Unspecified</pose><truncated>0</truncated><difficult>0</difficult><robndbox><cx>20.2974</cx><cy>165.4287</cy><w>42.1424</w><h>27.5136</h><angle>1.904041</angle></robndbox></object></annotation>