<annotation verified="no"><folder>images</folder><filename>4b7c94e8f</filename><path>/home/badhon/Documents/thesis/final_dataset/ethz_1/images/4b7c94e8f.jpg</path><source><database>Unknown</database></source><size><width>1024</width><height>1024</height><depth>3</depth></size><segmented>0</segmented><object><type>robndbox</type><name>wheat_head</name><pose>Unspecified</pose><truncated>0</truncated><difficult>0</difficult><robndbox><cx>118.9962</cx><cy>271.3666</cy><w>70.8851</w><h>34.6823</h><angle>1.03149</angle></robndbox></object><object><type>robndbox</type><name>wheat_head</name><pose>Unspecified</pose><truncated>0</truncated><difficult>0</difficult><robndbox><cx>36.616</cx><cy>280.8304</cy><w>100.8636</w><h>33.338</h><angle>1.167149</angle></robndbox></object><object><type>robndbox</type><name>wheat_head</name><pose>Unspecified</pose><truncated>0</truncated><difficult>0</difficult><robndbox><cx>446.8198</cx><cy>251.987</cy><w>92.4307</w><h>35.6564</h><angle>1.272241</angle></robndbox></object><object><type>robndbox</type><name>wheat_head</name><pose>Unspecified</pose><truncated>0</truncated><difficult>0</difficult><robndbox><cx>391.8123</cx><cy>571.3372</cy><w>61.1693</w><h>29.1893</h><angle>1.218832</angle></robndbox></object><object><type>robndbox</type><name>wheat_head</name><pose>Unspecified</pose><truncated>0</truncated><difficult>0</difficult><robndbox><cx>515.4231</cx><cy>171.5528</cy><w>86.03</w><h>38.2818</h><angle>0.964376</angle></robndbox></object><object><type>robndbox</type><name>wheat_head</name><pose>Unspecified</pose><truncated>0</truncated><difficult>0</difficult><robndbox><cx>808.2411</cx><cy>632.3962</cy><w>64.0829</w><h>30.2744</h><angle>1.06439</angle></robndbox></object><object><type>robndbox</type><name>wheat_head</name><pose>Unspecified</pose><truncated>0</truncated><difficult>0</difficult><robndbox><cx>564.527</cx><cy>698.1388</cy><w>77.4239</w><h>34.0772</h><angle>1.145724</angle></robndbox></object><object><type>robndbox</type><name>wheat_head</name><pose>Unspecified</pose><truncated>0</truncated><difficult>0</difficult><robndbox><cx>965.7364</cx><cy>108.416</cy><w>116.0396</w><h>38.471</h><angle>1.291144</angle></robndbox></object><object><type>robndbox</type><name>wheat_head</name><pose>Unspecified</pose><truncated>0</truncated><difficult>0</difficult><robndbox><cx>439.679</cx><cy>131.6293</cy><w>62.2886</w><h>31.1968</h><angle>1.137884</angle></robndbox></object><object><type>robndbox</type><name>wheat_head</name><pose>Unspecified</pose><truncated>0</truncated><difficult>0</difficult><robndbox><cx>114.4218</cx><cy>150.8286</cy><w>106.7884</w><h>38.4454</h><angle>1.183996</angle></robndbox></object><object><type>robndbox</type><name>wheat_head</name><pose>Unspecified</pose><truncated>0</truncated><difficult>0</difficult><robndbox><cx>83.3401</cx><cy>420.1935</cy><w>83.2458</w><h>40.4699</h><angle>0.733965</angle></robndbox></object><object><type>robndbox</type><name>wheat_head</name><pose>Unspecified</pose><truncated>0</truncated><difficult>0</difficult><robndbox><cx>237.5971</cx><cy>260.5178</cy><w>85.4684</w><h>26.6186</h><angle>0.936725</angle></robndbox></object><object><type>robndbox</type><name>wheat_head</name><pose>Unspecified</pose><truncated>0</truncated><difficult>0</difficult><robndbox><cx>780.0425</cx><cy>145.6542</cy><w>69.8605</w><h>32.7713</h><angle>1.096387</angle></robndbox></object><object><type>robndbox</type><name>wheat_head</name><pose>Unspecified</pose><truncated>0</truncated><difficult>0</difficult><robndbox><cx>588.9823</cx><cy>831.2317</cy><w>61.4045</w><h>31.6155</h><angle>0.908258</angle></robndbox></object><object><type>robndbox</type><name>wheat_head</name><pose>Unspecified</pose><truncated>0</truncated><difficult>0</difficult><robndbox><cx>252.8884</cx><cy>216.6017</cy><w>54.314</w><h>23.8778</h><angle>0.953305</angle></robndbox></object><object><type>robndbox</type><name>wheat_head</name><pose>Unspecified</pose><truncated>0</truncated><difficult>0</difficult><robndbox><cx>193.9625</cx><cy>411.6085</cy><w>68.0145</w><h>30.0033</h><angle>1.196199</angle></robndbox></object><object><type>robndbox</type><name>wheat_head</name><pose>Unspecified</pose><truncated>0</truncated><difficult>0</difficult><robndbox><cx>809.991</cx><cy>806.2424</cy><w>60.9596</w><h>31.1937</h><angle>1.034245</angle></robndbox></object><object><type>robndbox</type><name>wheat_head</name><pose>Unspecified</pose><truncated>0</truncated><difficult>0</difficult><robndbox><cx>480.0171</cx><cy>832.8829</cy><w>50.467</w><h>24.2617</h><angle>1.092678</angle></robndbox></object><object><type>robndbox</type><name>wheat_head</name><pose>Unspecified</pose><truncated>0</truncated><difficult>0</difficult><robndbox><cx>248.5524</cx><cy>804.8679</cy><w>68.9563</w><h>33.1447</h><angle>1.251926</angle></robndbox></object><object><type>robndbox</type><name>wheat_head</name><pose>Unspecified</pose><truncated>0</truncated><difficult>0</difficult><robndbox><cx>994.1597</cx><cy>299.0999</cy><w>70.969</w><h>29.0823</h><angle>1.6476</angle></robndbox></object><object><type>robndbox</type><name>wheat_head</name><pose>Unspecified</pose><truncated>0</truncated><difficult>0</difficult><robndbox><cx>174.6715</cx><cy>485.6218</cy><w>63.5641</w><h>27.9453</h><angle>0.878978</angle></robndbox></object><object><type>robndbox</type><name>wheat_head</name><pose>Unspecified</pose><truncated>0</truncated><difficult>0</difficult><robndbox><cx>836.5717</cx><cy>361.8195</cy><w>43.5283</w><h>32.8744</h><angle>1.286025</angle></robndbox></object><object><type>robndbox</type><name>wheat_head</name><pose>Unspecified</pose><truncated>0</truncated><difficult>0</difficult><robndbox><cx>24.6798</cx><cy>860.9112</cy><w>58.1364</w><h>33.2583</h><angle>0.952969</angle></robndbox></object><object><type>robndbox</type><name>wheat_head</name><pose>Unspecified</pose><truncated>0</truncated><difficult>0</difficult><robndbox><cx>565.6692</cx><cy>885.9478</cy><w>75.6201</w><h>28.3286</h><angle>1.449825</angle></robndbox></object><object><type>robndbox</type><name>wheat_head</name><pose>Unspecified</pose><truncated>0</truncated><difficult>0</difficult><robndbox><cx>267.9451</cx><cy>465.8289</cy><w>86.1743</w><h>37.1728</h><angle>1.255297</angle></robndbox></object><object><type>robndbox</type><name>wheat_head</name><pose>Unspecified</pose><truncated>0</truncated><difficult>0</difficult><robndbox><cx>921.6655</cx><cy>271.8794</cy><w>81.0982</w><h>33.4535</h><angle>1.377407</angle></robndbox></object><object><type>robndbox</type><name>wheat_head</name><pose>Unspecified</pose><truncated>0</truncated><difficult>0</difficult><robndbox><cx>196.8068</cx><cy>939.3647</cy><w>84.2483</w><h>42.3406</h><angle>0.596339</angle></robndbox></object><object><type>robndbox</type><name>wheat_head</name><pose>Unspecified</pose><truncated>0</truncated><difficult>0</difficult><robndbox><cx>681.0984</cx><cy>140.5833</cy><w>89.4609</w><h>37.4214</h><angle>1.237414</angle></robndbox></object><object><type>robndbox</type><name>wheat_head</name><pose>Unspecified</pose><truncated>0</truncated><difficult>0</difficult><robndbox><cx>895.8188</cx><cy>518.802</cy><w>93.2155</w><h>38.3486</h><angle>1.268774</angle></robndbox></object><object><type>robndbox</type><name>wheat_head</name><pose>Unspecified</pose><truncated>0</truncated><difficult>0</difficult><robndbox><cx>756.0687</cx><cy>714.2579</cy><w>82.1658</w><h>39.8984</h><angle>1.205595</angle></robndbox></object><object><type>robndbox</type><name>wheat_head</name><pose>Unspecified</pose><truncated>0</truncated><difficult>0</difficult><robndbox><cx>1001.7679</cx><cy>75.1047</cy><w>68.9694</w><h>23.9774</h><angle>1.287998</angle></robndbox></object><object><type>robndbox</type><name>wheat_head</name><pose>Unspecified</pose><truncated>0</truncated><difficult>0</difficult><robndbox><cx>222.8445</cx><cy>321.1526</cy><w>89.16</w><h>35.0764</h><angle>1.027835</angle></robndbox></object><object><type>robndbox</type><name>wheat_head</name><pose>Unspecified</pose><truncated>0</truncated><difficult>0</difficult><robndbox><cx>272.0283</cx><cy>880.3217</cy><w>71.9314</w><h>40.1284</h><angle>0.941346</angle></robndbox></object><object><type>robndbox</type><name>wheat_head</name><pose>Unspecified</pose><truncated>0</truncated><difficult>0</difficult><robndbox><cx>155.7952</cx><cy>731.1707</cy><w>68.7536</w><h>35.3305</h><angle>1.096963</angle></robndbox></object><object><type>robndbox</type><name>wheat_head</name><pose>Unspecified</pose><truncated>0</truncated><difficult>0</difficult><robndbox><cx>662.3991</cx><cy>733.4186</cy><w>105.8555</w><h>33.0286</h><angle>1.359736</angle></robndbox></object><object><type>robndbox</type><name>wheat_head</name><pose>Unspecified</pose><truncated>0</truncated><difficult>0</difficult><robndbox><cx>811.845</cx><cy>291.6896</cy><w>89.012</w><h>34.062</h><angle>1.68023</angle></robndbox></object><object><type>robndbox</type><name>wheat_head</name><pose>Unspecified</pose><truncated>0</truncated><difficult>0</difficult><robndbox><cx>850.6688</cx><cy>763.3447</cy><w>53.5785</w><h>29.5607</h><angle>1.176811</angle></robndbox></object><object><type>robndbox</type><name>wheat_head</name><pose>Unspecified</pose><truncated>0</truncated><difficult>0</difficult><robndbox><cx>582.3662</cx><cy>524.9803</cy><w>55.4525</w><h>17.8788</h><angle>1.318318</angle></robndbox></object><object><type>robndbox</type><name>wheat_head</name><pose>Unspecified</pose><truncated>0</truncated><difficult>0</difficult><robndbox><cx>28.5508</cx><cy>952.1268</cy><w>61.1826</w><h>43.6327</h><angle>0.470909</angle></robndbox></object><object><type>robndbox</type><name>wheat_head</name><pose>Unspecified</pose><truncated>0</truncated><difficult>0</difficult><robndbox><cx>188.2273</cx><cy>240.7384</cy><w>85.655</w><h>32.3865</h><angle>1.153812</angle></robndbox></object><object><type>robndbox</type><name>wheat_head</name><pose>Unspecified</pose><truncated>0</truncated><difficult>0</difficult><robndbox><cx>995.4183</cx><cy>466.7876</cy><w>52.7306</w><h>26.72</h><angle>1.498023</angle></robndbox></object><object><type>robndbox</type><name>wheat_head</name><pose>Unspecified</pose><truncated>0</truncated><difficult>0</difficult><robndbox><cx>969.6339</cx><cy>718.6593</cy><w>72.8198</w><h>38.319</h><angle>0.567164</angle></robndbox></object><object><type>robndbox</type><name>wheat_head</name><pose>Unspecified</pose><truncated>0</truncated><difficult>0</difficult><robndbox><cx>905.9399</cx><cy>990.2792</cy><w>57.2877</w><h>31.7358</h><angle>1.563986</angle></robndbox></object><object><type>robndbox</type><name>wheat_head</name><pose>Unspecified</pose><truncated>0</truncated><difficult>0</difficult><robndbox><cx>601.4436</cx><cy>510.79</cy><w>62.8096</w><h>38.3768</h><angle>0.626592</angle></robndbox></object><object><type>robndbox</type><name>wheat_head</name><pose>Unspecified</pose><truncated>0</truncated><difficult>0</difficult><robndbox><cx>182.9612</cx><cy>540.6478</cy><w>52.1802</w><h>31.8749</h><angle>1.247741</angle></robndbox></object><object><type>robndbox</type><name>wheat_head</name><pose>Unspecified</pose><truncated>0</truncated><difficult>0</difficult><robndbox><cx>327.6143</cx><cy>696.723</cy><w>83.0798</w><h>36.285</h><angle>1.454557</angle></robndbox></object><object><type>robndbox</type><name>wheat_head</name><pose>Unspecified</pose><truncated>0</truncated><difficult>0</difficult><robndbox><cx>713.7831</cx><cy>373.2097</cy><w>70.412</w><h>32.2636</h><angle>1.410807</angle></robndbox></object><object><type>robndbox</type><name>wheat_head</name><pose>Unspecified</pose><truncated>0</truncated><difficult>0</difficult><robndbox><cx>607.1081</cx><cy>160.9752</cy><w>69.3998</w><h>37.3247</h><angle>1.217016</angle></robndbox></object><object><type>robndbox</type><name>wheat_head</name><pose>Unspecified</pose><truncated>0</truncated><difficult>0</difficult><robndbox><cx>320.8574</cx><cy>12.7566</cy><w>29.3379</w><h>26.4513</h><angle>3.097207</angle></robndbox></object><object><type>robndbox</type><name>wheat_head</name><pose>Unspecified</pose><truncated>0</truncated><difficult>0</difficult><robndbox><cx>1000.0617</cx><cy>972.1254</cy><w>64.1652</w><h>29.8315</h><angle>1.648816</angle></robndbox></object><object><type>robndbox</type><name>wheat_head</name><pose>Unspecified</pose><truncated>0</truncated><difficult>0</difficult><robndbox><cx>742.8732</cx><cy>193.2215</cy><w>71.9188</w><h>27.9379</h><angle>1.379482</angle></robndbox></object><object><type>robndbox</type><name>wheat_head</name><pose>Unspecified</pose><truncated>0</truncated><difficult>0</difficult><robndbox><cx>462.5</cx><cy>19.0</cy><w>28.19</w><h>22.8014</h><angle>2.85</angle></robndbox></object><object><type>robndbox</type><name>wheat_head</name><pose>Unspecified</pose><truncated>0</truncated><difficult>0</difficult><robndbox><cx>819.187</cx><cy>560.9825</cy><w>75.856</w><h>32.9329</h><angle>1.449136</angle></robndbox></object><object><type>robndbox</type><name>wheat_head</name><pose>Unspecified</pose><truncated>0</truncated><difficult>0</difficult><robndbox><cx>842.8837</cx><cy>620.3803</cy><w>41.4324</w><h>25.1417</h><angle>0.968307</angle></robndbox></object><object><type>robndbox</type><name>wheat_head</name><pose>Unspecified</pose><truncated>0</truncated><difficult>0</difficult><robndbox><cx>383.2994</cx><cy>196.4805</cy><w>85.5647</w><h>36.0538</h><angle>1.160508</angle></robndbox></object><object><type>robndbox</type><name>wheat_head</name><pose>Unspecified</pose><truncated>0</truncated><difficult>0</difficult><robndbox><cx>327.218</cx><cy>1008.0314</cy><w>73.1992</w><h>23.8644</h><angle>0.084217</angle></robndbox></object><object><type>robndbox</type><name>wheat_head</name><pose>Unspecified</pose><truncated>0</truncated><difficult>0</difficult><robndbox><cx>487.7643</cx><cy>783.964</cy><w>69.4502</w><h>36.7072</h><angle>0.438412</angle></robndbox></object><object><type>robndbox</type><name>wheat_head</name><pose>Unspecified</pose><truncated>0</truncated><difficult>0</difficult><robndbox><cx>111.8381</cx><cy>351.7361</cy><w>47.4708</w><h>27.5045</h><angle>0.971962</angle></robndbox></object><object><type>robndbox</type><name>wheat_head</name><pose>Unspecified</pose><truncated>0</truncated><difficult>0</difficult><robndbox><cx>523.1105</cx><cy>859.431</cy><w>71.9603</w><h>37.6916</h><angle>1.192678</angle></robndbox></object><object><type>robndbox</type><name>wheat_head</name><pose>Unspecified</pose><truncated>0</truncated><difficult>0</difficult><robndbox><cx>160.7485</cx><cy>895.2014</cy><w>66.7193</w><h>35.3566</h><angle>0.457473</angle></robndbox></object><object><type>robndbox</type><name>wheat_head</name><pose>Unspecified</pose><truncated>0</truncated><difficult>0</difficult><robndbox><cx>637.2024</cx><cy>230.2412</cy><w>86.4628</w><h>36.0577</h><angle>0.717016</angle></robndbox></object><object><type>robndbox</type><name>wheat_head</name><pose>Unspecified</pose><truncated>0</truncated><difficult>0</difficult><robndbox><cx>638.0</cx><cy>1002.5</cy><w>32.8737</w><h>27.2725</h><angle>2.720354</angle></robndbox></object><object><type>robndbox</type><name>wheat_head</name><pose>Unspecified</pose><truncated>0</truncated><difficult>0</difficult><robndbox><cx>619.2587</cx><cy>729.9045</cy><w>45.8898</w><h>21.7497</h><angle>1.10636</angle></robndbox></object><object><type>robndbox</type><name>wheat_head</name><pose>Unspecified</pose><truncated>0</truncated><difficult>0</difficult><robndbox><cx>234.485</cx><cy>506.7035</cy><w>61.7812</w><h>36.0119</h><angle>0.363371</angle></robndbox></object><object><type>robndbox</type><name>wheat_head</name><pose>Unspecified</pose><truncated>0</truncated><difficult>0</difficult><robndbox><cx>978.674</cx><cy>789.1623</cy><w>106.6649</w><h>16.6054</h><angle>1.077097</angle></robndbox></object><object><type>robndbox</type><name>wheat_head</name><pose>Unspecified</pose><truncated>0</truncated><difficult>0</difficult><robndbox><cx>951.8876</cx><cy>792.1903</cy><w>97.3046</w><h>38.3376</h><angle>1.177097</angle></robndbox></object><object><type>robndbox</type><name>wheat_head</name><pose>Unspecified</pose><truncated>0</truncated><difficult>0</difficult><robndbox><cx>405.8225</cx><cy>746.5324</cy><w>86.5588</w><h>35.4601</h><angle>0.93453</angle></robndbox></object><object><type>robndbox</type><name>wheat_head</name><pose>Unspecified</pose><truncated>0</truncated><difficult>0</difficult><robndbox><cx>405.8225</cx><cy>746.5324</cy><w>86.5588</w><h>35.4601</h><angle>0.93453</angle></robndbox></object></annotation>