<annotation verified="no"><folder>images</folder><filename>4ef7057d7</filename><path>/home/badhon/Documents/thesis/final_dataset/ethz_1/images/4ef7057d7.jpg</path><source><database>Unknown</database></source><size><width>1024</width><height>1024</height><depth>3</depth></size><segmented>0</segmented><object><type>robndbox</type><name>wheat_head</name><pose>Unspecified</pose><truncated>0</truncated><difficult>0</difficult><robndbox><cx>461.9454</cx><cy>597.9587</cy><w>91.6239</w><h>36.7055</h><angle>0.870307</angle></robndbox></object><object><type>robndbox</type><name>wheat_head</name><pose>Unspecified</pose><truncated>0</truncated><difficult>0</difficult><robndbox><cx>380.5123</cx><cy>632.8115</cy><w>79.6212</w><h>39.8542</h><angle>0.665279</angle></robndbox></object><object><type>robndbox</type><name>wheat_head</name><pose>Unspecified</pose><truncated>0</truncated><difficult>0</difficult><robndbox><cx>625.0443</cx><cy>560.2118</cy><w>84.7199</w><h>36.8332</h><angle>1.057585</angle></robndbox></object><object><type>robndbox</type><name>wheat_head</name><pose>Unspecified</pose><truncated>0</truncated><difficult>0</difficult><robndbox><cx>679.6038</cx><cy>170.1125</cy><w>100.2914</w><h>35.7133</h><angle>2.114326</angle></robndbox></object><object><type>robndbox</type><name>wheat_head</name><pose>Unspecified</pose><truncated>0</truncated><difficult>0</difficult><robndbox><cx>871.9404</cx><cy>658.972</cy><w>60.7546</w><h>29.6491</h><angle>1.260383</angle></robndbox></object><object><type>robndbox</type><name>wheat_head</name><pose>Unspecified</pose><truncated>0</truncated><difficult>0</difficult><robndbox><cx>204.7718</cx><cy>142.894</cy><w>95.5548</w><h>37.5521</h><angle>1.186994</angle></robndbox></object><object><type>robndbox</type><name>wheat_head</name><pose>Unspecified</pose><truncated>0</truncated><difficult>0</difficult><robndbox><cx>591.8612</cx><cy>603.4459</cy><w>88.8628</w><h>35.2939</h><angle>0.512243</angle></robndbox></object><object><type>robndbox</type><name>wheat_head</name><pose>Unspecified</pose><truncated>0</truncated><difficult>0</difficult><robndbox><cx>465.0749</cx><cy>523.4639</cy><w>134.1074</w><h>41.0585</h><angle>0.959706</angle></robndbox></object><object><type>robndbox</type><name>wheat_head</name><pose>Unspecified</pose><truncated>0</truncated><difficult>0</difficult><robndbox><cx>884.6566</cx><cy>473.9624</cy><w>100.8817</w><h>33.4968</h><angle>1.262015</angle></robndbox></object><object><type>robndbox</type><name>wheat_head</name><pose>Unspecified</pose><truncated>0</truncated><difficult>0</difficult><robndbox><cx>213.191</cx><cy>633.0135</cy><w>91.1244</w><h>35.8791</h><angle>0.903335</angle></robndbox></object><object><type>robndbox</type><name>wheat_head</name><pose>Unspecified</pose><truncated>0</truncated><difficult>0</difficult><robndbox><cx>197.1765</cx><cy>536.9728</cy><w>139.6106</w><h>44.9056</h><angle>0.52692</angle></robndbox></object><object><type>robndbox</type><name>wheat_head</name><pose>Unspecified</pose><truncated>0</truncated><difficult>0</difficult><robndbox><cx>674.3792</cx><cy>490.9582</cy><w>99.2615</w><h>35.3304</h><angle>0.995952</angle></robndbox></object><object><type>robndbox</type><name>wheat_head</name><pose>Unspecified</pose><truncated>0</truncated><difficult>0</difficult><robndbox><cx>964.2919</cx><cy>207.7529</cy><w>85.4412</w><h>32.1936</h><angle>1.053403</angle></robndbox></object><object><type>robndbox</type><name>wheat_head</name><pose>Unspecified</pose><truncated>0</truncated><difficult>0</difficult><robndbox><cx>12.1761</cx><cy>870.7867</cy><w>37.8719</w><h>26.3985</h><angle>1.313571</angle></robndbox></object><object><type>robndbox</type><name>wheat_head</name><pose>Unspecified</pose><truncated>0</truncated><difficult>0</difficult><robndbox><cx>805.3198</cx><cy>176.9716</cy><w>110.1978</w><h>31.4693</h><angle>1.498709</angle></robndbox></object><object><type>robndbox</type><name>wheat_head</name><pose>Unspecified</pose><truncated>0</truncated><difficult>0</difficult><robndbox><cx>794.5812</cx><cy>507.7552</cy><w>60.3089</w><h>35.2676</h><angle>1.764481</angle></robndbox></object><object><type>robndbox</type><name>wheat_head</name><pose>Unspecified</pose><truncated>0</truncated><difficult>0</difficult><robndbox><cx>796.028</cx><cy>587.6315</cy><w>54.741</w><h>35.0481</h><angle>1.259129</angle></robndbox></object><object><type>robndbox</type><name>wheat_head</name><pose>Unspecified</pose><truncated>0</truncated><difficult>0</difficult><robndbox><cx>82.9671</cx><cy>480.0994</cy><w>140.9393</w><h>34.2408</h><angle>1.075841</angle></robndbox></object><object><type>robndbox</type><name>wheat_head</name><pose>Unspecified</pose><truncated>0</truncated><difficult>0</difficult><robndbox><cx>999.0895</cx><cy>909.0032</cy><w>55.2857</w><h>33.7455</h><angle>0.888254</angle></robndbox></object><object><type>robndbox</type><name>wheat_head</name><pose>Unspecified</pose><truncated>0</truncated><difficult>0</difficult><robndbox><cx>194.8416</cx><cy>929.7003</cy><w>117.7022</w><h>39.0682</h><angle>0.369689</angle></robndbox></object><object><type>robndbox</type><name>wheat_head</name><pose>Unspecified</pose><truncated>0</truncated><difficult>0</difficult><robndbox><cx>12.0039</cx><cy>204.8642</cy><w>44.7825</w><h>19.7778</h><angle>1.387663</angle></robndbox></object><object><type>robndbox</type><name>wheat_head</name><pose>Unspecified</pose><truncated>0</truncated><difficult>0</difficult><robndbox><cx>625.0443</cx><cy>560.2118</cy><w>84.7199</w><h>36.8332</h><angle>1.057585</angle></robndbox></object><object><type>robndbox</type><name>wheat_head</name><pose>Unspecified</pose><truncated>0</truncated><difficult>0</difficult><robndbox><cx>803.4528</cx><cy>802.6996</cy><w>151.17</w><h>41.0653</h><angle>0.958326</angle></robndbox></object><object><type>robndbox</type><name>wheat_head</name><pose>Unspecified</pose><truncated>0</truncated><difficult>0</difficult><robndbox><cx>337.5665</cx><cy>495.435</cy><w>52.0981</w><h>27.7801</h><angle>1.47303</angle></robndbox></object><object><type>robndbox</type><name>wheat_head</name><pose>Unspecified</pose><truncated>0</truncated><difficult>0</difficult><robndbox><cx>969.5312</cx><cy>489.253</cy><w>93.5413</w><h>27.8712</h><angle>1.922582</angle></robndbox></object><object><type>robndbox</type><name>wheat_head</name><pose>Unspecified</pose><truncated>0</truncated><difficult>0</difficult><robndbox><cx>285.1573</cx><cy>467.2497</cy><w>67.5026</w><h>34.2957</h><angle>1.409594</angle></robndbox></object><object><type>robndbox</type><name>wheat_head</name><pose>Unspecified</pose><truncated>0</truncated><difficult>0</difficult><robndbox><cx>420.0916</cx><cy>1000.1981</cy><w>30.9</w><h>23.2995</h><angle>1.545661</angle></robndbox></object><object><type>robndbox</type><name>wheat_head</name><pose>Unspecified</pose><truncated>0</truncated><difficult>0</difficult><robndbox><cx>43.8115</cx><cy>807.0759</cy><w>49.6087</w><h>26.091</h><angle>0.696173</angle></robndbox></object><object><type>robndbox</type><name>wheat_head</name><pose>Unspecified</pose><truncated>0</truncated><difficult>0</difficult><robndbox><cx>599.7338</cx><cy>475.1662</cy><w>78.1731</w><h>35.1895</h><angle>1.053328</angle></robndbox></object><object><type>robndbox</type><name>wheat_head</name><pose>Unspecified</pose><truncated>0</truncated><difficult>0</difficult><robndbox><cx>741.606</cx><cy>71.886</cy><w>108.0889</w><h>34.9933</h><angle>1.551559</angle></robndbox></object><object><type>robndbox</type><name>wheat_head</name><pose>Unspecified</pose><truncated>0</truncated><difficult>0</difficult><robndbox><cx>232.2778</cx><cy>1000.2578</cy><w>64.9519</w><h>38.8736</h><angle>3.031024</angle></robndbox></object><object><type>robndbox</type><name>wheat_head</name><pose>Unspecified</pose><truncated>0</truncated><difficult>0</difficult><robndbox><cx>311.2918</cx><cy>581.9485</cy><w>58.8556</w><h>29.8644</h><angle>1.555988</angle></robndbox></object><object><type>robndbox</type><name>wheat_head</name><pose>Unspecified</pose><truncated>0</truncated><difficult>0</difficult><robndbox><cx>74.8147</cx><cy>945.8737</cy><w>53.1487</w><h>28.2166</h><angle>0.150199</angle></robndbox></object><object><type>robndbox</type><name>wheat_head</name><pose>Unspecified</pose><truncated>0</truncated><difficult>0</difficult><robndbox><cx>367.7169</cx><cy>434.0368</cy><w>58.8287</w><h>36.1058</h><angle>0.492297</angle></robndbox></object><object><type>robndbox</type><name>wheat_head</name><pose>Unspecified</pose><truncated>0</truncated><difficult>0</difficult><robndbox><cx>349.0222</cx><cy>551.4926</cy><w>47.9117</w><h>34.6374</h><angle>1.191507</angle></robndbox></object><object><type>robndbox</type><name>wheat_head</name><pose>Unspecified</pose><truncated>0</truncated><difficult>0</difficult><robndbox><cx>627.7411</cx><cy>228.2343</cy><w>56.5625</w><h>33.8668</h><angle>1.203772</angle></robndbox></object><object><type>robndbox</type><name>wheat_head</name><pose>Unspecified</pose><truncated>0</truncated><difficult>0</difficult><robndbox><cx>933.9926</cx><cy>27.6799</cy><w>45.3347</w><h>31.3633</h><angle>1.74495</angle></robndbox></object><object><type>robndbox</type><name>wheat_head</name><pose>Unspecified</pose><truncated>0</truncated><difficult>0</difficult><robndbox><cx>783.8309</cx><cy>642.4667</cy><w>26.3748</w><h>23.7887</h><angle>1.817482</angle></robndbox></object><object><type>robndbox</type><name>wheat_head</name><pose>Unspecified</pose><truncated>0</truncated><difficult>0</difficult><robndbox><cx>502.3785</cx><cy>771.535</cy><w>31.8748</w><h>31.654</h><angle>3.00651</angle></robndbox></object><object><type>robndbox</type><name>wheat_head</name><pose>Unspecified</pose><truncated>0</truncated><difficult>0</difficult><robndbox><cx>661.7199</cx><cy>722.3833</cy><w>37.7419</w><h>29.0099</h><angle>1.580829</angle></robndbox></object><object><type>robndbox</type><name>wheat_head</name><pose>Unspecified</pose><truncated>0</truncated><difficult>0</difficult><robndbox><cx>479.0</cx><cy>14.0</cy><w>26.7988</w><h>24.9278</h><angle>1.815572</angle></robndbox></object><object><type>robndbox</type><name>wheat_head</name><pose>Unspecified</pose><truncated>0</truncated><difficult>0</difficult><robndbox><cx>1014.0011</cx><cy>520.5472</cy><w>37.7644</w><h>16.4927</h><angle>1.616655</angle></robndbox></object><object><type>robndbox</type><name>wheat_head</name><pose>Unspecified</pose><truncated>0</truncated><difficult>0</difficult><robndbox><cx>950.4155</cx><cy>998.2797</cy><w>35.813</w><h>25.8954</h><angle>2.942005</angle></robndbox></object><object><type>robndbox</type><name>wheat_head</name><pose>Unspecified</pose><truncated>0</truncated><difficult>0</difficult><robndbox><cx>181.9133</cx><cy>7.5015</cy><w>55.2052</w><h>15.0483</h><angle>0.020049</angle></robndbox></object><object><type>robndbox</type><name>wheat_head</name><pose>Unspecified</pose><truncated>0</truncated><difficult>0</difficult><robndbox><cx>436.9096</cx><cy>290.0123</cy><w>51.8171</w><h>31.6312</h><angle>0.032514</angle></robndbox></object><object><type>robndbox</type><name>wheat_head</name><pose>Unspecified</pose><truncated>0</truncated><difficult>0</difficult><robndbox><cx>710.0325</cx><cy>414.2381</cy><w>54.0043</w><h>31.1771</h><angle>1.005999</angle></robndbox></object><object><type>robndbox</type><name>wheat_head</name><pose>Unspecified</pose><truncated>0</truncated><difficult>0</difficult><robndbox><cx>582.7072</cx><cy>560.8045</cy><w>67.6757</w><h>26.2977</h><angle>0.596199</angle></robndbox></object></annotation>