<annotation verified="no"><folder>images</folder><filename>510c8e6f2</filename><path>/home/badhon/Documents/thesis/final_dataset/ethz_1/images/510c8e6f2.jpg</path><source><database>Unknown</database></source><size><width>1024</width><height>1024</height><depth>3</depth></size><segmented>0</segmented><object><type>robndbox</type><name>wheat_head</name><pose>Unspecified</pose><truncated>0</truncated><difficult>0</difficult><robndbox><cx>869.883</cx><cy>370.6683</cy><w>70.3861</w><h>31.6782</h><angle>0.664999</angle></robndbox></object><object><type>robndbox</type><name>wheat_head</name><pose>Unspecified</pose><truncated>0</truncated><difficult>0</difficult><robndbox><cx>407.1194</cx><cy>166.6612</cy><w>95.1255</w><h>34.848</h><angle>0.957464</angle></robndbox></object><object><type>robndbox</type><name>wheat_head</name><pose>Unspecified</pose><truncated>0</truncated><difficult>0</difficult><robndbox><cx>709.7554</cx><cy>296.0091</cy><w>56.6659</w><h>29.3227</h><angle>1.254169</angle></robndbox></object><object><type>robndbox</type><name>wheat_head</name><pose>Unspecified</pose><truncated>0</truncated><difficult>0</difficult><robndbox><cx>817.6808</cx><cy>163.698</cy><w>93.6416</w><h>29.3742</h><angle>1.164378</angle></robndbox></object><object><type>robndbox</type><name>wheat_head</name><pose>Unspecified</pose><truncated>0</truncated><difficult>0</difficult><robndbox><cx>925.144</cx><cy>256.5326</cy><w>85.9511</w><h>35.2316</h><angle>1.382207</angle></robndbox></object><object><type>robndbox</type><name>wheat_head</name><pose>Unspecified</pose><truncated>0</truncated><difficult>0</difficult><robndbox><cx>112.6501</cx><cy>142.8232</cy><w>126.0482</w><h>37.6236</h><angle>0.65827</angle></robndbox></object><object><type>robndbox</type><name>wheat_head</name><pose>Unspecified</pose><truncated>0</truncated><difficult>0</difficult><robndbox><cx>748.4612</cx><cy>872.2208</cy><w>92.7305</w><h>29.6602</h><angle>1.023591</angle></robndbox></object><object><type>robndbox</type><name>wheat_head</name><pose>Unspecified</pose><truncated>0</truncated><difficult>0</difficult><robndbox><cx>862.6284</cx><cy>526.6236</cy><w>86.405</w><h>30.2187</h><angle>1.17552</angle></robndbox></object><object><type>robndbox</type><name>wheat_head</name><pose>Unspecified</pose><truncated>0</truncated><difficult>0</difficult><robndbox><cx>770.8942</cx><cy>158.4451</cy><w>77.4786</w><h>27.521</h><angle>1.065715</angle></robndbox></object><object><type>robndbox</type><name>wheat_head</name><pose>Unspecified</pose><truncated>0</truncated><difficult>0</difficult><robndbox><cx>993.321</cx><cy>644.7963</cy><w>46.8418</w><h>31.5295</h><angle>0.342045</angle></robndbox></object><object><type>robndbox</type><name>wheat_head</name><pose>Unspecified</pose><truncated>0</truncated><difficult>0</difficult><robndbox><cx>161.7011</cx><cy>54.1623</cy><w>86.5046</w><h>36.456</h><angle>0.517449</angle></robndbox></object><object><type>robndbox</type><name>wheat_head</name><pose>Unspecified</pose><truncated>0</truncated><difficult>0</difficult><robndbox><cx>305.062</cx><cy>452.45</cy><w>71.8496</w><h>31.6881</h><angle>0.545555</angle></robndbox></object><object><type>robndbox</type><name>wheat_head</name><pose>Unspecified</pose><truncated>0</truncated><difficult>0</difficult><robndbox><cx>524.1435</cx><cy>833.184</cy><w>113.3714</w><h>40.6697</h><angle>1.153103</angle></robndbox></object><object><type>robndbox</type><name>wheat_head</name><pose>Unspecified</pose><truncated>0</truncated><difficult>0</difficult><robndbox><cx>412.1784</cx><cy>523.8989</cy><w>93.4305</w><h>36.8571</h><angle>0.551291</angle></robndbox></object><object><type>robndbox</type><name>wheat_head</name><pose>Unspecified</pose><truncated>0</truncated><difficult>0</difficult><robndbox><cx>183.5392</cx><cy>573.672</cy><w>115.953</w><h>30.8617</h><angle>0.450438</angle></robndbox></object><object><type>robndbox</type><name>wheat_head</name><pose>Unspecified</pose><truncated>0</truncated><difficult>0</difficult><robndbox><cx>162.6788</cx><cy>433.5829</cy><w>82.4565</w><h>28.2407</h><angle>0.280622</angle></robndbox></object><object><type>robndbox</type><name>wheat_head</name><pose>Unspecified</pose><truncated>0</truncated><difficult>0</difficult><robndbox><cx>712.9529</cx><cy>583.9694</cy><w>61.2327</w><h>31.0292</h><angle>1.270102</angle></robndbox></object><object><type>robndbox</type><name>wheat_head</name><pose>Unspecified</pose><truncated>0</truncated><difficult>0</difficult><robndbox><cx>196.3713</cx><cy>780.5205</cy><w>92.3818</w><h>36.0797</h><angle>0.44678</angle></robndbox></object><object><type>robndbox</type><name>wheat_head</name><pose>Unspecified</pose><truncated>0</truncated><difficult>0</difficult><robndbox><cx>606.0902</cx><cy>302.617</cy><w>79.7718</w><h>28.2644</h><angle>0.27362</angle></robndbox></object><object><type>robndbox</type><name>wheat_head</name><pose>Unspecified</pose><truncated>0</truncated><difficult>0</difficult><robndbox><cx>795.4526</cx><cy>875.3956</cy><w>63.8454</w><h>27.0141</h><angle>1.017958</angle></robndbox></object><object><type>robndbox</type><name>wheat_head</name><pose>Unspecified</pose><truncated>0</truncated><difficult>0</difficult><robndbox><cx>916.5709</cx><cy>42.4194</cy><w>39.5666</w><h>27.5259</h><angle>1.205558</angle></robndbox></object><object><type>robndbox</type><name>wheat_head</name><pose>Unspecified</pose><truncated>0</truncated><difficult>0</difficult><robndbox><cx>381.4603</cx><cy>240.1448</cy><w>77.1499</w><h>26.081</h><angle>0.316376</angle></robndbox></object><object><type>robndbox</type><name>wheat_head</name><pose>Unspecified</pose><truncated>0</truncated><difficult>0</difficult><robndbox><cx>63.7665</cx><cy>349.7105</cy><w>74.9533</w><h>30.9175</h><angle>0.362782</angle></robndbox></object><object><type>robndbox</type><name>wheat_head</name><pose>Unspecified</pose><truncated>0</truncated><difficult>0</difficult><robndbox><cx>751.6635</cx><cy>6.041</cy><w>27.4768</w><h>10.0782</h><angle>0.116545</angle></robndbox></object><object><type>robndbox</type><name>wheat_head</name><pose>Unspecified</pose><truncated>0</truncated><difficult>0</difficult><robndbox><cx>135.3011</cx><cy>587.4064</cy><w>111.585</w><h>33.4068</h><angle>0.572101</angle></robndbox></object><object><type>robndbox</type><name>wheat_head</name><pose>Unspecified</pose><truncated>0</truncated><difficult>0</difficult><robndbox><cx>488.9103</cx><cy>363.3631</cy><w>45.4471</w><h>22.1517</h><angle>0.956108</angle></robndbox></object><object><type>robndbox</type><name>wheat_head</name><pose>Unspecified</pose><truncated>0</truncated><difficult>0</difficult><robndbox><cx>930.5281</cx><cy>534.0129</cy><w>97.3816</w><h>31.5724</h><angle>0.561725</angle></robndbox></object><object><type>robndbox</type><name>wheat_head</name><pose>Unspecified</pose><truncated>0</truncated><difficult>0</difficult><robndbox><cx>633.4202</cx><cy>902.4174</cy><w>98.6977</w><h>32.7329</h><angle>1.035327</angle></robndbox></object><object><type>robndbox</type><name>wheat_head</name><pose>Unspecified</pose><truncated>0</truncated><difficult>0</difficult><robndbox><cx>903.2989</cx><cy>765.6409</cy><w>61.5068</w><h>30.8575</h><angle>0.975778</angle></robndbox></object><object><type>robndbox</type><name>wheat_head</name><pose>Unspecified</pose><truncated>0</truncated><difficult>0</difficult><robndbox><cx>550.193</cx><cy>516.2054</cy><w>62.9928</w><h>34.7737</h><angle>0.98602</angle></robndbox></object><object><type>robndbox</type><name>wheat_head</name><pose>Unspecified</pose><truncated>0</truncated><difficult>0</difficult><robndbox><cx>873.2973</cx><cy>797.7416</cy><w>58.118</w><h>28.9086</h><angle>0.479398</angle></robndbox></object><object><type>robndbox</type><name>wheat_head</name><pose>Unspecified</pose><truncated>0</truncated><difficult>0</difficult><robndbox><cx>732.265</cx><cy>923.556</cy><w>122.9396</w><h>34.7225</h><angle>0.160358</angle></robndbox></object><object><type>robndbox</type><name>wheat_head</name><pose>Unspecified</pose><truncated>0</truncated><difficult>0</difficult><robndbox><cx>972.0056</cx><cy>421.8638</cy><w>60.7451</w><h>31.942</h><angle>1.285035</angle></robndbox></object><object><type>robndbox</type><name>wheat_head</name><pose>Unspecified</pose><truncated>0</truncated><difficult>0</difficult><robndbox><cx>813.8405</cx><cy>644.5106</cy><w>41.1533</w><h>31.0683</h><angle>1.266752</angle></robndbox></object><object><type>robndbox</type><name>wheat_head</name><pose>Unspecified</pose><truncated>0</truncated><difficult>0</difficult><robndbox><cx>59.5783</cx><cy>397.6463</cy><w>52.4389</w><h>22.6488</h><angle>0.390773</angle></robndbox></object><object><type>robndbox</type><name>wheat_head</name><pose>Unspecified</pose><truncated>0</truncated><difficult>0</difficult><robndbox><cx>828.2446</cx><cy>18.4131</cy><w>51.1583</w><h>35.074</h><angle>0.66595</angle></robndbox></object><object><type>robndbox</type><name>wheat_head</name><pose>Unspecified</pose><truncated>0</truncated><difficult>0</difficult><robndbox><cx>188.2482</cx><cy>939.9716</cy><w>73.0999</w><h>26.8828</h><angle>0.401158</angle></robndbox></object><object><type>robndbox</type><name>wheat_head</name><pose>Unspecified</pose><truncated>0</truncated><difficult>0</difficult><robndbox><cx>724.0029</cx><cy>764.1024</cy><w>39.2507</w><h>33.3094</h><angle>0.969433</angle></robndbox></object><object><type>robndbox</type><name>wheat_head</name><pose>Unspecified</pose><truncated>0</truncated><difficult>0</difficult><robndbox><cx>352.4902</cx><cy>666.3311</cy><w>56.6099</w><h>33.0813</h><angle>0.509144</angle></robndbox></object><object><type>robndbox</type><name>wheat_head</name><pose>Unspecified</pose><truncated>0</truncated><difficult>0</difficult><robndbox><cx>733.6481</cx><cy>678.8474</cy><w>88.6278</w><h>33.4173</h><angle>0.180782</angle></robndbox></object><object><type>robndbox</type><name>wheat_head</name><pose>Unspecified</pose><truncated>0</truncated><difficult>0</difficult><robndbox><cx>71.8822</cx><cy>924.826</cy><w>122.792</w><h>40.2306</h><angle>0.304248</angle></robndbox></object><object><type>robndbox</type><name>wheat_head</name><pose>Unspecified</pose><truncated>0</truncated><difficult>0</difficult><robndbox><cx>240.0306</cx><cy>318.5586</cy><w>114.7863</w><h>36.1365</h><angle>2.886201</angle></robndbox></object><object><type>robndbox</type><name>wheat_head</name><pose>Unspecified</pose><truncated>0</truncated><difficult>0</difficult><robndbox><cx>540.0197</cx><cy>684.2042</cy><w>97.9747</w><h>35.8821</h><angle>2.875965</angle></robndbox></object><object><type>robndbox</type><name>wheat_head</name><pose>Unspecified</pose><truncated>0</truncated><difficult>0</difficult><robndbox><cx>594.5624</cx><cy>825.4881</cy><w>67.1758</w><h>30.8689</h><angle>0.508206</angle></robndbox></object><object><type>robndbox</type><name>wheat_head</name><pose>Unspecified</pose><truncated>0</truncated><difficult>0</difficult><robndbox><cx>32.3244</cx><cy>588.9319</cy><w>72.6809</w><h>32.1796</h><angle>0.298727</angle></robndbox></object><object><type>robndbox</type><name>wheat_head</name><pose>Unspecified</pose><truncated>0</truncated><difficult>0</difficult><robndbox><cx>971.8752</cx><cy>912.7236</cy><w>57.4468</w><h>28.7525</h><angle>0.31559</angle></robndbox></object><object><type>robndbox</type><name>wheat_head</name><pose>Unspecified</pose><truncated>0</truncated><difficult>0</difficult><robndbox><cx>413.0235</cx><cy>707.537</cy><w>97.9608</w><h>32.7951</h><angle>2.879049</angle></robndbox></object><object><type>robndbox</type><name>wheat_head</name><pose>Unspecified</pose><truncated>0</truncated><difficult>0</difficult><robndbox><cx>690.5717</cx><cy>866.51</cy><w>50.3065</w><h>30.8954</h><angle>0.561124</angle></robndbox></object><object><type>robndbox</type><name>wheat_head</name><pose>Unspecified</pose><truncated>0</truncated><difficult>0</difficult><robndbox><cx>117.6197</cx><cy>518.065</cy><w>40.442</w><h>29.7751</h><angle>1.117707</angle></robndbox></object><object><type>robndbox</type><name>wheat_head</name><pose>Unspecified</pose><truncated>0</truncated><difficult>0</difficult><robndbox><cx>168.8397</cx><cy>289.1487</cy><w>77.0733</w><h>33.6399</h><angle>0.213793</angle></robndbox></object><object><type>robndbox</type><name>wheat_head</name><pose>Unspecified</pose><truncated>0</truncated><difficult>0</difficult><robndbox><cx>171.4217</cx><cy>977.8973</cy><w>66.1166</w><h>32.2451</h><angle>0.41022</angle></robndbox></object><object><type>robndbox</type><name>wheat_head</name><pose>Unspecified</pose><truncated>0</truncated><difficult>0</difficult><robndbox><cx>679.0372</cx><cy>17.7512</cy><w>46.4053</w><h>21.6021</h><angle>3.115438</angle></robndbox></object><object><type>robndbox</type><name>wheat_head</name><pose>Unspecified</pose><truncated>0</truncated><difficult>0</difficult><robndbox><cx>1009.5972</cx><cy>171.8771</cy><w>27.1232</w><h>21.1152</h><angle>1.397888</angle></robndbox></object><object><type>robndbox</type><name>wheat_head</name><pose>Unspecified</pose><truncated>0</truncated><difficult>0</difficult><robndbox><cx>24.1782</cx><cy>697.7791</cy><w>49.3499</w><h>30.3875</h><angle>0.251639</angle></robndbox></object><object><type>robndbox</type><name>wheat_head</name><pose>Unspecified</pose><truncated>0</truncated><difficult>0</difficult><robndbox><cx>16.381</cx><cy>635.7901</cy><w>37.8775</w><h>26.0006</h><angle>0.138206</angle></robndbox></object><object><type>robndbox</type><name>wheat_head</name><pose>Unspecified</pose><truncated>0</truncated><difficult>0</difficult><robndbox><cx>499.2849</cx><cy>887.103</cy><w>32.4758</w><h>24.0259</h><angle>1.177541</angle></robndbox></object><object><type>robndbox</type><name>wheat_head</name><pose>Unspecified</pose><truncated>0</truncated><difficult>0</difficult><robndbox><cx>981.087</cx><cy>518.6584</cy><w>50.3856</w><h>26.0503</h><angle>0.134324</angle></robndbox></object><object><type>robndbox</type><name>wheat_head</name><pose>Unspecified</pose><truncated>0</truncated><difficult>0</difficult><robndbox><cx>7.0</cx><cy>183.0</cy><w>14.0583</w><h>12.9948</h><angle>3.050478</angle></robndbox></object><object><type>robndbox</type><name>wheat_head</name><pose>Unspecified</pose><truncated>0</truncated><difficult>0</difficult><robndbox><cx>12.4231</cx><cy>311.7086</cy><w>29.9612</w><h>24.6454</h><angle>1.687336</angle></robndbox></object><object><type>robndbox</type><name>wheat_head</name><pose>Unspecified</pose><truncated>0</truncated><difficult>0</difficult><robndbox><cx>957.6465</cx><cy>986.5447</cy><w>135.5655</w><h>33.1032</h><angle>0.433953</angle></robndbox></object></annotation>