<annotation verified="no"><folder>images</folder><filename>52a0abc4b</filename><path>/home/badhon/Documents/thesis/final_dataset/ethz_1/images/52a0abc4b.jpg</path><source><database>Unknown</database></source><size><width>1024</width><height>1024</height><depth>3</depth></size><segmented>0</segmented><object><type>robndbox</type><name>wheat_head</name><pose>Unspecified</pose><truncated>0</truncated><difficult>0</difficult><robndbox><cx>1004.2977</cx><cy>179.572</cy><w>43.9365</w><h>28.0047</h><angle>1.215175</angle></robndbox></object><object><type>robndbox</type><name>wheat_head</name><pose>Unspecified</pose><truncated>0</truncated><difficult>0</difficult><robndbox><cx>795.8104</cx><cy>92.2951</cy><w>94.1608</w><h>37.16</h><angle>0.678619</angle></robndbox></object><object><type>robndbox</type><name>wheat_head</name><pose>Unspecified</pose><truncated>0</truncated><difficult>0</difficult><robndbox><cx>73.5351</cx><cy>405.2213</cy><w>83.1629</w><h>32.519</h><angle>0.392264</angle></robndbox></object><object><type>robndbox</type><name>wheat_head</name><pose>Unspecified</pose><truncated>0</truncated><difficult>0</difficult><robndbox><cx>956.7401</cx><cy>454.7932</cy><w>52.2</w><h>33.5103</h><angle>1.042495</angle></robndbox></object><object><type>robndbox</type><name>wheat_head</name><pose>Unspecified</pose><truncated>0</truncated><difficult>0</difficult><robndbox><cx>501.5287</cx><cy>160.6468</cy><w>74.4446</w><h>24.9251</h><angle>0.565267</angle></robndbox></object><object><type>robndbox</type><name>wheat_head</name><pose>Unspecified</pose><truncated>0</truncated><difficult>0</difficult><robndbox><cx>210.1243</cx><cy>748.939</cy><w>87.2385</w><h>40.9759</h><angle>0.528328</angle></robndbox></object><object><type>robndbox</type><name>wheat_head</name><pose>Unspecified</pose><truncated>0</truncated><difficult>0</difficult><robndbox><cx>217.799</cx><cy>231.4636</cy><w>72.0745</w><h>32.1714</h><angle>0.567443</angle></robndbox></object><object><type>robndbox</type><name>wheat_head</name><pose>Unspecified</pose><truncated>0</truncated><difficult>0</difficult><robndbox><cx>486.6673</cx><cy>428.9985</cy><w>118.8899</w><h>41.1943</h><angle>0.633371</angle></robndbox></object><object><type>robndbox</type><name>wheat_head</name><pose>Unspecified</pose><truncated>0</truncated><difficult>0</difficult><robndbox><cx>1015.3792</cx><cy>925.0612</cy><w>31.6896</w><h>14.4327</h><angle>1.510544</angle></robndbox></object><object><type>robndbox</type><name>wheat_head</name><pose>Unspecified</pose><truncated>0</truncated><difficult>0</difficult><robndbox><cx>626.8032</cx><cy>854.9221</cy><w>75.3721</w><h>32.4312</h><angle>0.371788</angle></robndbox></object><object><type>robndbox</type><name>wheat_head</name><pose>Unspecified</pose><truncated>0</truncated><difficult>0</difficult><robndbox><cx>324.8064</cx><cy>224.2131</cy><w>105.5715</w><h>34.3184</h><angle>0.589414</angle></robndbox></object><object><type>robndbox</type><name>wheat_head</name><pose>Unspecified</pose><truncated>0</truncated><difficult>0</difficult><robndbox><cx>439.7162</cx><cy>292.8074</cy><w>83.5605</w><h>33.6716</h><angle>0.57467</angle></robndbox></object><object><type>robndbox</type><name>wheat_head</name><pose>Unspecified</pose><truncated>0</truncated><difficult>0</difficult><robndbox><cx>219.246</cx><cy>485.5821</cy><w>85.5732</w><h>36.0511</h><angle>0.657857</angle></robndbox></object><object><type>robndbox</type><name>wheat_head</name><pose>Unspecified</pose><truncated>0</truncated><difficult>0</difficult><robndbox><cx>659.4549</cx><cy>199.3448</cy><w>61.7894</w><h>33.0186</h><angle>0.727589</angle></robndbox></object><object><type>robndbox</type><name>wheat_head</name><pose>Unspecified</pose><truncated>0</truncated><difficult>0</difficult><robndbox><cx>445.4399</cx><cy>774.5839</cy><w>85.99</w><h>35.0428</h><angle>0.682971</angle></robndbox></object><object><type>robndbox</type><name>wheat_head</name><pose>Unspecified</pose><truncated>0</truncated><difficult>0</difficult><robndbox><cx>411.3955</cx><cy>572.9394</cy><w>74.2334</w><h>27.8754</h><angle>0.585231</angle></robndbox></object><object><type>robndbox</type><name>wheat_head</name><pose>Unspecified</pose><truncated>0</truncated><difficult>0</difficult><robndbox><cx>1014.8297</cx><cy>298.5385</cy><w>32.0964</w><h>16.5663</h><angle>1.565403</angle></robndbox></object><object><type>robndbox</type><name>wheat_head</name><pose>Unspecified</pose><truncated>0</truncated><difficult>0</difficult><robndbox><cx>920.6728</cx><cy>277.6086</cy><w>68.6737</w><h>37.2631</h><angle>0.516744</angle></robndbox></object><object><type>robndbox</type><name>wheat_head</name><pose>Unspecified</pose><truncated>0</truncated><difficult>0</difficult><robndbox><cx>479.4662</cx><cy>954.9235</cy><w>57.8981</w><h>30.8933</h><angle>0.38928</angle></robndbox></object><object><type>robndbox</type><name>wheat_head</name><pose>Unspecified</pose><truncated>0</truncated><difficult>0</difficult><robndbox><cx>84.7847</cx><cy>499.4946</cy><w>63.5241</w><h>30.1893</h><angle>0.466548</angle></robndbox></object><object><type>robndbox</type><name>wheat_head</name><pose>Unspecified</pose><truncated>0</truncated><difficult>0</difficult><robndbox><cx>773.4844</cx><cy>565.4821</cy><w>91.9105</w><h>20.4349</h><angle>0.33052</angle></robndbox></object><object><type>robndbox</type><name>wheat_head</name><pose>Unspecified</pose><truncated>0</truncated><difficult>0</difficult><robndbox><cx>146.7142</cx><cy>100.6818</cy><w>91.2566</w><h>32.7598</h><angle>0.301968</angle></robndbox></object><object><type>robndbox</type><name>wheat_head</name><pose>Unspecified</pose><truncated>0</truncated><difficult>0</difficult><robndbox><cx>381.3314</cx><cy>734.5712</cy><w>90.3542</w><h>34.5508</h><angle>0.255787</angle></robndbox></object><object><type>robndbox</type><name>wheat_head</name><pose>Unspecified</pose><truncated>0</truncated><difficult>0</difficult><robndbox><cx>1006.752</cx><cy>641.4615</cy><w>31.9577</w><h>31.0355</h><angle>0.317511</angle></robndbox></object><object><type>robndbox</type><name>wheat_head</name><pose>Unspecified</pose><truncated>0</truncated><difficult>0</difficult><robndbox><cx>21.1318</cx><cy>453.4956</cy><w>41.6171</w><h>29.2635</h><angle>0.374819</angle></robndbox></object><object><type>robndbox</type><name>wheat_head</name><pose>Unspecified</pose><truncated>0</truncated><difficult>0</difficult><robndbox><cx>647.5437</cx><cy>109.3791</cy><w>167.367</w><h>31.8117</h><angle>0.906172</angle></robndbox></object><object><type>robndbox</type><name>wheat_head</name><pose>Unspecified</pose><truncated>0</truncated><difficult>0</difficult><robndbox><cx>957.1358</cx><cy>116.2393</cy><w>57.7205</w><h>27.926</h><angle>0.274901</angle></robndbox></object><object><type>robndbox</type><name>wheat_head</name><pose>Unspecified</pose><truncated>0</truncated><difficult>0</difficult><robndbox><cx>771.0712</cx><cy>531.2608</cy><w>86.8722</w><h>31.9681</h><angle>0.161278</angle></robndbox></object><object><type>robndbox</type><name>wheat_head</name><pose>Unspecified</pose><truncated>0</truncated><difficult>0</difficult><robndbox><cx>820.9388</cx><cy>29.3478</cy><w>77.2295</w><h>29.448</h><angle>0.838944</angle></robndbox></object><object><type>robndbox</type><name>wheat_head</name><pose>Unspecified</pose><truncated>0</truncated><difficult>0</difficult><robndbox><cx>164.5294</cx><cy>628.4007</cy><w>87.5294</w><h>32.7218</h><angle>0.283021</angle></robndbox></object><object><type>robndbox</type><name>wheat_head</name><pose>Unspecified</pose><truncated>0</truncated><difficult>0</difficult><robndbox><cx>718.4357</cx><cy>976.8912</cy><w>72.8589</w><h>37.6626</h><angle>0.965695</angle></robndbox></object><object><type>robndbox</type><name>wheat_head</name><pose>Unspecified</pose><truncated>0</truncated><difficult>0</difficult><robndbox><cx>80.2787</cx><cy>241.8813</cy><w>72.8974</w><h>28.8138</h><angle>0.367917</angle></robndbox></object><object><type>robndbox</type><name>wheat_head</name><pose>Unspecified</pose><truncated>0</truncated><difficult>0</difficult><robndbox><cx>775.5385</cx><cy>935.4297</cy><w>54.355</w><h>30.2461</h><angle>0.428726</angle></robndbox></object><object><type>robndbox</type><name>wheat_head</name><pose>Unspecified</pose><truncated>0</truncated><difficult>0</difficult><robndbox><cx>789.1175</cx><cy>599.7382</cy><w>82.3079</w><h>39.765</h><angle>0.63052</angle></robndbox></object><object><type>robndbox</type><name>wheat_head</name><pose>Unspecified</pose><truncated>0</truncated><difficult>0</difficult><robndbox><cx>88.9949</cx><cy>919.6603</cy><w>124.7676</w><h>35.6331</h><angle>0.227251</angle></robndbox></object><object><type>robndbox</type><name>wheat_head</name><pose>Unspecified</pose><truncated>0</truncated><difficult>0</difficult><robndbox><cx>482.9919</cx><cy>353.3535</cy><w>73.6499</w><h>28.0314</h><angle>0.148005</angle></robndbox></object><object><type>robndbox</type><name>wheat_head</name><pose>Unspecified</pose><truncated>0</truncated><difficult>0</difficult><robndbox><cx>311.5991</cx><cy>666.3745</cy><w>56.8538</w><h>25.9729</h><angle>0.244239</angle></robndbox></object><object><type>robndbox</type><name>wheat_head</name><pose>Unspecified</pose><truncated>0</truncated><difficult>0</difficult><robndbox><cx>975.1061</cx><cy>507.8094</cy><w>87.7648</w><h>39.9476</h><angle>0.542495</angle></robndbox></object><object><type>robndbox</type><name>wheat_head</name><pose>Unspecified</pose><truncated>0</truncated><difficult>0</difficult><robndbox><cx>562.081</cx><cy>998.1487</cy><w>61.9262</w><h>21.7217</h><angle>3.012371</angle></robndbox></object><object><type>robndbox</type><name>wheat_head</name><pose>Unspecified</pose><truncated>0</truncated><difficult>0</difficult><robndbox><cx>327.3755</cx><cy>30.0614</cy><w>88.9086</w><h>33.1836</h><angle>0.196093</angle></robndbox></object><object><type>robndbox</type><name>wheat_head</name><pose>Unspecified</pose><truncated>0</truncated><difficult>0</difficult><robndbox><cx>404.3842</cx><cy>322.4485</cy><w>87.1339</w><h>29.9205</h><angle>0.448005</angle></robndbox></object><object><type>robndbox</type><name>wheat_head</name><pose>Unspecified</pose><truncated>0</truncated><difficult>0</difficult><robndbox><cx>36.7818</cx><cy>327.7462</cy><w>58.4741</w><h>19.9874</h><angle>0.06445</angle></robndbox></object><object><type>robndbox</type><name>wheat_head</name><pose>Unspecified</pose><truncated>0</truncated><difficult>0</difficult><robndbox><cx>29.3362</cx><cy>83.11</cy><w>32.092</w><h>21.3708</h><angle>0.160276</angle></robndbox></object><object><type>robndbox</type><name>wheat_head</name><pose>Unspecified</pose><truncated>0</truncated><difficult>0</difficult><robndbox><cx>769.1376</cx><cy>695.4858</cy><w>54.0819</w><h>25.3671</h><angle>0.379108</angle></robndbox></object><object><type>robndbox</type><name>wheat_head</name><pose>Unspecified</pose><truncated>0</truncated><difficult>0</difficult><robndbox><cx>880.305</cx><cy>506.2731</cy><w>99.384</w><h>29.6146</h><angle>0.420119</angle></robndbox></object><object><type>robndbox</type><name>wheat_head</name><pose>Unspecified</pose><truncated>0</truncated><difficult>0</difficult><robndbox><cx>263.2618</cx><cy>962.0742</cy><w>104.5722</w><h>39.5137</h><angle>0.292323</angle></robndbox></object><object><type>robndbox</type><name>wheat_head</name><pose>Unspecified</pose><truncated>0</truncated><difficult>0</difficult><robndbox><cx>183.1455</cx><cy>152.5984</cy><w>53.9412</w><h>22.8123</h><angle>0.277781</angle></robndbox></object><object><type>robndbox</type><name>wheat_head</name><pose>Unspecified</pose><truncated>0</truncated><difficult>0</difficult><robndbox><cx>482.9302</cx><cy>873.1166</cy><w>45.8095</w><h>24.5604</h><angle>0.218034</angle></robndbox></object><object><type>robndbox</type><name>wheat_head</name><pose>Unspecified</pose><truncated>0</truncated><difficult>0</difficult><robndbox><cx>1012.0</cx><cy>819.5</cy><w>18.2435</w><h>16.9399</h><angle>1.199441</angle></robndbox></object><object><type>robndbox</type><name>wheat_head</name><pose>Unspecified</pose><truncated>0</truncated><difficult>0</difficult><robndbox><cx>749.9755</cx><cy>404.9222</cy><w>81.9881</w><h>32.9354</h><angle>0.188032</angle></robndbox></object><object><type>robndbox</type><name>wheat_head</name><pose>Unspecified</pose><truncated>0</truncated><difficult>0</difficult><robndbox><cx>43.4593</cx><cy>600.0509</cy><w>49.0737</w><h>22.9997</h><angle>3.082807</angle></robndbox></object><object><type>robndbox</type><name>wheat_head</name><pose>Unspecified</pose><truncated>0</truncated><difficult>0</difficult><robndbox><cx>1015.0</cx><cy>566.5</cy><w>18.5547</w><h>12.9929</h><angle>2.896452</angle></robndbox></object><object><type>robndbox</type><name>wheat_head</name><pose>Unspecified</pose><truncated>0</truncated><difficult>0</difficult><robndbox><cx>496.8377</cx><cy>39.4652</cy><w>49.0646</w><h>32.9803</h><angle>0.343842</angle></robndbox></object><object><type>robndbox</type><name>wheat_head</name><pose>Unspecified</pose><truncated>0</truncated><difficult>0</difficult><robndbox><cx>134.3236</cx><cy>992.1838</cy><w>98.1832</w><h>29.7593</h><angle>3.032208</angle></robndbox></object><object><type>robndbox</type><name>wheat_head</name><pose>Unspecified</pose><truncated>0</truncated><difficult>0</difficult><robndbox><cx>242.0665</cx><cy>45.5497</cy><w>42.5848</w><h>27.6479</h><angle>0.30793</angle></robndbox></object><object><type>robndbox</type><name>wheat_head</name><pose>Unspecified</pose><truncated>0</truncated><difficult>0</difficult><robndbox><cx>302.4191</cx><cy>78.714</cy><w>51.9508</w><h>31.0353</h><angle>0.270277</angle></robndbox></object><object><type>robndbox</type><name>wheat_head</name><pose>Unspecified</pose><truncated>0</truncated><difficult>0</difficult><robndbox><cx>957.6235</cx><cy>655.5656</cy><w>50.0954</w><h>34.7334</h><angle>0.330982</angle></robndbox></object><object><type>robndbox</type><name>wheat_head</name><pose>Unspecified</pose><truncated>0</truncated><difficult>0</difficult><robndbox><cx>364.4901</cx><cy>7.9855</cy><w>37.9413</w><h>16.9928</h><angle>0.057264</angle></robndbox></object><object><type>robndbox</type><name>wheat_head</name><pose>Unspecified</pose><truncated>0</truncated><difficult>0</difficult><robndbox><cx>497.8377</cx><cy>43.4652</cy><w>49.0646</w><h>32.9803</h><angle>0.343842</angle></robndbox></object><object><type>robndbox</type><name>wheat_head</name><pose>Unspecified</pose><truncated>0</truncated><difficult>0</difficult><robndbox><cx>419.6234</cx><cy>548.5589</cy><w>118.7345</w><h>35.8547</h><angle>0.285231</angle></robndbox></object><object><type>robndbox</type><name>wheat_head</name><pose>Unspecified</pose><truncated>0</truncated><difficult>0</difficult><robndbox><cx>445.6942</cx><cy>712.0162</cy><w>34.9939</w><h>22.0127</h><angle>0.04448</angle></robndbox></object><object><type>robndbox</type><name>wheat_head</name><pose>Unspecified</pose><truncated>0</truncated><difficult>0</difficult><robndbox><cx>447.5948</cx><cy>921.395</cy><w>49.7063</w><h>25.9716</h><angle>2.956658</angle></robndbox></object><object><type>robndbox</type><name>wheat_head</name><pose>Unspecified</pose><truncated>0</truncated><difficult>0</difficult><robndbox><cx>520.0389</cx><cy>907.1205</cy><w>83.6355</w><h>28.6235</h><angle>0.015066</angle></robndbox></object><object><type>robndbox</type><name>wheat_head</name><pose>Unspecified</pose><truncated>0</truncated><difficult>0</difficult><robndbox><cx>853.4454</cx><cy>934.1704</cy><w>76.0157</w><h>37.5467</h><angle>0.281769</angle></robndbox></object><object><type>robndbox</type><name>wheat_head</name><pose>Unspecified</pose><truncated>0</truncated><difficult>0</difficult><robndbox><cx>718.3267</cx><cy>824.405</cy><w>103.4698</w><h>41.6531</h><angle>0.606767</angle></robndbox></object><object><type>robndbox</type><name>wheat_head</name><pose>Unspecified</pose><truncated>0</truncated><difficult>0</difficult><robndbox><cx>79.4252</cx><cy>21.9829</cy><w>87.2067</w><h>32.5968</h><angle>0.463648</angle></robndbox></object><object><type>robndbox</type><name>wheat_head</name><pose>Unspecified</pose><truncated>0</truncated><difficult>0</difficult><robndbox><cx>137.3375</cx><cy>17.0987</cy><w>57.4543</w><h>35.2113</h><angle>0.549374</angle></robndbox></object></annotation>