<annotation verified="no"><folder>images</folder><filename>539eab290</filename><path>/home/badhon/Documents/thesis/final_dataset/ethz_1/images/539eab290.jpg</path><source><database>Unknown</database></source><size><width>1024</width><height>1024</height><depth>3</depth></size><segmented>0</segmented><object><type>robndbox</type><name>wheat_head</name><pose>Unspecified</pose><truncated>0</truncated><difficult>0</difficult><robndbox><cx>574.4975</cx><cy>120.4679</cy><w>80.5359</w><h>34.2171</h><angle>1.087902</angle></robndbox></object><object><type>robndbox</type><name>wheat_head</name><pose>Unspecified</pose><truncated>0</truncated><difficult>0</difficult><robndbox><cx>997.4691</cx><cy>25.2661</cy><w>68.2065</w><h>27.7235</h><angle>1.415854</angle></robndbox></object><object><type>robndbox</type><name>wheat_head</name><pose>Unspecified</pose><truncated>0</truncated><difficult>0</difficult><robndbox><cx>764.9763</cx><cy>242.8005</cy><w>124.8579</w><h>32.3697</h><angle>0.873869</angle></robndbox></object><object><type>robndbox</type><name>wheat_head</name><pose>Unspecified</pose><truncated>0</truncated><difficult>0</difficult><robndbox><cx>899.134</cx><cy>36.961</cy><w>74.7124</w><h>41.206</h><angle>1.16918</angle></robndbox></object><object><type>robndbox</type><name>wheat_head</name><pose>Unspecified</pose><truncated>0</truncated><difficult>0</difficult><robndbox><cx>780.9357</cx><cy>401.2717</cy><w>103.5573</w><h>37.5315</h><angle>0.934006</angle></robndbox></object><object><type>robndbox</type><name>wheat_head</name><pose>Unspecified</pose><truncated>0</truncated><difficult>0</difficult><robndbox><cx>659.9457</cx><cy>446.2141</cy><w>73.7477</w><h>30.3948</h><angle>1.0009</angle></robndbox></object><object><type>robndbox</type><name>wheat_head</name><pose>Unspecified</pose><truncated>0</truncated><difficult>0</difficult><robndbox><cx>90.3134</cx><cy>36.3807</cy><w>100.2005</w><h>29.8839</h><angle>0.919057</angle></robndbox></object><object><type>robndbox</type><name>wheat_head</name><pose>Unspecified</pose><truncated>0</truncated><difficult>0</difficult><robndbox><cx>577.6396</cx><cy>895.6625</cy><w>99.9647</w><h>43.6244</h><angle>0.451885</angle></robndbox></object><object><type>robndbox</type><name>wheat_head</name><pose>Unspecified</pose><truncated>0</truncated><difficult>0</difficult><robndbox><cx>952.1623</cx><cy>353.508</cy><w>120.4453</w><h>35.5475</h><angle>0.759977</angle></robndbox></object><object><type>robndbox</type><name>wheat_head</name><pose>Unspecified</pose><truncated>0</truncated><difficult>0</difficult><robndbox><cx>508.6905</cx><cy>354.593</cy><w>73.8387</w><h>26.4847</h><angle>1.085095</angle></robndbox></object><object><type>robndbox</type><name>wheat_head</name><pose>Unspecified</pose><truncated>0</truncated><difficult>0</difficult><robndbox><cx>410.0484</cx><cy>274.2141</cy><w>95.9744</w><h>34.2995</h><angle>0.288521</angle></robndbox></object><object><type>robndbox</type><name>wheat_head</name><pose>Unspecified</pose><truncated>0</truncated><difficult>0</difficult><robndbox><cx>269.8568</cx><cy>38.7315</cy><w>89.863</w><h>32.6921</h><angle>0.746962</angle></robndbox></object><object><type>robndbox</type><name>wheat_head</name><pose>Unspecified</pose><truncated>0</truncated><difficult>0</difficult><robndbox><cx>808.6011</cx><cy>473.6348</cy><w>44.9288</w><h>24.5625</h><angle>1.19074</angle></robndbox></object><object><type>robndbox</type><name>wheat_head</name><pose>Unspecified</pose><truncated>0</truncated><difficult>0</difficult><robndbox><cx>864.5494</cx><cy>57.1903</cy><w>125.6795</w><h>33.4264</h><angle>0.697179</angle></robndbox></object><object><type>robndbox</type><name>wheat_head</name><pose>Unspecified</pose><truncated>0</truncated><difficult>0</difficult><robndbox><cx>260.5279</cx><cy>831.8715</cy><w>78.8419</w><h>28.6932</h><angle>1.144885</angle></robndbox></object><object><type>robndbox</type><name>wheat_head</name><pose>Unspecified</pose><truncated>0</truncated><difficult>0</difficult><robndbox><cx>738.6706</cx><cy>553.7656</cy><w>169.3633</w><h>38.4195</h><angle>0.11082</angle></robndbox></object><object><type>robndbox</type><name>wheat_head</name><pose>Unspecified</pose><truncated>0</truncated><difficult>0</difficult><robndbox><cx>314.4622</cx><cy>533.0968</cy><w>115.6241</w><h>33.5389</h><angle>0.21881</angle></robndbox></object><object><type>robndbox</type><name>wheat_head</name><pose>Unspecified</pose><truncated>0</truncated><difficult>0</difficult><robndbox><cx>82.0585</cx><cy>107.9007</cy><w>87.8496</w><h>39.7465</h><angle>0.563562</angle></robndbox></object><object><type>robndbox</type><name>wheat_head</name><pose>Unspecified</pose><truncated>0</truncated><difficult>0</difficult><robndbox><cx>519.6126</cx><cy>426.4617</cy><w>143.3888</w><h>40.6225</h><angle>0.653835</angle></robndbox></object><object><type>robndbox</type><name>wheat_head</name><pose>Unspecified</pose><truncated>0</truncated><difficult>0</difficult><robndbox><cx>691.0654</cx><cy>312.4906</cy><w>149.5785</w><h>34.7379</h><angle>0.405867</angle></robndbox></object><object><type>robndbox</type><name>wheat_head</name><pose>Unspecified</pose><truncated>0</truncated><difficult>0</difficult><robndbox><cx>61.1418</cx><cy>627.9618</cy><w>98.3875</w><h>31.0183</h><angle>0.441709</angle></robndbox></object><object><type>robndbox</type><name>wheat_head</name><pose>Unspecified</pose><truncated>0</truncated><difficult>0</difficult><robndbox><cx>452.288</cx><cy>831.6906</cy><w>108.4558</w><h>39.2327</h><angle>1.037773</angle></robndbox></object><object><type>robndbox</type><name>wheat_head</name><pose>Unspecified</pose><truncated>0</truncated><difficult>0</difficult><robndbox><cx>133.654</cx><cy>967.9944</cy><w>76.9254</w><h>36.1618</h><angle>0.70687</angle></robndbox></object><object><type>robndbox</type><name>wheat_head</name><pose>Unspecified</pose><truncated>0</truncated><difficult>0</difficult><robndbox><cx>341.8045</cx><cy>760.7549</cy><w>92.1036</w><h>34.6174</h><angle>0.585888</angle></robndbox></object><object><type>robndbox</type><name>wheat_head</name><pose>Unspecified</pose><truncated>0</truncated><difficult>0</difficult><robndbox><cx>119.4042</cx><cy>547.8196</cy><w>46.977</w><h>26.9999</h><angle>0.561291</angle></robndbox></object><object><type>robndbox</type><name>wheat_head</name><pose>Unspecified</pose><truncated>0</truncated><difficult>0</difficult><robndbox><cx>259.782</cx><cy>792.9087</cy><w>78.3327</w><h>22.2104</h><angle>0.579404</angle></robndbox></object><object><type>robndbox</type><name>wheat_head</name><pose>Unspecified</pose><truncated>0</truncated><difficult>0</difficult><robndbox><cx>266.1824</cx><cy>177.2333</cy><w>98.5239</w><h>33.1395</h><angle>0.303036</angle></robndbox></object><object><type>robndbox</type><name>wheat_head</name><pose>Unspecified</pose><truncated>0</truncated><difficult>0</difficult><robndbox><cx>158.3291</cx><cy>792.2584</cy><w>72.2043</w><h>36.2355</h><angle>1.176956</angle></robndbox></object><object><type>robndbox</type><name>wheat_head</name><pose>Unspecified</pose><truncated>0</truncated><difficult>0</difficult><robndbox><cx>783.6024</cx><cy>634.0212</cy><w>60.0671</w><h>30.4839</h><angle>0.32409</angle></robndbox></object><object><type>robndbox</type><name>wheat_head</name><pose>Unspecified</pose><truncated>0</truncated><difficult>0</difficult><robndbox><cx>53.1836</cx><cy>990.7371</cy><w>83.7756</w><h>36.2055</h><angle>0.389642</angle></robndbox></object><object><type>robndbox</type><name>wheat_head</name><pose>Unspecified</pose><truncated>0</truncated><difficult>0</difficult><robndbox><cx>213.0512</cx><cy>463.7205</cy><w>63.9416</w><h>26.9549</h><angle>0.327515</angle></robndbox></object><object><type>robndbox</type><name>wheat_head</name><pose>Unspecified</pose><truncated>0</truncated><difficult>0</difficult><robndbox><cx>199.5794</cx><cy>346.5932</cy><w>131.7695</w><h>36.8113</h><angle>0.945344</angle></robndbox></object><object><type>robndbox</type><name>wheat_head</name><pose>Unspecified</pose><truncated>0</truncated><difficult>0</difficult><robndbox><cx>313.8728</cx><cy>22.6745</cy><w>51.7347</w><h>28.3471</h><angle>0.525338</angle></robndbox></object><object><type>robndbox</type><name>wheat_head</name><pose>Unspecified</pose><truncated>0</truncated><difficult>0</difficult><robndbox><cx>208.5802</cx><cy>923.0173</cy><w>77.4791</w><h>27.9355</h><angle>0.173765</angle></robndbox></object><object><type>robndbox</type><name>wheat_head</name><pose>Unspecified</pose><truncated>0</truncated><difficult>0</difficult><robndbox><cx>452.9502</cx><cy>493.2161</cy><w>41.6775</w><h>22.5882</h><angle>0.248835</angle></robndbox></object><object><type>robndbox</type><name>wheat_head</name><pose>Unspecified</pose><truncated>0</truncated><difficult>0</difficult><robndbox><cx>332.0257</cx><cy>267.0596</cy><w>41.5302</w><h>24.2231</h><angle>0.984945</angle></robndbox></object><object><type>robndbox</type><name>wheat_head</name><pose>Unspecified</pose><truncated>0</truncated><difficult>0</difficult><robndbox><cx>351.9961</cx><cy>726.6708</cy><w>60.2578</w><h>22.5831</h><angle>0.145985</angle></robndbox></object><object><type>robndbox</type><name>wheat_head</name><pose>Unspecified</pose><truncated>0</truncated><difficult>0</difficult><robndbox><cx>696.0533</cx><cy>516.0797</cy><w>39.4433</w><h>27.6541</h><angle>0.237419</angle></robndbox></object><object><type>robndbox</type><name>wheat_head</name><pose>Unspecified</pose><truncated>0</truncated><difficult>0</difficult><robndbox><cx>350.4011</cx><cy>14.5875</cy><w>47.7376</w><h>28.1388</h><angle>0.449686</angle></robndbox></object><object><type>robndbox</type><name>wheat_head</name><pose>Unspecified</pose><truncated>0</truncated><difficult>0</difficult><robndbox><cx>456.2693</cx><cy>574.6199</cy><w>85.8343</w><h>33.9588</h><angle>0.111714</angle></robndbox></object><object><type>robndbox</type><name>wheat_head</name><pose>Unspecified</pose><truncated>0</truncated><difficult>0</difficult><robndbox><cx>163.9418</cx><cy>8.2776</cy><w>36.2893</w><h>18.4165</h><angle>0.108928</angle></robndbox></object><object><type>robndbox</type><name>wheat_head</name><pose>Unspecified</pose><truncated>0</truncated><difficult>0</difficult><robndbox><cx>870.1933</cx><cy>458.2096</cy><w>63.1792</w><h>29.4171</h><angle>2.026326</angle></robndbox></object><object><type>robndbox</type><name>wheat_head</name><pose>Unspecified</pose><truncated>0</truncated><difficult>0</difficult><robndbox><cx>306.131</cx><cy>272.1356</cy><w>59.4719</w><h>28.4242</h><angle>0.143536</angle></robndbox></object><object><type>robndbox</type><name>wheat_head</name><pose>Unspecified</pose><truncated>0</truncated><difficult>0</difficult><robndbox><cx>547.0929</cx><cy>655.7455</cy><w>59.6038</w><h>30.0515</h><angle>0.091945</angle></robndbox></object><object><type>robndbox</type><name>wheat_head</name><pose>Unspecified</pose><truncated>0</truncated><difficult>0</difficult><robndbox><cx>488.9395</cx><cy>622.7365</cy><w>44.8647</w><h>23.7791</h><angle>1.749018</angle></robndbox></object><object><type>robndbox</type><name>wheat_head</name><pose>Unspecified</pose><truncated>0</truncated><difficult>0</difficult><robndbox><cx>850.9254</cx><cy>259.7619</cy><w>55.7505</w><h>25.043</h><angle>0.154073</angle></robndbox></object><object><type>robndbox</type><name>wheat_head</name><pose>Unspecified</pose><truncated>0</truncated><difficult>0</difficult><robndbox><cx>980.5779</cx><cy>935.4166</cy><w>68.5892</w><h>36.4094</h><angle>0.216918</angle></robndbox></object><object><type>robndbox</type><name>wheat_head</name><pose>Unspecified</pose><truncated>0</truncated><difficult>0</difficult><robndbox><cx>145.3084</cx><cy>255.3549</cy><w>103.5406</w><h>40.2837</h><angle>1.064061</angle></robndbox></object><object><type>robndbox</type><name>wheat_head</name><pose>Unspecified</pose><truncated>0</truncated><difficult>0</difficult><robndbox><cx>711.8959</cx><cy>993.8553</cy><w>62.3709</w><h>37.982</h><angle>2.764274</angle></robndbox></object><object><type>robndbox</type><name>wheat_head</name><pose>Unspecified</pose><truncated>0</truncated><difficult>0</difficult><robndbox><cx>908.1307</cx><cy>472.4229</cy><w>156.2335</w><h>38.1913</h><angle>1.367066</angle></robndbox></object><object><type>robndbox</type><name>wheat_head</name><pose>Unspecified</pose><truncated>0</truncated><difficult>0</difficult><robndbox><cx>823.1323</cx><cy>1006.5329</cy><w>128.6665</w><h>25.4551</h><angle>3.138323</angle></robndbox></object><object><type>robndbox</type><name>wheat_head</name><pose>Unspecified</pose><truncated>0</truncated><difficult>0</difficult><robndbox><cx>509.1837</cx><cy>520.2684</cy><w>40.1284</w><h>34.3894</h><angle>0.254107</angle></robndbox></object><object><type>robndbox</type><name>wheat_head</name><pose>Unspecified</pose><truncated>0</truncated><difficult>0</difficult><robndbox><cx>32.9734</cx><cy>30.3576</cy><w>68.834</w><h>35.8747</h><angle>0.747742</angle></robndbox></object><object><type>robndbox</type><name>wheat_head</name><pose>Unspecified</pose><truncated>0</truncated><difficult>0</difficult><robndbox><cx>634.7546</cx><cy>959.627</cy><w>70.8027</w><h>38.1132</h><angle>0.36293</angle></robndbox></object><object><type>robndbox</type><name>wheat_head</name><pose>Unspecified</pose><truncated>0</truncated><difficult>0</difficult><robndbox><cx>269.0461</cx><cy>1008.8596</cy><w>68.4617</w><h>24.4266</h><angle>3.084688</angle></robndbox></object><object><type>robndbox</type><name>wheat_head</name><pose>Unspecified</pose><truncated>0</truncated><difficult>0</difficult><robndbox><cx>29.6721</cx><cy>658.6086</cy><w>57.1422</w><h>25.8597</h><angle>0.290121</angle></robndbox></object><object><type>robndbox</type><name>wheat_head</name><pose>Unspecified</pose><truncated>0</truncated><difficult>0</difficult><robndbox><cx>411.4217</cx><cy>377.9571</cy><w>35.7449</w><h>27.4261</h><angle>0.246454</angle></robndbox></object></annotation>