<annotation verified="no"><folder>images</folder><filename>56c449fcd</filename><path>/home/badhon/Documents/thesis/final_dataset/ethz_1/images/56c449fcd.jpg</path><source><database>Unknown</database></source><size><width>1024</width><height>1024</height><depth>3</depth></size><segmented>0</segmented><object><type>robndbox</type><name>wheat_head</name><pose>Unspecified</pose><truncated>0</truncated><difficult>0</difficult><robndbox><cx>609.9636</cx><cy>36.5303</cy><w>68.5879</w><h>35.3853</h><angle>0.941805</angle></robndbox></object><object><type>robndbox</type><name>wheat_head</name><pose>Unspecified</pose><truncated>0</truncated><difficult>0</difficult><robndbox><cx>709.7089</cx><cy>26.3932</cy><w>71.9661</w><h>34.8051</h><angle>0.845032</angle></robndbox></object><object><type>robndbox</type><name>wheat_head</name><pose>Unspecified</pose><truncated>0</truncated><difficult>0</difficult><robndbox><cx>692.5314</cx><cy>203.4726</cy><w>91.3215</w><h>34.4768</h><angle>1.266084</angle></robndbox></object><object><type>robndbox</type><name>wheat_head</name><pose>Unspecified</pose><truncated>0</truncated><difficult>0</difficult><robndbox><cx>587.6155</cx><cy>887.4241</cy><w>76.3448</w><h>33.9118</h><angle>0.682978</angle></robndbox></object><object><type>robndbox</type><name>wheat_head</name><pose>Unspecified</pose><truncated>0</truncated><difficult>0</difficult><robndbox><cx>826.1846</cx><cy>298.4774</cy><w>97.4738</w><h>39.0822</h><angle>1.36565</angle></robndbox></object><object><type>robndbox</type><name>wheat_head</name><pose>Unspecified</pose><truncated>0</truncated><difficult>0</difficult><robndbox><cx>565.1257</cx><cy>290.1455</cy><w>66.8021</w><h>35.4781</h><angle>1.073967</angle></robndbox></object><object><type>robndbox</type><name>wheat_head</name><pose>Unspecified</pose><truncated>0</truncated><difficult>0</difficult><robndbox><cx>160.7415</cx><cy>507.835</cy><w>116.3137</w><h>35.2056</h><angle>2.880339</angle></robndbox></object><object><type>robndbox</type><name>wheat_head</name><pose>Unspecified</pose><truncated>0</truncated><difficult>0</difficult><robndbox><cx>436.0124</cx><cy>934.8127</cy><w>70.2939</w><h>35.1796</h><angle>1.004448</angle></robndbox></object><object><type>robndbox</type><name>wheat_head</name><pose>Unspecified</pose><truncated>0</truncated><difficult>0</difficult><robndbox><cx>693.845</cx><cy>924.2874</cy><w>63.5751</w><h>32.8174</h><angle>0.954223</angle></robndbox></object><object><type>robndbox</type><name>wheat_head</name><pose>Unspecified</pose><truncated>0</truncated><difficult>0</difficult><robndbox><cx>207.71</cx><cy>619.4318</cy><w>47.3076</w><h>31.0597</h><angle>1.735678</angle></robndbox></object><object><type>robndbox</type><name>wheat_head</name><pose>Unspecified</pose><truncated>0</truncated><difficult>0</difficult><robndbox><cx>860.1372</cx><cy>967.8655</cy><w>55.1576</w><h>33.853</h><angle>0.641479</angle></robndbox></object><object><type>robndbox</type><name>wheat_head</name><pose>Unspecified</pose><truncated>0</truncated><difficult>0</difficult><robndbox><cx>123.9482</cx><cy>67.6938</cy><w>81.1695</w><h>30.8278</h><angle>0.162694</angle></robndbox></object><object><type>robndbox</type><name>wheat_head</name><pose>Unspecified</pose><truncated>0</truncated><difficult>0</difficult><robndbox><cx>308.3855</cx><cy>222.0043</cy><w>66.6099</w><h>30.198</h><angle>0.625046</angle></robndbox></object><object><type>robndbox</type><name>wheat_head</name><pose>Unspecified</pose><truncated>0</truncated><difficult>0</difficult><robndbox><cx>230.0112</cx><cy>11.7196</cy><w>21.4553</w><h>20.2527</h><angle>1.214667</angle></robndbox></object><object><type>robndbox</type><name>wheat_head</name><pose>Unspecified</pose><truncated>0</truncated><difficult>0</difficult><robndbox><cx>421.2107</cx><cy>633.2754</cy><w>44.8848</w><h>27.6241</h><angle>1.167222</angle></robndbox></object><object><type>robndbox</type><name>wheat_head</name><pose>Unspecified</pose><truncated>0</truncated><difficult>0</difficult><robndbox><cx>535.1429</cx><cy>893.7804</cy><w>51.1388</w><h>28.7443</h><angle>1.029575</angle></robndbox></object><object><type>robndbox</type><name>wheat_head</name><pose>Unspecified</pose><truncated>0</truncated><difficult>0</difficult><robndbox><cx>992.5383</cx><cy>273.2385</cy><w>46.3376</w><h>32.2889</h><angle>0.444244</angle></robndbox></object><object><type>robndbox</type><name>wheat_head</name><pose>Unspecified</pose><truncated>0</truncated><difficult>0</difficult><robndbox><cx>119.5974</cx><cy>231.705</cy><w>46.1777</w><h>30.9713</h><angle>0.962282</angle></robndbox></object><object><type>robndbox</type><name>wheat_head</name><pose>Unspecified</pose><truncated>0</truncated><difficult>0</difficult><robndbox><cx>272.3795</cx><cy>889.6591</cy><w>72.8162</w><h>30.9235</h><angle>2.717184</angle></robndbox></object><object><type>robndbox</type><name>wheat_head</name><pose>Unspecified</pose><truncated>0</truncated><difficult>0</difficult><robndbox><cx>937.9078</cx><cy>14.707</cy><w>33.228</w><h>28.0809</h><angle>1.429287</angle></robndbox></object><object><type>robndbox</type><name>wheat_head</name><pose>Unspecified</pose><truncated>0</truncated><difficult>0</difficult><robndbox><cx>312.8615</cx><cy>33.9896</cy><w>51.2934</w><h>32.408</h><angle>0.683688</angle></robndbox></object><object><type>robndbox</type><name>wheat_head</name><pose>Unspecified</pose><truncated>0</truncated><difficult>0</difficult><robndbox><cx>312.0677</cx><cy>657.8608</cy><w>64.494</w><h>30.8541</h><angle>0.632328</angle></robndbox></object><object><type>robndbox</type><name>wheat_head</name><pose>Unspecified</pose><truncated>0</truncated><difficult>0</difficult><robndbox><cx>245.0292</cx><cy>690.6533</cy><w>35.353</w><h>30.1813</h><angle>1.191177</angle></robndbox></object><object><type>robndbox</type><name>wheat_head</name><pose>Unspecified</pose><truncated>0</truncated><difficult>0</difficult><robndbox><cx>358.757</cx><cy>269.4351</cy><w>108.5093</w><h>40.5378</h><angle>0.062641</angle></robndbox></object><object><type>robndbox</type><name>wheat_head</name><pose>Unspecified</pose><truncated>0</truncated><difficult>0</difficult><robndbox><cx>891.2031</cx><cy>582.8793</cy><w>67.9997</w><h>31.9519</h><angle>0.961177</angle></robndbox></object><object><type>robndbox</type><name>wheat_head</name><pose>Unspecified</pose><truncated>0</truncated><difficult>0</difficult><robndbox><cx>688.6</cx><cy>345.0468</cy><w>43.6862</w><h>27.821</h><angle>0.571639</angle></robndbox></object><object><type>robndbox</type><name>wheat_head</name><pose>Unspecified</pose><truncated>0</truncated><difficult>0</difficult><robndbox><cx>339.1045</cx><cy>980.3082</cy><w>84.244</w><h>26.1819</h><angle>0.158581</angle></robndbox></object><object><type>robndbox</type><name>wheat_head</name><pose>Unspecified</pose><truncated>0</truncated><difficult>0</difficult><robndbox><cx>921.5249</cx><cy>364.6497</cy><w>54.9478</w><h>34.9603</h><angle>0.714467</angle></robndbox></object><object><type>robndbox</type><name>wheat_head</name><pose>Unspecified</pose><truncated>0</truncated><difficult>0</difficult><robndbox><cx>426.988</cx><cy>398.8548</cy><w>116.3058</w><h>31.2048</h><angle>3.043799</angle></robndbox></object><object><type>robndbox</type><name>wheat_head</name><pose>Unspecified</pose><truncated>0</truncated><difficult>0</difficult><robndbox><cx>129.9483</cx><cy>404.0052</cy><w>39.188</w><h>23.9992</h><angle>0.365441</angle></robndbox></object><object><type>robndbox</type><name>wheat_head</name><pose>Unspecified</pose><truncated>0</truncated><difficult>0</difficult><robndbox><cx>50.1973</cx><cy>334.5561</cy><w>37.9374</w><h>28.8024</h><angle>1.130303</angle></robndbox></object><object><type>robndbox</type><name>wheat_head</name><pose>Unspecified</pose><truncated>0</truncated><difficult>0</difficult><robndbox><cx>801.5884</cx><cy>742.2351</cy><w>44.4078</w><h>27.5625</h><angle>0.292879</angle></robndbox></object><object><type>robndbox</type><name>wheat_head</name><pose>Unspecified</pose><truncated>0</truncated><difficult>0</difficult><robndbox><cx>145.5863</cx><cy>746.2878</cy><w>76.9325</w><h>33.9558</h><angle>2.631728</angle></robndbox></object><object><type>robndbox</type><name>wheat_head</name><pose>Unspecified</pose><truncated>0</truncated><difficult>0</difficult><robndbox><cx>808.065</cx><cy>947.4359</cy><w>43.0856</w><h>26.9741</h><angle>1.148443</angle></robndbox></object><object><type>robndbox</type><name>wheat_head</name><pose>Unspecified</pose><truncated>0</truncated><difficult>0</difficult><robndbox><cx>32.8592</cx><cy>9.3326</cy><w>30.4703</w><h>20.1874</h><angle>3.058934</angle></robndbox></object><object><type>robndbox</type><name>wheat_head</name><pose>Unspecified</pose><truncated>0</truncated><difficult>0</difficult><robndbox><cx>142.6178</cx><cy>969.8082</cy><w>43.0541</w><h>29.0413</h><angle>0.275181</angle></robndbox></object><object><type>robndbox</type><name>wheat_head</name><pose>Unspecified</pose><truncated>0</truncated><difficult>0</difficult><robndbox><cx>368.7654</cx><cy>856.2606</cy><w>60.6208</w><h>27.4844</h><angle>2.850637</angle></robndbox></object><object><type>robndbox</type><name>wheat_head</name><pose>Unspecified</pose><truncated>0</truncated><difficult>0</difficult><robndbox><cx>290.6536</cx><cy>937.6061</cy><w>40.112</w><h>31.0583</h><angle>0.118069</angle></robndbox></object><object><type>robndbox</type><name>wheat_head</name><pose>Unspecified</pose><truncated>0</truncated><difficult>0</difficult><robndbox><cx>399.0691</cx><cy>1000.1798</cy><w>34.0409</w><h>30.285</h><angle>1.313887</angle></robndbox></object><object><type>robndbox</type><name>wheat_head</name><pose>Unspecified</pose><truncated>0</truncated><difficult>0</difficult><robndbox><cx>69.9055</cx><cy>372.4043</cy><w>49.0187</w><h>23.0451</h><angle>0.043651</angle></robndbox></object><object><type>robndbox</type><name>wheat_head</name><pose>Unspecified</pose><truncated>0</truncated><difficult>0</difficult><robndbox><cx>239.0114</cx><cy>332.7941</cy><w>91.3794</w><h>37.2723</h><angle>0.652222</angle></robndbox></object><object><type>robndbox</type><name>wheat_head</name><pose>Unspecified</pose><truncated>0</truncated><difficult>0</difficult><robndbox><cx>46.8899</cx><cy>902.4861</cy><w>79.6625</w><h>26.8861</h><angle>3.035646</angle></robndbox></object><object><type>robndbox</type><name>wheat_head</name><pose>Unspecified</pose><truncated>0</truncated><difficult>0</difficult><robndbox><cx>281.3117</cx><cy>384.1828</cy><w>42.8005</w><h>35.4911</h><angle>2.263979</angle></robndbox></object><object><type>robndbox</type><name>wheat_head</name><pose>Unspecified</pose><truncated>0</truncated><difficult>0</difficult><robndbox><cx>399.4962</cx><cy>80.2167</cy><w>55.884</w><h>33.4177</h><angle>0.655571</angle></robndbox></object><object><type>robndbox</type><name>wheat_head</name><pose>Unspecified</pose><truncated>0</truncated><difficult>0</difficult><robndbox><cx>913.2436</cx><cy>924.6523</cy><w>35.8832</w><h>30.5885</h><angle>0.403894</angle></robndbox></object><object><type>robndbox</type><name>wheat_head</name><pose>Unspecified</pose><truncated>0</truncated><difficult>0</difficult><robndbox><cx>387.5497</cx><cy>657.5765</cy><w>49.1721</w><h>23.1824</h><angle>3.025336</angle></robndbox></object><object><type>robndbox</type><name>wheat_head</name><pose>Unspecified</pose><truncated>0</truncated><difficult>0</difficult><robndbox><cx>57.028</cx><cy>294.7754</cy><w>44.4978</w><h>15.8014</h><angle>0.353296</angle></robndbox></object><object><type>robndbox</type><name>wheat_head</name><pose>Unspecified</pose><truncated>0</truncated><difficult>0</difficult><robndbox><cx>400.2398</cx><cy>302.4035</cy><w>43.0078</w><h>23.9677</h><angle>0.824711</angle></robndbox></object><object><type>robndbox</type><name>wheat_head</name><pose>Unspecified</pose><truncated>0</truncated><difficult>0</difficult><robndbox><cx>831.4819</cx><cy>905.6608</cy><w>31.9712</w><h>27.3522</h><angle>3.101415</angle></robndbox></object><object><type>robndbox</type><name>wheat_head</name><pose>Unspecified</pose><truncated>0</truncated><difficult>0</difficult><robndbox><cx>855.9962</cx><cy>299.5333</cy><w>34.5222</w><h>25.9845</h><angle>0.029772</angle></robndbox></object><object><type>robndbox</type><name>wheat_head</name><pose>Unspecified</pose><truncated>0</truncated><difficult>0</difficult><robndbox><cx>729.3834</cx><cy>920.223</cy><w>42.3311</w><h>27.79</h><angle>1.171335</angle></robndbox></object><object><type>robndbox</type><name>wheat_head</name><pose>Unspecified</pose><truncated>0</truncated><difficult>0</difficult><robndbox><cx>77.8048</cx><cy>948.6206</cy><w>76.3294</w><h>23.2118</h><angle>0.025746</angle></robndbox></object><object><type>robndbox</type><name>wheat_head</name><pose>Unspecified</pose><truncated>0</truncated><difficult>0</difficult><robndbox><cx>913.0</cx><cy>631.5</cy><w>34.0473</w><h>33.344</h><angle>3.088867</angle></robndbox></object><object><type>robndbox</type><name>wheat_head</name><pose>Unspecified</pose><truncated>0</truncated><difficult>0</difficult><robndbox><cx>73.2155</cx><cy>280.4821</cy><w>49.8771</w><h>31.2002</h><angle>0.253296</angle></robndbox></object><object><type>robndbox</type><name>wheat_head</name><pose>Unspecified</pose><truncated>0</truncated><difficult>0</difficult><robndbox><cx>893.6364</cx><cy>327.9564</cy><w>46.0</w><h>31.6484</h><angle>0.0</angle></robndbox></object></annotation>