<annotation verified="no"><folder>images</folder><filename>57e21a852</filename><path>/home/badhon/Documents/thesis/final_dataset/ethz_1/images/57e21a852.jpg</path><source><database>Unknown</database></source><size><width>1024</width><height>1024</height><depth>3</depth></size><segmented>0</segmented><object><type>robndbox</type><name>wheat_head</name><pose>Unspecified</pose><truncated>0</truncated><difficult>0</difficult><robndbox><cx>272.8098</cx><cy>951.5339</cy><w>82.6804</w><h>35.2151</h><angle>0.934935</angle></robndbox></object><object><type>robndbox</type><name>wheat_head</name><pose>Unspecified</pose><truncated>0</truncated><difficult>0</difficult><robndbox><cx>856.4803</cx><cy>573.2274</cy><w>87.1131</w><h>32.6773</h><angle>1.077323</angle></robndbox></object><object><type>robndbox</type><name>wheat_head</name><pose>Unspecified</pose><truncated>0</truncated><difficult>0</difficult><robndbox><cx>324.465</cx><cy>228.7439</cy><w>148.2319</w><h>34.1634</h><angle>1.084279</angle></robndbox></object><object><type>robndbox</type><name>wheat_head</name><pose>Unspecified</pose><truncated>0</truncated><difficult>0</difficult><robndbox><cx>746.6901</cx><cy>58.1461</cy><w>119.4055</w><h>34.3219</h><angle>1.033656</angle></robndbox></object><object><type>robndbox</type><name>wheat_head</name><pose>Unspecified</pose><truncated>0</truncated><difficult>0</difficult><robndbox><cx>894.1132</cx><cy>735.2051</cy><w>66.6548</w><h>34.312</h><angle>0.914752</angle></robndbox></object><object><type>robndbox</type><name>wheat_head</name><pose>Unspecified</pose><truncated>0</truncated><difficult>0</difficult><robndbox><cx>526.2634</cx><cy>287.31</cy><w>100.1807</w><h>31.7016</h><angle>0.89918</angle></robndbox></object><object><type>robndbox</type><name>wheat_head</name><pose>Unspecified</pose><truncated>0</truncated><difficult>0</difficult><robndbox><cx>569.1238</cx><cy>30.0127</cy><w>74.7042</w><h>27.1115</h><angle>1.478039</angle></robndbox></object><object><type>robndbox</type><name>wheat_head</name><pose>Unspecified</pose><truncated>0</truncated><difficult>0</difficult><robndbox><cx>445.6305</cx><cy>696.9249</cy><w>114.3248</w><h>37.8512</h><angle>0.92994</angle></robndbox></object><object><type>robndbox</type><name>wheat_head</name><pose>Unspecified</pose><truncated>0</truncated><difficult>0</difficult><robndbox><cx>746.9909</cx><cy>397.329</cy><w>89.28</w><h>32.4514</h><angle>1.072214</angle></robndbox></object><object><type>robndbox</type><name>wheat_head</name><pose>Unspecified</pose><truncated>0</truncated><difficult>0</difficult><robndbox><cx>874.694</cx><cy>969.3824</cy><w>89.6918</w><h>33.4079</h><angle>1.060345</angle></robndbox></object><object><type>robndbox</type><name>wheat_head</name><pose>Unspecified</pose><truncated>0</truncated><difficult>0</difficult><robndbox><cx>911.7056</cx><cy>420.593</cy><w>88.5724</w><h>31.9927</h><angle>0.910947</angle></robndbox></object><object><type>robndbox</type><name>wheat_head</name><pose>Unspecified</pose><truncated>0</truncated><difficult>0</difficult><robndbox><cx>723.6492</cx><cy>576.8102</cy><w>60.9364</w><h>27.7723</h><angle>0.961444</angle></robndbox></object><object><type>robndbox</type><name>wheat_head</name><pose>Unspecified</pose><truncated>0</truncated><difficult>0</difficult><robndbox><cx>966.0424</cx><cy>337.4257</cy><w>144.8493</w><h>31.4564</h><angle>1.303603</angle></robndbox></object><object><type>robndbox</type><name>wheat_head</name><pose>Unspecified</pose><truncated>0</truncated><difficult>0</difficult><robndbox><cx>389.3765</cx><cy>191.0529</cy><w>116.5117</w><h>32.1703</h><angle>1.217798</angle></robndbox></object><object><type>robndbox</type><name>wheat_head</name><pose>Unspecified</pose><truncated>0</truncated><difficult>0</difficult><robndbox><cx>55.3127</cx><cy>724.6668</cy><w>123.6022</w><h>36.3239</h><angle>0.564718</angle></robndbox></object><object><type>robndbox</type><name>wheat_head</name><pose>Unspecified</pose><truncated>0</truncated><difficult>0</difficult><robndbox><cx>336.4106</cx><cy>980.5213</cy><w>64.0005</w><h>26.5478</h><angle>1.293637</angle></robndbox></object><object><type>robndbox</type><name>wheat_head</name><pose>Unspecified</pose><truncated>0</truncated><difficult>0</difficult><robndbox><cx>99.5508</cx><cy>376.6317</cy><w>112.0406</w><h>26.1504</h><angle>0.870916</angle></robndbox></object><object><type>robndbox</type><name>wheat_head</name><pose>Unspecified</pose><truncated>0</truncated><difficult>0</difficult><robndbox><cx>339.1783</cx><cy>698.3841</cy><w>116.4323</w><h>30.0609</h><angle>0.603724</angle></robndbox></object><object><type>robndbox</type><name>wheat_head</name><pose>Unspecified</pose><truncated>0</truncated><difficult>0</difficult><robndbox><cx>631.5121</cx><cy>307.6698</cy><w>126.4086</w><h>28.6462</h><angle>1.562031</angle></robndbox></object><object><type>robndbox</type><name>wheat_head</name><pose>Unspecified</pose><truncated>0</truncated><difficult>0</difficult><robndbox><cx>496.0727</cx><cy>574.8237</cy><w>134.4452</w><h>38.5581</h><angle>0.940525</angle></robndbox></object><object><type>robndbox</type><name>wheat_head</name><pose>Unspecified</pose><truncated>0</truncated><difficult>0</difficult><robndbox><cx>305.118</cx><cy>16.9326</cy><w>47.6462</w><h>30.9417</h><angle>0.834458</angle></robndbox></object><object><type>robndbox</type><name>wheat_head</name><pose>Unspecified</pose><truncated>0</truncated><difficult>0</difficult><robndbox><cx>984.5902</cx><cy>72.8367</cy><w>141.7159</w><h>35.021</h><angle>1.330589</angle></robndbox></object><object><type>robndbox</type><name>wheat_head</name><pose>Unspecified</pose><truncated>0</truncated><difficult>0</difficult><robndbox><cx>854.8448</cx><cy>431.7069</cy><w>124.2658</w><h>30.3093</h><angle>1.04106</angle></robndbox></object><object><type>robndbox</type><name>wheat_head</name><pose>Unspecified</pose><truncated>0</truncated><difficult>0</difficult><robndbox><cx>391.4874</cx><cy>770.2889</cy><w>118.2923</w><h>37.393</h><angle>0.870175</angle></robndbox></object><object><type>robndbox</type><name>wheat_head</name><pose>Unspecified</pose><truncated>0</truncated><difficult>0</difficult><robndbox><cx>335.0512</cx><cy>843.7445</cy><w>64.9982</w><h>35.9883</h><angle>0.69794</angle></robndbox></object><object><type>robndbox</type><name>wheat_head</name><pose>Unspecified</pose><truncated>0</truncated><difficult>0</difficult><robndbox><cx>441.6953</cx><cy>774.8524</cy><w>122.1347</w><h>34.7954</h><angle>0.823603</angle></robndbox></object><object><type>robndbox</type><name>wheat_head</name><pose>Unspecified</pose><truncated>0</truncated><difficult>0</difficult><robndbox><cx>825.6459</cx><cy>244.187</cy><w>123.9254</w><h>36.3942</h><angle>1.247376</angle></robndbox></object><object><type>robndbox</type><name>wheat_head</name><pose>Unspecified</pose><truncated>0</truncated><difficult>0</difficult><robndbox><cx>995.3253</cx><cy>821.8137</cy><w>36.5521</w><h>26.7888</h><angle>1.13742</angle></robndbox></object><object><type>robndbox</type><name>wheat_head</name><pose>Unspecified</pose><truncated>0</truncated><difficult>0</difficult><robndbox><cx>75.8554</cx><cy>168.4279</cy><w>156.3751</w><h>32.7634</h><angle>0.979445</angle></robndbox></object><object><type>robndbox</type><name>wheat_head</name><pose>Unspecified</pose><truncated>0</truncated><difficult>0</difficult><robndbox><cx>883.632</cx><cy>329.3149</cy><w>64.3284</w><h>28.9714</h><angle>0.419911</angle></robndbox></object><object><type>robndbox</type><name>wheat_head</name><pose>Unspecified</pose><truncated>0</truncated><difficult>0</difficult><robndbox><cx>651.5294</cx><cy>558.5591</cy><w>45.3024</w><h>26.5327</h><angle>0.926528</angle></robndbox></object><object><type>robndbox</type><name>wheat_head</name><pose>Unspecified</pose><truncated>0</truncated><difficult>0</difficult><robndbox><cx>94.6972</cx><cy>847.0168</cy><w>70.9989</w><h>33.9893</h><angle>0.866358</angle></robndbox></object><object><type>robndbox</type><name>wheat_head</name><pose>Unspecified</pose><truncated>0</truncated><difficult>0</difficult><robndbox><cx>1008.9027</cx><cy>742.0436</cy><w>38.9786</w><h>24.2556</h><angle>1.322949</angle></robndbox></object><object><type>robndbox</type><name>wheat_head</name><pose>Unspecified</pose><truncated>0</truncated><difficult>0</difficult><robndbox><cx>213.4327</cx><cy>795.6639</cy><w>128.847</w><h>30.2157</h><angle>0.10087</angle></robndbox></object><object><type>robndbox</type><name>wheat_head</name><pose>Unspecified</pose><truncated>0</truncated><difficult>0</difficult><robndbox><cx>783.0913</cx><cy>926.7574</cy><w>51.3234</w><h>18.2715</h><angle>0.705985</angle></robndbox></object><object><type>robndbox</type><name>wheat_head</name><pose>Unspecified</pose><truncated>0</truncated><difficult>0</difficult><robndbox><cx>799.0469</cx><cy>860.2323</cy><w>40.3759</w><h>28.3197</h><angle>0.949747</angle></robndbox></object><object><type>robndbox</type><name>wheat_head</name><pose>Unspecified</pose><truncated>0</truncated><difficult>0</difficult><robndbox><cx>54.1229</cx><cy>415.2493</cy><w>56.1062</w><h>24.6547</h><angle>0.618388</angle></robndbox></object><object><type>robndbox</type><name>wheat_head</name><pose>Unspecified</pose><truncated>0</truncated><difficult>0</difficult><robndbox><cx>787.2535</cx><cy>971.1149</cy><w>60.6489</w><h>24.0356</h><angle>0.594784</angle></robndbox></object><object><type>robndbox</type><name>wheat_head</name><pose>Unspecified</pose><truncated>0</truncated><difficult>0</difficult><robndbox><cx>961.5553</cx><cy>971.3202</cy><w>100.87</w><h>32.5704</h><angle>0.281902</angle></robndbox></object><object><type>robndbox</type><name>wheat_head</name><pose>Unspecified</pose><truncated>0</truncated><difficult>0</difficult><robndbox><cx>106.7633</cx><cy>444.8677</cy><w>117.6869</w><h>30.8634</h><angle>1.130378</angle></robndbox></object><object><type>robndbox</type><name>wheat_head</name><pose>Unspecified</pose><truncated>0</truncated><difficult>0</difficult><robndbox><cx>203.0306</cx><cy>846.7883</cy><w>33.8656</w><h>24.8895</h><angle>1.890852</angle></robndbox></object><object><type>robndbox</type><name>wheat_head</name><pose>Unspecified</pose><truncated>0</truncated><difficult>0</difficult><robndbox><cx>85.1264</cx><cy>309.7732</cy><w>195.1704</w><h>36.3805</h><angle>0.944182</angle></robndbox></object><object><type>robndbox</type><name>wheat_head</name><pose>Unspecified</pose><truncated>0</truncated><difficult>0</difficult><robndbox><cx>436.7343</cx><cy>400.2106</cy><w>167.5615</w><h>31.7183</h><angle>1.463754</angle></robndbox></object><object><type>robndbox</type><name>wheat_head</name><pose>Unspecified</pose><truncated>0</truncated><difficult>0</difficult><robndbox><cx>761.1989</cx><cy>895.8168</cy><w>76.7344</w><h>22.6395</h><angle>0.064153</angle></robndbox></object><object><type>robndbox</type><name>wheat_head</name><pose>Unspecified</pose><truncated>0</truncated><difficult>0</difficult><robndbox><cx>409.7308</cx><cy>144.8563</cy><w>33.8856</w><h>28.3433</h><angle>1.351941</angle></robndbox></object><object><type>robndbox</type><name>wheat_head</name><pose>Unspecified</pose><truncated>0</truncated><difficult>0</difficult><robndbox><cx>163.6453</cx><cy>115.4746</cy><w>119.7575</w><h>17.7932</h><angle>0.9048</angle></robndbox></object><object><type>robndbox</type><name>wheat_head</name><pose>Unspecified</pose><truncated>0</truncated><difficult>0</difficult><robndbox><cx>155.8448</cx><cy>151.567</cy><w>120.7122</w><h>29.2484</h><angle>0.9048</angle></robndbox></object><object><type>robndbox</type><name>wheat_head</name><pose>Unspecified</pose><truncated>0</truncated><difficult>0</difficult><robndbox><cx>96.7893</cx><cy>978.6237</cy><w>169.0018</w><h>32.5762</h><angle>0.045392</angle></robndbox></object><object><type>robndbox</type><name>wheat_head</name><pose>Unspecified</pose><truncated>0</truncated><difficult>0</difficult><robndbox><cx>826.3243</cx><cy>493.1266</cy><w>31.5379</w><h>20.0582</h><angle>0.470003</angle></robndbox></object><object><type>robndbox</type><name>wheat_head</name><pose>Unspecified</pose><truncated>0</truncated><difficult>0</difficult><robndbox><cx>512.6305</cx><cy>626.863</cy><w>61.516</w><h>19.1132</h><angle>1.018353</angle></robndbox></object><object><type>robndbox</type><name>wheat_head</name><pose>Unspecified</pose><truncated>0</truncated><difficult>0</difficult><robndbox><cx>1006.9974</cx><cy>47.6301</cy><w>55.9017</w><h>29.8415</h><angle>1.107149</angle></robndbox></object></annotation>