<annotation verified="no"><folder>images</folder><filename>5afdeef16</filename><path>/home/badhon/Documents/thesis/final_dataset/ethz_1/images/5afdeef16.jpg</path><source><database>Unknown</database></source><size><width>1024</width><height>1024</height><depth>3</depth></size><segmented>0</segmented><object><type>robndbox</type><name>wheat_head</name><pose>Unspecified</pose><truncated>0</truncated><difficult>0</difficult><robndbox><cx>967.7448</cx><cy>38.2288</cy><w>96.3986</w><h>31.688</h><angle>1.191577</angle></robndbox></object><object><type>robndbox</type><name>wheat_head</name><pose>Unspecified</pose><truncated>0</truncated><difficult>0</difficult><robndbox><cx>981.414</cx><cy>530.5262</cy><w>90.7528</w><h>36.7452</h><angle>0.903515</angle></robndbox></object><object><type>robndbox</type><name>wheat_head</name><pose>Unspecified</pose><truncated>0</truncated><difficult>0</difficult><robndbox><cx>857.8338</cx><cy>640.0566</cy><w>85.8888</w><h>34.08</h><angle>2.132262</angle></robndbox></object><object><type>robndbox</type><name>wheat_head</name><pose>Unspecified</pose><truncated>0</truncated><difficult>0</difficult><robndbox><cx>119.2229</cx><cy>523.0046</cy><w>74.4468</w><h>32.0204</h><angle>0.95022</angle></robndbox></object><object><type>robndbox</type><name>wheat_head</name><pose>Unspecified</pose><truncated>0</truncated><difficult>0</difficult><robndbox><cx>595.3751</cx><cy>964.1486</cy><w>66.1808</w><h>34.1352</h><angle>2.119018</angle></robndbox></object><object><type>robndbox</type><name>wheat_head</name><pose>Unspecified</pose><truncated>0</truncated><difficult>0</difficult><robndbox><cx>773.9695</cx><cy>33.0299</cy><w>64.6441</w><h>39.8286</h><angle>0.803063</angle></robndbox></object><object><type>robndbox</type><name>wheat_head</name><pose>Unspecified</pose><truncated>0</truncated><difficult>0</difficult><robndbox><cx>74.1189</cx><cy>544.1664</cy><w>106.0358</w><h>38.1863</h><angle>0.670485</angle></robndbox></object><object><type>robndbox</type><name>wheat_head</name><pose>Unspecified</pose><truncated>0</truncated><difficult>0</difficult><robndbox><cx>904.9385</cx><cy>294.629</cy><w>101.4443</w><h>32.9414</h><angle>0.659553</angle></robndbox></object><object><type>robndbox</type><name>wheat_head</name><pose>Unspecified</pose><truncated>0</truncated><difficult>0</difficult><robndbox><cx>754.9106</cx><cy>420.5393</cy><w>98.18</w><h>27.2857</h><angle>1.100034</angle></robndbox></object><object><type>robndbox</type><name>wheat_head</name><pose>Unspecified</pose><truncated>0</truncated><difficult>0</difficult><robndbox><cx>447.3613</cx><cy>391.3795</cy><w>88.7392</w><h>35.791</h><angle>1.1035</angle></robndbox></object><object><type>robndbox</type><name>wheat_head</name><pose>Unspecified</pose><truncated>0</truncated><difficult>0</difficult><robndbox><cx>392.8648</cx><cy>977.0969</cy><w>90.6468</w><h>30.1285</h><angle>1.618283</angle></robndbox></object><object><type>robndbox</type><name>wheat_head</name><pose>Unspecified</pose><truncated>0</truncated><difficult>0</difficult><robndbox><cx>785.473</cx><cy>155.8005</cy><w>75.5779</w><h>33.6436</h><angle>1.788614</angle></robndbox></object><object><type>robndbox</type><name>wheat_head</name><pose>Unspecified</pose><truncated>0</truncated><difficult>0</difficult><robndbox><cx>367.1326</cx><cy>695.8092</cy><w>118.3375</w><h>36.3851</h><angle>0.315869</angle></robndbox></object><object><type>robndbox</type><name>wheat_head</name><pose>Unspecified</pose><truncated>0</truncated><difficult>0</difficult><robndbox><cx>371.5607</cx><cy>459.4189</cy><w>100.7453</w><h>18.3237</h><angle>0.752659</angle></robndbox></object><object><type>robndbox</type><name>wheat_head</name><pose>Unspecified</pose><truncated>0</truncated><difficult>0</difficult><robndbox><cx>281.9248</cx><cy>123.4678</cy><w>104.4886</w><h>35.3097</h><angle>2.477965</angle></robndbox></object><object><type>robndbox</type><name>wheat_head</name><pose>Unspecified</pose><truncated>0</truncated><difficult>0</difficult><robndbox><cx>854.5128</cx><cy>924.2036</cy><w>171.9336</w><h>36.6136</h><angle>0.441958</angle></robndbox></object><object><type>robndbox</type><name>wheat_head</name><pose>Unspecified</pose><truncated>0</truncated><difficult>0</difficult><robndbox><cx>988.7965</cx><cy>725.5729</cy><w>56.9195</w><h>34.4434</h><angle>0.454361</angle></robndbox></object><object><type>robndbox</type><name>wheat_head</name><pose>Unspecified</pose><truncated>0</truncated><difficult>0</difficult><robndbox><cx>714.5804</cx><cy>356.4765</cy><w>114.6809</w><h>35.6333</h><angle>1.96595</angle></robndbox></object><object><type>robndbox</type><name>wheat_head</name><pose>Unspecified</pose><truncated>0</truncated><difficult>0</difficult><robndbox><cx>612.928</cx><cy>279.3064</cy><w>108.5915</w><h>33.7124</h><angle>1.722016</angle></robndbox></object><object><type>robndbox</type><name>wheat_head</name><pose>Unspecified</pose><truncated>0</truncated><difficult>0</difficult><robndbox><cx>842.7488</cx><cy>846.3265</cy><w>100.2104</w><h>33.687</h><angle>2.81199</angle></robndbox></object><object><type>robndbox</type><name>wheat_head</name><pose>Unspecified</pose><truncated>0</truncated><difficult>0</difficult><robndbox><cx>311.5704</cx><cy>319.6322</cy><w>65.2556</w><h>26.9202</h><angle>1.519944</angle></robndbox></object><object><type>robndbox</type><name>wheat_head</name><pose>Unspecified</pose><truncated>0</truncated><difficult>0</difficult><robndbox><cx>841.1675</cx><cy>1000.5012</cy><w>76.5597</w><h>31.1792</h><angle>0.25711</angle></robndbox></object><object><type>robndbox</type><name>wheat_head</name><pose>Unspecified</pose><truncated>0</truncated><difficult>0</difficult><robndbox><cx>16.5278</cx><cy>921.0042</cy><w>120.4475</w><h>23.5958</h><angle>1.41063</angle></robndbox></object><object><type>robndbox</type><name>wheat_head</name><pose>Unspecified</pose><truncated>0</truncated><difficult>0</difficult><robndbox><cx>409.6552</cx><cy>466.6406</cy><w>80.7976</w><h>28.6098</h><angle>0.652659</angle></robndbox></object><object><type>robndbox</type><name>wheat_head</name><pose>Unspecified</pose><truncated>0</truncated><difficult>0</difficult><robndbox><cx>661.5267</cx><cy>45.4245</cy><w>104.8722</w><h>33.793</h><angle>1.402795</angle></robndbox></object><object><type>robndbox</type><name>wheat_head</name><pose>Unspecified</pose><truncated>0</truncated><difficult>0</difficult><robndbox><cx>14.4189</cx><cy>461.5857</cy><w>69.1216</w><h>23.9685</h><angle>1.399407</angle></robndbox></object><object><type>robndbox</type><name>wheat_head</name><pose>Unspecified</pose><truncated>0</truncated><difficult>0</difficult><robndbox><cx>826.6384</cx><cy>446.1536</cy><w>44.6945</w><h>30.9248</h><angle>1.417652</angle></robndbox></object><object><type>robndbox</type><name>wheat_head</name><pose>Unspecified</pose><truncated>0</truncated><difficult>0</difficult><robndbox><cx>596.3862</cx><cy>535.5903</cy><w>71.0049</w><h>39.0374</h><angle>0.617316</angle></robndbox></object><object><type>robndbox</type><name>wheat_head</name><pose>Unspecified</pose><truncated>0</truncated><difficult>0</difficult><robndbox><cx>496.4208</cx><cy>826.267</cy><w>125.4922</w><h>30.3102</h><angle>0.088441</angle></robndbox></object><object><type>robndbox</type><name>wheat_head</name><pose>Unspecified</pose><truncated>0</truncated><difficult>0</difficult><robndbox><cx>769.7649</cx><cy>388.2267</cy><w>94.2261</w><h>31.4534</h><angle>0.927395</angle></robndbox></object><object><type>robndbox</type><name>wheat_head</name><pose>Unspecified</pose><truncated>0</truncated><difficult>0</difficult><robndbox><cx>817.3254</cx><cy>89.1971</cy><w>68.1862</w><h>29.6214</h><angle>2.578979</angle></robndbox></object><object><type>robndbox</type><name>wheat_head</name><pose>Unspecified</pose><truncated>0</truncated><difficult>0</difficult><robndbox><cx>431.2878</cx><cy>901.9603</cy><w>57.12</w><h>33.6927</h><angle>2.756369</angle></robndbox></object><object><type>robndbox</type><name>wheat_head</name><pose>Unspecified</pose><truncated>0</truncated><difficult>0</difficult><robndbox><cx>666.0293</cx><cy>842.2776</cy><w>68.7673</w><h>31.3416</h><angle>1.073198</angle></robndbox></object><object><type>robndbox</type><name>wheat_head</name><pose>Unspecified</pose><truncated>0</truncated><difficult>0</difficult><robndbox><cx>121.971</cx><cy>977.186</cy><w>37.7586</w><h>23.5911</h><angle>2.196319</angle></robndbox></object><object><type>robndbox</type><name>wheat_head</name><pose>Unspecified</pose><truncated>0</truncated><difficult>0</difficult><robndbox><cx>544.5373</cx><cy>902.4468</cy><w>139.6867</w><h>36.136</h><angle>2.997541</angle></robndbox></object><object><type>robndbox</type><name>wheat_head</name><pose>Unspecified</pose><truncated>0</truncated><difficult>0</difficult><robndbox><cx>141.6151</cx><cy>722.7217</cy><w>60.3494</w><h>33.4187</h><angle>0.495832</angle></robndbox></object><object><type>robndbox</type><name>wheat_head</name><pose>Unspecified</pose><truncated>0</truncated><difficult>0</difficult><robndbox><cx>834.3246</cx><cy>540.5502</cy><w>179.4711</w><h>38.0698</h><angle>0.095722</angle></robndbox></object><object><type>robndbox</type><name>wheat_head</name><pose>Unspecified</pose><truncated>0</truncated><difficult>0</difficult><robndbox><cx>677.263</cx><cy>987.4992</cy><w>94.7629</w><h>32.8803</h><angle>0.509819</angle></robndbox></object><object><type>robndbox</type><name>wheat_head</name><pose>Unspecified</pose><truncated>0</truncated><difficult>0</difficult><robndbox><cx>960.9393</cx><cy>680.2762</cy><w>38.117</w><h>30.8877</h><angle>2.306643</angle></robndbox></object><object><type>robndbox</type><name>wheat_head</name><pose>Unspecified</pose><truncated>0</truncated><difficult>0</difficult><robndbox><cx>130.4595</cx><cy>884.3611</cy><w>59.8465</w><h>22.9485</h><angle>3.075688</angle></robndbox></object><object><type>robndbox</type><name>wheat_head</name><pose>Unspecified</pose><truncated>0</truncated><difficult>0</difficult><robndbox><cx>914.8695</cx><cy>396.912</cy><w>177.7435</w><h>41.895</h><angle>1.192879</angle></robndbox></object><object><type>robndbox</type><name>wheat_head</name><pose>Unspecified</pose><truncated>0</truncated><difficult>0</difficult><robndbox><cx>192.3082</cx><cy>858.9783</cy><w>81.2062</w><h>27.3207</h><angle>3.088533</angle></robndbox></object><object><type>robndbox</type><name>wheat_head</name><pose>Unspecified</pose><truncated>0</truncated><difficult>0</difficult><robndbox><cx>511.3749</cx><cy>217.1334</cy><w>58.9394</w><h>33.0478</h><angle>0.544325</angle></robndbox></object><object><type>robndbox</type><name>wheat_head</name><pose>Unspecified</pose><truncated>0</truncated><difficult>0</difficult><robndbox><cx>502.5097</cx><cy>465.2303</cy><w>73.5923</w><h>33.0532</h><angle>0.961292</angle></robndbox></object><object><type>robndbox</type><name>wheat_head</name><pose>Unspecified</pose><truncated>0</truncated><difficult>0</difficult><robndbox><cx>721.3476</cx><cy>25.0557</cy><w>35.2657</w><h>31.6681</h><angle>1.477256</angle></robndbox></object><object><type>robndbox</type><name>wheat_head</name><pose>Unspecified</pose><truncated>0</truncated><difficult>0</difficult><robndbox><cx>525.8548</cx><cy>58.3863</cy><w>73.4853</w><h>38.2338</h><angle>0.211441</angle></robndbox></object><object><type>robndbox</type><name>wheat_head</name><pose>Unspecified</pose><truncated>0</truncated><difficult>0</difficult><robndbox><cx>538.2879</cx><cy>437.1622</cy><w>151.1886</w><h>35.4082</h><angle>1.307396</angle></robndbox></object><object><type>robndbox</type><name>wheat_head</name><pose>Unspecified</pose><truncated>0</truncated><difficult>0</difficult><robndbox><cx>1004.3524</cx><cy>291.1752</cy><w>30.6482</w><h>22.6872</h><angle>0.027755</angle></robndbox></object><object><type>robndbox</type><name>wheat_head</name><pose>Unspecified</pose><truncated>0</truncated><difficult>0</difficult><robndbox><cx>200.7981</cx><cy>41.9482</cy><w>176.2934</w><h>38.606</h><angle>0.522606</angle></robndbox></object><object><type>robndbox</type><name>wheat_head</name><pose>Unspecified</pose><truncated>0</truncated><difficult>0</difficult><robndbox><cx>914.8695</cx><cy>396.912</cy><w>177.7435</w><h>41.895</h><angle>1.192879</angle></robndbox></object><object><type>robndbox</type><name>wheat_head</name><pose>Unspecified</pose><truncated>0</truncated><difficult>0</difficult><robndbox><cx>154.1146</cx><cy>151.4027</cy><w>124.3661</w><h>36.2921</h><angle>3.119886</angle></robndbox></object><object><type>robndbox</type><name>wheat_head</name><pose>Unspecified</pose><truncated>0</truncated><difficult>0</difficult><robndbox><cx>750.3485</cx><cy>939.5473</cy><w>86.8828</w><h>25.798</h><angle>1.519844</angle></robndbox></object><object><type>robndbox</type><name>wheat_head</name><pose>Unspecified</pose><truncated>0</truncated><difficult>0</difficult><robndbox><cx>149.1595</cx><cy>441.4337</cy><w>64.8231</w><h>32.4318</h><angle>2.651576</angle></robndbox></object><object><type>robndbox</type><name>wheat_head</name><pose>Unspecified</pose><truncated>0</truncated><difficult>0</difficult><robndbox><cx>174.5198</cx><cy>473.0107</cy><w>55.8209</w><h>28.6839</h><angle>1.97145</angle></robndbox></object><object><type>robndbox</type><name>wheat_head</name><pose>Unspecified</pose><truncated>0</truncated><difficult>0</difficult><robndbox><cx>608.8203</cx><cy>439.7252</cy><w>69.4209</w><h>27.7173</h><angle>1.090238</angle></robndbox></object><object><type>robndbox</type><name>wheat_head</name><pose>Unspecified</pose><truncated>0</truncated><difficult>0</difficult><robndbox><cx>351.0643</cx><cy>31.147</cy><w>160.349</w><h>35.4264</h><angle>2.850619</angle></robndbox></object><object><type>robndbox</type><name>wheat_head</name><pose>Unspecified</pose><truncated>0</truncated><difficult>0</difficult><robndbox><cx>486.9913</cx><cy>68.1272</cy><w>71.7296</w><h>25.2193</h><angle>1.524265</angle></robndbox></object><object><type>robndbox</type><name>wheat_head</name><pose>Unspecified</pose><truncated>0</truncated><difficult>0</difficult><robndbox><cx>267.8171</cx><cy>317.8562</cy><w>168.3925</w><h>36.3586</h><angle>1.044185</angle></robndbox></object><object><type>robndbox</type><name>wheat_head</name><pose>Unspecified</pose><truncated>0</truncated><difficult>0</difficult><robndbox><cx>215.5182</cx><cy>392.2051</cy><w>50.657</w><h>28.1912</h><angle>0.405198</angle></robndbox></object><object><type>robndbox</type><name>wheat_head</name><pose>Unspecified</pose><truncated>0</truncated><difficult>0</difficult><robndbox><cx>705.8615</cx><cy>807.6146</cy><w>85.0418</w><h>28.9265</h><angle>1.314412</angle></robndbox></object><object><type>robndbox</type><name>wheat_head</name><pose>Unspecified</pose><truncated>0</truncated><difficult>0</difficult><robndbox><cx>240.2635</cx><cy>978.4512</cy><w>80.2929</w><h>30.6273</h><angle>1.695298</angle></robndbox></object><object><type>robndbox</type><name>wheat_head</name><pose>Unspecified</pose><truncated>0</truncated><difficult>0</difficult><robndbox><cx>302.9097</cx><cy>984.2468</cy><w>98.7217</w><h>33.8322</h><angle>0.528723</angle></robndbox></object><object><type>robndbox</type><name>wheat_head</name><pose>Unspecified</pose><truncated>0</truncated><difficult>0</difficult><robndbox><cx>1013.7474</cx><cy>247.441</cy><w>33.8803</w><h>15.2904</h><angle>1.627253</angle></robndbox></object><object><type>robndbox</type><name>wheat_head</name><pose>Unspecified</pose><truncated>0</truncated><difficult>0</difficult><robndbox><cx>816.7949</cx><cy>394.4197</cy><w>40.6539</w><h>28.4955</h><angle>0.03349</angle></robndbox></object><object><type>robndbox</type><name>wheat_head</name><pose>Unspecified</pose><truncated>0</truncated><difficult>0</difficult><robndbox><cx>59.7657</cx><cy>571.7378</cy><w>131.1869</w><h>24.7684</h><angle>0.590117</angle></robndbox></object><object><type>robndbox</type><name>wheat_head</name><pose>Unspecified</pose><truncated>0</truncated><difficult>0</difficult><robndbox><cx>999.6662</cx><cy>506.3395</cy><w>58.7282</w><h>23.8418</h><angle>0.821527</angle></robndbox></object><object><type>robndbox</type><name>wheat_head</name><pose>Unspecified</pose><truncated>0</truncated><difficult>0</difficult><robndbox><cx>755.1135</cx><cy>916.707</cy><w>114.0553</w><h>36.9731</h><angle>0.951484</angle></robndbox></object><object><type>robndbox</type><name>wheat_head</name><pose>Unspecified</pose><truncated>0</truncated><difficult>0</difficult><robndbox><cx>791.3061</cx><cy>1006.4654</cy><w>31.7805</w><h>22.882</h><angle>1.149377</angle></robndbox></object></annotation>