<annotation verified="no"><folder>images</folder><filename>5d3b4d154</filename><path>/home/badhon/Documents/thesis/final_dataset/ethz_1/images/5d3b4d154.jpg</path><source><database>Unknown</database></source><size><width>1024</width><height>1024</height><depth>3</depth></size><segmented>0</segmented><object><type>robndbox</type><name>wheat_head</name><pose>Unspecified</pose><truncated>0</truncated><difficult>0</difficult><robndbox><cx>539.007</cx><cy>516.0577</cy><w>87.285</w><h>34.7227</h><angle>0.981748</angle></robndbox></object><object><type>robndbox</type><name>wheat_head</name><pose>Unspecified</pose><truncated>0</truncated><difficult>0</difficult><robndbox><cx>391.9602</cx><cy>725.7453</cy><w>92.8939</w><h>38.8159</h><angle>1.038742</angle></robndbox></object><object><type>robndbox</type><name>wheat_head</name><pose>Unspecified</pose><truncated>0</truncated><difficult>0</difficult><robndbox><cx>513.1412</cx><cy>717.3786</cy><w>80.9988</w><h>31.7616</h><angle>0.845787</angle></robndbox></object><object><type>robndbox</type><name>wheat_head</name><pose>Unspecified</pose><truncated>0</truncated><difficult>0</difficult><robndbox><cx>525.6478</cx><cy>423.8558</cy><w>95.5833</w><h>35.6143</h><angle>0.908468</angle></robndbox></object><object><type>robndbox</type><name>wheat_head</name><pose>Unspecified</pose><truncated>0</truncated><difficult>0</difficult><robndbox><cx>494.208</cx><cy>759.4625</cy><w>71.3983</w><h>33.7323</h><angle>0.684583</angle></robndbox></object><object><type>robndbox</type><name>wheat_head</name><pose>Unspecified</pose><truncated>0</truncated><difficult>0</difficult><robndbox><cx>758.2278</cx><cy>942.5219</cy><w>94.5834</w><h>36.7156</h><angle>0.466972</angle></robndbox></object><object><type>robndbox</type><name>wheat_head</name><pose>Unspecified</pose><truncated>0</truncated><difficult>0</difficult><robndbox><cx>568.0018</cx><cy>498.7435</cy><w>80.9149</w><h>20.9919</h><angle>0.966127</angle></robndbox></object><object><type>robndbox</type><name>wheat_head</name><pose>Unspecified</pose><truncated>0</truncated><difficult>0</difficult><robndbox><cx>77.2791</cx><cy>60.4812</cy><w>69.0875</w><h>31.1316</h><angle>0.897699</angle></robndbox></object><object><type>robndbox</type><name>wheat_head</name><pose>Unspecified</pose><truncated>0</truncated><difficult>0</difficult><robndbox><cx>291.8666</cx><cy>283.0286</cy><w>37.0583</w><h>29.3508</h><angle>0.323138</angle></robndbox></object><object><type>robndbox</type><name>wheat_head</name><pose>Unspecified</pose><truncated>0</truncated><difficult>0</difficult><robndbox><cx>477.9377</cx><cy>289.4468</cy><w>79.254</w><h>34.7111</h><angle>0.443678</angle></robndbox></object><object><type>robndbox</type><name>wheat_head</name><pose>Unspecified</pose><truncated>0</truncated><difficult>0</difficult><robndbox><cx>919.126</cx><cy>803.8516</cy><w>72.4436</w><h>37.4109</h><angle>0.726534</angle></robndbox></object><object><type>robndbox</type><name>wheat_head</name><pose>Unspecified</pose><truncated>0</truncated><difficult>0</difficult><robndbox><cx>861.483</cx><cy>329.8252</cy><w>59.4137</w><h>33.3276</h><angle>1.4616</angle></robndbox></object><object><type>robndbox</type><name>wheat_head</name><pose>Unspecified</pose><truncated>0</truncated><difficult>0</difficult><robndbox><cx>135.6975</cx><cy>409.9984</cy><w>70.6897</w><h>28.0958</h><angle>0.618887</angle></robndbox></object><object><type>robndbox</type><name>wheat_head</name><pose>Unspecified</pose><truncated>0</truncated><difficult>0</difficult><robndbox><cx>190.1309</cx><cy>679.1194</cy><w>73.4386</w><h>35.9752</h><angle>0.620282</angle></robndbox></object><object><type>robndbox</type><name>wheat_head</name><pose>Unspecified</pose><truncated>0</truncated><difficult>0</difficult><robndbox><cx>589.8981</cx><cy>59.9591</cy><w>80.5118</w><h>34.1571</h><angle>0.373281</angle></robndbox></object><object><type>robndbox</type><name>wheat_head</name><pose>Unspecified</pose><truncated>0</truncated><difficult>0</difficult><robndbox><cx>916.4055</cx><cy>620.3716</cy><w>79.8828</w><h>36.4183</h><angle>0.657761</angle></robndbox></object><object><type>robndbox</type><name>wheat_head</name><pose>Unspecified</pose><truncated>0</truncated><difficult>0</difficult><robndbox><cx>966.3522</cx><cy>996.2809</cy><w>34.0145</w><h>32.3304</h><angle>1.12235</angle></robndbox></object><object><type>robndbox</type><name>wheat_head</name><pose>Unspecified</pose><truncated>0</truncated><difficult>0</difficult><robndbox><cx>363.3823</cx><cy>139.2505</cy><w>101.5638</w><h>34.1827</h><angle>0.614181</angle></robndbox></object><object><type>robndbox</type><name>wheat_head</name><pose>Unspecified</pose><truncated>0</truncated><difficult>0</difficult><robndbox><cx>13.2168</cx><cy>199.7901</cy><w>58.0859</w><h>25.9886</h><angle>1.206118</angle></robndbox></object><object><type>robndbox</type><name>wheat_head</name><pose>Unspecified</pose><truncated>0</truncated><difficult>0</difficult><robndbox><cx>302.2636</cx><cy>151.9643</cy><w>46.4123</w><h>28.7965</h><angle>0.437282</angle></robndbox></object><object><type>robndbox</type><name>wheat_head</name><pose>Unspecified</pose><truncated>0</truncated><difficult>0</difficult><robndbox><cx>472.8333</cx><cy>463.9978</cy><w>73.9149</w><h>31.4348</h><angle>1.098833</angle></robndbox></object><object><type>robndbox</type><name>wheat_head</name><pose>Unspecified</pose><truncated>0</truncated><difficult>0</difficult><robndbox><cx>783.3322</cx><cy>289.8005</cy><w>93.097</w><h>36.3358</h><angle>0.986946</angle></robndbox></object><object><type>robndbox</type><name>wheat_head</name><pose>Unspecified</pose><truncated>0</truncated><difficult>0</difficult><robndbox><cx>88.0644</cx><cy>383.7198</cy><w>62.1033</w><h>27.853</h><angle>1.615876</angle></robndbox></object><object><type>robndbox</type><name>wheat_head</name><pose>Unspecified</pose><truncated>0</truncated><difficult>0</difficult><robndbox><cx>595.0802</cx><cy>392.9685</cy><w>99.5557</w><h>38.6358</h><angle>0.303689</angle></robndbox></object><object><type>robndbox</type><name>wheat_head</name><pose>Unspecified</pose><truncated>0</truncated><difficult>0</difficult><robndbox><cx>372.213</cx><cy>193.6645</cy><w>86.4804</w><h>33.763</h><angle>0.501092</angle></robndbox></object><object><type>robndbox</type><name>wheat_head</name><pose>Unspecified</pose><truncated>0</truncated><difficult>0</difficult><robndbox><cx>247.4781</cx><cy>466.3961</cy><w>96.0803</w><h>34.7487</h><angle>1.908634</angle></robndbox></object><object><type>robndbox</type><name>wheat_head</name><pose>Unspecified</pose><truncated>0</truncated><difficult>0</difficult><robndbox><cx>450.1364</cx><cy>400.5606</cy><w>84.2436</w><h>22.6497</h><angle>0.70066</angle></robndbox></object><object><type>robndbox</type><name>wheat_head</name><pose>Unspecified</pose><truncated>0</truncated><difficult>0</difficult><robndbox><cx>87.6889</cx><cy>856.4204</cy><w>68.1154</w><h>35.1825</h><angle>0.404374</angle></robndbox></object><object><type>robndbox</type><name>wheat_head</name><pose>Unspecified</pose><truncated>0</truncated><difficult>0</difficult><robndbox><cx>295.8152</cx><cy>30.534</cy><w>84.0805</w><h>33.974</h><angle>0.571525</angle></robndbox></object><object><type>robndbox</type><name>wheat_head</name><pose>Unspecified</pose><truncated>0</truncated><difficult>0</difficult><robndbox><cx>484.301</cx><cy>110.784</cy><w>48.1786</w><h>31.7592</h><angle>1.101152</angle></robndbox></object><object><type>robndbox</type><name>wheat_head</name><pose>Unspecified</pose><truncated>0</truncated><difficult>0</difficult><robndbox><cx>914.775</cx><cy>399.684</cy><w>55.8798</w><h>36.1564</h><angle>0.966196</angle></robndbox></object><object><type>robndbox</type><name>wheat_head</name><pose>Unspecified</pose><truncated>0</truncated><difficult>0</difficult><robndbox><cx>420.9382</cx><cy>82.7895</cy><w>72.2375</w><h>33.2737</h><angle>0.554538</angle></robndbox></object><object><type>robndbox</type><name>wheat_head</name><pose>Unspecified</pose><truncated>0</truncated><difficult>0</difficult><robndbox><cx>567.8442</cx><cy>790.9055</cy><w>56.0186</w><h>28.0061</h><angle>1.268863</angle></robndbox></object><object><type>robndbox</type><name>wheat_head</name><pose>Unspecified</pose><truncated>0</truncated><difficult>0</difficult><robndbox><cx>825.2581</cx><cy>224.2427</cy><w>94.8413</w><h>39.5696</h><angle>0.658516</angle></robndbox></object><object><type>robndbox</type><name>wheat_head</name><pose>Unspecified</pose><truncated>0</truncated><difficult>0</difficult><robndbox><cx>222.5567</cx><cy>750.1746</cy><w>77.4594</w><h>36.6066</h><angle>0.309164</angle></robndbox></object><object><type>robndbox</type><name>wheat_head</name><pose>Unspecified</pose><truncated>0</truncated><difficult>0</difficult><robndbox><cx>212.1988</cx><cy>159.9835</cy><w>78.5732</w><h>35.8271</h><angle>1.1474</angle></robndbox></object><object><type>robndbox</type><name>wheat_head</name><pose>Unspecified</pose><truncated>0</truncated><difficult>0</difficult><robndbox><cx>382.0063</cx><cy>268.6796</cy><w>70.3319</w><h>30.4529</h><angle>0.433876</angle></robndbox></object><object><type>robndbox</type><name>wheat_head</name><pose>Unspecified</pose><truncated>0</truncated><difficult>0</difficult><robndbox><cx>613.1024</cx><cy>751.1049</cy><w>90.8159</w><h>36.2119</h><angle>2.013726</angle></robndbox></object><object><type>robndbox</type><name>wheat_head</name><pose>Unspecified</pose><truncated>0</truncated><difficult>0</difficult><robndbox><cx>511.5953</cx><cy>267.2392</cy><w>72.8531</w><h>30.7926</h><angle>0.16285</angle></robndbox></object><object><type>robndbox</type><name>wheat_head</name><pose>Unspecified</pose><truncated>0</truncated><difficult>0</difficult><robndbox><cx>637.2641</cx><cy>151.7503</cy><w>58.0995</w><h>36.1388</h><angle>0.45355</angle></robndbox></object><object><type>robndbox</type><name>wheat_head</name><pose>Unspecified</pose><truncated>0</truncated><difficult>0</difficult><robndbox><cx>567.4057</cx><cy>606.0815</cy><w>74.3316</w><h>31.2674</h><angle>0.214414</angle></robndbox></object><object><type>robndbox</type><name>wheat_head</name><pose>Unspecified</pose><truncated>0</truncated><difficult>0</difficult><robndbox><cx>709.1678</cx><cy>83.8638</cy><w>80.7365</w><h>40.6712</h><angle>1.06244</angle></robndbox></object><object><type>robndbox</type><name>wheat_head</name><pose>Unspecified</pose><truncated>0</truncated><difficult>0</difficult><robndbox><cx>546.2182</cx><cy>662.4489</cy><w>34.2357</w><h>17.2502</h><angle>2.972148</angle></robndbox></object><object><type>robndbox</type><name>wheat_head</name><pose>Unspecified</pose><truncated>0</truncated><difficult>0</difficult><robndbox><cx>543.9162</cx><cy>521.0927</cy><w>101.1128</w><h>32.1537</h><angle>0.981748</angle></robndbox></object><object><type>robndbox</type><name>wheat_head</name><pose>Unspecified</pose><truncated>0</truncated><difficult>0</difficult><robndbox><cx>777.9474</cx><cy>586.1555</cy><w>61.0802</w><h>31.1407</h><angle>0.388951</angle></robndbox></object><object><type>robndbox</type><name>wheat_head</name><pose>Unspecified</pose><truncated>0</truncated><difficult>0</difficult><robndbox><cx>297.5071</cx><cy>698.197</cy><w>98.9221</w><h>39.1619</h><angle>0.197798</angle></robndbox></object><object><type>robndbox</type><name>wheat_head</name><pose>Unspecified</pose><truncated>0</truncated><difficult>0</difficult><robndbox><cx>646.4078</cx><cy>817.0949</cy><w>50.6035</w><h>26.8844</h><angle>0.863299</angle></robndbox></object><object><type>robndbox</type><name>wheat_head</name><pose>Unspecified</pose><truncated>0</truncated><difficult>0</difficult><robndbox><cx>627.6788</cx><cy>247.3288</cy><w>61.7225</w><h>30.2273</h><angle>0.276884</angle></robndbox></object><object><type>robndbox</type><name>wheat_head</name><pose>Unspecified</pose><truncated>0</truncated><difficult>0</difficult><robndbox><cx>219.4529</cx><cy>850.6455</cy><w>53.9087</w><h>24.3267</h><angle>3.065238</angle></robndbox></object><object><type>robndbox</type><name>wheat_head</name><pose>Unspecified</pose><truncated>0</truncated><difficult>0</difficult><robndbox><cx>990.5255</cx><cy>270.7525</cy><w>134.6778</w><h>38.8373</h><angle>1.354002</angle></robndbox></object><object><type>robndbox</type><name>wheat_head</name><pose>Unspecified</pose><truncated>0</truncated><difficult>0</difficult><robndbox><cx>209.9765</cx><cy>295.1483</cy><w>84.889</w><h>31.9782</h><angle>0.53436</angle></robndbox></object><object><type>robndbox</type><name>wheat_head</name><pose>Unspecified</pose><truncated>0</truncated><difficult>0</difficult><robndbox><cx>743.1681</cx><cy>471.7689</cy><w>73.3519</w><h>31.0008</h><angle>0.33093</angle></robndbox></object><object><type>robndbox</type><name>wheat_head</name><pose>Unspecified</pose><truncated>0</truncated><difficult>0</difficult><robndbox><cx>38.0553</cx><cy>8.7795</cy><w>24.6857</w><h>21.1489</h><angle>2.799561</angle></robndbox></object><object><type>robndbox</type><name>wheat_head</name><pose>Unspecified</pose><truncated>0</truncated><difficult>0</difficult><robndbox><cx>181.6263</cx><cy>501.6807</cy><w>36.2627</w><h>35.9066</h><angle>2.010396</angle></robndbox></object><object><type>robndbox</type><name>wheat_head</name><pose>Unspecified</pose><truncated>0</truncated><difficult>0</difficult><robndbox><cx>851.0113</cx><cy>472.2655</cy><w>84.2558</w><h>33.1391</h><angle>0.029264</angle></robndbox></object><object><type>robndbox</type><name>wheat_head</name><pose>Unspecified</pose><truncated>0</truncated><difficult>0</difficult><robndbox><cx>693.382</cx><cy>480.4349</cy><w>66.8783</w><h>33.4501</h><angle>0.191035</angle></robndbox></object><object><type>robndbox</type><name>wheat_head</name><pose>Unspecified</pose><truncated>0</truncated><difficult>0</difficult><robndbox><cx>366.1119</cx><cy>640.553</cy><w>73.1797</w><h>29.0877</h><angle>0.17771</angle></robndbox></object><object><type>robndbox</type><name>wheat_head</name><pose>Unspecified</pose><truncated>0</truncated><difficult>0</difficult><robndbox><cx>825.2581</cx><cy>224.2427</cy><w>94.8413</w><h>39.5696</h><angle>0.658516</angle></robndbox></object><object><type>robndbox</type><name>wheat_head</name><pose>Unspecified</pose><truncated>0</truncated><difficult>0</difficult><robndbox><cx>290.6042</cx><cy>822.614</cy><w>48.5719</w><h>25.5416</h><angle>0.164105</angle></robndbox></object><object><type>robndbox</type><name>wheat_head</name><pose>Unspecified</pose><truncated>0</truncated><difficult>0</difficult><robndbox><cx>709.4205</cx><cy>883.5425</cy><w>50.9906</w><h>21.6738</h><angle>0.174408</angle></robndbox></object><object><type>robndbox</type><name>wheat_head</name><pose>Unspecified</pose><truncated>0</truncated><difficult>0</difficult><robndbox><cx>317.594</cx><cy>228.452</cy><w>38.216</w><h>22.2556</h><angle>2.495993</angle></robndbox></object><object><type>robndbox</type><name>wheat_head</name><pose>Unspecified</pose><truncated>0</truncated><difficult>0</difficult><robndbox><cx>530.2885</cx><cy>686.2308</cy><w>50.7387</w><h>27.0013</h><angle>0.801352</angle></robndbox></object><object><type>robndbox</type><name>wheat_head</name><pose>Unspecified</pose><truncated>0</truncated><difficult>0</difficult><robndbox><cx>743.7015</cx><cy>548.7497</cy><w>47.8738</w><h>30.5597</h><angle>0.43786</angle></robndbox></object><object><type>robndbox</type><name>wheat_head</name><pose>Unspecified</pose><truncated>0</truncated><difficult>0</difficult><robndbox><cx>27.5417</cx><cy>860.8033</cy><w>42.3193</w><h>34.1978</h><angle>0.184326</angle></robndbox></object><object><type>robndbox</type><name>wheat_head</name><pose>Unspecified</pose><truncated>0</truncated><difficult>0</difficult><robndbox><cx>265.6123</cx><cy>288.1362</cy><w>78.5775</w><h>32.9358</h><angle>1.123138</angle></robndbox></object><object><type>robndbox</type><name>wheat_head</name><pose>Unspecified</pose><truncated>0</truncated><difficult>0</difficult><robndbox><cx>390.7418</cx><cy>386.1241</cy><w>136.538</w><h>44.7942</h><angle>0.70066</angle></robndbox></object><object><type>robndbox</type><name>wheat_head</name><pose>Unspecified</pose><truncated>0</truncated><difficult>0</difficult><robndbox><cx>378.145</cx><cy>822.3165</cy><w>95.6928</w><h>39.3595</h><angle>0.39014</angle></robndbox></object><object><type>robndbox</type><name>wheat_head</name><pose>Unspecified</pose><truncated>0</truncated><difficult>0</difficult><robndbox><cx>241.1404</cx><cy>82.3535</cy><w>146.0463</w><h>39.3529</h><angle>0.366047</angle></robndbox></object><object><type>robndbox</type><name>wheat_head</name><pose>Unspecified</pose><truncated>0</truncated><difficult>0</difficult><robndbox><cx>222.2489</cx><cy>780.4911</cy><w>53.5066</w><h>22.1825</h><angle>0.396835</angle></robndbox></object><object><type>robndbox</type><name>wheat_head</name><pose>Unspecified</pose><truncated>0</truncated><difficult>0</difficult><robndbox><cx>763.6271</cx><cy>1005.879</cy><w>38.0406</w><h>29.1733</h><angle>0.041366</angle></robndbox></object><object><type>robndbox</type><name>wheat_head</name><pose>Unspecified</pose><truncated>0</truncated><difficult>0</difficult><robndbox><cx>431.0094</cx><cy>125.9433</cy><w>62.8709</w><h>27.0239</h><angle>0.117952</angle></robndbox></object><object><type>robndbox</type><name>wheat_head</name><pose>Unspecified</pose><truncated>0</truncated><difficult>0</difficult><robndbox><cx>120.6553</cx><cy>25.131</cy><w>72.1639</w><h>35.5723</h><angle>0.648955</angle></robndbox></object><object><type>robndbox</type><name>wheat_head</name><pose>Unspecified</pose><truncated>0</truncated><difficult>0</difficult><robndbox><cx>727.7631</cx><cy>846.8888</cy><w>30.4404</w><h>29.8166</h><angle>1.963857</angle></robndbox></object><object><type>robndbox</type><name>wheat_head</name><pose>Unspecified</pose><truncated>0</truncated><difficult>0</difficult><robndbox><cx>35.5296</cx><cy>717.1713</cy><w>56.6985</w><h>30.7693</h><angle>3.078904</angle></robndbox></object><object><type>robndbox</type><name>wheat_head</name><pose>Unspecified</pose><truncated>0</truncated><difficult>0</difficult><robndbox><cx>741.5388</cx><cy>386.8754</cy><w>39.1454</w><h>38.8953</h><angle>1.952201</angle></robndbox></object><object><type>robndbox</type><name>wheat_head</name><pose>Unspecified</pose><truncated>0</truncated><difficult>0</difficult><robndbox><cx>790.0144</cx><cy>909.1292</cy><w>37.0371</w><h>33.3454</h><angle>1.979645</angle></robndbox></object><object><type>robndbox</type><name>wheat_head</name><pose>Unspecified</pose><truncated>0</truncated><difficult>0</difficult><robndbox><cx>917.3718</cx><cy>891.7305</cy><w>68.6738</w><h>32.7759</h><angle>3.140283</angle></robndbox></object><object><type>robndbox</type><name>wheat_head</name><pose>Unspecified</pose><truncated>0</truncated><difficult>0</difficult><robndbox><cx>13.6176</cx><cy>657.2676</cy><w>27.389</w><h>26.3531</h><angle>1.546642</angle></robndbox></object><object><type>robndbox</type><name>wheat_head</name><pose>Unspecified</pose><truncated>0</truncated><difficult>0</difficult><robndbox><cx>8.9313</cx><cy>576.1403</cy><w>20.8216</w><h>13.7611</h><angle>1.670347</angle></robndbox></object><object><type>robndbox</type><name>wheat_head</name><pose>Unspecified</pose><truncated>0</truncated><difficult>0</difficult><robndbox><cx>196.6129</cx><cy>451.5655</cy><w>36.2462</w><h>26.758</h><angle>0.298577</angle></robndbox></object><object><type>robndbox</type><name>wheat_head</name><pose>Unspecified</pose><truncated>0</truncated><difficult>0</difficult><robndbox><cx>529.7654</cx><cy>63.5846</cy><w>34.784</w><h>30.1612</h><angle>1.098042</angle></robndbox></object><object><type>robndbox</type><name>wheat_head</name><pose>Unspecified</pose><truncated>0</truncated><difficult>0</difficult><robndbox><cx>38.9843</cx><cy>961.9575</cy><w>68.1032</w><h>30.8962</h><angle>2.954483</angle></robndbox></object></annotation>