<annotation verified="no"><folder>images</folder><filename>5d6935f10</filename><path>/home/badhon/Documents/thesis/final_dataset/ethz_1/images/5d6935f10.jpg</path><source><database>Unknown</database></source><size><width>1024</width><height>1024</height><depth>3</depth></size><segmented>0</segmented><object><type>robndbox</type><name>wheat_head</name><pose>Unspecified</pose><truncated>0</truncated><difficult>0</difficult><robndbox><cx>834.6312</cx><cy>417.7508</cy><w>110.0785</w><h>31.8643</h><angle>0.813689</angle></robndbox></object><object><type>robndbox</type><name>wheat_head</name><pose>Unspecified</pose><truncated>0</truncated><difficult>0</difficult><robndbox><cx>275.4284</cx><cy>515.6679</cy><w>71.7335</w><h>39.4279</h><angle>0.904277</angle></robndbox></object><object><type>robndbox</type><name>wheat_head</name><pose>Unspecified</pose><truncated>0</truncated><difficult>0</difficult><robndbox><cx>88.602</cx><cy>139.4</cy><w>99.1642</w><h>33.3473</h><angle>0.994567</angle></robndbox></object><object><type>robndbox</type><name>wheat_head</name><pose>Unspecified</pose><truncated>0</truncated><difficult>0</difficult><robndbox><cx>844.8266</cx><cy>723.5563</cy><w>118.9997</w><h>35.2843</h><angle>1.058146</angle></robndbox></object><object><type>robndbox</type><name>wheat_head</name><pose>Unspecified</pose><truncated>0</truncated><difficult>0</difficult><robndbox><cx>239.7056</cx><cy>302.999</cy><w>81.8592</w><h>35.8562</h><angle>0.887665</angle></robndbox></object><object><type>robndbox</type><name>wheat_head</name><pose>Unspecified</pose><truncated>0</truncated><difficult>0</difficult><robndbox><cx>725.6083</cx><cy>443.8516</cy><w>91.9335</w><h>38.3237</h><angle>1.107715</angle></robndbox></object><object><type>robndbox</type><name>wheat_head</name><pose>Unspecified</pose><truncated>0</truncated><difficult>0</difficult><robndbox><cx>225.5302</cx><cy>417.387</cy><w>135.9791</w><h>43.1965</h><angle>0.827532</angle></robndbox></object><object><type>robndbox</type><name>wheat_head</name><pose>Unspecified</pose><truncated>0</truncated><difficult>0</difficult><robndbox><cx>828.9727</cx><cy>837.9162</cy><w>83.494</w><h>36.5815</h><angle>1.260922</angle></robndbox></object><object><type>robndbox</type><name>wheat_head</name><pose>Unspecified</pose><truncated>0</truncated><difficult>0</difficult><robndbox><cx>316.2269</cx><cy>117.3205</cy><w>106.5228</w><h>32.0505</h><angle>0.90281</angle></robndbox></object><object><type>robndbox</type><name>wheat_head</name><pose>Unspecified</pose><truncated>0</truncated><difficult>0</difficult><robndbox><cx>125.3515</cx><cy>91.9305</cy><w>77.7916</w><h>36.5739</h><angle>1.24718</angle></robndbox></object><object><type>robndbox</type><name>wheat_head</name><pose>Unspecified</pose><truncated>0</truncated><difficult>0</difficult><robndbox><cx>638.269</cx><cy>517.1759</cy><w>71.6445</w><h>29.8012</h><angle>0.959234</angle></robndbox></object><object><type>robndbox</type><name>wheat_head</name><pose>Unspecified</pose><truncated>0</truncated><difficult>0</difficult><robndbox><cx>644.0043</cx><cy>794.0135</cy><w>63.3314</w><h>33.9253</h><angle>1.022319</angle></robndbox></object><object><type>robndbox</type><name>wheat_head</name><pose>Unspecified</pose><truncated>0</truncated><difficult>0</difficult><robndbox><cx>477.3123</cx><cy>73.7292</cy><w>99.016</w><h>32.2773</h><angle>1.264302</angle></robndbox></object><object><type>robndbox</type><name>wheat_head</name><pose>Unspecified</pose><truncated>0</truncated><difficult>0</difficult><robndbox><cx>174.5563</cx><cy>549.7027</cy><w>87.4803</w><h>30.7702</h><angle>1.252415</angle></robndbox></object><object><type>robndbox</type><name>wheat_head</name><pose>Unspecified</pose><truncated>0</truncated><difficult>0</difficult><robndbox><cx>87.7747</cx><cy>968.6624</cy><w>65.9357</w><h>34.861</h><angle>0.627823</angle></robndbox></object><object><type>robndbox</type><name>wheat_head</name><pose>Unspecified</pose><truncated>0</truncated><difficult>0</difficult><robndbox><cx>452.8226</cx><cy>545.9182</cy><w>96.5952</w><h>37.5447</h><angle>0.848087</angle></robndbox></object><object><type>robndbox</type><name>wheat_head</name><pose>Unspecified</pose><truncated>0</truncated><difficult>0</difficult><robndbox><cx>427.8503</cx><cy>22.5861</cy><w>52.8769</w><h>34.2153</h><angle>1.111696</angle></robndbox></object><object><type>robndbox</type><name>wheat_head</name><pose>Unspecified</pose><truncated>0</truncated><difficult>0</difficult><robndbox><cx>466.0819</cx><cy>311.1634</cy><w>77.4897</w><h>36.2784</h><angle>0.835091</angle></robndbox></object><object><type>robndbox</type><name>wheat_head</name><pose>Unspecified</pose><truncated>0</truncated><difficult>0</difficult><robndbox><cx>337.7263</cx><cy>625.9109</cy><w>56.1035</w><h>35.5524</h><angle>0.956227</angle></robndbox></object><object><type>robndbox</type><name>wheat_head</name><pose>Unspecified</pose><truncated>0</truncated><difficult>0</difficult><robndbox><cx>660.3641</cx><cy>214.0593</cy><w>44.0698</w><h>28.5723</h><angle>1.34441</angle></robndbox></object><object><type>robndbox</type><name>wheat_head</name><pose>Unspecified</pose><truncated>0</truncated><difficult>0</difficult><robndbox><cx>722.9678</cx><cy>122.3717</cy><w>133.194</w><h>47.632</h><angle>1.260325</angle></robndbox></object><object><type>robndbox</type><name>wheat_head</name><pose>Unspecified</pose><truncated>0</truncated><difficult>0</difficult><robndbox><cx>107.8523</cx><cy>589.7604</cy><w>60.6631</w><h>35.5212</h><angle>0.712394</angle></robndbox></object><object><type>robndbox</type><name>wheat_head</name><pose>Unspecified</pose><truncated>0</truncated><difficult>0</difficult><robndbox><cx>636.6363</cx><cy>394.8256</cy><w>101.1784</w><h>37.9432</h><angle>1.509891</angle></robndbox></object><object><type>robndbox</type><name>wheat_head</name><pose>Unspecified</pose><truncated>0</truncated><difficult>0</difficult><robndbox><cx>224.4875</cx><cy>966.6875</cy><w>88.178</w><h>34.7384</h><angle>1.171263</angle></robndbox></object><object><type>robndbox</type><name>wheat_head</name><pose>Unspecified</pose><truncated>0</truncated><difficult>0</difficult><robndbox><cx>342.8412</cx><cy>405.1098</cy><w>131.4321</w><h>41.5882</h><angle>1.284256</angle></robndbox></object><object><type>robndbox</type><name>wheat_head</name><pose>Unspecified</pose><truncated>0</truncated><difficult>0</difficult><robndbox><cx>225.127</cx><cy>643.9321</cy><w>70.0177</w><h>40.1025</h><angle>0.881088</angle></robndbox></object><object><type>robndbox</type><name>wheat_head</name><pose>Unspecified</pose><truncated>0</truncated><difficult>0</difficult><robndbox><cx>564.5149</cx><cy>621.227</cy><w>67.6583</w><h>38.6464</h><angle>0.971615</angle></robndbox></object><object><type>robndbox</type><name>wheat_head</name><pose>Unspecified</pose><truncated>0</truncated><difficult>0</difficult><robndbox><cx>16.2803</cx><cy>776.8182</cy><w>119.8504</w><h>26.4841</h><angle>1.540526</angle></robndbox></object><object><type>robndbox</type><name>wheat_head</name><pose>Unspecified</pose><truncated>0</truncated><difficult>0</difficult><robndbox><cx>18.7941</cx><cy>514.4249</cy><w>33.2724</w><h>32.9234</h><angle>0.479425</angle></robndbox></object><object><type>robndbox</type><name>wheat_head</name><pose>Unspecified</pose><truncated>0</truncated><difficult>0</difficult><robndbox><cx>44.3627</cx><cy>999.7933</cy><w>31.2729</w><h>28.8132</h><angle>1.132607</angle></robndbox></object><object><type>robndbox</type><name>wheat_head</name><pose>Unspecified</pose><truncated>0</truncated><difficult>0</difficult><robndbox><cx>710.5575</cx><cy>690.0132</cy><w>59.1502</w><h>31.781</h><angle>1.255051</angle></robndbox></object><object><type>robndbox</type><name>wheat_head</name><pose>Unspecified</pose><truncated>0</truncated><difficult>0</difficult><robndbox><cx>287.1859</cx><cy>217.7375</cy><w>86.5835</w><h>38.4372</h><angle>1.301032</angle></robndbox></object><object><type>robndbox</type><name>wheat_head</name><pose>Unspecified</pose><truncated>0</truncated><difficult>0</difficult><robndbox><cx>442.7346</cx><cy>603.5828</cy><w>103.3575</w><h>28.6938</h><angle>0.944903</angle></robndbox></object><object><type>robndbox</type><name>wheat_head</name><pose>Unspecified</pose><truncated>0</truncated><difficult>0</difficult><robndbox><cx>992.3102</cx><cy>574.9549</cy><w>74.087</w><h>38.593</h><angle>1.449535</angle></robndbox></object><object><type>robndbox</type><name>wheat_head</name><pose>Unspecified</pose><truncated>0</truncated><difficult>0</difficult><robndbox><cx>604.1495</cx><cy>14.8628</cy><w>39.8422</w><h>31.3224</h><angle>1.10326</angle></robndbox></object><object><type>robndbox</type><name>wheat_head</name><pose>Unspecified</pose><truncated>0</truncated><difficult>0</difficult><robndbox><cx>715.8647</cx><cy>514.1153</cy><w>68.574</w><h>32.0662</h><angle>1.35253</angle></robndbox></object><object><type>robndbox</type><name>wheat_head</name><pose>Unspecified</pose><truncated>0</truncated><difficult>0</difficult><robndbox><cx>208.6781</cx><cy>179.6262</cy><w>45.9269</w><h>23.4914</h><angle>1.526136</angle></robndbox></object><object><type>robndbox</type><name>wheat_head</name><pose>Unspecified</pose><truncated>0</truncated><difficult>0</difficult><robndbox><cx>888.1575</cx><cy>648.0703</cy><w>38.9647</w><h>26.1969</h><angle>1.122453</angle></robndbox></object><object><type>robndbox</type><name>wheat_head</name><pose>Unspecified</pose><truncated>0</truncated><difficult>0</difficult><robndbox><cx>111.7161</cx><cy>493.134</cy><w>77.0733</w><h>34.5507</h><angle>0.307683</angle></robndbox></object><object><type>robndbox</type><name>wheat_head</name><pose>Unspecified</pose><truncated>0</truncated><difficult>0</difficult><robndbox><cx>430.1256</cx><cy>641.1804</cy><w>73.1953</w><h>35.7977</h><angle>0.930158</angle></robndbox></object><object><type>robndbox</type><name>wheat_head</name><pose>Unspecified</pose><truncated>0</truncated><difficult>0</difficult><robndbox><cx>829.4972</cx><cy>242.6836</cy><w>58.286</w><h>38.4085</h><angle>0.519304</angle></robndbox></object><object><type>robndbox</type><name>wheat_head</name><pose>Unspecified</pose><truncated>0</truncated><difficult>0</difficult><robndbox><cx>21.1548</cx><cy>274.7316</cy><w>98.5826</w><h>31.7407</h><angle>1.237473</angle></robndbox></object><object><type>robndbox</type><name>wheat_head</name><pose>Unspecified</pose><truncated>0</truncated><difficult>0</difficult><robndbox><cx>437.6504</cx><cy>721.8427</cy><w>42.1232</w><h>24.682</h><angle>0.87338</angle></robndbox></object><object><type>robndbox</type><name>wheat_head</name><pose>Unspecified</pose><truncated>0</truncated><difficult>0</difficult><robndbox><cx>692.9126</cx><cy>617.8495</cy><w>49.0611</w><h>35.0052</h><angle>1.105766</angle></robndbox></object><object><type>robndbox</type><name>wheat_head</name><pose>Unspecified</pose><truncated>0</truncated><difficult>0</difficult><robndbox><cx>162.7823</cx><cy>667.4814</cy><w>47.0076</w><h>34.7949</h><angle>1.100884</angle></robndbox></object><object><type>robndbox</type><name>wheat_head</name><pose>Unspecified</pose><truncated>0</truncated><difficult>0</difficult><robndbox><cx>545.5931</cx><cy>270.3733</cy><w>32.5423</w><h>27.5972</h><angle>1.664522</angle></robndbox></object><object><type>robndbox</type><name>wheat_head</name><pose>Unspecified</pose><truncated>0</truncated><difficult>0</difficult><robndbox><cx>433.1419</cx><cy>471.2113</cy><w>57.8055</w><h>33.8436</h><angle>0.955974</angle></robndbox></object><object><type>robndbox</type><name>wheat_head</name><pose>Unspecified</pose><truncated>0</truncated><difficult>0</difficult><robndbox><cx>143.7629</cx><cy>894.8344</cy><w>115.2656</w><h>41.9817</h><angle>0.646606</angle></robndbox></object><object><type>robndbox</type><name>wheat_head</name><pose>Unspecified</pose><truncated>0</truncated><difficult>0</difficult><robndbox><cx>176.8202</cx><cy>221.4318</cy><w>51.1509</w><h>28.6778</h><angle>0.718436</angle></robndbox></object><object><type>robndbox</type><name>wheat_head</name><pose>Unspecified</pose><truncated>0</truncated><difficult>0</difficult><robndbox><cx>510.3105</cx><cy>609.5247</cy><w>45.0052</w><h>32.0101</h><angle>1.72476</angle></robndbox></object><object><type>robndbox</type><name>wheat_head</name><pose>Unspecified</pose><truncated>0</truncated><difficult>0</difficult><robndbox><cx>312.8795</cx><cy>1002.5852</cy><w>37.2758</w><h>27.2367</h><angle>1.425362</angle></robndbox></object><object><type>robndbox</type><name>wheat_head</name><pose>Unspecified</pose><truncated>0</truncated><difficult>0</difficult><robndbox><cx>225.509</cx><cy>214.0842</cy><w>80.704</w><h>31.8897</h><angle>1.526136</angle></robndbox></object><object><type>robndbox</type><name>wheat_head</name><pose>Unspecified</pose><truncated>0</truncated><difficult>0</difficult><robndbox><cx>999.4455</cx><cy>9.3265</cy><w>22.962</w><h>19.1256</h><angle>3.093663</angle></robndbox></object><object><type>robndbox</type><name>wheat_head</name><pose>Unspecified</pose><truncated>0</truncated><difficult>0</difficult><robndbox><cx>407.5785</cx><cy>330.0947</cy><w>46.0293</w><h>38.8655</h><angle>2.170317</angle></robndbox></object><object><type>robndbox</type><name>wheat_head</name><pose>Unspecified</pose><truncated>0</truncated><difficult>0</difficult><robndbox><cx>77.8777</cx><cy>909.0791</cy><w>51.2903</w><h>36.5622</h><angle>0.492538</angle></robndbox></object><object><type>robndbox</type><name>wheat_head</name><pose>Unspecified</pose><truncated>0</truncated><difficult>0</difficult><robndbox><cx>1012.1545</cx><cy>440.0934</cy><w>51.0971</w><h>18.3226</h><angle>1.544065</angle></robndbox></object><object><type>robndbox</type><name>wheat_head</name><pose>Unspecified</pose><truncated>0</truncated><difficult>0</difficult><robndbox><cx>996.7891</cx><cy>883.8523</cy><w>35.6009</w><h>35.1802</h><angle>1.818141</angle></robndbox></object><object><type>robndbox</type><name>wheat_head</name><pose>Unspecified</pose><truncated>0</truncated><difficult>0</difficult><robndbox><cx>523.1156</cx><cy>462.7069</cy><w>73.81</w><h>42.0636</h><angle>0.967508</angle></robndbox></object></annotation>