<annotation verified="no"><folder>images</folder><filename>5f76c9a35</filename><path>/home/badhon/Documents/thesis/final_dataset/ethz_1/images/5f76c9a35.jpg</path><source><database>Unknown</database></source><size><width>1024</width><height>1024</height><depth>3</depth></size><segmented>0</segmented><object><type>robndbox</type><name>wheat_head</name><pose>Unspecified</pose><truncated>0</truncated><difficult>0</difficult><robndbox><cx>241.4778</cx><cy>933.379</cy><w>85.8781</w><h>32.8426</h><angle>1.093077</angle></robndbox></object><object><type>robndbox</type><name>wheat_head</name><pose>Unspecified</pose><truncated>0</truncated><difficult>0</difficult><robndbox><cx>424.1579</cx><cy>34.4242</cy><w>70.5963</w><h>34.5121</h><angle>1.21737</angle></robndbox></object><object><type>robndbox</type><name>wheat_head</name><pose>Unspecified</pose><truncated>0</truncated><difficult>0</difficult><robndbox><cx>44.7589</cx><cy>35.5213</cy><w>73.8621</w><h>33.3405</h><angle>1.009918</angle></robndbox></object><object><type>robndbox</type><name>wheat_head</name><pose>Unspecified</pose><truncated>0</truncated><difficult>0</difficult><robndbox><cx>518.0033</cx><cy>596.5694</cy><w>112.8721</w><h>24.6533</h><angle>1.258086</angle></robndbox></object><object><type>robndbox</type><name>wheat_head</name><pose>Unspecified</pose><truncated>0</truncated><difficult>0</difficult><robndbox><cx>496.6044</cx><cy>227.1858</cy><w>78.652</w><h>34.2143</h><angle>1.183053</angle></robndbox></object><object><type>robndbox</type><name>wheat_head</name><pose>Unspecified</pose><truncated>0</truncated><difficult>0</difficult><robndbox><cx>364.9393</cx><cy>516.2789</cy><w>80.6541</w><h>29.1199</h><angle>1.168889</angle></robndbox></object><object><type>robndbox</type><name>wheat_head</name><pose>Unspecified</pose><truncated>0</truncated><difficult>0</difficult><robndbox><cx>404.3138</cx><cy>331.4194</cy><w>74.5458</w><h>31.9473</h><angle>0.994776</angle></robndbox></object><object><type>robndbox</type><name>wheat_head</name><pose>Unspecified</pose><truncated>0</truncated><difficult>0</difficult><robndbox><cx>491.9909</cx><cy>720.98</cy><w>74.1193</w><h>31.749</h><angle>1.274312</angle></robndbox></object><object><type>robndbox</type><name>wheat_head</name><pose>Unspecified</pose><truncated>0</truncated><difficult>0</difficult><robndbox><cx>829.1791</cx><cy>377.9901</cy><w>95.7271</w><h>34.0038</h><angle>1.218908</angle></robndbox></object><object><type>robndbox</type><name>wheat_head</name><pose>Unspecified</pose><truncated>0</truncated><difficult>0</difficult><robndbox><cx>101.6922</cx><cy>943.9355</cy><w>57.0762</w><h>29.6599</h><angle>1.148961</angle></robndbox></object><object><type>robndbox</type><name>wheat_head</name><pose>Unspecified</pose><truncated>0</truncated><difficult>0</difficult><robndbox><cx>131.6828</cx><cy>402.8532</cy><w>80.4831</w><h>32.9869</h><angle>1.067669</angle></robndbox></object><object><type>robndbox</type><name>wheat_head</name><pose>Unspecified</pose><truncated>0</truncated><difficult>0</difficult><robndbox><cx>277.726</cx><cy>654.1111</cy><w>49.7327</w><h>30.1679</h><angle>1.081028</angle></robndbox></object><object><type>robndbox</type><name>wheat_head</name><pose>Unspecified</pose><truncated>0</truncated><difficult>0</difficult><robndbox><cx>201.723</cx><cy>457.0704</cy><w>105.9629</w><h>39.646</h><angle>1.094363</angle></robndbox></object><object><type>robndbox</type><name>wheat_head</name><pose>Unspecified</pose><truncated>0</truncated><difficult>0</difficult><robndbox><cx>670.5579</cx><cy>541.5434</cy><w>109.5594</w><h>31.2081</h><angle>1.168699</angle></robndbox></object><object><type>robndbox</type><name>wheat_head</name><pose>Unspecified</pose><truncated>0</truncated><difficult>0</difficult><robndbox><cx>906.3949</cx><cy>920.8318</cy><w>71.9335</w><h>39.214</h><angle>0.579647</angle></robndbox></object><object><type>robndbox</type><name>wheat_head</name><pose>Unspecified</pose><truncated>0</truncated><difficult>0</difficult><robndbox><cx>846.6581</cx><cy>700.1545</cy><w>73.7961</w><h>28.5367</h><angle>1.366935</angle></robndbox></object><object><type>robndbox</type><name>wheat_head</name><pose>Unspecified</pose><truncated>0</truncated><difficult>0</difficult><robndbox><cx>406.0274</cx><cy>799.1097</cy><w>47.1045</w><h>21.0971</h><angle>1.473837</angle></robndbox></object><object><type>robndbox</type><name>wheat_head</name><pose>Unspecified</pose><truncated>0</truncated><difficult>0</difficult><robndbox><cx>494.2364</cx><cy>344.4695</cy><w>67.8093</w><h>32.8221</h><angle>1.056245</angle></robndbox></object><object><type>robndbox</type><name>wheat_head</name><pose>Unspecified</pose><truncated>0</truncated><difficult>0</difficult><robndbox><cx>894.3561</cx><cy>511.6574</cy><w>64.9997</w><h>29.6379</h><angle>1.410793</angle></robndbox></object><object><type>robndbox</type><name>wheat_head</name><pose>Unspecified</pose><truncated>0</truncated><difficult>0</difficult><robndbox><cx>558.5562</cx><cy>617.9025</cy><w>63.8562</w><h>30.754</h><angle>0.954945</angle></robndbox></object><object><type>robndbox</type><name>wheat_head</name><pose>Unspecified</pose><truncated>0</truncated><difficult>0</difficult><robndbox><cx>398.5207</cx><cy>512.5831</cy><w>75.5555</w><h>30.7882</h><angle>1.23065</angle></robndbox></object><object><type>robndbox</type><name>wheat_head</name><pose>Unspecified</pose><truncated>0</truncated><difficult>0</difficult><robndbox><cx>87.5129</cx><cy>555.1884</cy><w>77.2634</w><h>31.2659</h><angle>1.201386</angle></robndbox></object><object><type>robndbox</type><name>wheat_head</name><pose>Unspecified</pose><truncated>0</truncated><difficult>0</difficult><robndbox><cx>980.1488</cx><cy>61.9118</cy><w>63.5316</w><h>27.9644</h><angle>1.751513</angle></robndbox></object><object><type>robndbox</type><name>wheat_head</name><pose>Unspecified</pose><truncated>0</truncated><difficult>0</difficult><robndbox><cx>707.4003</cx><cy>30.049</cy><w>57.5934</w><h>27.4377</h><angle>1.34558</angle></robndbox></object><object><type>robndbox</type><name>wheat_head</name><pose>Unspecified</pose><truncated>0</truncated><difficult>0</difficult><robndbox><cx>474.5733</cx><cy>94.0555</cy><w>56.686</w><h>22.3205</h><angle>1.182381</angle></robndbox></object><object><type>robndbox</type><name>wheat_head</name><pose>Unspecified</pose><truncated>0</truncated><difficult>0</difficult><robndbox><cx>307.0468</cx><cy>584.1667</cy><w>56.4989</w><h>31.711</h><angle>1.324196</angle></robndbox></object><object><type>robndbox</type><name>wheat_head</name><pose>Unspecified</pose><truncated>0</truncated><difficult>0</difficult><robndbox><cx>581.05</cx><cy>980.5143</cy><w>48.6964</w><h>27.3153</h><angle>1.204568</angle></robndbox></object><object><type>robndbox</type><name>wheat_head</name><pose>Unspecified</pose><truncated>0</truncated><difficult>0</difficult><robndbox><cx>791.4182</cx><cy>909.8082</cy><w>47.2171</w><h>29.6697</h><angle>1.23637</angle></robndbox></object><object><type>robndbox</type><name>wheat_head</name><pose>Unspecified</pose><truncated>0</truncated><difficult>0</difficult><robndbox><cx>568.7318</cx><cy>833.4509</cy><w>53.3669</w><h>32.6994</h><angle>1.323127</angle></robndbox></object><object><type>robndbox</type><name>wheat_head</name><pose>Unspecified</pose><truncated>0</truncated><difficult>0</difficult><robndbox><cx>1006.3261</cx><cy>805.8361</cy><w>43.4249</w><h>27.3483</h><angle>1.90771</angle></robndbox></object><object><type>robndbox</type><name>wheat_head</name><pose>Unspecified</pose><truncated>0</truncated><difficult>0</difficult><robndbox><cx>1014.1235</cx><cy>957.8214</cy><w>48.3959</w><h>18.4158</h><angle>1.690082</angle></robndbox></object><object><type>robndbox</type><name>wheat_head</name><pose>Unspecified</pose><truncated>0</truncated><difficult>0</difficult><robndbox><cx>693.73</cx><cy>260.576</cy><w>156.9004</w><h>34.7978</h><angle>1.637441</angle></robndbox></object><object><type>robndbox</type><name>wheat_head</name><pose>Unspecified</pose><truncated>0</truncated><difficult>0</difficult><robndbox><cx>740.353</cx><cy>327.9374</cy><w>51.7201</w><h>26.9804</h><angle>1.488642</angle></robndbox></object><object><type>robndbox</type><name>wheat_head</name><pose>Unspecified</pose><truncated>0</truncated><difficult>0</difficult><robndbox><cx>516.5539</cx><cy>12.4084</cy><w>29.6998</w><h>25.8584</h><angle>1.35452</angle></robndbox></object><object><type>robndbox</type><name>wheat_head</name><pose>Unspecified</pose><truncated>0</truncated><difficult>0</difficult><robndbox><cx>664.5168</cx><cy>852.7581</cy><w>73.4764</w><h>30.5038</h><angle>1.478574</angle></robndbox></object><object><type>robndbox</type><name>wheat_head</name><pose>Unspecified</pose><truncated>0</truncated><difficult>0</difficult><robndbox><cx>558.4854</cx><cy>57.4253</cy><w>63.329</w><h>25.8558</h><angle>1.32838</angle></robndbox></object><object><type>robndbox</type><name>wheat_head</name><pose>Unspecified</pose><truncated>0</truncated><difficult>0</difficult><robndbox><cx>371.5671</cx><cy>780.8035</cy><w>37.0471</w><h>22.2485</h><angle>1.422592</angle></robndbox></object><object><type>robndbox</type><name>wheat_head</name><pose>Unspecified</pose><truncated>0</truncated><difficult>0</difficult><robndbox><cx>436.0202</cx><cy>431.4207</cy><w>46.0975</w><h>25.1844</h><angle>0.639993</angle></robndbox></object><object><type>robndbox</type><name>wheat_head</name><pose>Unspecified</pose><truncated>0</truncated><difficult>0</difficult><robndbox><cx>596.2718</cx><cy>933.9417</cy><w>80.3931</w><h>27.9343</h><angle>1.095721</angle></robndbox></object><object><type>robndbox</type><name>wheat_head</name><pose>Unspecified</pose><truncated>0</truncated><difficult>0</difficult><robndbox><cx>263.7462</cx><cy>406.4261</cy><w>51.8463</w><h>26.7079</h><angle>1.05865</angle></robndbox></object><object><type>robndbox</type><name>wheat_head</name><pose>Unspecified</pose><truncated>0</truncated><difficult>0</difficult><robndbox><cx>38.8649</cx><cy>765.9013</cy><w>42.0266</w><h>25.417</h><angle>1.458905</angle></robndbox></object><object><type>robndbox</type><name>wheat_head</name><pose>Unspecified</pose><truncated>0</truncated><difficult>0</difficult><robndbox><cx>200.5507</cx><cy>699.449</cy><w>61.5613</w><h>34.7254</h><angle>1.295523</angle></robndbox></object><object><type>robndbox</type><name>wheat_head</name><pose>Unspecified</pose><truncated>0</truncated><difficult>0</difficult><robndbox><cx>143.0033</cx><cy>798.1475</cy><w>43.521</w><h>25.922</h><angle>1.285072</angle></robndbox></object><object><type>robndbox</type><name>wheat_head</name><pose>Unspecified</pose><truncated>0</truncated><difficult>0</difficult><robndbox><cx>128.1555</cx><cy>898.4454</cy><w>57.8056</w><h>32.3944</h><angle>1.099429</angle></robndbox></object><object><type>robndbox</type><name>wheat_head</name><pose>Unspecified</pose><truncated>0</truncated><difficult>0</difficult><robndbox><cx>9.5</cx><cy>23.0</cy><w>19.9477</w><h>19.2168</h><angle>1.420428</angle></robndbox></object><object><type>robndbox</type><name>wheat_head</name><pose>Unspecified</pose><truncated>0</truncated><difficult>0</difficult><robndbox><cx>410.5519</cx><cy>604.5046</cy><w>57.0997</w><h>31.8952</h><angle>1.213287</angle></robndbox></object><object><type>robndbox</type><name>wheat_head</name><pose>Unspecified</pose><truncated>0</truncated><difficult>0</difficult><robndbox><cx>555.1608</cx><cy>440.2351</cy><w>62.147</w><h>28.2722</h><angle>1.319664</angle></robndbox></object><object><type>robndbox</type><name>wheat_head</name><pose>Unspecified</pose><truncated>0</truncated><difficult>0</difficult><robndbox><cx>954.8741</cx><cy>735.6132</cy><w>71.4089</w><h>30.2874</h><angle>1.671079</angle></robndbox></object><object><type>robndbox</type><name>wheat_head</name><pose>Unspecified</pose><truncated>0</truncated><difficult>0</difficult><robndbox><cx>671.79</cx><cy>982.4941</cy><w>31.0856</w><h>30.4273</h><angle>1.279959</angle></robndbox></object><object><type>robndbox</type><name>wheat_head</name><pose>Unspecified</pose><truncated>0</truncated><difficult>0</difficult><robndbox><cx>913.0574</cx><cy>267.3473</cy><w>79.547</w><h>23.6111</h><angle>1.479583</angle></robndbox></object><object><type>robndbox</type><name>wheat_head</name><pose>Unspecified</pose><truncated>0</truncated><difficult>0</difficult><robndbox><cx>975.5</cx><cy>717.5</cy><w>33.109</w><h>28.3237</h><angle>0.081167</angle></robndbox></object><object><type>robndbox</type><name>wheat_head</name><pose>Unspecified</pose><truncated>0</truncated><difficult>0</difficult><robndbox><cx>824.0192</cx><cy>522.5959</cy><w>77.119</w><h>25.6728</h><angle>1.652223</angle></robndbox></object><object><type>robndbox</type><name>wheat_head</name><pose>Unspecified</pose><truncated>0</truncated><difficult>0</difficult><robndbox><cx>625.8869</cx><cy>784.181</cy><w>74.3555</w><h>25.4946</h><angle>1.754294</angle></robndbox></object><object><type>robndbox</type><name>wheat_head</name><pose>Unspecified</pose><truncated>0</truncated><difficult>0</difficult><robndbox><cx>679.9983</cx><cy>16.0973</cy><w>32.7091</w><h>21.8419</h><angle>1.433242</angle></robndbox></object><object><type>robndbox</type><name>wheat_head</name><pose>Unspecified</pose><truncated>0</truncated><difficult>0</difficult><robndbox><cx>508.0866</cx><cy>149.4354</cy><w>113.3333</w><h>32.4461</h><angle>1.382381</angle></robndbox></object><object><type>robndbox</type><name>wheat_head</name><pose>Unspecified</pose><truncated>0</truncated><difficult>0</difficult><robndbox><cx>1000.5228</cx><cy>267.0622</cy><w>77.1694</w><h>24.1297</h><angle>1.653438</angle></robndbox></object><object><type>robndbox</type><name>wheat_head</name><pose>Unspecified</pose><truncated>0</truncated><difficult>0</difficult><robndbox><cx>291.0974</cx><cy>47.1331</cy><w>43.7961</w><h>29.8871</h><angle>1.119439</angle></robndbox></object><object><type>robndbox</type><name>wheat_head</name><pose>Unspecified</pose><truncated>0</truncated><difficult>0</difficult><robndbox><cx>561.4375</cx><cy>930.0555</cy><w>53.4736</w><h>28.1912</h><angle>1.601617</angle></robndbox></object><object><type>robndbox</type><name>wheat_head</name><pose>Unspecified</pose><truncated>0</truncated><difficult>0</difficult><robndbox><cx>150.4727</cx><cy>1009.6299</cy><w>24.9457</w><h>22.9722</h><angle>1.540308</angle></robndbox></object><object><type>robndbox</type><name>wheat_head</name><pose>Unspecified</pose><truncated>0</truncated><difficult>0</difficult><robndbox><cx>1001.389</cx><cy>8.3185</cy><w>15.4884</w><h>15.1406</h><angle>1.572554</angle></robndbox></object><object><type>robndbox</type><name>wheat_head</name><pose>Unspecified</pose><truncated>0</truncated><difficult>0</difficult><robndbox><cx>334.664</cx><cy>497.0494</cy><w>77.7403</w><h>31.7459</h><angle>1.552157</angle></robndbox></object><object><type>robndbox</type><name>wheat_head</name><pose>Unspecified</pose><truncated>0</truncated><difficult>0</difficult><robndbox><cx>1012.9586</cx><cy>140.5808</cy><w>38.9813</w><h>17.9891</h><angle>1.45192</angle></robndbox></object><object><type>robndbox</type><name>wheat_head</name><pose>Unspecified</pose><truncated>0</truncated><difficult>0</difficult><robndbox><cx>56.8149</cx><cy>619.4869</cy><w>54.6436</w><h>31.4981</h><angle>1.250076</angle></robndbox></object><object><type>robndbox</type><name>wheat_head</name><pose>Unspecified</pose><truncated>0</truncated><difficult>0</difficult><robndbox><cx>532.7048</cx><cy>515.798</cy><w>76.4919</w><h>35.3103</h><angle>1.204725</angle></robndbox></object><object><type>robndbox</type><name>wheat_head</name><pose>Unspecified</pose><truncated>0</truncated><difficult>0</difficult><robndbox><cx>913.2178</cx><cy>446.7667</cy><w>59.003</w><h>19.6306</h><angle>1.550275</angle></robndbox></object><object><type>robndbox</type><name>wheat_head</name><pose>Unspecified</pose><truncated>0</truncated><difficult>0</difficult><robndbox><cx>157.5847</cx><cy>615.6586</cy><w>112.5477</w><h>35.6341</h><angle>1.127217</angle></robndbox></object><object><type>robndbox</type><name>wheat_head</name><pose>Unspecified</pose><truncated>0</truncated><difficult>0</difficult><robndbox><cx>157.5847</cx><cy>615.6586</cy><w>112.5477</w><h>35.6341</h><angle>1.127217</angle></robndbox></object><object><type>robndbox</type><name>wheat_head</name><pose>Unspecified</pose><truncated>0</truncated><difficult>0</difficult><robndbox><cx>350.6741</cx><cy>797.6356</cy><w>44.1784</w><h>25.3555</h><angle>1.010264</angle></robndbox></object><object><type>robndbox</type><name>wheat_head</name><pose>Unspecified</pose><truncated>0</truncated><difficult>0</difficult><robndbox><cx>309.1654</cx><cy>484.3895</cy><w>59.2742</w><h>27.6682</h><angle>1.180839</angle></robndbox></object></annotation>