<annotation verified="no"><folder>images</folder><filename>5fab819b3</filename><path>/home/badhon/Documents/thesis/final_dataset/ethz_1/images/5fab819b3.jpg</path><source><database>Unknown</database></source><size><width>1024</width><height>1024</height><depth>3</depth></size><segmented>0</segmented><object><type>robndbox</type><name>wheat_head</name><pose>Unspecified</pose><truncated>0</truncated><difficult>0</difficult><robndbox><cx>395.4305</cx><cy>693.2083</cy><w>55.2287</w><h>29.7015</h><angle>0.998841</angle></robndbox></object><object><type>robndbox</type><name>wheat_head</name><pose>Unspecified</pose><truncated>0</truncated><difficult>0</difficult><robndbox><cx>306.8755</cx><cy>738.1436</cy><w>75.3132</w><h>31.7887</h><angle>0.68399</angle></robndbox></object><object><type>robndbox</type><name>wheat_head</name><pose>Unspecified</pose><truncated>0</truncated><difficult>0</difficult><robndbox><cx>487.8954</cx><cy>298.9518</cy><w>67.518</w><h>31.2209</h><angle>1.183157</angle></robndbox></object><object><type>robndbox</type><name>wheat_head</name><pose>Unspecified</pose><truncated>0</truncated><difficult>0</difficult><robndbox><cx>302.6924</cx><cy>858.1813</cy><w>92.5454</w><h>36.683</h><angle>0.531672</angle></robndbox></object><object><type>robndbox</type><name>wheat_head</name><pose>Unspecified</pose><truncated>0</truncated><difficult>0</difficult><robndbox><cx>814.2973</cx><cy>975.494</cy><w>64.9745</w><h>30.765</h><angle>1.335104</angle></robndbox></object><object><type>robndbox</type><name>wheat_head</name><pose>Unspecified</pose><truncated>0</truncated><difficult>0</difficult><robndbox><cx>874.3504</cx><cy>36.8559</cy><w>61.9137</w><h>28.0479</h><angle>1.377368</angle></robndbox></object><object><type>robndbox</type><name>wheat_head</name><pose>Unspecified</pose><truncated>0</truncated><difficult>0</difficult><robndbox><cx>483.3247</cx><cy>592.0605</cy><w>54.6813</w><h>30.4036</h><angle>1.206078</angle></robndbox></object><object><type>robndbox</type><name>wheat_head</name><pose>Unspecified</pose><truncated>0</truncated><difficult>0</difficult><robndbox><cx>960.433</cx><cy>670.7919</cy><w>46.8304</w><h>35.5926</h><angle>1.455581</angle></robndbox></object><object><type>robndbox</type><name>wheat_head</name><pose>Unspecified</pose><truncated>0</truncated><difficult>0</difficult><robndbox><cx>729.9139</cx><cy>638.9886</cy><w>99.1965</w><h>35.5547</h><angle>2.684021</angle></robndbox></object><object><type>robndbox</type><name>wheat_head</name><pose>Unspecified</pose><truncated>0</truncated><difficult>0</difficult><robndbox><cx>912.1431</cx><cy>45.9798</cy><w>62.5964</w><h>35.3962</h><angle>0.776621</angle></robndbox></object><object><type>robndbox</type><name>wheat_head</name><pose>Unspecified</pose><truncated>0</truncated><difficult>0</difficult><robndbox><cx>562.4546</cx><cy>366.8684</cy><w>72.3185</w><h>30.1237</h><angle>1.381132</angle></robndbox></object><object><type>robndbox</type><name>wheat_head</name><pose>Unspecified</pose><truncated>0</truncated><difficult>0</difficult><robndbox><cx>712.6078</cx><cy>18.1283</cy><w>44.276</w><h>31.8774</h><angle>1.054138</angle></robndbox></object><object><type>robndbox</type><name>wheat_head</name><pose>Unspecified</pose><truncated>0</truncated><difficult>0</difficult><robndbox><cx>49.6106</cx><cy>128.499</cy><w>67.7041</w><h>35.1022</h><angle>0.759806</angle></robndbox></object><object><type>robndbox</type><name>wheat_head</name><pose>Unspecified</pose><truncated>0</truncated><difficult>0</difficult><robndbox><cx>629.7393</cx><cy>229.1224</cy><w>71.0548</w><h>31.3151</h><angle>0.596366</angle></robndbox></object><object><type>robndbox</type><name>wheat_head</name><pose>Unspecified</pose><truncated>0</truncated><difficult>0</difficult><robndbox><cx>890.0776</cx><cy>655.67</cy><w>82.7729</w><h>37.2385</h><angle>1.25505</angle></robndbox></object><object><type>robndbox</type><name>wheat_head</name><pose>Unspecified</pose><truncated>0</truncated><difficult>0</difficult><robndbox><cx>801.8148</cx><cy>122.8661</cy><w>124.5593</w><h>38.3431</h><angle>2.03446</angle></robndbox></object><object><type>robndbox</type><name>wheat_head</name><pose>Unspecified</pose><truncated>0</truncated><difficult>0</difficult><robndbox><cx>276.4162</cx><cy>362.4054</cy><w>78.3331</w><h>31.819</h><angle>0.949142</angle></robndbox></object><object><type>robndbox</type><name>wheat_head</name><pose>Unspecified</pose><truncated>0</truncated><difficult>0</difficult><robndbox><cx>729.7578</cx><cy>308.8137</cy><w>69.0961</w><h>33.4084</h><angle>1.401928</angle></robndbox></object><object><type>robndbox</type><name>wheat_head</name><pose>Unspecified</pose><truncated>0</truncated><difficult>0</difficult><robndbox><cx>485.4457</cx><cy>95.8931</cy><w>83.0501</w><h>36.7482</h><angle>0.431029</angle></robndbox></object><object><type>robndbox</type><name>wheat_head</name><pose>Unspecified</pose><truncated>0</truncated><difficult>0</difficult><robndbox><cx>238.3698</cx><cy>393.4475</cy><w>108.8515</w><h>39.6125</h><angle>0.853059</angle></robndbox></object><object><type>robndbox</type><name>wheat_head</name><pose>Unspecified</pose><truncated>0</truncated><difficult>0</difficult><robndbox><cx>289.554</cx><cy>181.5916</cy><w>83.3042</w><h>33.5611</h><angle>0.713501</angle></robndbox></object><object><type>robndbox</type><name>wheat_head</name><pose>Unspecified</pose><truncated>0</truncated><difficult>0</difficult><robndbox><cx>905.7822</cx><cy>414.7816</cy><w>68.0803</w><h>32.3216</h><angle>1.106035</angle></robndbox></object><object><type>robndbox</type><name>wheat_head</name><pose>Unspecified</pose><truncated>0</truncated><difficult>0</difficult><robndbox><cx>851.7703</cx><cy>733.3579</cy><w>86.7621</w><h>42.0568</h><angle>0.8392</angle></robndbox></object><object><type>robndbox</type><name>wheat_head</name><pose>Unspecified</pose><truncated>0</truncated><difficult>0</difficult><robndbox><cx>582.9816</cx><cy>61.9607</cy><w>58.1258</w><h>28.9321</h><angle>0.491629</angle></robndbox></object><object><type>robndbox</type><name>wheat_head</name><pose>Unspecified</pose><truncated>0</truncated><difficult>0</difficult><robndbox><cx>990.1042</cx><cy>112.3123</cy><w>76.2428</w><h>30.366</h><angle>1.48959</angle></robndbox></object><object><type>robndbox</type><name>wheat_head</name><pose>Unspecified</pose><truncated>0</truncated><difficult>0</difficult><robndbox><cx>137.0105</cx><cy>795.2029</cy><w>110.0443</w><h>35.4075</h><angle>0.425957</angle></robndbox></object><object><type>robndbox</type><name>wheat_head</name><pose>Unspecified</pose><truncated>0</truncated><difficult>0</difficult><robndbox><cx>14.0332</cx><cy>673.678</cy><w>30.8513</w><h>28.901</h><angle>0.313989</angle></robndbox></object><object><type>robndbox</type><name>wheat_head</name><pose>Unspecified</pose><truncated>0</truncated><difficult>0</difficult><robndbox><cx>160.7532</cx><cy>280.961</cy><w>67.1811</w><h>32.2773</h><angle>0.22151</angle></robndbox></object><object><type>robndbox</type><name>wheat_head</name><pose>Unspecified</pose><truncated>0</truncated><difficult>0</difficult><robndbox><cx>218.3095</cx><cy>907.9623</cy><w>70.3623</w><h>27.8874</h><angle>0.233838</angle></robndbox></object><object><type>robndbox</type><name>wheat_head</name><pose>Unspecified</pose><truncated>0</truncated><difficult>0</difficult><robndbox><cx>600.983</cx><cy>663.0979</cy><w>49.3786</w><h>30.3596</h><angle>1.460573</angle></robndbox></object><object><type>robndbox</type><name>wheat_head</name><pose>Unspecified</pose><truncated>0</truncated><difficult>0</difficult><robndbox><cx>923.1589</cx><cy>984.5206</cy><w>40.2282</w><h>30.6672</h><angle>1.264369</angle></robndbox></object><object><type>robndbox</type><name>wheat_head</name><pose>Unspecified</pose><truncated>0</truncated><difficult>0</difficult><robndbox><cx>967.9241</cx><cy>418.3001</cy><w>72.6669</w><h>30.3289</h><angle>0.688375</angle></robndbox></object><object><type>robndbox</type><name>wheat_head</name><pose>Unspecified</pose><truncated>0</truncated><difficult>0</difficult><robndbox><cx>870.3134</cx><cy>537.0964</cy><w>48.7425</w><h>35.5446</h><angle>2.056228</angle></robndbox></object><object><type>robndbox</type><name>wheat_head</name><pose>Unspecified</pose><truncated>0</truncated><difficult>0</difficult><robndbox><cx>190.3723</cx><cy>329.9345</cy><w>57.8867</w><h>32.2694</h><angle>0.924686</angle></robndbox></object><object><type>robndbox</type><name>wheat_head</name><pose>Unspecified</pose><truncated>0</truncated><difficult>0</difficult><robndbox><cx>712.8627</cx><cy>703.5359</cy><w>45.4169</w><h>31.6894</h><angle>0.206035</angle></robndbox></object><object><type>robndbox</type><name>wheat_head</name><pose>Unspecified</pose><truncated>0</truncated><difficult>0</difficult><robndbox><cx>544.1345</cx><cy>486.5234</cy><w>56.774</w><h>22.61</h><angle>0.10019</angle></robndbox></object><object><type>robndbox</type><name>wheat_head</name><pose>Unspecified</pose><truncated>0</truncated><difficult>0</difficult><robndbox><cx>28.8644</cx><cy>627.1274</cy><w>44.0688</w><h>23.6712</h><angle>0.056122</angle></robndbox></object><object><type>robndbox</type><name>wheat_head</name><pose>Unspecified</pose><truncated>0</truncated><difficult>0</difficult><robndbox><cx>168.7813</cx><cy>123.2879</cy><w>59.6217</w><h>29.4502</h><angle>1.60669</angle></robndbox></object><object><type>robndbox</type><name>wheat_head</name><pose>Unspecified</pose><truncated>0</truncated><difficult>0</difficult><robndbox><cx>247.34</cx><cy>596.424</cy><w>53.9168</w><h>32.2402</h><angle>0.229194</angle></robndbox></object><object><type>robndbox</type><name>wheat_head</name><pose>Unspecified</pose><truncated>0</truncated><difficult>0</difficult><robndbox><cx>15.1445</cx><cy>950.4783</cy><w>37.3027</w><h>24.3779</h><angle>0.106437</angle></robndbox></object><object><type>robndbox</type><name>wheat_head</name><pose>Unspecified</pose><truncated>0</truncated><difficult>0</difficult><robndbox><cx>26.9415</cx><cy>856.7303</cy><w>56.9151</w><h>30.6738</h><angle>1.000766</angle></robndbox></object><object><type>robndbox</type><name>wheat_head</name><pose>Unspecified</pose><truncated>0</truncated><difficult>0</difficult><robndbox><cx>435.8111</cx><cy>601.3519</cy><w>43.0614</w><h>30.2704</h><angle>0.293232</angle></robndbox></object><object><type>robndbox</type><name>wheat_head</name><pose>Unspecified</pose><truncated>0</truncated><difficult>0</difficult><robndbox><cx>410.3313</cx><cy>1004.5152</cy><w>35.0139</w><h>25.7605</h><angle>0.98259</angle></robndbox></object><object><type>robndbox</type><name>wheat_head</name><pose>Unspecified</pose><truncated>0</truncated><difficult>0</difficult><robndbox><cx>51.2223</cx><cy>748.7146</cy><w>85.6354</w><h>30.6372</h><angle>0.507319</angle></robndbox></object><object><type>robndbox</type><name>wheat_head</name><pose>Unspecified</pose><truncated>0</truncated><difficult>0</difficult><robndbox><cx>870.1462</cx><cy>390.1669</cy><w>34.9486</w><h>30.2715</h><angle>1.969129</angle></robndbox></object><object><type>robndbox</type><name>wheat_head</name><pose>Unspecified</pose><truncated>0</truncated><difficult>0</difficult><robndbox><cx>786.2852</cx><cy>191.3032</cy><w>47.6533</w><h>28.8372</h><angle>0.589934</angle></robndbox></object><object><type>robndbox</type><name>wheat_head</name><pose>Unspecified</pose><truncated>0</truncated><difficult>0</difficult><robndbox><cx>870.3134</cx><cy>537.0964</cy><w>48.7425</w><h>35.5446</h><angle>2.056228</angle></robndbox></object><object><type>robndbox</type><name>wheat_head</name><pose>Unspecified</pose><truncated>0</truncated><difficult>0</difficult><robndbox><cx>416.3509</cx><cy>954.0429</cy><w>40.9829</w><h>36.5174</h><angle>2.908182</angle></robndbox></object><object><type>robndbox</type><name>wheat_head</name><pose>Unspecified</pose><truncated>0</truncated><difficult>0</difficult><robndbox><cx>570.7913</cx><cy>917.8201</cy><w>48.5892</w><h>32.5392</h><angle>0.572803</angle></robndbox></object><object><type>robndbox</type><name>wheat_head</name><pose>Unspecified</pose><truncated>0</truncated><difficult>0</difficult><robndbox><cx>591.3801</cx><cy>523.3018</cy><w>54.0508</w><h>32.3752</h><angle>0.288965</angle></robndbox></object><object><type>robndbox</type><name>wheat_head</name><pose>Unspecified</pose><truncated>0</truncated><difficult>0</difficult><robndbox><cx>337.2032</cx><cy>6.1069</cy><w>43.5224</w><h>9.0212</h><angle>0.028569</angle></robndbox></object><object><type>robndbox</type><name>wheat_head</name><pose>Unspecified</pose><truncated>0</truncated><difficult>0</difficult><robndbox><cx>543.2412</cx><cy>875.937</cy><w>34.0595</w><h>29.9453</h><angle>0.737976</angle></robndbox></object><object><type>robndbox</type><name>wheat_head</name><pose>Unspecified</pose><truncated>0</truncated><difficult>0</difficult><robndbox><cx>160.3321</cx><cy>589.4019</cy><w>34.7134</w><h>30.668</h><angle>0.03355</angle></robndbox></object><object><type>robndbox</type><name>wheat_head</name><pose>Unspecified</pose><truncated>0</truncated><difficult>0</difficult><robndbox><cx>308.3386</cx><cy>136.9845</cy><w>65.9496</w><h>25.7784</h><angle>0.066343</angle></robndbox></object><object><type>robndbox</type><name>wheat_head</name><pose>Unspecified</pose><truncated>0</truncated><difficult>0</difficult><robndbox><cx>210.8608</cx><cy>18.2798</cy><w>40.1198</w><h>20.1397</h><angle>0.050389</angle></robndbox></object><object><type>robndbox</type><name>wheat_head</name><pose>Unspecified</pose><truncated>0</truncated><difficult>0</difficult><robndbox><cx>17.6872</cx><cy>714.0789</cy><w>28.5881</w><h>24.8258</h><angle>0.366631</angle></robndbox></object><object><type>robndbox</type><name>wheat_head</name><pose>Unspecified</pose><truncated>0</truncated><difficult>0</difficult><robndbox><cx>905.7822</cx><cy>414.7816</cy><w>68.0803</w><h>32.3216</h><angle>1.106035</angle></robndbox></object><object><type>robndbox</type><name>wheat_head</name><pose>Unspecified</pose><truncated>0</truncated><difficult>0</difficult><robndbox><cx>814.3488</cx><cy>674.4758</cy><w>38.5136</w><h>28.947</h><angle>1.0392</angle></robndbox></object><object><type>robndbox</type><name>wheat_head</name><pose>Unspecified</pose><truncated>0</truncated><difficult>0</difficult><robndbox><cx>570.6497</cx><cy>834.4645</cy><w>43.1306</w><h>26.8744</h><angle>0.501331</angle></robndbox></object><object><type>robndbox</type><name>wheat_head</name><pose>Unspecified</pose><truncated>0</truncated><difficult>0</difficult><robndbox><cx>611.6737</cx><cy>864.6978</cy><w>60.4403</w><h>24.7852</h><angle>2.70128</angle></robndbox></object><object><type>robndbox</type><name>wheat_head</name><pose>Unspecified</pose><truncated>0</truncated><difficult>0</difficult><robndbox><cx>1006.0</cx><cy>27.5</cy><w>37.0324</w><h>22.33</h><angle>2.904912</angle></robndbox></object><object><type>robndbox</type><name>wheat_head</name><pose>Unspecified</pose><truncated>0</truncated><difficult>0</difficult><robndbox><cx>368.2402</cx><cy>958.5927</cy><w>68.1407</w><h>29.2113</h><angle>0.16659</angle></robndbox></object><object><type>robndbox</type><name>wheat_head</name><pose>Unspecified</pose><truncated>0</truncated><difficult>0</difficult><robndbox><cx>49.3698</cx><cy>909.37</cy><w>64.2987</w><h>32.607</h><angle>2.818804</angle></robndbox></object><object><type>robndbox</type><name>wheat_head</name><pose>Unspecified</pose><truncated>0</truncated><difficult>0</difficult><robndbox><cx>24.3572</cx><cy>393.8514</cy><w>68.0674</w><h>32.9469</h><angle>0.97</angle></robndbox></object><object><type>robndbox</type><name>wheat_head</name><pose>Unspecified</pose><truncated>0</truncated><difficult>0</difficult><robndbox><cx>656.6697</cx><cy>646.4099</cy><w>38.833</w><h>36.625</h><angle>0.207496</angle></robndbox></object><object><type>robndbox</type><name>wheat_head</name><pose>Unspecified</pose><truncated>0</truncated><difficult>0</difficult><robndbox><cx>570.0565</cx><cy>654.3196</cy><w>39.2046</w><h>16.2069</h><angle>0.658806</angle></robndbox></object><object><type>robndbox</type><name>wheat_head</name><pose>Unspecified</pose><truncated>0</truncated><difficult>0</difficult><robndbox><cx>179.4023</cx><cy>992.1507</cy><w>82.2192</w><h>37.8013</h><angle>0.716542</angle></robndbox></object></annotation>