<annotation verified="no"><folder>images</folder><filename>612b21960</filename><path>/home/badhon/Documents/thesis/final_dataset/ethz_1/images/612b21960.jpg</path><source><database>Unknown</database></source><size><width>1024</width><height>1024</height><depth>3</depth></size><segmented>0</segmented><object><type>robndbox</type><name>wheat_head</name><pose>Unspecified</pose><truncated>0</truncated><difficult>0</difficult><robndbox><cx>87.3235</cx><cy>930.3735</cy><w>119.4541</w><h>36.6894</h><angle>1.009158</angle></robndbox></object><object><type>robndbox</type><name>wheat_head</name><pose>Unspecified</pose><truncated>0</truncated><difficult>0</difficult><robndbox><cx>774.222</cx><cy>387.1357</cy><w>94.4677</w><h>37.108</h><angle>0.671976</angle></robndbox></object><object><type>robndbox</type><name>wheat_head</name><pose>Unspecified</pose><truncated>0</truncated><difficult>0</difficult><robndbox><cx>785.7161</cx><cy>284.426</cy><w>119.2902</w><h>28.7268</h><angle>0.686799</angle></robndbox></object><object><type>robndbox</type><name>wheat_head</name><pose>Unspecified</pose><truncated>0</truncated><difficult>0</difficult><robndbox><cx>479.6178</cx><cy>584.66</cy><w>94.0874</w><h>32.8617</h><angle>0.519479</angle></robndbox></object><object><type>robndbox</type><name>wheat_head</name><pose>Unspecified</pose><truncated>0</truncated><difficult>0</difficult><robndbox><cx>120.3222</cx><cy>364.8483</cy><w>112.791</w><h>36.3708</h><angle>0.542776</angle></robndbox></object><object><type>robndbox</type><name>wheat_head</name><pose>Unspecified</pose><truncated>0</truncated><difficult>0</difficult><robndbox><cx>827.0287</cx><cy>746.6489</cy><w>96.9039</w><h>33.4771</h><angle>0.817241</angle></robndbox></object><object><type>robndbox</type><name>wheat_head</name><pose>Unspecified</pose><truncated>0</truncated><difficult>0</difficult><robndbox><cx>406.5554</cx><cy>964.9663</cy><w>101.9189</w><h>29.4221</h><angle>0.52841</angle></robndbox></object><object><type>robndbox</type><name>wheat_head</name><pose>Unspecified</pose><truncated>0</truncated><difficult>0</difficult><robndbox><cx>394.1686</cx><cy>79.5474</cy><w>118.3226</w><h>30.1691</h><angle>0.680764</angle></robndbox></object><object><type>robndbox</type><name>wheat_head</name><pose>Unspecified</pose><truncated>0</truncated><difficult>0</difficult><robndbox><cx>312.1018</cx><cy>203.5775</cy><w>77.3472</w><h>34.3734</h><angle>0.634207</angle></robndbox></object><object><type>robndbox</type><name>wheat_head</name><pose>Unspecified</pose><truncated>0</truncated><difficult>0</difficult><robndbox><cx>217.2953</cx><cy>151.5667</cy><w>113.0513</w><h>29.1315</h><angle>0.905814</angle></robndbox></object><object><type>robndbox</type><name>wheat_head</name><pose>Unspecified</pose><truncated>0</truncated><difficult>0</difficult><robndbox><cx>864.1236</cx><cy>558.0662</cy><w>130.099</w><h>35.4848</h><angle>0.900396</angle></robndbox></object><object><type>robndbox</type><name>wheat_head</name><pose>Unspecified</pose><truncated>0</truncated><difficult>0</difficult><robndbox><cx>542.002</cx><cy>591.7531</cy><w>101.7046</w><h>29.1133</h><angle>0.912191</angle></robndbox></object><object><type>robndbox</type><name>wheat_head</name><pose>Unspecified</pose><truncated>0</truncated><difficult>0</difficult><robndbox><cx>759.2349</cx><cy>625.2027</cy><w>131.1236</w><h>41.8995</h><angle>0.518585</angle></robndbox></object><object><type>robndbox</type><name>wheat_head</name><pose>Unspecified</pose><truncated>0</truncated><difficult>0</difficult><robndbox><cx>651.5246</cx><cy>655.2162</cy><w>77.2513</w><h>31.2283</h><angle>0.556981</angle></robndbox></object><object><type>robndbox</type><name>wheat_head</name><pose>Unspecified</pose><truncated>0</truncated><difficult>0</difficult><robndbox><cx>810.7723</cx><cy>262.7973</cy><w>80.4681</w><h>27.5744</h><angle>0.48261</angle></robndbox></object><object><type>robndbox</type><name>wheat_head</name><pose>Unspecified</pose><truncated>0</truncated><difficult>0</difficult><robndbox><cx>905.489</cx><cy>373.8627</cy><w>95.8881</w><h>33.1162</h><angle>0.611408</angle></robndbox></object><object><type>robndbox</type><name>wheat_head</name><pose>Unspecified</pose><truncated>0</truncated><difficult>0</difficult><robndbox><cx>944.7792</cx><cy>188.4752</cy><w>124.1478</w><h>36.9756</h><angle>0.976378</angle></robndbox></object><object><type>robndbox</type><name>wheat_head</name><pose>Unspecified</pose><truncated>0</truncated><difficult>0</difficult><robndbox><cx>175.5781</cx><cy>49.1239</cy><w>84.0153</w><h>35.0898</h><angle>0.496675</angle></robndbox></object><object><type>robndbox</type><name>wheat_head</name><pose>Unspecified</pose><truncated>0</truncated><difficult>0</difficult><robndbox><cx>191.7244</cx><cy>654.2193</cy><w>86.4719</w><h>27.8953</h><angle>0.463219</angle></robndbox></object><object><type>robndbox</type><name>wheat_head</name><pose>Unspecified</pose><truncated>0</truncated><difficult>0</difficult><robndbox><cx>373.2052</cx><cy>371.7546</cy><w>142.8605</w><h>40.605</h><angle>1.071084</angle></robndbox></object><object><type>robndbox</type><name>wheat_head</name><pose>Unspecified</pose><truncated>0</truncated><difficult>0</difficult><robndbox><cx>956.8503</cx><cy>363.6475</cy><w>128.3369</w><h>36.4126</h><angle>0.494473</angle></robndbox></object><object><type>robndbox</type><name>wheat_head</name><pose>Unspecified</pose><truncated>0</truncated><difficult>0</difficult><robndbox><cx>630.3398</cx><cy>61.2292</cy><w>118.899</w><h>29.4852</h><angle>0.865807</angle></robndbox></object><object><type>robndbox</type><name>wheat_head</name><pose>Unspecified</pose><truncated>0</truncated><difficult>0</difficult><robndbox><cx>302.6249</cx><cy>906.1147</cy><w>74.3677</w><h>35.8309</h><angle>0.89118</angle></robndbox></object><object><type>robndbox</type><name>wheat_head</name><pose>Unspecified</pose><truncated>0</truncated><difficult>0</difficult><robndbox><cx>25.1387</cx><cy>289.785</cy><w>103.0905</w><h>34.6604</h><angle>1.089241</angle></robndbox></object><object><type>robndbox</type><name>wheat_head</name><pose>Unspecified</pose><truncated>0</truncated><difficult>0</difficult><robndbox><cx>596.6285</cx><cy>700.5019</cy><w>135.8332</w><h>35.9088</h><angle>0.076265</angle></robndbox></object><object><type>robndbox</type><name>wheat_head</name><pose>Unspecified</pose><truncated>0</truncated><difficult>0</difficult><robndbox><cx>465.591</cx><cy>323.0536</cy><w>114.4953</w><h>35.189</h><angle>2.86511</angle></robndbox></object><object><type>robndbox</type><name>wheat_head</name><pose>Unspecified</pose><truncated>0</truncated><difficult>0</difficult><robndbox><cx>427.4324</cx><cy>902.1331</cy><w>96.1541</w><h>33.1499</h><angle>0.78707</angle></robndbox></object><object><type>robndbox</type><name>wheat_head</name><pose>Unspecified</pose><truncated>0</truncated><difficult>0</difficult><robndbox><cx>606.2</cx><cy>564.7067</cy><w>144.4101</w><h>34.3836</h><angle>0.921993</angle></robndbox></object><object><type>robndbox</type><name>wheat_head</name><pose>Unspecified</pose><truncated>0</truncated><difficult>0</difficult><robndbox><cx>572.5951</cx><cy>485.1026</cy><w>155.3785</w><h>32.9576</h><angle>0.750872</angle></robndbox></object><object><type>robndbox</type><name>wheat_head</name><pose>Unspecified</pose><truncated>0</truncated><difficult>0</difficult><robndbox><cx>866.7125</cx><cy>435.2458</cy><w>60.4462</w><h>30.6968</h><angle>0.570073</angle></robndbox></object><object><type>robndbox</type><name>wheat_head</name><pose>Unspecified</pose><truncated>0</truncated><difficult>0</difficult><robndbox><cx>148.9076</cx><cy>930.2136</cy><w>81.4875</w><h>33.8691</h><angle>1.118982</angle></robndbox></object><object><type>robndbox</type><name>wheat_head</name><pose>Unspecified</pose><truncated>0</truncated><difficult>0</difficult><robndbox><cx>443.2887</cx><cy>16.4621</cy><w>51.872</w><h>31.3333</h><angle>0.843054</angle></robndbox></object><object><type>robndbox</type><name>wheat_head</name><pose>Unspecified</pose><truncated>0</truncated><difficult>0</difficult><robndbox><cx>799.5297</cx><cy>864.2826</cy><w>112.8594</w><h>33.9937</h><angle>0.856827</angle></robndbox></object><object><type>robndbox</type><name>wheat_head</name><pose>Unspecified</pose><truncated>0</truncated><difficult>0</difficult><robndbox><cx>306.6533</cx><cy>334.0535</cy><w>109.9834</w><h>31.8147</h><angle>0.951211</angle></robndbox></object><object><type>robndbox</type><name>wheat_head</name><pose>Unspecified</pose><truncated>0</truncated><difficult>0</difficult><robndbox><cx>21.5013</cx><cy>912.7048</cy><w>67.65</w><h>30.269</h><angle>1.000462</angle></robndbox></object><object><type>robndbox</type><name>wheat_head</name><pose>Unspecified</pose><truncated>0</truncated><difficult>0</difficult><robndbox><cx>877.8613</cx><cy>215.2274</cy><w>113.7101</w><h>33.1488</h><angle>0.975772</angle></robndbox></object><object><type>robndbox</type><name>wheat_head</name><pose>Unspecified</pose><truncated>0</truncated><difficult>0</difficult><robndbox><cx>104.7174</cx><cy>248.5012</cy><w>78.9066</w><h>28.3762</h><angle>0.274948</angle></robndbox></object><object><type>robndbox</type><name>wheat_head</name><pose>Unspecified</pose><truncated>0</truncated><difficult>0</difficult><robndbox><cx>563.4246</cx><cy>912.3372</cy><w>162.4009</w><h>43.8126</h><angle>0.584186</angle></robndbox></object><object><type>robndbox</type><name>wheat_head</name><pose>Unspecified</pose><truncated>0</truncated><difficult>0</difficult><robndbox><cx>316.2151</cx><cy>278.1561</cy><w>101.1789</w><h>30.1044</h><angle>0.516696</angle></robndbox></object><object><type>robndbox</type><name>wheat_head</name><pose>Unspecified</pose><truncated>0</truncated><difficult>0</difficult><robndbox><cx>991.063</cx><cy>638.5908</cy><w>72.7799</w><h>27.8202</h><angle>1.079729</angle></robndbox></object><object><type>robndbox</type><name>wheat_head</name><pose>Unspecified</pose><truncated>0</truncated><difficult>0</difficult><robndbox><cx>544.5863</cx><cy>33.3919</cy><w>93.0328</w><h>35.7019</h><angle>0.385094</angle></robndbox></object><object><type>robndbox</type><name>wheat_head</name><pose>Unspecified</pose><truncated>0</truncated><difficult>0</difficult><robndbox><cx>380.8223</cx><cy>804.4727</cy><w>111.6577</w><h>35.6432</h><angle>0.522771</angle></robndbox></object><object><type>robndbox</type><name>wheat_head</name><pose>Unspecified</pose><truncated>0</truncated><difficult>0</difficult><robndbox><cx>909.4373</cx><cy>208.1351</cy><w>60.5245</w><h>19.9493</h><angle>0.697014</angle></robndbox></object><object><type>robndbox</type><name>wheat_head</name><pose>Unspecified</pose><truncated>0</truncated><difficult>0</difficult><robndbox><cx>582.0112</cx><cy>302.0836</cy><w>42.7437</w><h>25.5707</h><angle>0.993569</angle></robndbox></object><object><type>robndbox</type><name>wheat_head</name><pose>Unspecified</pose><truncated>0</truncated><difficult>0</difficult><robndbox><cx>957.2802</cx><cy>786.5549</cy><w>52.1148</w><h>26.5242</h><angle>0.440585</angle></robndbox></object><object><type>robndbox</type><name>wheat_head</name><pose>Unspecified</pose><truncated>0</truncated><difficult>0</difficult><robndbox><cx>934.7494</cx><cy>1005.0537</cy><w>43.7116</w><h>24.3759</h><angle>0.309094</angle></robndbox></object><object><type>robndbox</type><name>wheat_head</name><pose>Unspecified</pose><truncated>0</truncated><difficult>0</difficult><robndbox><cx>354.8906</cx><cy>199.7048</cy><w>74.0329</w><h>26.4616</h><angle>0.772402</angle></robndbox></object><object><type>robndbox</type><name>wheat_head</name><pose>Unspecified</pose><truncated>0</truncated><difficult>0</difficult><robndbox><cx>396.064</cx><cy>1002.1365</cy><w>49.2665</w><h>26.5352</h><angle>0.447507</angle></robndbox></object><object><type>robndbox</type><name>wheat_head</name><pose>Unspecified</pose><truncated>0</truncated><difficult>0</difficult><robndbox><cx>265.2706</cx><cy>346.6899</cy><w>69.2873</w><h>26.049</h><angle>0.517872</angle></robndbox></object><object><type>robndbox</type><name>wheat_head</name><pose>Unspecified</pose><truncated>0</truncated><difficult>0</difficult><robndbox><cx>209.5571</cx><cy>978.5237</cy><w>49.3293</w><h>34.2614</h><angle>2.939424</angle></robndbox></object><object><type>robndbox</type><name>wheat_head</name><pose>Unspecified</pose><truncated>0</truncated><difficult>0</difficult><robndbox><cx>684.4325</cx><cy>9.7237</cy><w>27.9038</w><h>26.3549</h><angle>0.392709</angle></robndbox></object><object><type>robndbox</type><name>wheat_head</name><pose>Unspecified</pose><truncated>0</truncated><difficult>0</difficult><robndbox><cx>985.0468</cx><cy>9.261</cy><w>42.4724</w><h>20.0613</h><angle>0.149584</angle></robndbox></object><object><type>robndbox</type><name>wheat_head</name><pose>Unspecified</pose><truncated>0</truncated><difficult>0</difficult><robndbox><cx>883.1763</cx><cy>8.9585</cy><w>32.099</w><h>17.8886</h><angle>0.009438</angle></robndbox></object><object><type>robndbox</type><name>wheat_head</name><pose>Unspecified</pose><truncated>0</truncated><difficult>0</difficult><robndbox><cx>40.7365</cx><cy>199.3264</cy><w>99.228</w><h>39.3496</h><angle>0.699146</angle></robndbox></object><object><type>robndbox</type><name>wheat_head</name><pose>Unspecified</pose><truncated>0</truncated><difficult>0</difficult><robndbox><cx>952.6077</cx><cy>577.6434</cy><w>47.2947</w><h>28.0033</h><angle>0.779729</angle></robndbox></object><object><type>robndbox</type><name>wheat_head</name><pose>Unspecified</pose><truncated>0</truncated><difficult>0</difficult><robndbox><cx>222.0321</cx><cy>365.3237</cy><w>59.9361</w><h>33.1364</h><angle>3.013411</angle></robndbox></object><object><type>robndbox</type><name>wheat_head</name><pose>Unspecified</pose><truncated>0</truncated><difficult>0</difficult><robndbox><cx>437.0485</cx><cy>248.365</cy><w>149.3264</w><h>39.4548</h><angle>0.602242</angle></robndbox></object><object><type>robndbox</type><name>wheat_head</name><pose>Unspecified</pose><truncated>0</truncated><difficult>0</difficult><robndbox><cx>662.1015</cx><cy>1008.8176</cy><w>33.1598</w><h>23.8713</h><angle>0.243391</angle></robndbox></object><object><type>robndbox</type><name>wheat_head</name><pose>Unspecified</pose><truncated>0</truncated><difficult>0</difficult><robndbox><cx>519.8695</cx><cy>797.0309</cy><w>197.6846</w><h>42.0754</h><angle>2.842057</angle></robndbox></object><object><type>robndbox</type><name>wheat_head</name><pose>Unspecified</pose><truncated>0</truncated><difficult>0</difficult><robndbox><cx>883.9603</cx><cy>155.4908</cy><w>78.2304</w><h>18.0951</h><angle>0.904067</angle></robndbox></object><object><type>robndbox</type><name>wheat_head</name><pose>Unspecified</pose><truncated>0</truncated><difficult>0</difficult><robndbox><cx>235.2787</cx><cy>52.6772</cy><w>68.903</w><h>21.7786</h><angle>0.597459</angle></robndbox></object><object><type>robndbox</type><name>wheat_head</name><pose>Unspecified</pose><truncated>0</truncated><difficult>0</difficult><robndbox><cx>207.8079</cx><cy>14.2089</cy><w>29.2062</w><h>25.1907</h><angle>0.90675</angle></robndbox></object></annotation>