<annotation verified="no"><folder>images</folder><filename>62be58f7d</filename><path>/home/badhon/Documents/thesis/final_dataset/ethz_1/images/62be58f7d.jpg</path><source><database>Unknown</database></source><size><width>1024</width><height>1024</height><depth>3</depth></size><segmented>0</segmented><object><type>robndbox</type><name>wheat_head</name><pose>Unspecified</pose><truncated>0</truncated><difficult>0</difficult><robndbox><cx>111.825</cx><cy>722.5402</cy><w>119.465</w><h>32.0826</h><angle>1.033158</angle></robndbox></object><object><type>robndbox</type><name>wheat_head</name><pose>Unspecified</pose><truncated>0</truncated><difficult>0</difficult><robndbox><cx>667.0273</cx><cy>39.8563</cy><w>102.0437</w><h>37.2784</h><angle>1.082768</angle></robndbox></object><object><type>robndbox</type><name>wheat_head</name><pose>Unspecified</pose><truncated>0</truncated><difficult>0</difficult><robndbox><cx>782.4605</cx><cy>523.5283</cy><w>82.0208</w><h>33.3492</h><angle>1.160488</angle></robndbox></object><object><type>robndbox</type><name>wheat_head</name><pose>Unspecified</pose><truncated>0</truncated><difficult>0</difficult><robndbox><cx>391.6304</cx><cy>539.7648</cy><w>64.9581</w><h>25.6577</h><angle>1.371471</angle></robndbox></object><object><type>robndbox</type><name>wheat_head</name><pose>Unspecified</pose><truncated>0</truncated><difficult>0</difficult><robndbox><cx>38.3619</cx><cy>484.4003</cy><w>63.4099</w><h>28.0324</h><angle>1.10961</angle></robndbox></object><object><type>robndbox</type><name>wheat_head</name><pose>Unspecified</pose><truncated>0</truncated><difficult>0</difficult><robndbox><cx>77.2192</cx><cy>87.9107</cy><w>118.2705</w><h>36.7447</h><angle>1.257867</angle></robndbox></object><object><type>robndbox</type><name>wheat_head</name><pose>Unspecified</pose><truncated>0</truncated><difficult>0</difficult><robndbox><cx>965.8639</cx><cy>391.7398</cy><w>109.9982</w><h>38.0975</h><angle>0.967172</angle></robndbox></object><object><type>robndbox</type><name>wheat_head</name><pose>Unspecified</pose><truncated>0</truncated><difficult>0</difficult><robndbox><cx>812.6204</cx><cy>347.8274</cy><w>136.1321</w><h>32.7826</h><angle>1.793435</angle></robndbox></object><object><type>robndbox</type><name>wheat_head</name><pose>Unspecified</pose><truncated>0</truncated><difficult>0</difficult><robndbox><cx>789.1847</cx><cy>772.455</cy><w>136.2211</w><h>42.24</h><angle>0.993836</angle></robndbox></object><object><type>robndbox</type><name>wheat_head</name><pose>Unspecified</pose><truncated>0</truncated><difficult>0</difficult><robndbox><cx>296.0466</cx><cy>116.1633</cy><w>101.4582</w><h>34.2243</h><angle>2.237015</angle></robndbox></object><object><type>robndbox</type><name>wheat_head</name><pose>Unspecified</pose><truncated>0</truncated><difficult>0</difficult><robndbox><cx>546.5226</cx><cy>543.1654</cy><w>79.8153</w><h>36.2854</h><angle>0.443942</angle></robndbox></object><object><type>robndbox</type><name>wheat_head</name><pose>Unspecified</pose><truncated>0</truncated><difficult>0</difficult><robndbox><cx>502.5624</cx><cy>46.1035</cy><w>112.6056</w><h>32.4689</h><angle>0.892109</angle></robndbox></object><object><type>robndbox</type><name>wheat_head</name><pose>Unspecified</pose><truncated>0</truncated><difficult>0</difficult><robndbox><cx>485.5117</cx><cy>821.7326</cy><w>47.6995</w><h>26.345</h><angle>1.459614</angle></robndbox></object><object><type>robndbox</type><name>wheat_head</name><pose>Unspecified</pose><truncated>0</truncated><difficult>0</difficult><robndbox><cx>962.4405</cx><cy>688.3548</cy><w>128.6741</w><h>37.7519</h><angle>1.204511</angle></robndbox></object><object><type>robndbox</type><name>wheat_head</name><pose>Unspecified</pose><truncated>0</truncated><difficult>0</difficult><robndbox><cx>867.1622</cx><cy>711.8871</cy><w>83.9565</w><h>38.7357</h><angle>0.640725</angle></robndbox></object><object><type>robndbox</type><name>wheat_head</name><pose>Unspecified</pose><truncated>0</truncated><difficult>0</difficult><robndbox><cx>293.3631</cx><cy>773.2175</cy><w>73.7676</w><h>36.5958</h><angle>0.796028</angle></robndbox></object><object><type>robndbox</type><name>wheat_head</name><pose>Unspecified</pose><truncated>0</truncated><difficult>0</difficult><robndbox><cx>556.9123</cx><cy>331.0971</cy><w>124.6671</w><h>34.303</h><angle>0.858413</angle></robndbox></object><object><type>robndbox</type><name>wheat_head</name><pose>Unspecified</pose><truncated>0</truncated><difficult>0</difficult><robndbox><cx>358.7097</cx><cy>895.3092</cy><w>79.6909</w><h>35.3741</h><angle>0.403771</angle></robndbox></object><object><type>robndbox</type><name>wheat_head</name><pose>Unspecified</pose><truncated>0</truncated><difficult>0</difficult><robndbox><cx>701.5836</cx><cy>580.0251</cy><w>59.6364</w><h>33.3459</h><angle>1.227136</angle></robndbox></object><object><type>robndbox</type><name>wheat_head</name><pose>Unspecified</pose><truncated>0</truncated><difficult>0</difficult><robndbox><cx>339.73</cx><cy>240.4577</cy><w>73.9319</w><h>27.2367</h><angle>1.566065</angle></robndbox></object><object><type>robndbox</type><name>wheat_head</name><pose>Unspecified</pose><truncated>0</truncated><difficult>0</difficult><robndbox><cx>950.9546</cx><cy>501.9075</cy><w>99.9354</w><h>36.1884</h><angle>1.104337</angle></robndbox></object><object><type>robndbox</type><name>wheat_head</name><pose>Unspecified</pose><truncated>0</truncated><difficult>0</difficult><robndbox><cx>849.7554</cx><cy>388.6344</cy><w>87.529</w><h>25.0015</h><angle>1.853901</angle></robndbox></object><object><type>robndbox</type><name>wheat_head</name><pose>Unspecified</pose><truncated>0</truncated><difficult>0</difficult><robndbox><cx>958.8389</cx><cy>788.4097</cy><w>83.6976</w><h>35.9027</h><angle>0.887502</angle></robndbox></object><object><type>robndbox</type><name>wheat_head</name><pose>Unspecified</pose><truncated>0</truncated><difficult>0</difficult><robndbox><cx>541.6515</cx><cy>439.7488</cy><w>85.0032</w><h>34.5909</h><angle>1.407972</angle></robndbox></object><object><type>robndbox</type><name>wheat_head</name><pose>Unspecified</pose><truncated>0</truncated><difficult>0</difficult><robndbox><cx>40.0413</cx><cy>820.4206</cy><w>66.6658</w><h>30.4349</h><angle>1.153578</angle></robndbox></object><object><type>robndbox</type><name>wheat_head</name><pose>Unspecified</pose><truncated>0</truncated><difficult>0</difficult><robndbox><cx>815.7243</cx><cy>697.1243</cy><w>113.5754</w><h>31.6759</h><angle>1.656618</angle></robndbox></object><object><type>robndbox</type><name>wheat_head</name><pose>Unspecified</pose><truncated>0</truncated><difficult>0</difficult><robndbox><cx>265.2478</cx><cy>827.5976</cy><w>163.2851</w><h>34.3371</h><angle>0.195869</angle></robndbox></object><object><type>robndbox</type><name>wheat_head</name><pose>Unspecified</pose><truncated>0</truncated><difficult>0</difficult><robndbox><cx>88.7068</cx><cy>356.5259</cy><w>121.2081</w><h>37.775</h><angle>1.399808</angle></robndbox></object><object><type>robndbox</type><name>wheat_head</name><pose>Unspecified</pose><truncated>0</truncated><difficult>0</difficult><robndbox><cx>151.7386</cx><cy>493.9579</cy><w>51.8838</w><h>29.5148</h><angle>0.462134</angle></robndbox></object><object><type>robndbox</type><name>wheat_head</name><pose>Unspecified</pose><truncated>0</truncated><difficult>0</difficult><robndbox><cx>296.0146</cx><cy>445.9177</cy><w>42.6501</w><h>26.7193</h><angle>1.079968</angle></robndbox></object><object><type>robndbox</type><name>wheat_head</name><pose>Unspecified</pose><truncated>0</truncated><difficult>0</difficult><robndbox><cx>39.1898</cx><cy>778.8336</cy><w>63.2877</w><h>34.1451</h><angle>0.207558</angle></robndbox></object><object><type>robndbox</type><name>wheat_head</name><pose>Unspecified</pose><truncated>0</truncated><difficult>0</difficult><robndbox><cx>415.1622</cx><cy>16.3098</cy><w>40.3796</w><h>33.665</h><angle>1.387208</angle></robndbox></object><object><type>robndbox</type><name>wheat_head</name><pose>Unspecified</pose><truncated>0</truncated><difficult>0</difficult><robndbox><cx>198.1871</cx><cy>362.3161</cy><w>148.5991</w><h>30.2464</h><angle>1.32449</angle></robndbox></object><object><type>robndbox</type><name>wheat_head</name><pose>Unspecified</pose><truncated>0</truncated><difficult>0</difficult><robndbox><cx>295.7896</cx><cy>504.3126</cy><w>46.987</w><h>32.5932</h><angle>2.138416</angle></robndbox></object><object><type>robndbox</type><name>wheat_head</name><pose>Unspecified</pose><truncated>0</truncated><difficult>0</difficult><robndbox><cx>504.0758</cx><cy>744.4623</cy><w>39.56</w><h>28.1996</h><angle>1.312135</angle></robndbox></object><object><type>robndbox</type><name>wheat_head</name><pose>Unspecified</pose><truncated>0</truncated><difficult>0</difficult><robndbox><cx>71.1637</cx><cy>467.899</cy><w>63.0834</w><h>27.9213</h><angle>0.904335</angle></robndbox></object><object><type>robndbox</type><name>wheat_head</name><pose>Unspecified</pose><truncated>0</truncated><difficult>0</difficult><robndbox><cx>769.8124</cx><cy>93.4051</cy><w>42.3652</w><h>27.7848</h><angle>0.143028</angle></robndbox></object><object><type>robndbox</type><name>wheat_head</name><pose>Unspecified</pose><truncated>0</truncated><difficult>0</difficult><robndbox><cx>354.1609</cx><cy>714.7931</cy><w>156.3598</w><h>37.1121</h><angle>0.893077</angle></robndbox></object><object><type>robndbox</type><name>wheat_head</name><pose>Unspecified</pose><truncated>0</truncated><difficult>0</difficult><robndbox><cx>113.5051</cx><cy>46.9905</cy><w>84.3509</w><h>35.2462</h><angle>0.906376</angle></robndbox></object><object><type>robndbox</type><name>wheat_head</name><pose>Unspecified</pose><truncated>0</truncated><difficult>0</difficult><robndbox><cx>454.9073</cx><cy>477.7039</cy><w>37.2386</w><h>27.8475</h><angle>1.015474</angle></robndbox></object><object><type>robndbox</type><name>wheat_head</name><pose>Unspecified</pose><truncated>0</truncated><difficult>0</difficult><robndbox><cx>230.9093</cx><cy>407.7357</cy><w>120.639</w><h>30.2765</h><angle>1.02449</angle></robndbox></object><object><type>robndbox</type><name>wheat_head</name><pose>Unspecified</pose><truncated>0</truncated><difficult>0</difficult><robndbox><cx>999.9964</cx><cy>877.0161</cy><w>56.5852</w><h>28.3304</h><angle>1.198163</angle></robndbox></object><object><type>robndbox</type><name>wheat_head</name><pose>Unspecified</pose><truncated>0</truncated><difficult>0</difficult><robndbox><cx>667.5546</cx><cy>476.7843</cy><w>63.3985</w><h>31.4879</h><angle>0.224012</angle></robndbox></object><object><type>robndbox</type><name>wheat_head</name><pose>Unspecified</pose><truncated>0</truncated><difficult>0</difficult><robndbox><cx>729.7765</cx><cy>375.5217</cy><w>70.1954</w><h>28.4714</h><angle>0.208961</angle></robndbox></object><object><type>robndbox</type><name>wheat_head</name><pose>Unspecified</pose><truncated>0</truncated><difficult>0</difficult><robndbox><cx>911.9995</cx><cy>465.6108</cy><w>68.0477</w><h>20.1741</h><angle>1.23644</angle></robndbox></object><object><type>robndbox</type><name>wheat_head</name><pose>Unspecified</pose><truncated>0</truncated><difficult>0</difficult><robndbox><cx>980.611</cx><cy>989.8363</cy><w>57.9457</w><h>27.5646</h><angle>1.639651</angle></robndbox></object><object><type>robndbox</type><name>wheat_head</name><pose>Unspecified</pose><truncated>0</truncated><difficult>0</difficult><robndbox><cx>992.0</cx><cy>1013.0</cy><w>25.2825</w><h>22.1677</h><angle>0.123084</angle></robndbox></object><object><type>robndbox</type><name>wheat_head</name><pose>Unspecified</pose><truncated>0</truncated><difficult>0</difficult><robndbox><cx>810.1667</cx><cy>8.3439</cy><w>23.6088</w><h>15.9969</h><angle>3.057434</angle></robndbox></object><object><type>robndbox</type><name>wheat_head</name><pose>Unspecified</pose><truncated>0</truncated><difficult>0</difficult><robndbox><cx>731.8141</cx><cy>961.1412</cy><w>50.7208</w><h>26.9522</h><angle>2.892689</angle></robndbox></object><object><type>robndbox</type><name>wheat_head</name><pose>Unspecified</pose><truncated>0</truncated><difficult>0</difficult><robndbox><cx>706.6544</cx><cy>936.1966</cy><w>51.0423</w><h>28.8575</h><angle>2.970092</angle></robndbox></object><object><type>robndbox</type><name>wheat_head</name><pose>Unspecified</pose><truncated>0</truncated><difficult>0</difficult><robndbox><cx>330.8308</cx><cy>746.8152</cy><w>46.3154</w><h>25.9253</h><angle>2.042922</angle></robndbox></object><object><type>robndbox</type><name>wheat_head</name><pose>Unspecified</pose><truncated>0</truncated><difficult>0</difficult><robndbox><cx>886.4903</cx><cy>419.9039</cy><w>117.2095</w><h>24.5066</h><angle>1.333712</angle></robndbox></object><object><type>robndbox</type><name>wheat_head</name><pose>Unspecified</pose><truncated>0</truncated><difficult>0</difficult><robndbox><cx>585.8699</cx><cy>1006.7075</cy><w>24.0189</w><h>22.5313</h><angle>3.015637</angle></robndbox></object><object><type>robndbox</type><name>wheat_head</name><pose>Unspecified</pose><truncated>0</truncated><difficult>0</difficult><robndbox><cx>671.8671</cx><cy>271.5627</cy><w>121.1123</w><h>28.8894</h><angle>3.11253</angle></robndbox></object><object><type>robndbox</type><name>wheat_head</name><pose>Unspecified</pose><truncated>0</truncated><difficult>0</difficult><robndbox><cx>749.0217</cx><cy>821.0477</cy><w>34.0858</w><h>27.0344</h><angle>1.169842</angle></robndbox></object><object><type>robndbox</type><name>wheat_head</name><pose>Unspecified</pose><truncated>0</truncated><difficult>0</difficult><robndbox><cx>558.0739</cx><cy>585.4251</cy><w>39.3687</w><h>22.3681</h><angle>1.073439</angle></robndbox></object><object><type>robndbox</type><name>wheat_head</name><pose>Unspecified</pose><truncated>0</truncated><difficult>0</difficult><robndbox><cx>1004.5</cx><cy>822.5</cy><w>45.7194</w><h>34.3796</h><angle>2.592561</angle></robndbox></object><object><type>robndbox</type><name>wheat_head</name><pose>Unspecified</pose><truncated>0</truncated><difficult>0</difficult><robndbox><cx>114.7839</cx><cy>12.0606</cy><w>21.5934</w><h>20.0</h><angle>0.0</angle></robndbox></object><object><type>robndbox</type><name>wheat_head</name><pose>Unspecified</pose><truncated>0</truncated><difficult>0</difficult><robndbox><cx>408.7466</cx><cy>402.7822</cy><w>58.5918</w><h>16.2847</h><angle>1.091883</angle></robndbox></object></annotation>