<annotation verified="no"><folder>images</folder><filename>684dfcf04</filename><path>/home/badhon/Documents/thesis/final_dataset/ethz_1/images/684dfcf04.jpg</path><source><database>Unknown</database></source><size><width>1024</width><height>1024</height><depth>3</depth></size><segmented>0</segmented><object><type>robndbox</type><name>wheat_head</name><pose>Unspecified</pose><truncated>0</truncated><difficult>0</difficult><robndbox><cx>247.102</cx><cy>234.5356</cy><w>114.1641</w><h>28.2245</h><angle>0.470927</angle></robndbox></object><object><type>robndbox</type><name>wheat_head</name><pose>Unspecified</pose><truncated>0</truncated><difficult>0</difficult><robndbox><cx>113.8742</cx><cy>574.6052</cy><w>114.5813</w><h>38.7842</h><angle>0.527993</angle></robndbox></object><object><type>robndbox</type><name>wheat_head</name><pose>Unspecified</pose><truncated>0</truncated><difficult>0</difficult><robndbox><cx>613.4916</cx><cy>30.2045</cy><w>80.5381</w><h>33.2223</h><angle>0.597788</angle></robndbox></object><object><type>robndbox</type><name>wheat_head</name><pose>Unspecified</pose><truncated>0</truncated><difficult>0</difficult><robndbox><cx>800.168</cx><cy>490.6605</cy><w>86.3298</w><h>36.0117</h><angle>0.293954</angle></robndbox></object><object><type>robndbox</type><name>wheat_head</name><pose>Unspecified</pose><truncated>0</truncated><difficult>0</difficult><robndbox><cx>318.1362</cx><cy>56.1423</cy><w>128.2731</w><h>32.9409</h><angle>0.233491</angle></robndbox></object><object><type>robndbox</type><name>wheat_head</name><pose>Unspecified</pose><truncated>0</truncated><difficult>0</difficult><robndbox><cx>694.2966</cx><cy>776.6597</cy><w>109.5321</w><h>34.7943</h><angle>0.498956</angle></robndbox></object><object><type>robndbox</type><name>wheat_head</name><pose>Unspecified</pose><truncated>0</truncated><difficult>0</difficult><robndbox><cx>510.8864</cx><cy>904.8226</cy><w>136.8197</w><h>38.0821</h><angle>0.5675</angle></robndbox></object><object><type>robndbox</type><name>wheat_head</name><pose>Unspecified</pose><truncated>0</truncated><difficult>0</difficult><robndbox><cx>44.1434</cx><cy>383.9511</cy><w>91.6961</w><h>34.5195</h><angle>0.305679</angle></robndbox></object><object><type>robndbox</type><name>wheat_head</name><pose>Unspecified</pose><truncated>0</truncated><difficult>0</difficult><robndbox><cx>480.5953</cx><cy>214.421</cy><w>114.1048</w><h>33.5321</h><angle>0.297987</angle></robndbox></object><object><type>robndbox</type><name>wheat_head</name><pose>Unspecified</pose><truncated>0</truncated><difficult>0</difficult><robndbox><cx>868.3018</cx><cy>619.6107</cy><w>88.9009</w><h>32.481</h><angle>0.229595</angle></robndbox></object><object><type>robndbox</type><name>wheat_head</name><pose>Unspecified</pose><truncated>0</truncated><difficult>0</difficult><robndbox><cx>850.0846</cx><cy>299.1674</cy><w>118.5782</w><h>34.4774</h><angle>0.533045</angle></robndbox></object><object><type>robndbox</type><name>wheat_head</name><pose>Unspecified</pose><truncated>0</truncated><difficult>0</difficult><robndbox><cx>694.2214</cx><cy>696.6393</cy><w>100.1948</w><h>28.3894</h><angle>0.270361</angle></robndbox></object><object><type>robndbox</type><name>wheat_head</name><pose>Unspecified</pose><truncated>0</truncated><difficult>0</difficult><robndbox><cx>138.6863</cx><cy>234.1702</cy><w>104.4606</w><h>29.8487</h><angle>0.6384</angle></robndbox></object><object><type>robndbox</type><name>wheat_head</name><pose>Unspecified</pose><truncated>0</truncated><difficult>0</difficult><robndbox><cx>558.3608</cx><cy>589.0373</cy><w>93.099</w><h>32.5641</h><angle>0.190209</angle></robndbox></object><object><type>robndbox</type><name>wheat_head</name><pose>Unspecified</pose><truncated>0</truncated><difficult>0</difficult><robndbox><cx>588.9651</cx><cy>387.619</cy><w>112.823</w><h>42.7486</h><angle>0.364285</angle></robndbox></object><object><type>robndbox</type><name>wheat_head</name><pose>Unspecified</pose><truncated>0</truncated><difficult>0</difficult><robndbox><cx>570.4641</cx><cy>221.5422</cy><w>121.2102</w><h>33.0393</h><angle>0.818005</angle></robndbox></object><object><type>robndbox</type><name>wheat_head</name><pose>Unspecified</pose><truncated>0</truncated><difficult>0</difficult><robndbox><cx>209.512</cx><cy>38.0281</cy><w>63.2985</w><h>21.1399</h><angle>0.244388</angle></robndbox></object><object><type>robndbox</type><name>wheat_head</name><pose>Unspecified</pose><truncated>0</truncated><difficult>0</difficult><robndbox><cx>360.6047</cx><cy>971.1941</cy><w>106.4401</w><h>36.0947</h><angle>0.422574</angle></robndbox></object><object><type>robndbox</type><name>wheat_head</name><pose>Unspecified</pose><truncated>0</truncated><difficult>0</difficult><robndbox><cx>571.528</cx><cy>283.82</cy><w>84.2256</w><h>28.1501</h><angle>0.537431</angle></robndbox></object><object><type>robndbox</type><name>wheat_head</name><pose>Unspecified</pose><truncated>0</truncated><difficult>0</difficult><robndbox><cx>299.2433</cx><cy>890.1931</cy><w>92.7073</w><h>34.9611</h><angle>0.119676</angle></robndbox></object><object><type>robndbox</type><name>wheat_head</name><pose>Unspecified</pose><truncated>0</truncated><difficult>0</difficult><robndbox><cx>718.8671</cx><cy>7.6527</cy><w>72.3161</w><h>19.5699</h><angle>0.104479</angle></robndbox></object><object><type>robndbox</type><name>wheat_head</name><pose>Unspecified</pose><truncated>0</truncated><difficult>0</difficult><robndbox><cx>724.475</cx><cy>567.1725</cy><w>85.7507</w><h>31.9744</h><angle>0.218578</angle></robndbox></object><object><type>robndbox</type><name>wheat_head</name><pose>Unspecified</pose><truncated>0</truncated><difficult>0</difficult><robndbox><cx>214.3689</cx><cy>75.0321</cy><w>77.4394</w><h>29.4342</h><angle>0.520674</angle></robndbox></object><object><type>robndbox</type><name>wheat_head</name><pose>Unspecified</pose><truncated>0</truncated><difficult>0</difficult><robndbox><cx>521.1761</cx><cy>636.9116</cy><w>72.1394</w><h>30.2841</h><angle>0.1406</angle></robndbox></object><object><type>robndbox</type><name>wheat_head</name><pose>Unspecified</pose><truncated>0</truncated><difficult>0</difficult><robndbox><cx>482.6325</cx><cy>545.0072</cy><w>76.2896</w><h>27.8791</h><angle>0.252189</angle></robndbox></object><object><type>robndbox</type><name>wheat_head</name><pose>Unspecified</pose><truncated>0</truncated><difficult>0</difficult><robndbox><cx>473.4275</cx><cy>466.1454</cy><w>77.3349</w><h>26.8241</h><angle>0.139497</angle></robndbox></object><object><type>robndbox</type><name>wheat_head</name><pose>Unspecified</pose><truncated>0</truncated><difficult>0</difficult><robndbox><cx>914.2411</cx><cy>275.8522</cy><w>155.1791</w><h>25.6666</h><angle>0.352121</angle></robndbox></object><object><type>robndbox</type><name>wheat_head</name><pose>Unspecified</pose><truncated>0</truncated><difficult>0</difficult><robndbox><cx>942.3574</cx><cy>100.317</cy><w>147.4722</w><h>32.0932</h><angle>0.376927</angle></robndbox></object><object><type>robndbox</type><name>wheat_head</name><pose>Unspecified</pose><truncated>0</truncated><difficult>0</difficult><robndbox><cx>71.2765</cx><cy>279.2512</cy><w>133.4628</w><h>30.6448</h><angle>0.138293</angle></robndbox></object><object><type>robndbox</type><name>wheat_head</name><pose>Unspecified</pose><truncated>0</truncated><difficult>0</difficult><robndbox><cx>676.8231</cx><cy>295.4856</cy><w>141.1095</w><h>42.001</h><angle>0.2045</angle></robndbox></object><object><type>robndbox</type><name>wheat_head</name><pose>Unspecified</pose><truncated>0</truncated><difficult>0</difficult><robndbox><cx>942.3574</cx><cy>100.317</cy><w>147.4722</w><h>32.0932</h><angle>0.376927</angle></robndbox></object><object><type>robndbox</type><name>wheat_head</name><pose>Unspecified</pose><truncated>0</truncated><difficult>0</difficult><robndbox><cx>65.2908</cx><cy>869.4587</cy><w>110.9091</w><h>30.0761</h><angle>0.08852</angle></robndbox></object><object><type>robndbox</type><name>wheat_head</name><pose>Unspecified</pose><truncated>0</truncated><difficult>0</difficult><robndbox><cx>301.784</cx><cy>752.5787</cy><w>77.0169</w><h>25.0362</h><angle>0.02978</angle></robndbox></object><object><type>robndbox</type><name>wheat_head</name><pose>Unspecified</pose><truncated>0</truncated><difficult>0</difficult><robndbox><cx>526.1984</cx><cy>133.8998</cy><w>158.8198</w><h>37.9599</h><angle>0.420607</angle></robndbox></object><object><type>robndbox</type><name>wheat_head</name><pose>Unspecified</pose><truncated>0</truncated><difficult>0</difficult><robndbox><cx>310.9936</cx><cy>9.6725</cy><w>49.3964</w><h>20.5684</h><angle>0.121162</angle></robndbox></object><object><type>robndbox</type><name>wheat_head</name><pose>Unspecified</pose><truncated>0</truncated><difficult>0</difficult><robndbox><cx>815.7244</cx><cy>572.2052</cy><w>77.1455</w><h>29.7822</h><angle>0.155997</angle></robndbox></object><object><type>robndbox</type><name>wheat_head</name><pose>Unspecified</pose><truncated>0</truncated><difficult>0</difficult><robndbox><cx>201.3744</cx><cy>846.166</cy><w>64.3682</w><h>23.4411</h><angle>0.123361</angle></robndbox></object><object><type>robndbox</type><name>wheat_head</name><pose>Unspecified</pose><truncated>0</truncated><difficult>0</difficult><robndbox><cx>827.8644</cx><cy>1011.9242</cy><w>54.8847</w><h>12.7895</h><angle>0.087448</angle></robndbox></object><object><type>robndbox</type><name>wheat_head</name><pose>Unspecified</pose><truncated>0</truncated><difficult>0</difficult><robndbox><cx>950.6075</cx><cy>397.3166</cy><w>130.385</w><h>43.1107</h><angle>0.571292</angle></robndbox></object><object><type>robndbox</type><name>wheat_head</name><pose>Unspecified</pose><truncated>0</truncated><difficult>0</difficult><robndbox><cx>679.994</cx><cy>86.9379</cy><w>136.2467</w><h>33.0585</h><angle>3.093563</angle></robndbox></object><object><type>robndbox</type><name>wheat_head</name><pose>Unspecified</pose><truncated>0</truncated><difficult>0</difficult><robndbox><cx>522.4035</cx><cy>329.8918</cy><w>108.9123</w><h>33.6463</h><angle>0.474157</angle></robndbox></object><object><type>robndbox</type><name>wheat_head</name><pose>Unspecified</pose><truncated>0</truncated><difficult>0</difficult><robndbox><cx>987.3951</cx><cy>764.9185</cy><w>55.8248</w><h>19.8972</h><angle>0.098963</angle></robndbox></object><object><type>robndbox</type><name>wheat_head</name><pose>Unspecified</pose><truncated>0</truncated><difficult>0</difficult><robndbox><cx>57.8229</cx><cy>778.6461</cy><w>107.1291</w><h>28.9427</h><angle>3.13589</angle></robndbox></object><object><type>robndbox</type><name>wheat_head</name><pose>Unspecified</pose><truncated>0</truncated><difficult>0</difficult><robndbox><cx>913.6761</cx><cy>695.7805</cy><w>103.0412</w><h>31.283</h><angle>3.100727</angle></robndbox></object><object><type>robndbox</type><name>wheat_head</name><pose>Unspecified</pose><truncated>0</truncated><difficult>0</difficult><robndbox><cx>291.3647</cx><cy>646.3943</cy><w>103.3711</w><h>30.7972</h><angle>0.202923</angle></robndbox></object><object><type>robndbox</type><name>wheat_head</name><pose>Unspecified</pose><truncated>0</truncated><difficult>0</difficult><robndbox><cx>866.4883</cx><cy>53.721</cy><w>40.4053</w><h>22.6198</h><angle>0.128415</angle></robndbox></object><object><type>robndbox</type><name>wheat_head</name><pose>Unspecified</pose><truncated>0</truncated><difficult>0</difficult><robndbox><cx>497.5847</cx><cy>744.3466</cy><w>100.6596</w><h>30.4742</h><angle>3.066485</angle></robndbox></object><object><type>robndbox</type><name>wheat_head</name><pose>Unspecified</pose><truncated>0</truncated><difficult>0</difficult><robndbox><cx>517.1028</cx><cy>616.6635</cy><w>124.6317</w><h>21.5734</h><angle>3.079986</angle></robndbox></object><object><type>robndbox</type><name>wheat_head</name><pose>Unspecified</pose><truncated>0</truncated><difficult>0</difficult><robndbox><cx>343.289</cx><cy>709.0324</cy><w>99.7971</w><h>30.8099</h><angle>3.110068</angle></robndbox></object><object><type>robndbox</type><name>wheat_head</name><pose>Unspecified</pose><truncated>0</truncated><difficult>0</difficult><robndbox><cx>746.5794</cx><cy>668.2626</cy><w>57.0681</w><h>27.7202</h><angle>0.069836</angle></robndbox></object><object><type>robndbox</type><name>wheat_head</name><pose>Unspecified</pose><truncated>0</truncated><difficult>0</difficult><robndbox><cx>969.9069</cx><cy>734.3849</cy><w>89.7188</w><h>39.3072</h><angle>3.040137</angle></robndbox></object><object><type>robndbox</type><name>wheat_head</name><pose>Unspecified</pose><truncated>0</truncated><difficult>0</difficult><robndbox><cx>61.0</cx><cy>1017.0</cy><w>14.6202</w><h>14.078</h><angle>0.105315</angle></robndbox></object><object><type>robndbox</type><name>wheat_head</name><pose>Unspecified</pose><truncated>0</truncated><difficult>0</difficult><robndbox><cx>600.4985</cx><cy>892.4293</cy><w>102.0036</w><h>38.5635</h><angle>0.10166</angle></robndbox></object><object><type>robndbox</type><name>wheat_head</name><pose>Unspecified</pose><truncated>0</truncated><difficult>0</difficult><robndbox><cx>967.4532</cx><cy>10.0483</cy><w>46.1767</w><h>19.9284</h><angle>0.046261</angle></robndbox></object><object><type>robndbox</type><name>wheat_head</name><pose>Unspecified</pose><truncated>0</truncated><difficult>0</difficult><robndbox><cx>144.9984</cx><cy>491.4077</cy><w>75.7902</w><h>28.9277</h><angle>2.993558</angle></robndbox></object><object><type>robndbox</type><name>wheat_head</name><pose>Unspecified</pose><truncated>0</truncated><difficult>0</difficult><robndbox><cx>338.1371</cx><cy>418.7147</cy><w>129.3197</w><h>25.7744</h><angle>0.061022</angle></robndbox></object><object><type>robndbox</type><name>wheat_head</name><pose>Unspecified</pose><truncated>0</truncated><difficult>0</difficult><robndbox><cx>237.1076</cx><cy>682.6234</cy><w>107.3136</w><h>27.9947</h><angle>3.111417</angle></robndbox></object><object><type>robndbox</type><name>wheat_head</name><pose>Unspecified</pose><truncated>0</truncated><difficult>0</difficult><robndbox><cx>554.0551</cx><cy>677.7657</cy><w>102.1336</w><h>34.7999</h><angle>2.930149</angle></robndbox></object><object><type>robndbox</type><name>wheat_head</name><pose>Unspecified</pose><truncated>0</truncated><difficult>0</difficult><robndbox><cx>907.8427</cx><cy>866.8355</cy><w>80.9868</w><h>28.0677</h><angle>0.008976</angle></robndbox></object><object><type>robndbox</type><name>wheat_head</name><pose>Unspecified</pose><truncated>0</truncated><difficult>0</difficult><robndbox><cx>713.3915</cx><cy>966.8054</cy><w>48.4029</w><h>22.3094</h><angle>0.023144</angle></robndbox></object><object><type>robndbox</type><name>wheat_head</name><pose>Unspecified</pose><truncated>0</truncated><difficult>0</difficult><robndbox><cx>807.256</cx><cy>953.9584</cy><w>102.0712</w><h>33.1768</h><angle>3.015493</angle></robndbox></object><object><type>robndbox</type><name>wheat_head</name><pose>Unspecified</pose><truncated>0</truncated><difficult>0</difficult><robndbox><cx>816.9701</cx><cy>313.6459</cy><w>44.314</w><h>19.6469</h><angle>0.218376</angle></robndbox></object><object><type>robndbox</type><name>wheat_head</name><pose>Unspecified</pose><truncated>0</truncated><difficult>0</difficult><robndbox><cx>14.1773</cx><cy>919.1961</cy><w>29.6209</w><h>24.2827</h><angle>0.109651</angle></robndbox></object><object><type>robndbox</type><name>wheat_head</name><pose>Unspecified</pose><truncated>0</truncated><difficult>0</difficult><robndbox><cx>248.2892</cx><cy>637.1084</cy><w>183.2585</w><h>30.3155</h><angle>0.132923</angle></robndbox></object><object><type>robndbox</type><name>wheat_head</name><pose>Unspecified</pose><truncated>0</truncated><difficult>0</difficult><robndbox><cx>298.9728</cx><cy>1006.5303</cy><w>107.6295</w><h>31.9373</h><angle>3.132269</angle></robndbox></object><object><type>robndbox</type><name>wheat_head</name><pose>Unspecified</pose><truncated>0</truncated><difficult>0</difficult><robndbox><cx>377.822</cx><cy>461.0334</cy><w>101.765</w><h>36.0541</h><angle>0.223228</angle></robndbox></object><object><type>robndbox</type><name>wheat_head</name><pose>Unspecified</pose><truncated>0</truncated><difficult>0</difficult><robndbox><cx>232.0083</cx><cy>462.1021</cy><w>154.9271</w><h>34.6908</h><angle>2.996173</angle></robndbox></object><object><type>robndbox</type><name>wheat_head</name><pose>Unspecified</pose><truncated>0</truncated><difficult>0</difficult><robndbox><cx>168.4596</cx><cy>351.5709</cy><w>95.6253</w><h>27.1938</h><angle>2.971598</angle></robndbox></object><object><type>robndbox</type><name>wheat_head</name><pose>Unspecified</pose><truncated>0</truncated><difficult>0</difficult><robndbox><cx>228.8921</cx><cy>373.1524</cy><w>100.7814</w><h>35.4499</h><angle>3.036601</angle></robndbox></object><object><type>robndbox</type><name>wheat_head</name><pose>Unspecified</pose><truncated>0</truncated><difficult>0</difficult><robndbox><cx>357.9285</cx><cy>371.8633</cy><w>122.9549</w><h>26.7442</h><angle>3.128149</angle></robndbox></object><object><type>robndbox</type><name>wheat_head</name><pose>Unspecified</pose><truncated>0</truncated><difficult>0</difficult><robndbox><cx>422.8358</cx><cy>293.6682</cy><w>89.1512</w><h>33.4774</h><angle>0.360667</angle></robndbox></object></annotation>