<annotation verified="no"><folder>images</folder><filename>69b3074c4</filename><path>/home/badhon/Documents/thesis/final_dataset/ethz_1/images/69b3074c4.jpg</path><source><database>Unknown</database></source><size><width>1024</width><height>1024</height><depth>3</depth></size><segmented>0</segmented><object><type>robndbox</type><name>wheat_head</name><pose>Unspecified</pose><truncated>0</truncated><difficult>0</difficult><robndbox><cx>388.6612</cx><cy>643.3832</cy><w>89.4667</w><h>34.2248</h><angle>0.856797</angle></robndbox></object><object><type>robndbox</type><name>wheat_head</name><pose>Unspecified</pose><truncated>0</truncated><difficult>0</difficult><robndbox><cx>59.3507</cx><cy>593.338</cy><w>85.3694</w><h>40.1316</h><angle>0.646979</angle></robndbox></object><object><type>robndbox</type><name>wheat_head</name><pose>Unspecified</pose><truncated>0</truncated><difficult>0</difficult><robndbox><cx>63.0126</cx><cy>831.0547</cy><w>94.2563</w><h>29.0922</h><angle>1.26021</angle></robndbox></object><object><type>robndbox</type><name>wheat_head</name><pose>Unspecified</pose><truncated>0</truncated><difficult>0</difficult><robndbox><cx>265.183</cx><cy>284.865</cy><w>132.7239</w><h>36.3655</h><angle>0.925211</angle></robndbox></object><object><type>robndbox</type><name>wheat_head</name><pose>Unspecified</pose><truncated>0</truncated><difficult>0</difficult><robndbox><cx>42.6015</cx><cy>362.4114</cy><w>60.9545</w><h>33.8921</h><angle>0.934693</angle></robndbox></object><object><type>robndbox</type><name>wheat_head</name><pose>Unspecified</pose><truncated>0</truncated><difficult>0</difficult><robndbox><cx>173.3657</cx><cy>676.8249</cy><w>70.9535</w><h>31.9426</h><angle>1.03162</angle></robndbox></object><object><type>robndbox</type><name>wheat_head</name><pose>Unspecified</pose><truncated>0</truncated><difficult>0</difficult><robndbox><cx>439.6269</cx><cy>303.8199</cy><w>68.6773</w><h>33.7035</h><angle>1.047607</angle></robndbox></object><object><type>robndbox</type><name>wheat_head</name><pose>Unspecified</pose><truncated>0</truncated><difficult>0</difficult><robndbox><cx>362.0366</cx><cy>144.5965</cy><w>76.3752</w><h>34.0419</h><angle>0.927588</angle></robndbox></object><object><type>robndbox</type><name>wheat_head</name><pose>Unspecified</pose><truncated>0</truncated><difficult>0</difficult><robndbox><cx>64.6581</cx><cy>950.213</cy><w>75.6007</w><h>39.2456</h><angle>0.972226</angle></robndbox></object><object><type>robndbox</type><name>wheat_head</name><pose>Unspecified</pose><truncated>0</truncated><difficult>0</difficult><robndbox><cx>260.2749</cx><cy>618.5995</cy><w>108.2</w><h>38.1731</h><angle>0.868171</angle></robndbox></object><object><type>robndbox</type><name>wheat_head</name><pose>Unspecified</pose><truncated>0</truncated><difficult>0</difficult><robndbox><cx>990.2504</cx><cy>390.0171</cy><w>58.991</w><h>31.5621</h><angle>1.14791</angle></robndbox></object><object><type>robndbox</type><name>wheat_head</name><pose>Unspecified</pose><truncated>0</truncated><difficult>0</difficult><robndbox><cx>354.3845</cx><cy>324.6584</cy><w>52.7558</w><h>31.2364</h><angle>1.178113</angle></robndbox></object><object><type>robndbox</type><name>wheat_head</name><pose>Unspecified</pose><truncated>0</truncated><difficult>0</difficult><robndbox><cx>585.5892</cx><cy>202.4698</cy><w>86.7386</w><h>36.369</h><angle>1.057324</angle></robndbox></object><object><type>robndbox</type><name>wheat_head</name><pose>Unspecified</pose><truncated>0</truncated><difficult>0</difficult><robndbox><cx>346.6895</cx><cy>932.6943</cy><w>70.168</w><h>35.7497</h><angle>0.96735</angle></robndbox></object><object><type>robndbox</type><name>wheat_head</name><pose>Unspecified</pose><truncated>0</truncated><difficult>0</difficult><robndbox><cx>462.5321</cx><cy>120.3616</cy><w>48.3249</w><h>30.04</h><angle>1.080171</angle></robndbox></object><object><type>robndbox</type><name>wheat_head</name><pose>Unspecified</pose><truncated>0</truncated><difficult>0</difficult><robndbox><cx>118.5095</cx><cy>289.8826</cy><w>63.366</w><h>27.7815</h><angle>0.623738</angle></robndbox></object><object><type>robndbox</type><name>wheat_head</name><pose>Unspecified</pose><truncated>0</truncated><difficult>0</difficult><robndbox><cx>807.2083</cx><cy>542.3154</cy><w>106.5352</w><h>31.3798</h><angle>1.310637</angle></robndbox></object><object><type>robndbox</type><name>wheat_head</name><pose>Unspecified</pose><truncated>0</truncated><difficult>0</difficult><robndbox><cx>649.3853</cx><cy>426.2893</cy><w>66.7853</w><h>33.195</h><angle>1.477634</angle></robndbox></object><object><type>robndbox</type><name>wheat_head</name><pose>Unspecified</pose><truncated>0</truncated><difficult>0</difficult><robndbox><cx>981.723</cx><cy>953.5284</cy><w>64.3617</w><h>39.8975</h><angle>0.461156</angle></robndbox></object><object><type>robndbox</type><name>wheat_head</name><pose>Unspecified</pose><truncated>0</truncated><difficult>0</difficult><robndbox><cx>992.103</cx><cy>321.0216</cy><w>46.0421</w><h>38.3083</h><angle>0.570954</angle></robndbox></object><object><type>robndbox</type><name>wheat_head</name><pose>Unspecified</pose><truncated>0</truncated><difficult>0</difficult><robndbox><cx>712.3961</cx><cy>977.671</cy><w>72.7357</w><h>31.7612</h><angle>1.073574</angle></robndbox></object><object><type>robndbox</type><name>wheat_head</name><pose>Unspecified</pose><truncated>0</truncated><difficult>0</difficult><robndbox><cx>630.2444</cx><cy>363.3143</cy><w>61.5961</w><h>32.8233</h><angle>0.291688</angle></robndbox></object><object><type>robndbox</type><name>wheat_head</name><pose>Unspecified</pose><truncated>0</truncated><difficult>0</difficult><robndbox><cx>482.917</cx><cy>402.5633</cy><w>54.8171</w><h>30.9028</h><angle>0.618022</angle></robndbox></object><object><type>robndbox</type><name>wheat_head</name><pose>Unspecified</pose><truncated>0</truncated><difficult>0</difficult><robndbox><cx>284.7575</cx><cy>719.7812</cy><w>75.3558</w><h>36.364</h><angle>0.705902</angle></robndbox></object><object><type>robndbox</type><name>wheat_head</name><pose>Unspecified</pose><truncated>0</truncated><difficult>0</difficult><robndbox><cx>1014.265</cx><cy>893.4894</cy><w>34.5951</w><h>15.2804</h><angle>1.634795</angle></robndbox></object><object><type>robndbox</type><name>wheat_head</name><pose>Unspecified</pose><truncated>0</truncated><difficult>0</difficult><robndbox><cx>326.5966</cx><cy>699.9088</cy><w>50.4002</w><h>28.8608</h><angle>0.615542</angle></robndbox></object><object><type>robndbox</type><name>wheat_head</name><pose>Unspecified</pose><truncated>0</truncated><difficult>0</difficult><robndbox><cx>121.4659</cx><cy>410.0832</cy><w>101.486</w><h>32.4427</h><angle>0.865603</angle></robndbox></object><object><type>robndbox</type><name>wheat_head</name><pose>Unspecified</pose><truncated>0</truncated><difficult>0</difficult><robndbox><cx>190.5531</cx><cy>787.3109</cy><w>54.9779</w><h>34.335</h><angle>0.967045</angle></robndbox></object><object><type>robndbox</type><name>wheat_head</name><pose>Unspecified</pose><truncated>0</truncated><difficult>0</difficult><robndbox><cx>525.4765</cx><cy>712.8779</cy><w>47.4412</w><h>30.6869</h><angle>0.907354</angle></robndbox></object><object><type>robndbox</type><name>wheat_head</name><pose>Unspecified</pose><truncated>0</truncated><difficult>0</difficult><robndbox><cx>156.4751</cx><cy>376.5861</cy><w>161.7456</w><h>36.8773</h><angle>0.696965</angle></robndbox></object><object><type>robndbox</type><name>wheat_head</name><pose>Unspecified</pose><truncated>0</truncated><difficult>0</difficult><robndbox><cx>231.5192</cx><cy>914.6706</cy><w>58.6471</w><h>33.1998</h><angle>0.876864</angle></robndbox></object><object><type>robndbox</type><name>wheat_head</name><pose>Unspecified</pose><truncated>0</truncated><difficult>0</difficult><robndbox><cx>819.3041</cx><cy>20.6811</cy><w>41.9777</w><h>34.6954</h><angle>0.479841</angle></robndbox></object><object><type>robndbox</type><name>wheat_head</name><pose>Unspecified</pose><truncated>0</truncated><difficult>0</difficult><robndbox><cx>310.2483</cx><cy>61.3032</cy><w>44.7987</w><h>29.6912</h><angle>1.08537</angle></robndbox></object><object><type>robndbox</type><name>wheat_head</name><pose>Unspecified</pose><truncated>0</truncated><difficult>0</difficult><robndbox><cx>890.1907</cx><cy>790.0858</cy><w>58.6477</w><h>36.03</h><angle>0.62263</angle></robndbox></object><object><type>robndbox</type><name>wheat_head</name><pose>Unspecified</pose><truncated>0</truncated><difficult>0</difficult><robndbox><cx>679.9561</cx><cy>772.4182</cy><w>84.4047</w><h>35.2365</h><angle>0.320658</angle></robndbox></object><object><type>robndbox</type><name>wheat_head</name><pose>Unspecified</pose><truncated>0</truncated><difficult>0</difficult><robndbox><cx>988.0299</cx><cy>654.6485</cy><w>52.9071</w><h>30.0879</h><angle>1.353489</angle></robndbox></object><object><type>robndbox</type><name>wheat_head</name><pose>Unspecified</pose><truncated>0</truncated><difficult>0</difficult><robndbox><cx>446.3615</cx><cy>822.9304</cy><w>31.0864</w><h>27.9992</h><angle>2.933963</angle></robndbox></object><object><type>robndbox</type><name>wheat_head</name><pose>Unspecified</pose><truncated>0</truncated><difficult>0</difficult><robndbox><cx>654.5924</cx><cy>1003.0308</cy><w>31.8344</w><h>28.4842</h><angle>2.761338</angle></robndbox></object><object><type>robndbox</type><name>wheat_head</name><pose>Unspecified</pose><truncated>0</truncated><difficult>0</difficult><robndbox><cx>997.5696</cx><cy>444.8788</cy><w>33.0417</w><h>31.0732</h><angle>3.120365</angle></robndbox></object><object><type>robndbox</type><name>wheat_head</name><pose>Unspecified</pose><truncated>0</truncated><difficult>0</difficult><robndbox><cx>845.6107</cx><cy>761.181</cy><w>27.6403</w><h>22.2961</h><angle>0.890282</angle></robndbox></object><object><type>robndbox</type><name>wheat_head</name><pose>Unspecified</pose><truncated>0</truncated><difficult>0</difficult><robndbox><cx>421.5246</cx><cy>747.3799</cy><w>87.9268</w><h>33.3483</h><angle>1.668869</angle></robndbox></object><object><type>robndbox</type><name>wheat_head</name><pose>Unspecified</pose><truncated>0</truncated><difficult>0</difficult><robndbox><cx>284.4447</cx><cy>957.6622</cy><w>43.7595</w><h>29.4289</h><angle>0.346569</angle></robndbox></object><object><type>robndbox</type><name>wheat_head</name><pose>Unspecified</pose><truncated>0</truncated><difficult>0</difficult><robndbox><cx>151.2493</cx><cy>1009.3779</cy><w>30.0123</w><h>25.5713</h><angle>0.07362</angle></robndbox></object><object><type>robndbox</type><name>wheat_head</name><pose>Unspecified</pose><truncated>0</truncated><difficult>0</difficult><robndbox><cx>255.0148</cx><cy>44.9983</cy><w>43.2131</w><h>30.1703</h><angle>0.572795</angle></robndbox></object><object><type>robndbox</type><name>wheat_head</name><pose>Unspecified</pose><truncated>0</truncated><difficult>0</difficult><robndbox><cx>754.496</cx><cy>494.1648</cy><w>44.3264</w><h>28.7923</h><angle>1.287218</angle></robndbox></object><object><type>robndbox</type><name>wheat_head</name><pose>Unspecified</pose><truncated>0</truncated><difficult>0</difficult><robndbox><cx>181.1327</cx><cy>978.6295</cy><w>79.3587</w><h>35.7143</h><angle>0.456106</angle></robndbox></object><object><type>robndbox</type><name>wheat_head</name><pose>Unspecified</pose><truncated>0</truncated><difficult>0</difficult><robndbox><cx>741.2803</cx><cy>639.955</cy><w>69.6238</w><h>35.0583</h><angle>3.074783</angle></robndbox></object><object><type>robndbox</type><name>wheat_head</name><pose>Unspecified</pose><truncated>0</truncated><difficult>0</difficult><robndbox><cx>199.8785</cx><cy>12.7116</cy><w>39.8932</w><h>29.1999</h><angle>0.876263</angle></robndbox></object><object><type>robndbox</type><name>wheat_head</name><pose>Unspecified</pose><truncated>0</truncated><difficult>0</difficult><robndbox><cx>802.3047</cx><cy>892.3313</cy><w>43.8095</w><h>23.2292</h><angle>0.409201</angle></robndbox></object><object><type>robndbox</type><name>wheat_head</name><pose>Unspecified</pose><truncated>0</truncated><difficult>0</difficult><robndbox><cx>929.5325</cx><cy>329.0459</cy><w>57.8717</w><h>35.8167</h><angle>1.860588</angle></robndbox></object><object><type>robndbox</type><name>wheat_head</name><pose>Unspecified</pose><truncated>0</truncated><difficult>0</difficult><robndbox><cx>773.1665</cx><cy>554.5186</cy><w>61.4756</w><h>24.8623</h><angle>1.269776</angle></robndbox></object><object><type>robndbox</type><name>wheat_head</name><pose>Unspecified</pose><truncated>0</truncated><difficult>0</difficult><robndbox><cx>861.9264</cx><cy>729.33</cy><w>45.8536</w><h>30.1072</h><angle>1.406793</angle></robndbox></object><object><type>robndbox</type><name>wheat_head</name><pose>Unspecified</pose><truncated>0</truncated><difficult>0</difficult><robndbox><cx>876.0502</cx><cy>658.3555</cy><w>41.4644</w><h>34.6038</h><angle>1.173056</angle></robndbox></object><object><type>robndbox</type><name>wheat_head</name><pose>Unspecified</pose><truncated>0</truncated><difficult>0</difficult><robndbox><cx>520.6242</cx><cy>459.5972</cy><w>115.1145</w><h>38.0259</h><angle>0.177746</angle></robndbox></object><object><type>robndbox</type><name>wheat_head</name><pose>Unspecified</pose><truncated>0</truncated><difficult>0</difficult><robndbox><cx>132.6598</cx><cy>575.7924</cy><w>43.8536</w><h>31.7145</h><angle>1.442602</angle></robndbox></object><object><type>robndbox</type><name>wheat_head</name><pose>Unspecified</pose><truncated>0</truncated><difficult>0</difficult><robndbox><cx>975.0944</cx><cy>637.1771</cy><w>88.0658</w><h>36.5303</h><angle>1.453489</angle></robndbox></object><object><type>robndbox</type><name>wheat_head</name><pose>Unspecified</pose><truncated>0</truncated><difficult>0</difficult><robndbox><cx>156.6617</cx><cy>263.2537</cy><w>50.2533</w><h>33.5181</h><angle>0.455815</angle></robndbox></object><object><type>robndbox</type><name>wheat_head</name><pose>Unspecified</pose><truncated>0</truncated><difficult>0</difficult><robndbox><cx>613.2625</cx><cy>899.5484</cy><w>35.9927</w><h>29.1042</h><angle>3.059487</angle></robndbox></object><object><type>robndbox</type><name>wheat_head</name><pose>Unspecified</pose><truncated>0</truncated><difficult>0</difficult><robndbox><cx>946.1962</cx><cy>835.5529</cy><w>50.3794</w><h>31.8822</h><angle>0.649308</angle></robndbox></object><object><type>robndbox</type><name>wheat_head</name><pose>Unspecified</pose><truncated>0</truncated><difficult>0</difficult><robndbox><cx>794.9203</cx><cy>823.6605</cy><w>30.7359</w><h>29.091</h><angle>1.174136</angle></robndbox></object><object><type>robndbox</type><name>wheat_head</name><pose>Unspecified</pose><truncated>0</truncated><difficult>0</difficult><robndbox><cx>254.4325</cx><cy>440.2231</cy><w>50.5825</w><h>36.0326</h><angle>2.742404</angle></robndbox></object><object><type>robndbox</type><name>wheat_head</name><pose>Unspecified</pose><truncated>0</truncated><difficult>0</difficult><robndbox><cx>574.6724</cx><cy>506.1449</cy><w>97.8398</w><h>35.4495</h><angle>3.060792</angle></robndbox></object><object><type>robndbox</type><name>wheat_head</name><pose>Unspecified</pose><truncated>0</truncated><difficult>0</difficult><robndbox><cx>615.4491</cx><cy>301.2177</cy><w>45.5408</w><h>32.8004</h><angle>0.473626</angle></robndbox></object><object><type>robndbox</type><name>wheat_head</name><pose>Unspecified</pose><truncated>0</truncated><difficult>0</difficult><robndbox><cx>18.8931</cx><cy>835.7573</cy><w>36.54</w><h>30.0619</h><angle>0.265575</angle></robndbox></object><object><type>robndbox</type><name>wheat_head</name><pose>Unspecified</pose><truncated>0</truncated><difficult>0</difficult><robndbox><cx>830.4617</cx><cy>877.4124</cy><w>56.7265</w><h>29.771</h><angle>0.309201</angle></robndbox></object><object><type>robndbox</type><name>wheat_head</name><pose>Unspecified</pose><truncated>0</truncated><difficult>0</difficult><robndbox><cx>1003.3419</cx><cy>759.9029</cy><w>29.9104</w><h>29.5377</h><angle>3.008072</angle></robndbox></object><object><type>robndbox</type><name>wheat_head</name><pose>Unspecified</pose><truncated>0</truncated><difficult>0</difficult><robndbox><cx>638.6093</cx><cy>932.8019</cy><w>40.3518</w><h>32.1301</h><angle>1.713737</angle></robndbox></object><object><type>robndbox</type><name>wheat_head</name><pose>Unspecified</pose><truncated>0</truncated><difficult>0</difficult><robndbox><cx>528.9181</cx><cy>10.8102</cy><w>24.0832</w><h>17.2462</h><angle>0.844154</angle></robndbox></object></annotation>