<annotation verified="no"><folder>images</folder><filename>6ab50eedf</filename><path>/home/badhon/Documents/thesis/final_dataset/ethz_1/images/6ab50eedf.jpg</path><source><database>Unknown</database></source><size><width>1024</width><height>1024</height><depth>3</depth></size><segmented>0</segmented><object><type>robndbox</type><name>wheat_head</name><pose>Unspecified</pose><truncated>0</truncated><difficult>0</difficult><robndbox><cx>406.8288</cx><cy>111.5714</cy><w>143.6822</w><h>29.8684</h><angle>0.559728</angle></robndbox></object><object><type>robndbox</type><name>wheat_head</name><pose>Unspecified</pose><truncated>0</truncated><difficult>0</difficult><robndbox><cx>701.0994</cx><cy>898.1332</cy><w>132.5224</w><h>37.0488</h><angle>0.62059</angle></robndbox></object><object><type>robndbox</type><name>wheat_head</name><pose>Unspecified</pose><truncated>0</truncated><difficult>0</difficult><robndbox><cx>726.0967</cx><cy>212.933</cy><w>129.8363</w><h>29.8915</h><angle>0.574575</angle></robndbox></object><object><type>robndbox</type><name>wheat_head</name><pose>Unspecified</pose><truncated>0</truncated><difficult>0</difficult><robndbox><cx>549.8301</cx><cy>84.7784</cy><w>155.2035</w><h>39.0083</h><angle>1.581566</angle></robndbox></object><object><type>robndbox</type><name>wheat_head</name><pose>Unspecified</pose><truncated>0</truncated><difficult>0</difficult><robndbox><cx>156.9943</cx><cy>826.2579</cy><w>143.8185</w><h>36.7887</h><angle>0.48052</angle></robndbox></object><object><type>robndbox</type><name>wheat_head</name><pose>Unspecified</pose><truncated>0</truncated><difficult>0</difficult><robndbox><cx>260.4184</cx><cy>56.2328</cy><w>164.9409</w><h>39.1139</h><angle>0.597002</angle></robndbox></object><object><type>robndbox</type><name>wheat_head</name><pose>Unspecified</pose><truncated>0</truncated><difficult>0</difficult><robndbox><cx>983.7323</cx><cy>429.6846</cy><w>67.1084</w><h>25.2836</h><angle>0.387396</angle></robndbox></object><object><type>robndbox</type><name>wheat_head</name><pose>Unspecified</pose><truncated>0</truncated><difficult>0</difficult><robndbox><cx>411.4266</cx><cy>74.8488</cy><w>132.8337</w><h>26.4183</h><angle>0.813882</angle></robndbox></object><object><type>robndbox</type><name>wheat_head</name><pose>Unspecified</pose><truncated>0</truncated><difficult>0</difficult><robndbox><cx>578.4695</cx><cy>331.8377</cy><w>120.7213</w><h>21.5674</h><angle>0.730114</angle></robndbox></object><object><type>robndbox</type><name>wheat_head</name><pose>Unspecified</pose><truncated>0</truncated><difficult>0</difficult><robndbox><cx>551.0958</cx><cy>207.3081</cy><w>148.8838</w><h>36.509</h><angle>0.669307</angle></robndbox></object><object><type>robndbox</type><name>wheat_head</name><pose>Unspecified</pose><truncated>0</truncated><difficult>0</difficult><robndbox><cx>1004.9095</cx><cy>87.1271</cy><w>30.5458</w><h>23.8658</h><angle>0.305627</angle></robndbox></object><object><type>robndbox</type><name>wheat_head</name><pose>Unspecified</pose><truncated>0</truncated><difficult>0</difficult><robndbox><cx>169.8026</cx><cy>886.965</cy><w>79.5587</w><h>25.749</h><angle>0.314798</angle></robndbox></object><object><type>robndbox</type><name>wheat_head</name><pose>Unspecified</pose><truncated>0</truncated><difficult>0</difficult><robndbox><cx>829.1273</cx><cy>530.2739</cy><w>133.6144</w><h>26.0375</h><angle>0.969607</angle></robndbox></object><object><type>robndbox</type><name>wheat_head</name><pose>Unspecified</pose><truncated>0</truncated><difficult>0</difficult><robndbox><cx>150.8547</cx><cy>551.2559</cy><w>84.998</w><h>24.8764</h><angle>0.351864</angle></robndbox></object><object><type>robndbox</type><name>wheat_head</name><pose>Unspecified</pose><truncated>0</truncated><difficult>0</difficult><robndbox><cx>757.3528</cx><cy>186.6866</cy><w>136.965</w><h>28.9244</h><angle>0.42958</angle></robndbox></object><object><type>robndbox</type><name>wheat_head</name><pose>Unspecified</pose><truncated>0</truncated><difficult>0</difficult><robndbox><cx>509.716</cx><cy>953.3934</cy><w>99.55</w><h>28.6786</h><angle>0.108964</angle></robndbox></object><object><type>robndbox</type><name>wheat_head</name><pose>Unspecified</pose><truncated>0</truncated><difficult>0</difficult><robndbox><cx>467.7322</cx><cy>794.7388</cy><w>202.6195</w><h>28.4435</h><angle>0.86483</angle></robndbox></object><object><type>robndbox</type><name>wheat_head</name><pose>Unspecified</pose><truncated>0</truncated><difficult>0</difficult><robndbox><cx>38.6493</cx><cy>253.8091</cy><w>64.5697</w><h>21.2482</h><angle>0.325313</angle></robndbox></object><object><type>robndbox</type><name>wheat_head</name><pose>Unspecified</pose><truncated>0</truncated><difficult>0</difficult><robndbox><cx>316.3027</cx><cy>439.7735</cy><w>83.3568</w><h>30.3343</h><angle>0.378037</angle></robndbox></object><object><type>robndbox</type><name>wheat_head</name><pose>Unspecified</pose><truncated>0</truncated><difficult>0</difficult><robndbox><cx>974.3337</cx><cy>978.6805</cy><w>74.5081</w><h>31.2192</h><angle>0.483845</angle></robndbox></object><object><type>robndbox</type><name>wheat_head</name><pose>Unspecified</pose><truncated>0</truncated><difficult>0</difficult><robndbox><cx>576.1364</cx><cy>117.5606</cy><w>132.6395</w><h>25.6275</h><angle>0.489661</angle></robndbox></object><object><type>robndbox</type><name>wheat_head</name><pose>Unspecified</pose><truncated>0</truncated><difficult>0</difficult><robndbox><cx>457.8923</cx><cy>562.9224</cy><w>116.1085</w><h>23.991</h><angle>0.430704</angle></robndbox></object><object><type>robndbox</type><name>wheat_head</name><pose>Unspecified</pose><truncated>0</truncated><difficult>0</difficult><robndbox><cx>846.0161</cx><cy>394.0057</cy><w>102.8298</w><h>28.412</h><angle>0.148689</angle></robndbox></object><object><type>robndbox</type><name>wheat_head</name><pose>Unspecified</pose><truncated>0</truncated><difficult>0</difficult><robndbox><cx>734.5104</cx><cy>968.3484</cy><w>65.109</w><h>22.8315</h><angle>0.349618</angle></robndbox></object><object><type>robndbox</type><name>wheat_head</name><pose>Unspecified</pose><truncated>0</truncated><difficult>0</difficult><robndbox><cx>935.3643</cx><cy>217.7976</cy><w>109.5528</w><h>24.3072</h><angle>1.095266</angle></robndbox></object><object><type>robndbox</type><name>wheat_head</name><pose>Unspecified</pose><truncated>0</truncated><difficult>0</difficult><robndbox><cx>1010.8752</cx><cy>563.796</cy><w>23.9193</w><h>20.9657</h><angle>0.065841</angle></robndbox></object><object><type>robndbox</type><name>wheat_head</name><pose>Unspecified</pose><truncated>0</truncated><difficult>0</difficult><robndbox><cx>86.7341</cx><cy>304.8157</cy><w>142.8761</w><h>28.7151</h><angle>0.128318</angle></robndbox></object><object><type>robndbox</type><name>wheat_head</name><pose>Unspecified</pose><truncated>0</truncated><difficult>0</difficult><robndbox><cx>655.7404</cx><cy>339.1103</cy><w>90.2711</w><h>28.1883</h><angle>0.066215</angle></robndbox></object><object><type>robndbox</type><name>wheat_head</name><pose>Unspecified</pose><truncated>0</truncated><difficult>0</difficult><robndbox><cx>809.7022</cx><cy>688.302</cy><w>132.1001</w><h>37.179</h><angle>2.826272</angle></robndbox></object><object><type>robndbox</type><name>wheat_head</name><pose>Unspecified</pose><truncated>0</truncated><difficult>0</difficult><robndbox><cx>465.8072</cx><cy>919.6853</cy><w>80.432</w><h>29.8492</h><angle>0.306858</angle></robndbox></object><object><type>robndbox</type><name>wheat_head</name><pose>Unspecified</pose><truncated>0</truncated><difficult>0</difficult><robndbox><cx>559.7313</cx><cy>816.3608</cy><w>150.8088</w><h>36.2119</h><angle>0.384141</angle></robndbox></object><object><type>robndbox</type><name>wheat_head</name><pose>Unspecified</pose><truncated>0</truncated><difficult>0</difficult><robndbox><cx>975.8406</cx><cy>393.2139</cy><w>57.135</w><h>18.0359</h><angle>0.345153</angle></robndbox></object><object><type>robndbox</type><name>wheat_head</name><pose>Unspecified</pose><truncated>0</truncated><difficult>0</difficult><robndbox><cx>250.9908</cx><cy>620.4603</cy><w>168.6333</w><h>36.4369</h><angle>0.106558</angle></robndbox></object><object><type>robndbox</type><name>wheat_head</name><pose>Unspecified</pose><truncated>0</truncated><difficult>0</difficult><robndbox><cx>42.6585</cx><cy>406.0707</cy><w>81.754</w><h>34.9988</h><angle>0.445787</angle></robndbox></object><object><type>robndbox</type><name>wheat_head</name><pose>Unspecified</pose><truncated>0</truncated><difficult>0</difficult><robndbox><cx>146.2721</cx><cy>432.9368</cy><w>113.388</w><h>33.7437</h><angle>0.433463</angle></robndbox></object><object><type>robndbox</type><name>wheat_head</name><pose>Unspecified</pose><truncated>0</truncated><difficult>0</difficult><robndbox><cx>473.6878</cx><cy>328.4001</cy><w>201.4449</w><h>35.16</h><angle>0.276842</angle></robndbox></object><object><type>robndbox</type><name>wheat_head</name><pose>Unspecified</pose><truncated>0</truncated><difficult>0</difficult><robndbox><cx>660.2822</cx><cy>443.77</cy><w>189.6591</w><h>43.4363</h><angle>0.446232</angle></robndbox></object><object><type>robndbox</type><name>wheat_head</name><pose>Unspecified</pose><truncated>0</truncated><difficult>0</difficult><robndbox><cx>931.2198</cx><cy>923.085</cy><w>163.7222</w><h>31.0648</h><angle>0.253445</angle></robndbox></object><object><type>robndbox</type><name>wheat_head</name><pose>Unspecified</pose><truncated>0</truncated><difficult>0</difficult><robndbox><cx>957.7454</cx><cy>460.6332</cy><w>119.1959</w><h>36.9814</h><angle>0.557046</angle></robndbox></object><object><type>robndbox</type><name>wheat_head</name><pose>Unspecified</pose><truncated>0</truncated><difficult>0</difficult><robndbox><cx>418.1042</cx><cy>506.9445</cy><w>95.5017</w><h>18.4322</h><angle>0.254778</angle></robndbox></object><object><type>robndbox</type><name>wheat_head</name><pose>Unspecified</pose><truncated>0</truncated><difficult>0</difficult><robndbox><cx>221.6447</cx><cy>1010.971</cy><w>49.7569</w><h>14.7505</h><angle>0.048035</angle></robndbox></object><object><type>robndbox</type><name>wheat_head</name><pose>Unspecified</pose><truncated>0</truncated><difficult>0</difficult><robndbox><cx>773.9147</cx><cy>1001.2512</cy><w>34.7662</w><h>29.667</h><angle>2.880156</angle></robndbox></object><object><type>robndbox</type><name>wheat_head</name><pose>Unspecified</pose><truncated>0</truncated><difficult>0</difficult><robndbox><cx>380.4698</cx><cy>724.38</cy><w>215.314</w><h>44.0453</h><angle>2.857452</angle></robndbox></object><object><type>robndbox</type><name>wheat_head</name><pose>Unspecified</pose><truncated>0</truncated><difficult>0</difficult><robndbox><cx>49.9703</cx><cy>991.4324</cy><w>65.1303</w><h>26.3955</h><angle>0.014187</angle></robndbox></object><object><type>robndbox</type><name>wheat_head</name><pose>Unspecified</pose><truncated>0</truncated><difficult>0</difficult><robndbox><cx>108.1065</cx><cy>1010.3105</cy><w>39.743</w><h>19.5956</h><angle>0.051864</angle></robndbox></object><object><type>robndbox</type><name>wheat_head</name><pose>Unspecified</pose><truncated>0</truncated><difficult>0</difficult><robndbox><cx>782.2087</cx><cy>540.2225</cy><w>170.2372</w><h>27.8992</h><angle>0.668869</angle></robndbox></object><object><type>robndbox</type><name>wheat_head</name><pose>Unspecified</pose><truncated>0</truncated><difficult>0</difficult><robndbox><cx>131.6469</cx><cy>684.2792</cy><w>188.3106</w><h>31.464</h><angle>0.085797</angle></robndbox></object><object><type>robndbox</type><name>wheat_head</name><pose>Unspecified</pose><truncated>0</truncated><difficult>0</difficult><robndbox><cx>832.6176</cx><cy>785.5552</cy><w>170.3264</w><h>20.7407</h><angle>3.128381</angle></robndbox></object><object><type>robndbox</type><name>wheat_head</name><pose>Unspecified</pose><truncated>0</truncated><difficult>0</difficult><robndbox><cx>209.8006</cx><cy>538.6674</cy><w>119.4952</w><h>33.4759</h><angle>0.082538</angle></robndbox></object><object><type>robndbox</type><name>wheat_head</name><pose>Unspecified</pose><truncated>0</truncated><difficult>0</difficult><robndbox><cx>865.695</cx><cy>808.5536</cy><w>196.7482</w><h>25.0855</h><angle>0.62622</angle></robndbox></object><object><type>robndbox</type><name>wheat_head</name><pose>Unspecified</pose><truncated>0</truncated><difficult>0</difficult><robndbox><cx>250.7035</cx><cy>341.7029</cy><w>190.5352</w><h>32.7481</h><angle>0.767416</angle></robndbox></object><object><type>robndbox</type><name>wheat_head</name><pose>Unspecified</pose><truncated>0</truncated><difficult>0</difficult><robndbox><cx>35.2943</cx><cy>607.3698</cy><w>47.5235</w><h>17.2211</h><angle>0.045858</angle></robndbox></object><object><type>robndbox</type><name>wheat_head</name><pose>Unspecified</pose><truncated>0</truncated><difficult>0</difficult><robndbox><cx>962.6364</cx><cy>463.6332</cy><w>119.1959</w><h>36.9814</h><angle>0.557046</angle></robndbox></object><object><type>robndbox</type><name>wheat_head</name><pose>Unspecified</pose><truncated>0</truncated><difficult>0</difficult><robndbox><cx>859.8874</cx><cy>212.7926</cy><w>78.9245</w><h>32.1645</h><angle>3.099411</angle></robndbox></object><object><type>robndbox</type><name>wheat_head</name><pose>Unspecified</pose><truncated>0</truncated><difficult>0</difficult><robndbox><cx>851.2933</cx><cy>803.2649</cy><w>218.0107</w><h>28.1016</h><angle>0.852129</angle></robndbox></object><object><type>robndbox</type><name>wheat_head</name><pose>Unspecified</pose><truncated>0</truncated><difficult>0</difficult><robndbox><cx>305.5708</cx><cy>538.1798</cy><w>103.1742</w><h>30.0881</h><angle>0.028442</angle></robndbox></object><object><type>robndbox</type><name>wheat_head</name><pose>Unspecified</pose><truncated>0</truncated><difficult>0</difficult><robndbox><cx>111.1677</cx><cy>657.7357</cy><w>42.9221</w><h>13.3743</h><angle>0.272025</angle></robndbox></object><object><type>robndbox</type><name>wheat_head</name><pose>Unspecified</pose><truncated>0</truncated><difficult>0</difficult><robndbox><cx>67.9944</cx><cy>641.1563</cy><w>79.6259</w><h>27.971</h><angle>2.871666</angle></robndbox></object><object><type>robndbox</type><name>wheat_head</name><pose>Unspecified</pose><truncated>0</truncated><difficult>0</difficult><robndbox><cx>504.4321</cx><cy>533.2232</cy><w>131.7048</w><h>36.3719</h><angle>0.87411</angle></robndbox></object><object><type>robndbox</type><name>wheat_head</name><pose>Unspecified</pose><truncated>0</truncated><difficult>0</difficult><robndbox><cx>649.1584</cx><cy>526.2499</cy><w>146.5697</w><h>32.9559</h><angle>0.035159</angle></robndbox></object><object><type>robndbox</type><name>wheat_head</name><pose>Unspecified</pose><truncated>0</truncated><difficult>0</difficult><robndbox><cx>14.5376</cx><cy>471.6365</cy><w>34.1321</w><h>19.9558</h><angle>0.555494</angle></robndbox></object><object><type>robndbox</type><name>wheat_head</name><pose>Unspecified</pose><truncated>0</truncated><difficult>0</difficult><robndbox><cx>647.729</cx><cy>287.4947</cy><w>102.3963</w><h>19.0399</h><angle>0.555494</angle></robndbox></object></annotation>