<annotation verified="no"><folder>images</folder><filename>6bfbcee57</filename><path>/home/badhon/Documents/thesis/final_dataset/ethz_1/images/6bfbcee57.jpg</path><source><database>Unknown</database></source><size><width>1024</width><height>1024</height><depth>3</depth></size><segmented>0</segmented><object><type>robndbox</type><name>wheat_head</name><pose>Unspecified</pose><truncated>0</truncated><difficult>0</difficult><robndbox><cx>1011.3991</cx><cy>57.076</cy><w>34.5299</w><h>19.5968</h><angle>1.594697</angle></robndbox></object><object><type>robndbox</type><name>wheat_head</name><pose>Unspecified</pose><truncated>0</truncated><difficult>0</difficult><robndbox><cx>824.9359</cx><cy>54.0223</cy><w>83.1934</w><h>37.7331</h><angle>0.693517</angle></robndbox></object><object><type>robndbox</type><name>wheat_head</name><pose>Unspecified</pose><truncated>0</truncated><difficult>0</difficult><robndbox><cx>49.4046</cx><cy>207.9823</cy><w>109.3616</w><h>35.8023</h><angle>0.397058</angle></robndbox></object><object><type>robndbox</type><name>wheat_head</name><pose>Unspecified</pose><truncated>0</truncated><difficult>0</difficult><robndbox><cx>261.0337</cx><cy>497.6071</cy><w>94.1488</w><h>38.1654</h><angle>0.548694</angle></robndbox></object><object><type>robndbox</type><name>wheat_head</name><pose>Unspecified</pose><truncated>0</truncated><difficult>0</difficult><robndbox><cx>877.4823</cx><cy>439.9257</cy><w>95.5285</w><h>35.0461</h><angle>0.430662</angle></robndbox></object><object><type>robndbox</type><name>wheat_head</name><pose>Unspecified</pose><truncated>0</truncated><difficult>0</difficult><robndbox><cx>832.1053</cx><cy>522.4644</cy><w>99.6593</w><h>37.265</h><angle>0.506281</angle></robndbox></object><object><type>robndbox</type><name>wheat_head</name><pose>Unspecified</pose><truncated>0</truncated><difficult>0</difficult><robndbox><cx>168.2072</cx><cy>110.5537</cy><w>95.0484</w><h>34.3216</h><angle>0.507154</angle></robndbox></object><object><type>robndbox</type><name>wheat_head</name><pose>Unspecified</pose><truncated>0</truncated><difficult>0</difficult><robndbox><cx>46.4329</cx><cy>93.7384</cy><w>83.7567</w><h>32.721</h><angle>0.610792</angle></robndbox></object><object><type>robndbox</type><name>wheat_head</name><pose>Unspecified</pose><truncated>0</truncated><difficult>0</difficult><robndbox><cx>830.559</cx><cy>229.8786</cy><w>79.7665</w><h>38.1713</h><angle>0.694784</angle></robndbox></object><object><type>robndbox</type><name>wheat_head</name><pose>Unspecified</pose><truncated>0</truncated><difficult>0</difficult><robndbox><cx>451.7045</cx><cy>683.8029</cy><w>75.5975</w><h>33.5805</h><angle>0.371089</angle></robndbox></object><object><type>robndbox</type><name>wheat_head</name><pose>Unspecified</pose><truncated>0</truncated><difficult>0</difficult><robndbox><cx>124.5773</cx><cy>485.4661</cy><w>95.9481</w><h>35.725</h><angle>0.383031</angle></robndbox></object><object><type>robndbox</type><name>wheat_head</name><pose>Unspecified</pose><truncated>0</truncated><difficult>0</difficult><robndbox><cx>370.587</cx><cy>742.69</cy><w>87.4554</w><h>33.9285</h><angle>0.572055</angle></robndbox></object><object><type>robndbox</type><name>wheat_head</name><pose>Unspecified</pose><truncated>0</truncated><difficult>0</difficult><robndbox><cx>1013.6451</cx><cy>154.0655</cy><w>30.5452</w><h>17.3179</h><angle>1.615151</angle></robndbox></object><object><type>robndbox</type><name>wheat_head</name><pose>Unspecified</pose><truncated>0</truncated><difficult>0</difficult><robndbox><cx>948.9797</cx><cy>214.9681</cy><w>81.4279</w><h>33.7583</h><angle>0.562459</angle></robndbox></object><object><type>robndbox</type><name>wheat_head</name><pose>Unspecified</pose><truncated>0</truncated><difficult>0</difficult><robndbox><cx>204.4803</cx><cy>210.2332</cy><w>72.1572</w><h>30.2109</h><angle>0.494514</angle></robndbox></object><object><type>robndbox</type><name>wheat_head</name><pose>Unspecified</pose><truncated>0</truncated><difficult>0</difficult><robndbox><cx>415.4472</cx><cy>200.7485</cy><w>71.4553</w><h>30.8314</h><angle>0.561701</angle></robndbox></object><object><type>robndbox</type><name>wheat_head</name><pose>Unspecified</pose><truncated>0</truncated><difficult>0</difficult><robndbox><cx>63.0291</cx><cy>824.6048</cy><w>94.8153</w><h>32.6887</h><angle>0.293042</angle></robndbox></object><object><type>robndbox</type><name>wheat_head</name><pose>Unspecified</pose><truncated>0</truncated><difficult>0</difficult><robndbox><cx>143.0023</cx><cy>664.5018</cy><w>98.3486</w><h>32.9271</h><angle>0.197603</angle></robndbox></object><object><type>robndbox</type><name>wheat_head</name><pose>Unspecified</pose><truncated>0</truncated><difficult>0</difficult><robndbox><cx>439.3327</cx><cy>372.8515</cy><w>104.9641</w><h>33.463</h><angle>0.524237</angle></robndbox></object><object><type>robndbox</type><name>wheat_head</name><pose>Unspecified</pose><truncated>0</truncated><difficult>0</difficult><robndbox><cx>331.7253</cx><cy>948.7545</cy><w>84.38</w><h>29.7827</h><angle>0.418974</angle></robndbox></object><object><type>robndbox</type><name>wheat_head</name><pose>Unspecified</pose><truncated>0</truncated><difficult>0</difficult><robndbox><cx>42.7307</cx><cy>278.6784</cy><w>86.8736</w><h>29.423</h><angle>0.372359</angle></robndbox></object><object><type>robndbox</type><name>wheat_head</name><pose>Unspecified</pose><truncated>0</truncated><difficult>0</difficult><robndbox><cx>413.5262</cx><cy>625.0516</cy><w>83.8591</w><h>29.3045</h><angle>0.230708</angle></robndbox></object><object><type>robndbox</type><name>wheat_head</name><pose>Unspecified</pose><truncated>0</truncated><difficult>0</difficult><robndbox><cx>945.1442</cx><cy>285.7542</cy><w>87.6513</w><h>29.7259</h><angle>0.553745</angle></robndbox></object><object><type>robndbox</type><name>wheat_head</name><pose>Unspecified</pose><truncated>0</truncated><difficult>0</difficult><robndbox><cx>763.9594</cx><cy>836.6938</cy><w>56.8873</w><h>28.9668</h><angle>0.44082</angle></robndbox></object><object><type>robndbox</type><name>wheat_head</name><pose>Unspecified</pose><truncated>0</truncated><difficult>0</difficult><robndbox><cx>650.1235</cx><cy>27.9811</cy><w>75.6652</w><h>34.084</h><angle>0.50418</angle></robndbox></object><object><type>robndbox</type><name>wheat_head</name><pose>Unspecified</pose><truncated>0</truncated><difficult>0</difficult><robndbox><cx>508.9908</cx><cy>861.0918</cy><w>89.2629</w><h>37.059</h><angle>0.262436</angle></robndbox></object><object><type>robndbox</type><name>wheat_head</name><pose>Unspecified</pose><truncated>0</truncated><difficult>0</difficult><robndbox><cx>338.8444</cx><cy>798.7706</cy><w>79.9505</w><h>31.4833</h><angle>0.399411</angle></robndbox></object><object><type>robndbox</type><name>wheat_head</name><pose>Unspecified</pose><truncated>0</truncated><difficult>0</difficult><robndbox><cx>139.0663</cx><cy>916.6808</cy><w>64.3688</w><h>26.7446</h><angle>0.251562</angle></robndbox></object><object><type>robndbox</type><name>wheat_head</name><pose>Unspecified</pose><truncated>0</truncated><difficult>0</difficult><robndbox><cx>674.0599</cx><cy>278.6283</cy><w>104.8217</w><h>36.2205</h><angle>0.246308</angle></robndbox></object><object><type>robndbox</type><name>wheat_head</name><pose>Unspecified</pose><truncated>0</truncated><difficult>0</difficult><robndbox><cx>932.0602</cx><cy>319.4519</cy><w>81.9965</w><h>28.4858</h><angle>0.28308</angle></robndbox></object><object><type>robndbox</type><name>wheat_head</name><pose>Unspecified</pose><truncated>0</truncated><difficult>0</difficult><robndbox><cx>396.7138</cx><cy>926.9868</cy><w>59.3956</w><h>28.6654</h><angle>0.34585</angle></robndbox></object><object><type>robndbox</type><name>wheat_head</name><pose>Unspecified</pose><truncated>0</truncated><difficult>0</difficult><robndbox><cx>746.0255</cx><cy>82.8582</cy><w>102.0041</w><h>29.8847</h><angle>0.478886</angle></robndbox></object><object><type>robndbox</type><name>wheat_head</name><pose>Unspecified</pose><truncated>0</truncated><difficult>0</difficult><robndbox><cx>815.8738</cx><cy>1007.8679</cy><w>56.433</w><h>21.8522</h><angle>0.136504</angle></robndbox></object><object><type>robndbox</type><name>wheat_head</name><pose>Unspecified</pose><truncated>0</truncated><difficult>0</difficult><robndbox><cx>455.6967</cx><cy>324.8326</cy><w>146.57</w><h>39.1606</h><angle>0.09466</angle></robndbox></object><object><type>robndbox</type><name>wheat_head</name><pose>Unspecified</pose><truncated>0</truncated><difficult>0</difficult><robndbox><cx>345.4311</cx><cy>179.2073</cy><w>121.6217</w><h>35.3523</h><angle>0.853015</angle></robndbox></object><object><type>robndbox</type><name>wheat_head</name><pose>Unspecified</pose><truncated>0</truncated><difficult>0</difficult><robndbox><cx>891.5016</cx><cy>888.2304</cy><w>78.2149</w><h>29.9443</h><angle>2.945376</angle></robndbox></object><object><type>robndbox</type><name>wheat_head</name><pose>Unspecified</pose><truncated>0</truncated><difficult>0</difficult><robndbox><cx>467.0966</cx><cy>913.2183</cy><w>89.6531</w><h>32.8877</h><angle>0.224802</angle></robndbox></object><object><type>robndbox</type><name>wheat_head</name><pose>Unspecified</pose><truncated>0</truncated><difficult>0</difficult><robndbox><cx>848.2957</cx><cy>563.8176</cy><w>48.6247</w><h>20.2684</h><angle>0.198257</angle></robndbox></object><object><type>robndbox</type><name>wheat_head</name><pose>Unspecified</pose><truncated>0</truncated><difficult>0</difficult><robndbox><cx>781.0815</cx><cy>148.1052</cy><w>86.1133</w><h>34.909</h><angle>0.56192</angle></robndbox></object><object><type>robndbox</type><name>wheat_head</name><pose>Unspecified</pose><truncated>0</truncated><difficult>0</difficult><robndbox><cx>275.91</cx><cy>917.0905</cy><w>110.1023</w><h>23.2548</h><angle>0.145001</angle></robndbox></object><object><type>robndbox</type><name>wheat_head</name><pose>Unspecified</pose><truncated>0</truncated><difficult>0</difficult><robndbox><cx>647.2162</cx><cy>549.069</cy><w>60.0679</w><h>28.3224</h><angle>0.352888</angle></robndbox></object><object><type>robndbox</type><name>wheat_head</name><pose>Unspecified</pose><truncated>0</truncated><difficult>0</difficult><robndbox><cx>115.268</cx><cy>870.4338</cy><w>62.8424</w><h>26.9729</h><angle>0.270346</angle></robndbox></object><object><type>robndbox</type><name>wheat_head</name><pose>Unspecified</pose><truncated>0</truncated><difficult>0</difficult><robndbox><cx>791.8461</cx><cy>882.7313</cy><w>44.2968</w><h>27.1043</h><angle>0.398747</angle></robndbox></object><object><type>robndbox</type><name>wheat_head</name><pose>Unspecified</pose><truncated>0</truncated><difficult>0</difficult><robndbox><cx>845.2333</cx><cy>988.9172</cy><w>73.8463</w><h>29.3689</h><angle>0.118805</angle></robndbox></object><object><type>robndbox</type><name>wheat_head</name><pose>Unspecified</pose><truncated>0</truncated><difficult>0</difficult><robndbox><cx>280.7475</cx><cy>884.27</cy><w>92.5943</w><h>30.6577</h><angle>0.097161</angle></robndbox></object><object><type>robndbox</type><name>wheat_head</name><pose>Unspecified</pose><truncated>0</truncated><difficult>0</difficult><robndbox><cx>114.1065</cx><cy>764.0685</cy><w>112.4636</w><h>37.7281</h><angle>2.713568</angle></robndbox></object><object><type>robndbox</type><name>wheat_head</name><pose>Unspecified</pose><truncated>0</truncated><difficult>0</difficult><robndbox><cx>29.9226</cx><cy>436.5033</cy><w>59.1196</w><h>27.7067</h><angle>0.154275</angle></robndbox></object><object><type>robndbox</type><name>wheat_head</name><pose>Unspecified</pose><truncated>0</truncated><difficult>0</difficult><robndbox><cx>101.3013</cx><cy>552.3156</cy><w>74.631</w><h>26.6392</h><angle>0.073495</angle></robndbox></object><object><type>robndbox</type><name>wheat_head</name><pose>Unspecified</pose><truncated>0</truncated><difficult>0</difficult><robndbox><cx>348.8241</cx><cy>689.0177</cy><w>130.4676</w><h>35.9287</h><angle>0.168626</angle></robndbox></object><object><type>robndbox</type><name>wheat_head</name><pose>Unspecified</pose><truncated>0</truncated><difficult>0</difficult><robndbox><cx>1007.3387</cx><cy>353.6048</cy><w>31.043</w><h>29.5277</h><angle>2.948479</angle></robndbox></object><object><type>robndbox</type><name>wheat_head</name><pose>Unspecified</pose><truncated>0</truncated><difficult>0</difficult><robndbox><cx>740.986</cx><cy>532.2349</cy><w>74.3566</w><h>29.5951</h><angle>3.124591</angle></robndbox></object><object><type>robndbox</type><name>wheat_head</name><pose>Unspecified</pose><truncated>0</truncated><difficult>0</difficult><robndbox><cx>543.5629</cx><cy>592.7617</cy><w>97.4541</w><h>30.6617</h><angle>0.246972</angle></robndbox></object><object><type>robndbox</type><name>wheat_head</name><pose>Unspecified</pose><truncated>0</truncated><difficult>0</difficult><robndbox><cx>545.9307</cx><cy>974.545</cy><w>43.5459</w><h>25.2855</h><angle>3.041189</angle></robndbox></object><object><type>robndbox</type><name>wheat_head</name><pose>Unspecified</pose><truncated>0</truncated><difficult>0</difficult><robndbox><cx>290.9495</cx><cy>986.3949</cy><w>102.8147</w><h>31.531</h><angle>3.012306</angle></robndbox></object><object><type>robndbox</type><name>wheat_head</name><pose>Unspecified</pose><truncated>0</truncated><difficult>0</difficult><robndbox><cx>615.9763</cx><cy>723.2659</cy><w>123.543</w><h>32.3472</h><angle>0.180679</angle></robndbox></object><object><type>robndbox</type><name>wheat_head</name><pose>Unspecified</pose><truncated>0</truncated><difficult>0</difficult><robndbox><cx>45.1804</cx><cy>913.365</cy><w>76.881</w><h>32.5148</h><angle>3.036113</angle></robndbox></object><object><type>robndbox</type><name>wheat_head</name><pose>Unspecified</pose><truncated>0</truncated><difficult>0</difficult><robndbox><cx>508.9908</cx><cy>861.0918</cy><w>89.2629</w><h>37.059</h><angle>0.262436</angle></robndbox></object><object><type>robndbox</type><name>wheat_head</name><pose>Unspecified</pose><truncated>0</truncated><difficult>0</difficult><robndbox><cx>55.5469</cx><cy>623.597</cy><w>84.4339</w><h>27.4709</h><angle>3.037734</angle></robndbox></object><object><type>robndbox</type><name>wheat_head</name><pose>Unspecified</pose><truncated>0</truncated><difficult>0</difficult><robndbox><cx>856.6788</cx><cy>906.032</cy><w>88.6128</w><h>29.6968</h><angle>0.203783</angle></robndbox></object><object><type>robndbox</type><name>wheat_head</name><pose>Unspecified</pose><truncated>0</truncated><difficult>0</difficult><robndbox><cx>29.336</cx><cy>526.8987</cy><w>55.3757</w><h>27.881</h><angle>0.156793</angle></robndbox></object><object><type>robndbox</type><name>wheat_head</name><pose>Unspecified</pose><truncated>0</truncated><difficult>0</difficult><robndbox><cx>433.3481</cx><cy>284.1664</cy><w>41.006</w><h>17.9666</h><angle>0.407183</angle></robndbox></object><object><type>robndbox</type><name>wheat_head</name><pose>Unspecified</pose><truncated>0</truncated><difficult>0</difficult><robndbox><cx>932.0602</cx><cy>319.4519</cy><w>81.9965</w><h>28.4858</h><angle>0.28308</angle></robndbox></object><object><type>robndbox</type><name>wheat_head</name><pose>Unspecified</pose><truncated>0</truncated><difficult>0</difficult><robndbox><cx>777.3882</cx><cy>682.9153</cy><w>68.5488</w><h>26.0753</h><angle>3.12398</angle></robndbox></object><object><type>robndbox</type><name>wheat_head</name><pose>Unspecified</pose><truncated>0</truncated><difficult>0</difficult><robndbox><cx>705.9927</cx><cy>922.2973</cy><w>85.9391</w><h>36.0825</h><angle>0.253532</angle></robndbox></object><object><type>robndbox</type><name>wheat_head</name><pose>Unspecified</pose><truncated>0</truncated><difficult>0</difficult><robndbox><cx>681.2212</cx><cy>873.912</cy><w>37.2177</w><h>23.3534</h><angle>0.126981</angle></robndbox></object><object><type>robndbox</type><name>wheat_head</name><pose>Unspecified</pose><truncated>0</truncated><difficult>0</difficult><robndbox><cx>8.7981</cx><cy>945.7559</cy><w>20.9732</w><h>16.7199</h><angle>1.626201</angle></robndbox></object><object><type>robndbox</type><name>wheat_head</name><pose>Unspecified</pose><truncated>0</truncated><difficult>0</difficult><robndbox><cx>308.4269</cx><cy>181.7214</cy><w>49.6597</w><h>16.124</h><angle>0.553015</angle></robndbox></object><object><type>robndbox</type><name>wheat_head</name><pose>Unspecified</pose><truncated>0</truncated><difficult>0</difficult><robndbox><cx>388.2963</cx><cy>249.6619</cy><w>44.687</w><h>15.1688</h><angle>0.502843</angle></robndbox></object><object><type>robndbox</type><name>wheat_head</name><pose>Unspecified</pose><truncated>0</truncated><difficult>0</difficult><robndbox><cx>13.0223</cx><cy>593.3421</cy><w>22.2036</w><h>9.8299</h><angle>0.135528</angle></robndbox></object><object><type>robndbox</type><name>wheat_head</name><pose>Unspecified</pose><truncated>0</truncated><difficult>0</difficult><robndbox><cx>511.8607</cx><cy>542.4879</cy><w>46.0977</w><h>22.3614</h><angle>0.424832</angle></robndbox></object><object><type>robndbox</type><name>wheat_head</name><pose>Unspecified</pose><truncated>0</truncated><difficult>0</difficult><robndbox><cx>557.8141</cx><cy>550.1638</cy><w>68.5055</w><h>21.0282</h><angle>0.588003</angle></robndbox></object></annotation>