<annotation verified="no"><folder>images</folder><filename>6c7a6f8b8</filename><path>/home/badhon/Documents/thesis/final_dataset/ethz_1/images/6c7a6f8b8.jpg</path><source><database>Unknown</database></source><size><width>1024</width><height>1024</height><depth>3</depth></size><segmented>0</segmented><object><type>robndbox</type><name>wheat_head</name><pose>Unspecified</pose><truncated>0</truncated><difficult>0</difficult><robndbox><cx>497.9177</cx><cy>63.3866</cy><w>92.2624</w><h>27.1676</h><angle>0.782286</angle></robndbox></object><object><type>robndbox</type><name>wheat_head</name><pose>Unspecified</pose><truncated>0</truncated><difficult>0</difficult><robndbox><cx>211.8591</cx><cy>774.4385</cy><w>71.633</w><h>34.0599</h><angle>1.109664</angle></robndbox></object><object><type>robndbox</type><name>wheat_head</name><pose>Unspecified</pose><truncated>0</truncated><difficult>0</difficult><robndbox><cx>856.533</cx><cy>311.3373</cy><w>85.9522</w><h>24.1023</h><angle>0.965809</angle></robndbox></object><object><type>robndbox</type><name>wheat_head</name><pose>Unspecified</pose><truncated>0</truncated><difficult>0</difficult><robndbox><cx>63.6728</cx><cy>237.8306</cy><w>87.6314</w><h>32.6703</h><angle>0.573469</angle></robndbox></object><object><type>robndbox</type><name>wheat_head</name><pose>Unspecified</pose><truncated>0</truncated><difficult>0</difficult><robndbox><cx>55.0319</cx><cy>593.1982</cy><w>77.1463</w><h>36.1183</h><angle>0.856208</angle></robndbox></object><object><type>robndbox</type><name>wheat_head</name><pose>Unspecified</pose><truncated>0</truncated><difficult>0</difficult><robndbox><cx>276.4</cx><cy>143.1166</cy><w>80.1317</w><h>40.2314</h><angle>0.88462</angle></robndbox></object><object><type>robndbox</type><name>wheat_head</name><pose>Unspecified</pose><truncated>0</truncated><difficult>0</difficult><robndbox><cx>62.2979</cx><cy>703.2131</cy><w>83.758</w><h>33.3558</h><angle>0.684242</angle></robndbox></object><object><type>robndbox</type><name>wheat_head</name><pose>Unspecified</pose><truncated>0</truncated><difficult>0</difficult><robndbox><cx>217.7243</cx><cy>972.0586</cy><w>123.2869</w><h>34.4621</h><angle>0.489718</angle></robndbox></object><object><type>robndbox</type><name>wheat_head</name><pose>Unspecified</pose><truncated>0</truncated><difficult>0</difficult><robndbox><cx>511.6487</cx><cy>918.0146</cy><w>80.4829</w><h>33.601</h><angle>0.915316</angle></robndbox></object><object><type>robndbox</type><name>wheat_head</name><pose>Unspecified</pose><truncated>0</truncated><difficult>0</difficult><robndbox><cx>603.1919</cx><cy>977.6835</cy><w>62.3398</w><h>30.9656</h><angle>0.934889</angle></robndbox></object><object><type>robndbox</type><name>wheat_head</name><pose>Unspecified</pose><truncated>0</truncated><difficult>0</difficult><robndbox><cx>626.6965</cx><cy>638.326</cy><w>60.316</w><h>32.051</h><angle>1.096203</angle></robndbox></object><object><type>robndbox</type><name>wheat_head</name><pose>Unspecified</pose><truncated>0</truncated><difficult>0</difficult><robndbox><cx>866.8459</cx><cy>754.0046</cy><w>92.5039</w><h>34.6337</h><angle>0.663855</angle></robndbox></object><object><type>robndbox</type><name>wheat_head</name><pose>Unspecified</pose><truncated>0</truncated><difficult>0</difficult><robndbox><cx>849.429</cx><cy>428.7187</cy><w>143.8195</w><h>41.8305</h><angle>1.20142</angle></robndbox></object><object><type>robndbox</type><name>wheat_head</name><pose>Unspecified</pose><truncated>0</truncated><difficult>0</difficult><robndbox><cx>269.4573</cx><cy>649.2147</cy><w>90.0683</w><h>31.7336</h><angle>0.395629</angle></robndbox></object><object><type>robndbox</type><name>wheat_head</name><pose>Unspecified</pose><truncated>0</truncated><difficult>0</difficult><robndbox><cx>227.2367</cx><cy>331.4677</cy><w>121.3682</w><h>35.0223</h><angle>0.561797</angle></robndbox></object><object><type>robndbox</type><name>wheat_head</name><pose>Unspecified</pose><truncated>0</truncated><difficult>0</difficult><robndbox><cx>7.673</cx><cy>235.4863</cy><w>29.9688</w><h>12.9906</h><angle>1.639612</angle></robndbox></object><object><type>robndbox</type><name>wheat_head</name><pose>Unspecified</pose><truncated>0</truncated><difficult>0</difficult><robndbox><cx>303.5457</cx><cy>764.7943</cy><w>81.0078</w><h>32.0679</h><angle>0.68612</angle></robndbox></object><object><type>robndbox</type><name>wheat_head</name><pose>Unspecified</pose><truncated>0</truncated><difficult>0</difficult><robndbox><cx>16.7436</cx><cy>32.423</cy><w>32.9303</w><h>30.6376</h><angle>0.431251</angle></robndbox></object><object><type>robndbox</type><name>wheat_head</name><pose>Unspecified</pose><truncated>0</truncated><difficult>0</difficult><robndbox><cx>327.0174</cx><cy>710.902</cy><w>84.3212</w><h>31.3262</h><angle>0.197927</angle></robndbox></object><object><type>robndbox</type><name>wheat_head</name><pose>Unspecified</pose><truncated>0</truncated><difficult>0</difficult><robndbox><cx>135.4782</cx><cy>24.8541</cy><w>86.0878</w><h>35.4515</h><angle>0.55267</angle></robndbox></object><object><type>robndbox</type><name>wheat_head</name><pose>Unspecified</pose><truncated>0</truncated><difficult>0</difficult><robndbox><cx>620.3474</cx><cy>316.3575</cy><w>110.0212</w><h>35.051</h><angle>0.320536</angle></robndbox></object><object><type>robndbox</type><name>wheat_head</name><pose>Unspecified</pose><truncated>0</truncated><difficult>0</difficult><robndbox><cx>772.6409</cx><cy>402.1278</cy><w>44.8952</w><h>31.4054</h><angle>1.111855</angle></robndbox></object><object><type>robndbox</type><name>wheat_head</name><pose>Unspecified</pose><truncated>0</truncated><difficult>0</difficult><robndbox><cx>471.6052</cx><cy>763.3666</cy><w>102.2243</w><h>33.8912</h><angle>0.268503</angle></robndbox></object><object><type>robndbox</type><name>wheat_head</name><pose>Unspecified</pose><truncated>0</truncated><difficult>0</difficult><robndbox><cx>272.1259</cx><cy>296.1479</cy><w>142.536</w><h>39.5591</h><angle>0.88612</angle></robndbox></object><object><type>robndbox</type><name>wheat_head</name><pose>Unspecified</pose><truncated>0</truncated><difficult>0</difficult><robndbox><cx>382.7959</cx><cy>1006.4915</cy><w>45.7464</w><h>21.1853</h><angle>0.387932</angle></robndbox></object><object><type>robndbox</type><name>wheat_head</name><pose>Unspecified</pose><truncated>0</truncated><difficult>0</difficult><robndbox><cx>365.2304</cx><cy>71.993</cy><w>59.8917</w><h>33.0124</h><angle>1.335283</angle></robndbox></object><object><type>robndbox</type><name>wheat_head</name><pose>Unspecified</pose><truncated>0</truncated><difficult>0</difficult><robndbox><cx>156.0181</cx><cy>398.6128</cy><w>63.2191</w><h>28.2781</h><angle>0.584721</angle></robndbox></object><object><type>robndbox</type><name>wheat_head</name><pose>Unspecified</pose><truncated>0</truncated><difficult>0</difficult><robndbox><cx>55.7841</cx><cy>10.3244</cy><w>51.5538</w><h>28.0221</h><angle>0.557262</angle></robndbox></object><object><type>robndbox</type><name>wheat_head</name><pose>Unspecified</pose><truncated>0</truncated><difficult>0</difficult><robndbox><cx>31.9194</cx><cy>947.4662</cy><w>97.3527</w><h>32.7287</h><angle>1.05236</angle></robndbox></object><object><type>robndbox</type><name>wheat_head</name><pose>Unspecified</pose><truncated>0</truncated><difficult>0</difficult><robndbox><cx>914.5136</cx><cy>321.3799</cy><w>70.0005</w><h>27.2859</h><angle>0.694331</angle></robndbox></object><object><type>robndbox</type><name>wheat_head</name><pose>Unspecified</pose><truncated>0</truncated><difficult>0</difficult><robndbox><cx>789.791</cx><cy>252.7277</cy><w>52.4404</w><h>33.2775</h><angle>0.488934</angle></robndbox></object><object><type>robndbox</type><name>wheat_head</name><pose>Unspecified</pose><truncated>0</truncated><difficult>0</difficult><robndbox><cx>26.7888</cx><cy>1009.0261</cy><w>50.2211</w><h>24.2122</h><angle>0.184504</angle></robndbox></object><object><type>robndbox</type><name>wheat_head</name><pose>Unspecified</pose><truncated>0</truncated><difficult>0</difficult><robndbox><cx>737.5534</cx><cy>248.0099</cy><w>96.2633</w><h>28.7528</h><angle>1.005929</angle></robndbox></object><object><type>robndbox</type><name>wheat_head</name><pose>Unspecified</pose><truncated>0</truncated><difficult>0</difficult><robndbox><cx>202.4988</cx><cy>447.6371</cy><w>52.3241</w><h>30.056</h><angle>0.678367</angle></robndbox></object><object><type>robndbox</type><name>wheat_head</name><pose>Unspecified</pose><truncated>0</truncated><difficult>0</difficult><robndbox><cx>272.1259</cx><cy>296.1479</cy><w>142.536</w><h>39.5591</h><angle>0.88612</angle></robndbox></object><object><type>robndbox</type><name>wheat_head</name><pose>Unspecified</pose><truncated>0</truncated><difficult>0</difficult><robndbox><cx>6.5</cx><cy>397.5</cy><w>14.9657</w><h>13.0297</h><angle>1.503209</angle></robndbox></object><object><type>robndbox</type><name>wheat_head</name><pose>Unspecified</pose><truncated>0</truncated><difficult>0</difficult><robndbox><cx>996.3837</cx><cy>348.9572</cy><w>52.1447</w><h>44.6999</h><angle>0.624698</angle></robndbox></object><object><type>robndbox</type><name>wheat_head</name><pose>Unspecified</pose><truncated>0</truncated><difficult>0</difficult><robndbox><cx>170.5605</cx><cy>829.674</cy><w>56.0562</w><h>28.2151</h><angle>0.344965</angle></robndbox></object><object><type>robndbox</type><name>wheat_head</name><pose>Unspecified</pose><truncated>0</truncated><difficult>0</difficult><robndbox><cx>663.0</cx><cy>1000.0</cy><w>36.7579</w><h>36.1296</h><angle>1.486072</angle></robndbox></object><object><type>robndbox</type><name>wheat_head</name><pose>Unspecified</pose><truncated>0</truncated><difficult>0</difficult><robndbox><cx>713.966</cx><cy>297.2321</cy><w>56.2803</w><h>25.4247</h><angle>0.25118</angle></robndbox></object><object><type>robndbox</type><name>wheat_head</name><pose>Unspecified</pose><truncated>0</truncated><difficult>0</difficult><robndbox><cx>960.5706</cx><cy>428.3445</cy><w>44.126</w><h>33.2847</h><angle>1.121132</angle></robndbox></object><object><type>robndbox</type><name>wheat_head</name><pose>Unspecified</pose><truncated>0</truncated><difficult>0</difficult><robndbox><cx>652.8081</cx><cy>278.0837</cy><w>79.5714</w><h>27.6125</h><angle>0.53618</angle></robndbox></object><object><type>robndbox</type><name>wheat_head</name><pose>Unspecified</pose><truncated>0</truncated><difficult>0</difficult><robndbox><cx>640.0245</cx><cy>236.0186</cy><w>98.3267</w><h>23.5512</h><angle>0.610188</angle></robndbox></object><object><type>robndbox</type><name>wheat_head</name><pose>Unspecified</pose><truncated>0</truncated><difficult>0</difficult><robndbox><cx>481.9755</cx><cy>728.6386</cy><w>63.4666</w><h>22.0611</h><angle>0.193115</angle></robndbox></object><object><type>robndbox</type><name>wheat_head</name><pose>Unspecified</pose><truncated>0</truncated><difficult>0</difficult><robndbox><cx>280.5734</cx><cy>76.2564</cy><w>60.8296</w><h>22.0044</h><angle>0.770305</angle></robndbox></object><object><type>robndbox</type><name>wheat_head</name><pose>Unspecified</pose><truncated>0</truncated><difficult>0</difficult><robndbox><cx>886.0292</cx><cy>567.3077</cy><w>135.038</w><h>40.5043</h><angle>0.975877</angle></robndbox></object><object><type>robndbox</type><name>wheat_head</name><pose>Unspecified</pose><truncated>0</truncated><difficult>0</difficult><robndbox><cx>300.9124</cx><cy>621.5742</cy><w>133.244</w><h>32.3534</h><angle>0.369897</angle></robndbox></object><object><type>robndbox</type><name>wheat_head</name><pose>Unspecified</pose><truncated>0</truncated><difficult>0</difficult><robndbox><cx>415.6244</cx><cy>71.7946</cy><w>59.6134</w><h>30.159</h><angle>0.365867</angle></robndbox></object><object><type>robndbox</type><name>wheat_head</name><pose>Unspecified</pose><truncated>0</truncated><difficult>0</difficult><robndbox><cx>236.7372</cx><cy>384.2075</cy><w>46.7922</w><h>27.3297</h><angle>0.516913</angle></robndbox></object><object><type>robndbox</type><name>wheat_head</name><pose>Unspecified</pose><truncated>0</truncated><difficult>0</difficult><robndbox><cx>707.4775</cx><cy>770.3834</cy><w>38.6773</w><h>24.6033</h><angle>0.691493</angle></robndbox></object><object><type>robndbox</type><name>wheat_head</name><pose>Unspecified</pose><truncated>0</truncated><difficult>0</difficult><robndbox><cx>589.5633</cx><cy>781.3607</cy><w>33.8912</w><h>32.8211</h><angle>1.402934</angle></robndbox></object><object><type>robndbox</type><name>wheat_head</name><pose>Unspecified</pose><truncated>0</truncated><difficult>0</difficult><robndbox><cx>408.46</cx><cy>740.3546</cy><w>48.417</w><h>27.7471</h><angle>0.377212</angle></robndbox></object><object><type>robndbox</type><name>wheat_head</name><pose>Unspecified</pose><truncated>0</truncated><difficult>0</difficult><robndbox><cx>552.3117</cx><cy>399.4978</cy><w>72.7627</w><h>18.5743</h><angle>0.313113</angle></robndbox></object><object><type>robndbox</type><name>wheat_head</name><pose>Unspecified</pose><truncated>0</truncated><difficult>0</difficult><robndbox><cx>521.2992</cx><cy>292.8309</cy><w>152.9882</w><h>42.4729</h><angle>0.634077</angle></robndbox></object><object><type>robndbox</type><name>wheat_head</name><pose>Unspecified</pose><truncated>0</truncated><difficult>0</difficult><robndbox><cx>555.8873</cx><cy>366.3983</cy><w>112.6635</w><h>37.0531</h><angle>0.276702</angle></robndbox></object><object><type>robndbox</type><name>wheat_head</name><pose>Unspecified</pose><truncated>0</truncated><difficult>0</difficult><robndbox><cx>646.1066</cx><cy>357.3232</cy><w>28.1603</w><h>16.0317</h><angle>1.282741</angle></robndbox></object><object><type>robndbox</type><name>wheat_head</name><pose>Unspecified</pose><truncated>0</truncated><difficult>0</difficult><robndbox><cx>30.6698</cx><cy>368.3376</cy><w>64.4127</w><h>32.845</h><angle>0.484478</angle></robndbox></object><object><type>robndbox</type><name>wheat_head</name><pose>Unspecified</pose><truncated>0</truncated><difficult>0</difficult><robndbox><cx>45.3928</cx><cy>346.9687</cy><w>102.1763</w><h>16.7649</h><angle>0.702257</angle></robndbox></object><object><type>robndbox</type><name>wheat_head</name><pose>Unspecified</pose><truncated>0</truncated><difficult>0</difficult><robndbox><cx>258.7362</cx><cy>26.7713</cy><w>124.8879</w><h>40.5516</h><angle>0.420663</angle></robndbox></object><object><type>robndbox</type><name>wheat_head</name><pose>Unspecified</pose><truncated>0</truncated><difficult>0</difficult><robndbox><cx>296.0973</cx><cy>17.5674</cy><w>58.1808</w><h>14.4249</h><angle>0.50209</angle></robndbox></object><object><type>robndbox</type><name>wheat_head</name><pose>Unspecified</pose><truncated>0</truncated><difficult>0</difficult><robndbox><cx>408.581</cx><cy>30.3498</cy><w>57.3847</w><h>34.3707</h><angle>0.847048</angle></robndbox></object></annotation>