<annotation verified="no"><folder>images</folder><filename>6ef6fc905</filename><path>/home/badhon/Documents/thesis/final_dataset/ethz_1/images/6ef6fc905.jpg</path><source><database>Unknown</database></source><size><width>1024</width><height>1024</height><depth>3</depth></size><segmented>0</segmented><object><type>robndbox</type><name>wheat_head</name><pose>Unspecified</pose><truncated>0</truncated><difficult>0</difficult><robndbox><cx>960.6057</cx><cy>754.2086</cy><w>101.536</w><h>33.433</h><angle>0.571153</angle></robndbox></object><object><type>robndbox</type><name>wheat_head</name><pose>Unspecified</pose><truncated>0</truncated><difficult>0</difficult><robndbox><cx>802.6988</cx><cy>654.3732</cy><w>95.9105</w><h>34.9148</h><angle>1.803311</angle></robndbox></object><object><type>robndbox</type><name>wheat_head</name><pose>Unspecified</pose><truncated>0</truncated><difficult>0</difficult><robndbox><cx>273.4919</cx><cy>16.4333</cy><w>84.5836</w><h>30.8858</h><angle>0.446406</angle></robndbox></object><object><type>robndbox</type><name>wheat_head</name><pose>Unspecified</pose><truncated>0</truncated><difficult>0</difficult><robndbox><cx>762.5223</cx><cy>109.0967</cy><w>97.2737</w><h>30.4725</h><angle>0.434992</angle></robndbox></object><object><type>robndbox</type><name>wheat_head</name><pose>Unspecified</pose><truncated>0</truncated><difficult>0</difficult><robndbox><cx>995.0825</cx><cy>363.4834</cy><w>81.753</w><h>34.0996</h><angle>1.283974</angle></robndbox></object><object><type>robndbox</type><name>wheat_head</name><pose>Unspecified</pose><truncated>0</truncated><difficult>0</difficult><robndbox><cx>808.2262</cx><cy>163.4753</cy><w>101.1542</w><h>36.3473</h><angle>0.343318</angle></robndbox></object><object><type>robndbox</type><name>wheat_head</name><pose>Unspecified</pose><truncated>0</truncated><difficult>0</difficult><robndbox><cx>683.168</cx><cy>24.5786</cy><w>55.8124</w><h>35.1678</h><angle>1.10504</angle></robndbox></object><object><type>robndbox</type><name>wheat_head</name><pose>Unspecified</pose><truncated>0</truncated><difficult>0</difficult><robndbox><cx>346.4843</cx><cy>703.0175</cy><w>69.543</w><h>22.5808</h><angle>0.692254</angle></robndbox></object><object><type>robndbox</type><name>wheat_head</name><pose>Unspecified</pose><truncated>0</truncated><difficult>0</difficult><robndbox><cx>680.3724</cx><cy>187.3778</cy><w>105.8508</w><h>32.8951</h><angle>0.901515</angle></robndbox></object><object><type>robndbox</type><name>wheat_head</name><pose>Unspecified</pose><truncated>0</truncated><difficult>0</difficult><robndbox><cx>838.0642</cx><cy>472.2003</cy><w>130.0807</w><h>29.3618</h><angle>0.720186</angle></robndbox></object><object><type>robndbox</type><name>wheat_head</name><pose>Unspecified</pose><truncated>0</truncated><difficult>0</difficult><robndbox><cx>867.4141</cx><cy>291.8459</cy><w>163.9149</w><h>42.332</h><angle>0.180487</angle></robndbox></object><object><type>robndbox</type><name>wheat_head</name><pose>Unspecified</pose><truncated>0</truncated><difficult>0</difficult><robndbox><cx>622.8766</cx><cy>277.2771</cy><w>139.4124</w><h>36.128</h><angle>0.553476</angle></robndbox></object><object><type>robndbox</type><name>wheat_head</name><pose>Unspecified</pose><truncated>0</truncated><difficult>0</difficult><robndbox><cx>762.7431</cx><cy>443.5037</cy><w>123.4922</w><h>35.5243</h><angle>0.756136</angle></robndbox></object><object><type>robndbox</type><name>wheat_head</name><pose>Unspecified</pose><truncated>0</truncated><difficult>0</difficult><robndbox><cx>219.0643</cx><cy>654.9042</cy><w>66.0915</w><h>32.2534</h><angle>0.480168</angle></robndbox></object><object><type>robndbox</type><name>wheat_head</name><pose>Unspecified</pose><truncated>0</truncated><difficult>0</difficult><robndbox><cx>527.2397</cx><cy>769.9192</cy><w>92.4755</w><h>29.2498</h><angle>1.968527</angle></robndbox></object><object><type>robndbox</type><name>wheat_head</name><pose>Unspecified</pose><truncated>0</truncated><difficult>0</difficult><robndbox><cx>110.0332</cx><cy>122.4404</cy><w>85.6415</w><h>31.4482</h><angle>2.853082</angle></robndbox></object><object><type>robndbox</type><name>wheat_head</name><pose>Unspecified</pose><truncated>0</truncated><difficult>0</difficult><robndbox><cx>176.8318</cx><cy>781.2299</cy><w>154.8366</w><h>30.5863</h><angle>0.308378</angle></robndbox></object><object><type>robndbox</type><name>wheat_head</name><pose>Unspecified</pose><truncated>0</truncated><difficult>0</difficult><robndbox><cx>36.2375</cx><cy>533.4671</cy><w>79.6762</w><h>34.4164</h><angle>0.593846</angle></robndbox></object><object><type>robndbox</type><name>wheat_head</name><pose>Unspecified</pose><truncated>0</truncated><difficult>0</difficult><robndbox><cx>846.1359</cx><cy>70.1864</cy><w>62.605</w><h>31.1475</h><angle>0.490477</angle></robndbox></object><object><type>robndbox</type><name>wheat_head</name><pose>Unspecified</pose><truncated>0</truncated><difficult>0</difficult><robndbox><cx>251.7895</cx><cy>492.5492</cy><w>71.668</w><h>33.4707</h><angle>2.466559</angle></robndbox></object><object><type>robndbox</type><name>wheat_head</name><pose>Unspecified</pose><truncated>0</truncated><difficult>0</difficult><robndbox><cx>406.6664</cx><cy>563.4618</cy><w>55.6418</w><h>29.538</h><angle>2.721925</angle></robndbox></object><object><type>robndbox</type><name>wheat_head</name><pose>Unspecified</pose><truncated>0</truncated><difficult>0</difficult><robndbox><cx>443.0419</cx><cy>255.4294</cy><w>197.8725</w><h>34.2328</h><angle>1.432474</angle></robndbox></object><object><type>robndbox</type><name>wheat_head</name><pose>Unspecified</pose><truncated>0</truncated><difficult>0</difficult><robndbox><cx>429.0689</cx><cy>324.009</cy><w>91.9036</w><h>30.5048</h><angle>1.762727</angle></robndbox></object><object><type>robndbox</type><name>wheat_head</name><pose>Unspecified</pose><truncated>0</truncated><difficult>0</difficult><robndbox><cx>333.7426</cx><cy>531.5443</cy><w>118.9954</w><h>27.1186</h><angle>0.04408</angle></robndbox></object><object><type>robndbox</type><name>wheat_head</name><pose>Unspecified</pose><truncated>0</truncated><difficult>0</difficult><robndbox><cx>112.3161</cx><cy>441.9447</cy><w>86.7231</w><h>29.9769</h><angle>0.17697</angle></robndbox></object><object><type>robndbox</type><name>wheat_head</name><pose>Unspecified</pose><truncated>0</truncated><difficult>0</difficult><robndbox><cx>376.2849</cx><cy>389.1078</cy><w>179.7293</w><h>35.7373</h><angle>0.387401</angle></robndbox></object><object><type>robndbox</type><name>wheat_head</name><pose>Unspecified</pose><truncated>0</truncated><difficult>0</difficult><robndbox><cx>120.83</cx><cy>1000.4192</cy><w>84.4987</w><h>25.8039</h><angle>0.267566</angle></robndbox></object><object><type>robndbox</type><name>wheat_head</name><pose>Unspecified</pose><truncated>0</truncated><difficult>0</difficult><robndbox><cx>504.553</cx><cy>871.1274</cy><w>145.5207</w><h>42.7617</h><angle>0.440996</angle></robndbox></object><object><type>robndbox</type><name>wheat_head</name><pose>Unspecified</pose><truncated>0</truncated><difficult>0</difficult><robndbox><cx>991.9015</cx><cy>468.8629</cy><w>50.9894</w><h>28.3761</h><angle>0.204784</angle></robndbox></object><object><type>robndbox</type><name>wheat_head</name><pose>Unspecified</pose><truncated>0</truncated><difficult>0</difficult><robndbox><cx>37.9193</cx><cy>454.8221</cy><w>100.2469</w><h>31.3219</h><angle>0.896262</angle></robndbox></object><object><type>robndbox</type><name>wheat_head</name><pose>Unspecified</pose><truncated>0</truncated><difficult>0</difficult><robndbox><cx>1010.0</cx><cy>924.5</cy><w>31.7069</w><h>28.7035</h><angle>1.34894</angle></robndbox></object><object><type>robndbox</type><name>wheat_head</name><pose>Unspecified</pose><truncated>0</truncated><difficult>0</difficult><robndbox><cx>683.3945</cx><cy>738.5876</cy><w>143.673</w><h>37.3947</h><angle>2.79176</angle></robndbox></object><object><type>robndbox</type><name>wheat_head</name><pose>Unspecified</pose><truncated>0</truncated><difficult>0</difficult><robndbox><cx>586.6522</cx><cy>995.1954</cy><w>35.4075</w><h>27.4135</h><angle>1.510769</angle></robndbox></object><object><type>robndbox</type><name>wheat_head</name><pose>Unspecified</pose><truncated>0</truncated><difficult>0</difficult><robndbox><cx>47.4061</cx><cy>608.588</cy><w>68.6405</w><h>33.4726</h><angle>2.815506</angle></robndbox></object><object><type>robndbox</type><name>wheat_head</name><pose>Unspecified</pose><truncated>0</truncated><difficult>0</difficult><robndbox><cx>266.5507</cx><cy>990.9924</cy><w>65.2611</w><h>34.3866</h><angle>0.431346</angle></robndbox></object><object><type>robndbox</type><name>wheat_head</name><pose>Unspecified</pose><truncated>0</truncated><difficult>0</difficult><robndbox><cx>510.1497</cx><cy>617.1875</cy><w>94.1234</w><h>31.5421</h><angle>3.005077</angle></robndbox></object><object><type>robndbox</type><name>wheat_head</name><pose>Unspecified</pose><truncated>0</truncated><difficult>0</difficult><robndbox><cx>912.2729</cx><cy>601.6208</cy><w>75.1298</w><h>27.5403</h><angle>3.104578</angle></robndbox></object><object><type>robndbox</type><name>wheat_head</name><pose>Unspecified</pose><truncated>0</truncated><difficult>0</difficult><robndbox><cx>747.9791</cx><cy>967.0673</cy><w>144.7198</w><h>39.5825</h><angle>2.567148</angle></robndbox></object><object><type>robndbox</type><name>wheat_head</name><pose>Unspecified</pose><truncated>0</truncated><difficult>0</difficult><robndbox><cx>357.7065</cx><cy>189.0329</cy><w>139.7398</w><h>33.4347</h><angle>0.560326</angle></robndbox></object><object><type>robndbox</type><name>wheat_head</name><pose>Unspecified</pose><truncated>0</truncated><difficult>0</difficult><robndbox><cx>721.5929</cx><cy>850.0651</cy><w>51.7228</w><h>26.8888</h><angle>1.113412</angle></robndbox></object><object><type>robndbox</type><name>wheat_head</name><pose>Unspecified</pose><truncated>0</truncated><difficult>0</difficult><robndbox><cx>993.2603</cx><cy>157.6991</cy><w>51.961</w><h>29.5475</h><angle>3.088698</angle></robndbox></object><object><type>robndbox</type><name>wheat_head</name><pose>Unspecified</pose><truncated>0</truncated><difficult>0</difficult><robndbox><cx>923.6981</cx><cy>243.4729</cy><w>56.3994</w><h>23.6691</h><angle>0.0405</angle></robndbox></object><object><type>robndbox</type><name>wheat_head</name><pose>Unspecified</pose><truncated>0</truncated><difficult>0</difficult><robndbox><cx>648.9194</cx><cy>692.7198</cy><w>55.5794</w><h>32.0036</h><angle>0.45489</angle></robndbox></object><object><type>robndbox</type><name>wheat_head</name><pose>Unspecified</pose><truncated>0</truncated><difficult>0</difficult><robndbox><cx>373.6161</cx><cy>435.0624</cy><w>81.7501</w><h>20.6909</h><angle>0.129811</angle></robndbox></object><object><type>robndbox</type><name>wheat_head</name><pose>Unspecified</pose><truncated>0</truncated><difficult>0</difficult><robndbox><cx>151.3904</cx><cy>73.9642</cy><w>127.7726</w><h>33.365</h><angle>0.115828</angle></robndbox></object><object><type>robndbox</type><name>wheat_head</name><pose>Unspecified</pose><truncated>0</truncated><difficult>0</difficult><robndbox><cx>1011.886</cx><cy>981.7377</cy><w>29.8053</w><h>20.0716</h><angle>1.700238</angle></robndbox></object><object><type>robndbox</type><name>wheat_head</name><pose>Unspecified</pose><truncated>0</truncated><difficult>0</difficult><robndbox><cx>80.1332</cx><cy>19.5854</cy><w>45.7759</w><h>29.1693</h><angle>1.565646</angle></robndbox></object><object><type>robndbox</type><name>wheat_head</name><pose>Unspecified</pose><truncated>0</truncated><difficult>0</difficult><robndbox><cx>973.663</cx><cy>910.0363</cy><w>75.3947</w><h>31.4142</h><angle>0.163694</angle></robndbox></object><object><type>robndbox</type><name>wheat_head</name><pose>Unspecified</pose><truncated>0</truncated><difficult>0</difficult><robndbox><cx>758.8116</cx><cy>894.3323</cy><w>59.9612</w><h>29.5661</h><angle>1.618377</angle></robndbox></object><object><type>robndbox</type><name>wheat_head</name><pose>Unspecified</pose><truncated>0</truncated><difficult>0</difficult><robndbox><cx>684.6931</cx><cy>358.796</cy><w>111.4929</w><h>41.6347</h><angle>0.260066</angle></robndbox></object><object><type>robndbox</type><name>wheat_head</name><pose>Unspecified</pose><truncated>0</truncated><difficult>0</difficult><robndbox><cx>608.9444</cx><cy>492.0791</cy><w>77.0528</w><h>21.5735</h><angle>2.742831</angle></robndbox></object><object><type>robndbox</type><name>wheat_head</name><pose>Unspecified</pose><truncated>0</truncated><difficult>0</difficult><robndbox><cx>926.0528</cx><cy>48.917</cy><w>82.178</w><h>22.0582</h><angle>0.038158</angle></robndbox></object><object><type>robndbox</type><name>wheat_head</name><pose>Unspecified</pose><truncated>0</truncated><difficult>0</difficult><robndbox><cx>811.4767</cx><cy>36.0143</cy><w>44.1419</w><h>23.6697</h><angle>3.032407</angle></robndbox></object><object><type>robndbox</type><name>wheat_head</name><pose>Unspecified</pose><truncated>0</truncated><difficult>0</difficult><robndbox><cx>216.6113</cx><cy>537.0974</cy><w>59.836</w><h>28.5947</h><angle>0.317716</angle></robndbox></object><object><type>robndbox</type><name>wheat_head</name><pose>Unspecified</pose><truncated>0</truncated><difficult>0</difficult><robndbox><cx>972.1562</cx><cy>278.3133</cy><w>38.0013</w><h>24.1087</h><angle>0.316903</angle></robndbox></object><object><type>robndbox</type><name>wheat_head</name><pose>Unspecified</pose><truncated>0</truncated><difficult>0</difficult><robndbox><cx>451.1056</cx><cy>135.1695</cy><w>130.549</w><h>40.4446</h><angle>2.660987</angle></robndbox></object><object><type>robndbox</type><name>wheat_head</name><pose>Unspecified</pose><truncated>0</truncated><difficult>0</difficult><robndbox><cx>987.1564</cx><cy>422.9791</cy><w>39.9273</w><h>19.0402</h><angle>2.960914</angle></robndbox></object><object><type>robndbox</type><name>wheat_head</name><pose>Unspecified</pose><truncated>0</truncated><difficult>0</difficult><robndbox><cx>253.1491</cx><cy>865.7214</cy><w>76.5862</w><h>28.2687</h><angle>3.044084</angle></robndbox></object><object><type>robndbox</type><name>wheat_head</name><pose>Unspecified</pose><truncated>0</truncated><difficult>0</difficult><robndbox><cx>600.5808</cx><cy>204.9469</cy><w>60.3631</w><h>31.5154</h><angle>0.948306</angle></robndbox></object><object><type>robndbox</type><name>wheat_head</name><pose>Unspecified</pose><truncated>0</truncated><difficult>0</difficult><robndbox><cx>684.6931</cx><cy>358.796</cy><w>111.4929</w><h>41.6347</h><angle>0.260066</angle></robndbox></object><object><type>robndbox</type><name>wheat_head</name><pose>Unspecified</pose><truncated>0</truncated><difficult>0</difficult><robndbox><cx>919.9237</cx><cy>17.8719</cy><w>62.4674</w><h>19.465</h><angle>2.667105</angle></robndbox></object><object><type>robndbox</type><name>wheat_head</name><pose>Unspecified</pose><truncated>0</truncated><difficult>0</difficult><robndbox><cx>340.7264</cx><cy>872.4537</cy><w>117.2326</w><h>32.3992</h><angle>0.05183</angle></robndbox></object><object><type>robndbox</type><name>wheat_head</name><pose>Unspecified</pose><truncated>0</truncated><difficult>0</difficult><robndbox><cx>553.3209</cx><cy>533.7484</cy><w>78.6559</w><h>33.5514</h><angle>2.300401</angle></robndbox></object><object><type>robndbox</type><name>wheat_head</name><pose>Unspecified</pose><truncated>0</truncated><difficult>0</difficult><robndbox><cx>126.5637</cx><cy>656.3605</cy><w>76.139</w><h>29.2392</h><angle>3.104743</angle></robndbox></object><object><type>robndbox</type><name>wheat_head</name><pose>Unspecified</pose><truncated>0</truncated><difficult>0</difficult><robndbox><cx>651.7702</cx><cy>130.7085</cy><w>90.8803</w><h>26.2181</h><angle>3.130299</angle></robndbox></object><object><type>robndbox</type><name>wheat_head</name><pose>Unspecified</pose><truncated>0</truncated><difficult>0</difficult><robndbox><cx>765.1616</cx><cy>785.9348</cy><w>42.1419</w><h>26.1353</h><angle>0.05335</angle></robndbox></object><object><type>robndbox</type><name>wheat_head</name><pose>Unspecified</pose><truncated>0</truncated><difficult>0</difficult><robndbox><cx>876.8658</cx><cy>865.6737</cy><w>175.1592</w><h>45.1887</h><angle>2.466242</angle></robndbox></object><object><type>robndbox</type><name>wheat_head</name><pose>Unspecified</pose><truncated>0</truncated><difficult>0</difficult><robndbox><cx>315.1278</cx><cy>193.7866</cy><w>224.566</w><h>35.2934</h><angle>0.560326</angle></robndbox></object><object><type>robndbox</type><name>wheat_head</name><pose>Unspecified</pose><truncated>0</truncated><difficult>0</difficult><robndbox><cx>521.0552</cx><cy>167.79</cy><w>133.8614</w><h>33.2308</h><angle>0.140679</angle></robndbox></object><object><type>robndbox</type><name>wheat_head</name><pose>Unspecified</pose><truncated>0</truncated><difficult>0</difficult><robndbox><cx>318.0235</cx><cy>290.9319</cy><w>87.2427</w><h>43.3383</h><angle>3.07485</angle></robndbox></object><object><type>robndbox</type><name>wheat_head</name><pose>Unspecified</pose><truncated>0</truncated><difficult>0</difficult><robndbox><cx>32.2726</cx><cy>695.2611</cy><w>50.7546</w><h>28.3248</h><angle>0.365786</angle></robndbox></object><object><type>robndbox</type><name>wheat_head</name><pose>Unspecified</pose><truncated>0</truncated><difficult>0</difficult><robndbox><cx>564.2172</cx><cy>768.5939</cy><w>120.5221</w><h>27.9394</h><angle>1.942094</angle></robndbox></object><object><type>robndbox</type><name>wheat_head</name><pose>Unspecified</pose><truncated>0</truncated><difficult>0</difficult><robndbox><cx>495.4262</cx><cy>831.5821</cy><w>50.4263</w><h>24.0493</h><angle>2.910562</angle></robndbox></object><object><type>robndbox</type><name>wheat_head</name><pose>Unspecified</pose><truncated>0</truncated><difficult>0</difficult><robndbox><cx>206.8592</cx><cy>753.9416</cy><w>69.1669</w><h>27.8559</h><angle>3.023601</angle></robndbox></object><object><type>robndbox</type><name>wheat_head</name><pose>Unspecified</pose><truncated>0</truncated><difficult>0</difficult><robndbox><cx>864.7635</cx><cy>238.9944</cy><w>32.726</w><h>26.7184</h><angle>2.934558</angle></robndbox></object><object><type>robndbox</type><name>wheat_head</name><pose>Unspecified</pose><truncated>0</truncated><difficult>0</difficult><robndbox><cx>118.6552</cx><cy>538.4508</cy><w>77.0573</w><h>23.0916</h><angle>2.741072</angle></robndbox></object><object><type>robndbox</type><name>wheat_head</name><pose>Unspecified</pose><truncated>0</truncated><difficult>0</difficult><robndbox><cx>365.5769</cx><cy>69.2675</cy><w>41.4175</w><h>24.7971</h><angle>3.112604</angle></robndbox></object><object><type>robndbox</type><name>wheat_head</name><pose>Unspecified</pose><truncated>0</truncated><difficult>0</difficult><robndbox><cx>535.4626</cx><cy>280.2008</cy><w>59.6716</w><h>18.0952</h><angle>2.786362</angle></robndbox></object><object><type>robndbox</type><name>wheat_head</name><pose>Unspecified</pose><truncated>0</truncated><difficult>0</difficult><robndbox><cx>384.0118</cx><cy>135.2125</cy><w>44.5533</w><h>22.5623</h><angle>0.80127</angle></robndbox></object></annotation>