<annotation verified="no"><folder>images</folder><filename>6f0b47178</filename><path>/home/badhon/Documents/thesis/final_dataset/ethz_1/images/6f0b47178.jpg</path><source><database>Unknown</database></source><size><width>1024</width><height>1024</height><depth>3</depth></size><segmented>0</segmented><object><type>robndbox</type><name>wheat_head</name><pose>Unspecified</pose><truncated>0</truncated><difficult>0</difficult><robndbox><cx>361.8767</cx><cy>37.3084</cy><w>98.3364</w><h>27.779</h><angle>0.856226</angle></robndbox></object><object><type>robndbox</type><name>wheat_head</name><pose>Unspecified</pose><truncated>0</truncated><difficult>0</difficult><robndbox><cx>482.1309</cx><cy>319.7922</cy><w>130.8462</w><h>36.9054</h><angle>1.006336</angle></robndbox></object><object><type>robndbox</type><name>wheat_head</name><pose>Unspecified</pose><truncated>0</truncated><difficult>0</difficult><robndbox><cx>958.8417</cx><cy>420.8213</cy><w>83.1573</w><h>34.2255</h><angle>1.958346</angle></robndbox></object><object><type>robndbox</type><name>wheat_head</name><pose>Unspecified</pose><truncated>0</truncated><difficult>0</difficult><robndbox><cx>571.9216</cx><cy>657.809</cy><w>98.5031</w><h>33.5684</h><angle>0.408901</angle></robndbox></object><object><type>robndbox</type><name>wheat_head</name><pose>Unspecified</pose><truncated>0</truncated><difficult>0</difficult><robndbox><cx>470.1245</cx><cy>446.2165</cy><w>120.2917</w><h>33.6283</h><angle>1.185999</angle></robndbox></object><object><type>robndbox</type><name>wheat_head</name><pose>Unspecified</pose><truncated>0</truncated><difficult>0</difficult><robndbox><cx>140.7986</cx><cy>450.2331</cy><w>132.5196</w><h>40.9752</h><angle>0.721877</angle></robndbox></object><object><type>robndbox</type><name>wheat_head</name><pose>Unspecified</pose><truncated>0</truncated><difficult>0</difficult><robndbox><cx>649.2361</cx><cy>738.0587</cy><w>169.1025</w><h>38.6794</h><angle>0.438309</angle></robndbox></object><object><type>robndbox</type><name>wheat_head</name><pose>Unspecified</pose><truncated>0</truncated><difficult>0</difficult><robndbox><cx>616.0327</cx><cy>488.7568</cy><w>124.6186</w><h>35.4563</h><angle>1.281285</angle></robndbox></object><object><type>robndbox</type><name>wheat_head</name><pose>Unspecified</pose><truncated>0</truncated><difficult>0</difficult><robndbox><cx>513.0966</cx><cy>213.6537</cy><w>127.352</w><h>42.2538</h><angle>0.35623</angle></robndbox></object><object><type>robndbox</type><name>wheat_head</name><pose>Unspecified</pose><truncated>0</truncated><difficult>0</difficult><robndbox><cx>996.2677</cx><cy>847.3262</cy><w>68.576</w><h>35.5238</h><angle>1.152485</angle></robndbox></object><object><type>robndbox</type><name>wheat_head</name><pose>Unspecified</pose><truncated>0</truncated><difficult>0</difficult><robndbox><cx>793.282</cx><cy>102.7345</cy><w>120.1008</w><h>33.6908</h><angle>1.120021</angle></robndbox></object><object><type>robndbox</type><name>wheat_head</name><pose>Unspecified</pose><truncated>0</truncated><difficult>0</difficult><robndbox><cx>993.6857</cx><cy>251.6917</cy><w>57.9211</w><h>24.175</h><angle>0.698565</angle></robndbox></object><object><type>robndbox</type><name>wheat_head</name><pose>Unspecified</pose><truncated>0</truncated><difficult>0</difficult><robndbox><cx>739.7307</cx><cy>230.8413</cy><w>103.9178</w><h>37.1858</h><angle>0.955635</angle></robndbox></object><object><type>robndbox</type><name>wheat_head</name><pose>Unspecified</pose><truncated>0</truncated><difficult>0</difficult><robndbox><cx>479.3527</cx><cy>526.9182</cy><w>41.5004</w><h>32.8921</h><angle>2.66465</angle></robndbox></object><object><type>robndbox</type><name>wheat_head</name><pose>Unspecified</pose><truncated>0</truncated><difficult>0</difficult><robndbox><cx>749.6039</cx><cy>939.5557</cy><w>126.7678</w><h>39.5719</h><angle>1.403506</angle></robndbox></object><object><type>robndbox</type><name>wheat_head</name><pose>Unspecified</pose><truncated>0</truncated><difficult>0</difficult><robndbox><cx>948.451</cx><cy>757.8244</cy><w>139.7031</w><h>31.3106</h><angle>1.198567</angle></robndbox></object><object><type>robndbox</type><name>wheat_head</name><pose>Unspecified</pose><truncated>0</truncated><difficult>0</difficult><robndbox><cx>874.6292</cx><cy>29.5907</cy><w>68.6111</w><h>32.3369</h><angle>1.542411</angle></robndbox></object><object><type>robndbox</type><name>wheat_head</name><pose>Unspecified</pose><truncated>0</truncated><difficult>0</difficult><robndbox><cx>453.6578</cx><cy>45.2781</cy><w>117.2318</w><h>39.686</h><angle>1.275433</angle></robndbox></object><object><type>robndbox</type><name>wheat_head</name><pose>Unspecified</pose><truncated>0</truncated><difficult>0</difficult><robndbox><cx>250.1338</cx><cy>600.6103</cy><w>79.9342</w><h>36.8406</h><angle>0.679802</angle></robndbox></object><object><type>robndbox</type><name>wheat_head</name><pose>Unspecified</pose><truncated>0</truncated><difficult>0</difficult><robndbox><cx>808.8821</cx><cy>955.6452</cy><w>109.291</w><h>36.8409</h><angle>1.750961</angle></robndbox></object><object><type>robndbox</type><name>wheat_head</name><pose>Unspecified</pose><truncated>0</truncated><difficult>0</difficult><robndbox><cx>435.0808</cx><cy>537.3704</cy><w>77.4133</w><h>34.9993</h><angle>1.328475</angle></robndbox></object><object><type>robndbox</type><name>wheat_head</name><pose>Unspecified</pose><truncated>0</truncated><difficult>0</difficult><robndbox><cx>398.9533</cx><cy>370.3434</cy><w>83.349</w><h>35.7186</h><angle>0.671621</angle></robndbox></object><object><type>robndbox</type><name>wheat_head</name><pose>Unspecified</pose><truncated>0</truncated><difficult>0</difficult><robndbox><cx>454.7948</cx><cy>926.0665</cy><w>82.14</w><h>39.1279</h><angle>0.410946</angle></robndbox></object><object><type>robndbox</type><name>wheat_head</name><pose>Unspecified</pose><truncated>0</truncated><difficult>0</difficult><robndbox><cx>354.6042</cx><cy>502.5939</cy><w>44.27</w><h>22.4793</h><angle>1.461442</angle></robndbox></object><object><type>robndbox</type><name>wheat_head</name><pose>Unspecified</pose><truncated>0</truncated><difficult>0</difficult><robndbox><cx>220.0944</cx><cy>421.7858</cy><w>60.528</w><h>36.4896</h><angle>1.013525</angle></robndbox></object><object><type>robndbox</type><name>wheat_head</name><pose>Unspecified</pose><truncated>0</truncated><difficult>0</difficult><robndbox><cx>391.0507</cx><cy>807.2371</cy><w>81.0464</w><h>36.5449</h><angle>1.699607</angle></robndbox></object><object><type>robndbox</type><name>wheat_head</name><pose>Unspecified</pose><truncated>0</truncated><difficult>0</difficult><robndbox><cx>186.7823</cx><cy>172.0457</cy><w>194.6149</w><h>42.207</h><angle>0.632229</angle></robndbox></object><object><type>robndbox</type><name>wheat_head</name><pose>Unspecified</pose><truncated>0</truncated><difficult>0</difficult><robndbox><cx>188.8517</cx><cy>673.6534</cy><w>72.7631</w><h>32.7287</h><angle>0.720601</angle></robndbox></object><object><type>robndbox</type><name>wheat_head</name><pose>Unspecified</pose><truncated>0</truncated><difficult>0</difficult><robndbox><cx>841.8457</cx><cy>622.2723</cy><w>65.2154</w><h>28.6983</h><angle>1.625193</angle></robndbox></object><object><type>robndbox</type><name>wheat_head</name><pose>Unspecified</pose><truncated>0</truncated><difficult>0</difficult><robndbox><cx>620.3804</cx><cy>822.2151</cy><w>72.815</w><h>38.901</h><angle>0.91852</angle></robndbox></object><object><type>robndbox</type><name>wheat_head</name><pose>Unspecified</pose><truncated>0</truncated><difficult>0</difficult><robndbox><cx>531.6044</cx><cy>762.5654</cy><w>226.8807</w><h>40.4245</h><angle>1.363504</angle></robndbox></object><object><type>robndbox</type><name>wheat_head</name><pose>Unspecified</pose><truncated>0</truncated><difficult>0</difficult><robndbox><cx>234.3108</cx><cy>544.274</cy><w>102.6417</w><h>29.413</h><angle>3.11817</angle></robndbox></object><object><type>robndbox</type><name>wheat_head</name><pose>Unspecified</pose><truncated>0</truncated><difficult>0</difficult><robndbox><cx>551.7635</cx><cy>946.1766</cy><w>107.1341</w><h>33.5409</h><angle>0.632037</angle></robndbox></object><object><type>robndbox</type><name>wheat_head</name><pose>Unspecified</pose><truncated>0</truncated><difficult>0</difficult><robndbox><cx>92.6852</cx><cy>531.5611</cy><w>196.0238</w><h>33.2667</h><angle>0.362372</angle></robndbox></object><object><type>robndbox</type><name>wheat_head</name><pose>Unspecified</pose><truncated>0</truncated><difficult>0</difficult><robndbox><cx>455.8835</cx><cy>861.5218</cy><w>122.0825</w><h>31.6074</h><angle>0.833032</angle></robndbox></object><object><type>robndbox</type><name>wheat_head</name><pose>Unspecified</pose><truncated>0</truncated><difficult>0</difficult><robndbox><cx>854.5893</cx><cy>833.4664</cy><w>140.3303</w><h>46.306</h><angle>2.976279</angle></robndbox></object><object><type>robndbox</type><name>wheat_head</name><pose>Unspecified</pose><truncated>0</truncated><difficult>0</difficult><robndbox><cx>842.752</cx><cy>361.7077</cy><w>172.6456</w><h>36.9857</h><angle>1.054221</angle></robndbox></object><object><type>robndbox</type><name>wheat_head</name><pose>Unspecified</pose><truncated>0</truncated><difficult>0</difficult><robndbox><cx>238.19</cx><cy>355.1032</cy><w>140.054</w><h>37.0549</h><angle>0.525435</angle></robndbox></object><object><type>robndbox</type><name>wheat_head</name><pose>Unspecified</pose><truncated>0</truncated><difficult>0</difficult><robndbox><cx>36.7364</cx><cy>699.964</cy><w>83.5005</w><h>40.7264</h><angle>0.376079</angle></robndbox></object><object><type>robndbox</type><name>wheat_head</name><pose>Unspecified</pose><truncated>0</truncated><difficult>0</difficult><robndbox><cx>192.7825</cx><cy>595.5906</cy><w>43.072</w><h>25.3111</h><angle>1.305818</angle></robndbox></object><object><type>robndbox</type><name>wheat_head</name><pose>Unspecified</pose><truncated>0</truncated><difficult>0</difficult><robndbox><cx>787.4566</cx><cy>134.8459</cy><w>182.3315</w><h>44.8382</h><angle>0.469141</angle></robndbox></object><object><type>robndbox</type><name>wheat_head</name><pose>Unspecified</pose><truncated>0</truncated><difficult>0</difficult><robndbox><cx>340.4934</cx><cy>369.5878</cy><w>47.4223</w><h>25.0474</h><angle>1.536183</angle></robndbox></object><object><type>robndbox</type><name>wheat_head</name><pose>Unspecified</pose><truncated>0</truncated><difficult>0</difficult><robndbox><cx>299.8184</cx><cy>242.1965</cy><w>107.3071</w><h>32.4296</h><angle>1.549403</angle></robndbox></object><object><type>robndbox</type><name>wheat_head</name><pose>Unspecified</pose><truncated>0</truncated><difficult>0</difficult><robndbox><cx>599.2423</cx><cy>371.8561</cy><w>143.0588</w><h>37.4477</h><angle>0.847119</angle></robndbox></object><object><type>robndbox</type><name>wheat_head</name><pose>Unspecified</pose><truncated>0</truncated><difficult>0</difficult><robndbox><cx>24.9908</cx><cy>431.4402</cy><w>41.9003</w><h>32.9989</h><angle>0.182109</angle></robndbox></object><object><type>robndbox</type><name>wheat_head</name><pose>Unspecified</pose><truncated>0</truncated><difficult>0</difficult><robndbox><cx>174.0878</cx><cy>963.4622</cy><w>113.2862</w><h>51.5425</h><angle>2.300444</angle></robndbox></object><object><type>robndbox</type><name>wheat_head</name><pose>Unspecified</pose><truncated>0</truncated><difficult>0</difficult><robndbox><cx>540.7873</cx><cy>71.4835</cy><w>82.6643</w><h>37.7565</h><angle>0.14312</angle></robndbox></object><object><type>robndbox</type><name>wheat_head</name><pose>Unspecified</pose><truncated>0</truncated><difficult>0</difficult><robndbox><cx>512.169</cx><cy>451.4933</cy><w>50.7451</w><h>26.7323</h><angle>0.471512</angle></robndbox></object><object><type>robndbox</type><name>wheat_head</name><pose>Unspecified</pose><truncated>0</truncated><difficult>0</difficult><robndbox><cx>79.0954</cx><cy>566.4775</cy><w>39.7026</w><h>21.8946</h><angle>0.023369</angle></robndbox></object><object><type>robndbox</type><name>wheat_head</name><pose>Unspecified</pose><truncated>0</truncated><difficult>0</difficult><robndbox><cx>567.699</cx><cy>440.9304</cy><w>209.0406</w><h>37.7536</h><angle>1.931874</angle></robndbox></object><object><type>robndbox</type><name>wheat_head</name><pose>Unspecified</pose><truncated>0</truncated><difficult>0</difficult><robndbox><cx>775.3376</cx><cy>336.8855</cy><w>99.3775</w><h>32.0675</h><angle>1.68462</angle></robndbox></object><object><type>robndbox</type><name>wheat_head</name><pose>Unspecified</pose><truncated>0</truncated><difficult>0</difficult><robndbox><cx>336.3975</cx><cy>298.9527</cy><w>52.9449</w><h>44.9749</h><angle>0.459258</angle></robndbox></object><object><type>robndbox</type><name>wheat_head</name><pose>Unspecified</pose><truncated>0</truncated><difficult>0</difficult><robndbox><cx>898.9934</cx><cy>635.6339</cy><w>53.4661</w><h>28.1658</h><angle>1.734334</angle></robndbox></object><object><type>robndbox</type><name>wheat_head</name><pose>Unspecified</pose><truncated>0</truncated><difficult>0</difficult><robndbox><cx>633.7275</cx><cy>988.464</cy><w>84.7231</w><h>45.9319</h><angle>0.532323</angle></robndbox></object><object><type>robndbox</type><name>wheat_head</name><pose>Unspecified</pose><truncated>0</truncated><difficult>0</difficult><robndbox><cx>947.692</cx><cy>641.2722</cy><w>241.6795</w><h>49.0159</h><angle>1.012636</angle></robndbox></object><object><type>robndbox</type><name>wheat_head</name><pose>Unspecified</pose><truncated>0</truncated><difficult>0</difficult><robndbox><cx>350.9489</cx><cy>450.5961</cy><w>163.4534</w><h>33.5539</h><angle>0.55406</angle></robndbox></object><object><type>robndbox</type><name>wheat_head</name><pose>Unspecified</pose><truncated>0</truncated><difficult>0</difficult><robndbox><cx>305.7174</cx><cy>617.2128</cy><w>39.5599</w><h>35.1141</h><angle>1.919567</angle></robndbox></object></annotation>