<annotation verified="no"><folder>images</folder><filename>7264c58b9</filename><path>/home/badhon/Documents/thesis/final_dataset/ethz_1/images/7264c58b9.jpg</path><source><database>Unknown</database></source><size><width>1024</width><height>1024</height><depth>3</depth></size><segmented>0</segmented><object><type>robndbox</type><name>wheat_head</name><pose>Unspecified</pose><truncated>0</truncated><difficult>0</difficult><robndbox><cx>734.0414</cx><cy>274.3513</cy><w>89.7156</w><h>32.737</h><angle>1.162991</angle></robndbox></object><object><type>robndbox</type><name>wheat_head</name><pose>Unspecified</pose><truncated>0</truncated><difficult>0</difficult><robndbox><cx>839.6995</cx><cy>226.8114</cy><w>90.9351</w><h>34.8884</h><angle>1.063924</angle></robndbox></object><object><type>robndbox</type><name>wheat_head</name><pose>Unspecified</pose><truncated>0</truncated><difficult>0</difficult><robndbox><cx>846.3571</cx><cy>643.9458</cy><w>125.0292</w><h>33.0084</h><angle>1.074531</angle></robndbox></object><object><type>robndbox</type><name>wheat_head</name><pose>Unspecified</pose><truncated>0</truncated><difficult>0</difficult><robndbox><cx>359.257</cx><cy>25.0308</cy><w>79.6281</w><h>38.5444</h><angle>0.665006</angle></robndbox></object><object><type>robndbox</type><name>wheat_head</name><pose>Unspecified</pose><truncated>0</truncated><difficult>0</difficult><robndbox><cx>744.9659</cx><cy>887.3818</cy><w>67.4738</w><h>25.9123</h><angle>1.266916</angle></robndbox></object><object><type>robndbox</type><name>wheat_head</name><pose>Unspecified</pose><truncated>0</truncated><difficult>0</difficult><robndbox><cx>253.6161</cx><cy>966.3248</cy><w>90.8621</w><h>34.0879</h><angle>1.003007</angle></robndbox></object><object><type>robndbox</type><name>wheat_head</name><pose>Unspecified</pose><truncated>0</truncated><difficult>0</difficult><robndbox><cx>58.494</cx><cy>55.9351</cy><w>105.6466</w><h>31.8953</h><angle>0.494062</angle></robndbox></object><object><type>robndbox</type><name>wheat_head</name><pose>Unspecified</pose><truncated>0</truncated><difficult>0</difficult><robndbox><cx>892.8471</cx><cy>768.0444</cy><w>85.9084</w><h>33.5204</h><angle>1.247952</angle></robndbox></object><object><type>robndbox</type><name>wheat_head</name><pose>Unspecified</pose><truncated>0</truncated><difficult>0</difficult><robndbox><cx>850.272</cx><cy>62.3849</cy><w>90.2399</w><h>38.2189</h><angle>1.07742</angle></robndbox></object><object><type>robndbox</type><name>wheat_head</name><pose>Unspecified</pose><truncated>0</truncated><difficult>0</difficult><robndbox><cx>356.6468</cx><cy>660.3766</cy><w>72.9235</w><h>32.5443</h><angle>0.94246</angle></robndbox></object><object><type>robndbox</type><name>wheat_head</name><pose>Unspecified</pose><truncated>0</truncated><difficult>0</difficult><robndbox><cx>612.0902</cx><cy>579.5044</cy><w>80.0877</w><h>35.9372</h><angle>1.012472</angle></robndbox></object><object><type>robndbox</type><name>wheat_head</name><pose>Unspecified</pose><truncated>0</truncated><difficult>0</difficult><robndbox><cx>52.9393</cx><cy>484.1256</cy><w>82.7845</w><h>28.5402</h><angle>0.710368</angle></robndbox></object><object><type>robndbox</type><name>wheat_head</name><pose>Unspecified</pose><truncated>0</truncated><difficult>0</difficult><robndbox><cx>491.1662</cx><cy>401.4342</cy><w>56.9871</w><h>30.2237</h><angle>0.700104</angle></robndbox></object><object><type>robndbox</type><name>wheat_head</name><pose>Unspecified</pose><truncated>0</truncated><difficult>0</difficult><robndbox><cx>541.117</cx><cy>235.3332</cy><w>115.0623</w><h>34.079</h><angle>1.274436</angle></robndbox></object><object><type>robndbox</type><name>wheat_head</name><pose>Unspecified</pose><truncated>0</truncated><difficult>0</difficult><robndbox><cx>366.1027</cx><cy>312.4731</cy><w>94.377</w><h>33.2261</h><angle>0.888739</angle></robndbox></object><object><type>robndbox</type><name>wheat_head</name><pose>Unspecified</pose><truncated>0</truncated><difficult>0</difficult><robndbox><cx>1000.0491</cx><cy>964.3687</cy><w>56.5273</w><h>32.4095</h><angle>1.314034</angle></robndbox></object><object><type>robndbox</type><name>wheat_head</name><pose>Unspecified</pose><truncated>0</truncated><difficult>0</difficult><robndbox><cx>667.4651</cx><cy>545.7577</cy><w>73.509</w><h>33.7563</h><angle>1.34003</angle></robndbox></object><object><type>robndbox</type><name>wheat_head</name><pose>Unspecified</pose><truncated>0</truncated><difficult>0</difficult><robndbox><cx>565.0984</cx><cy>660.4011</cy><w>121.5582</w><h>40.6954</h><angle>1.00845</angle></robndbox></object><object><type>robndbox</type><name>wheat_head</name><pose>Unspecified</pose><truncated>0</truncated><difficult>0</difficult><robndbox><cx>840.961</cx><cy>970.3795</cy><w>94.1748</w><h>30.9957</h><angle>1.037041</angle></robndbox></object><object><type>robndbox</type><name>wheat_head</name><pose>Unspecified</pose><truncated>0</truncated><difficult>0</difficult><robndbox><cx>238.54</cx><cy>533.7898</cy><w>95.2853</w><h>36.2158</h><angle>1.284089</angle></robndbox></object><object><type>robndbox</type><name>wheat_head</name><pose>Unspecified</pose><truncated>0</truncated><difficult>0</difficult><robndbox><cx>89.5</cx><cy>211.5</cy><w>132.2535</w><h>33.0309</h><angle>0.839798</angle></robndbox></object><object><type>robndbox</type><name>wheat_head</name><pose>Unspecified</pose><truncated>0</truncated><difficult>0</difficult><robndbox><cx>183.7059</cx><cy>878.3117</cy><w>84.3733</w><h>32.0807</h><angle>0.572003</angle></robndbox></object><object><type>robndbox</type><name>wheat_head</name><pose>Unspecified</pose><truncated>0</truncated><difficult>0</difficult><robndbox><cx>970.1273</cx><cy>657.6923</cy><w>95.4115</w><h>35.3431</h><angle>0.91365</angle></robndbox></object><object><type>robndbox</type><name>wheat_head</name><pose>Unspecified</pose><truncated>0</truncated><difficult>0</difficult><robndbox><cx>1001.9935</cx><cy>287.6589</cy><w>69.3958</w><h>26.3341</h><angle>1.231806</angle></robndbox></object><object><type>robndbox</type><name>wheat_head</name><pose>Unspecified</pose><truncated>0</truncated><difficult>0</difficult><robndbox><cx>285.5051</cx><cy>107.2565</cy><w>75.9566</w><h>27.2871</h><angle>0.747291</angle></robndbox></object><object><type>robndbox</type><name>wheat_head</name><pose>Unspecified</pose><truncated>0</truncated><difficult>0</difficult><robndbox><cx>508.1133</cx><cy>897.7805</cy><w>92.5361</w><h>38.0714</h><angle>1.148542</angle></robndbox></object><object><type>robndbox</type><name>wheat_head</name><pose>Unspecified</pose><truncated>0</truncated><difficult>0</difficult><robndbox><cx>852.3082</cx><cy>549.3513</cy><w>62.9409</w><h>32.6055</h><angle>1.095228</angle></robndbox></object><object><type>robndbox</type><name>wheat_head</name><pose>Unspecified</pose><truncated>0</truncated><difficult>0</difficult><robndbox><cx>385.7066</cx><cy>420.5799</cy><w>96.1783</w><h>34.015</h><angle>1.236283</angle></robndbox></object><object><type>robndbox</type><name>wheat_head</name><pose>Unspecified</pose><truncated>0</truncated><difficult>0</difficult><robndbox><cx>204.5485</cx><cy>411.5337</cy><w>66.2526</w><h>23.8471</h><angle>0.91016</angle></robndbox></object><object><type>robndbox</type><name>wheat_head</name><pose>Unspecified</pose><truncated>0</truncated><difficult>0</difficult><robndbox><cx>171.9896</cx><cy>229.5255</cy><w>138.3203</w><h>34.2666</h><angle>0.885565</angle></robndbox></object><object><type>robndbox</type><name>wheat_head</name><pose>Unspecified</pose><truncated>0</truncated><difficult>0</difficult><robndbox><cx>144.93</cx><cy>882.7022</cy><w>85.0476</w><h>22.7292</h><angle>0.745448</angle></robndbox></object><object><type>robndbox</type><name>wheat_head</name><pose>Unspecified</pose><truncated>0</truncated><difficult>0</difficult><robndbox><cx>902.8192</cx><cy>985.2957</cy><w>67.5565</w><h>35.6801</h><angle>0.560978</angle></robndbox></object><object><type>robndbox</type><name>wheat_head</name><pose>Unspecified</pose><truncated>0</truncated><difficult>0</difficult><robndbox><cx>570.6846</cx><cy>514.4227</cy><w>69.1828</w><h>43.296</h><angle>1.147261</angle></robndbox></object><object><type>robndbox</type><name>wheat_head</name><pose>Unspecified</pose><truncated>0</truncated><difficult>0</difficult><robndbox><cx>947.2192</cx><cy>302.1411</cy><w>177.4402</w><h>36.234</h><angle>1.045831</angle></robndbox></object><object><type>robndbox</type><name>wheat_head</name><pose>Unspecified</pose><truncated>0</truncated><difficult>0</difficult><robndbox><cx>358.3348</cx><cy>910.888</cy><w>114.0281</w><h>37.4451</h><angle>0.660735</angle></robndbox></object><object><type>robndbox</type><name>wheat_head</name><pose>Unspecified</pose><truncated>0</truncated><difficult>0</difficult><robndbox><cx>445.8593</cx><cy>972.6743</cy><w>60.618</w><h>32.3814</h><angle>0.720819</angle></robndbox></object><object><type>robndbox</type><name>wheat_head</name><pose>Unspecified</pose><truncated>0</truncated><difficult>0</difficult><robndbox><cx>981.378</cx><cy>602.0548</cy><w>64.5147</w><h>32.0866</h><angle>0.405886</angle></robndbox></object><object><type>robndbox</type><name>wheat_head</name><pose>Unspecified</pose><truncated>0</truncated><difficult>0</difficult><robndbox><cx>610.2008</cx><cy>389.8442</cy><w>93.4679</w><h>38.7799</h><angle>0.679645</angle></robndbox></object><object><type>robndbox</type><name>wheat_head</name><pose>Unspecified</pose><truncated>0</truncated><difficult>0</difficult><robndbox><cx>137.7779</cx><cy>722.3019</cy><w>56.0609</w><h>28.6315</h><angle>1.076491</angle></robndbox></object><object><type>robndbox</type><name>wheat_head</name><pose>Unspecified</pose><truncated>0</truncated><difficult>0</difficult><robndbox><cx>948.2192</cx><cy>302.1411</cy><w>177.4402</w><h>36.234</h><angle>1.045831</angle></robndbox></object><object><type>robndbox</type><name>wheat_head</name><pose>Unspecified</pose><truncated>0</truncated><difficult>0</difficult><robndbox><cx>965.5448</cx><cy>750.7989</cy><w>40.3712</w><h>30.7003</h><angle>2.84467</angle></robndbox></object><object><type>robndbox</type><name>wheat_head</name><pose>Unspecified</pose><truncated>0</truncated><difficult>0</difficult><robndbox><cx>384.4217</cx><cy>537.2872</cy><w>106.992</w><h>38.4081</h><angle>1.826459</angle></robndbox></object><object><type>robndbox</type><name>wheat_head</name><pose>Unspecified</pose><truncated>0</truncated><difficult>0</difficult><robndbox><cx>169.5931</cx><cy>677.8512</cy><w>145.4872</w><h>33.5433</h><angle>0.741935</angle></robndbox></object><object><type>robndbox</type><name>wheat_head</name><pose>Unspecified</pose><truncated>0</truncated><difficult>0</difficult><robndbox><cx>28.2486</cx><cy>423.7924</cy><w>56.6076</w><h>31.2755</h><angle>0.589874</angle></robndbox></object><object><type>robndbox</type><name>wheat_head</name><pose>Unspecified</pose><truncated>0</truncated><difficult>0</difficult><robndbox><cx>268.4899</cx><cy>656.1342</cy><w>48.995</w><h>25.3954</h><angle>0.40794</angle></robndbox></object><object><type>robndbox</type><name>wheat_head</name><pose>Unspecified</pose><truncated>0</truncated><difficult>0</difficult><robndbox><cx>686.2163</cx><cy>675.531</cy><w>65.0932</w><h>35.4375</h><angle>0.688101</angle></robndbox></object><object><type>robndbox</type><name>wheat_head</name><pose>Unspecified</pose><truncated>0</truncated><difficult>0</difficult><robndbox><cx>227.1733</cx><cy>676.7726</cy><w>86.3989</w><h>36.2891</h><angle>0.413359</angle></robndbox></object><object><type>robndbox</type><name>wheat_head</name><pose>Unspecified</pose><truncated>0</truncated><difficult>0</difficult><robndbox><cx>124.2706</cx><cy>286.4284</cy><w>82.4413</w><h>30.9779</h><angle>1.037114</angle></robndbox></object><object><type>robndbox</type><name>wheat_head</name><pose>Unspecified</pose><truncated>0</truncated><difficult>0</difficult><robndbox><cx>680.395</cx><cy>1003.275</cy><w>40.1623</w><h>25.7601</h><angle>0.256067</angle></robndbox></object><object><type>robndbox</type><name>wheat_head</name><pose>Unspecified</pose><truncated>0</truncated><difficult>0</difficult><robndbox><cx>362.4444</cx><cy>847.4109</cy><w>54.1027</w><h>22.9568</h><angle>0.288894</angle></robndbox></object><object><type>robndbox</type><name>wheat_head</name><pose>Unspecified</pose><truncated>0</truncated><difficult>0</difficult><robndbox><cx>645.8934</cx><cy>61.1469</cy><w>54.6552</w><h>33.5119</h><angle>1.244039</angle></robndbox></object><object><type>robndbox</type><name>wheat_head</name><pose>Unspecified</pose><truncated>0</truncated><difficult>0</difficult><robndbox><cx>587.3849</cx><cy>5.9219</cy><w>26.5155</w><h>17.1176</h><angle>2.967077</angle></robndbox></object><object><type>robndbox</type><name>wheat_head</name><pose>Unspecified</pose><truncated>0</truncated><difficult>0</difficult><robndbox><cx>857.6255</cx><cy>740.3161</cy><w>60.7516</w><h>24.4554</h><angle>1.187763</angle></robndbox></object><object><type>robndbox</type><name>wheat_head</name><pose>Unspecified</pose><truncated>0</truncated><difficult>0</difficult><robndbox><cx>453.0119</cx><cy>410.9059</cy><w>59.8643</w><h>32.538</h><angle>0.529201</angle></robndbox></object><object><type>robndbox</type><name>wheat_head</name><pose>Unspecified</pose><truncated>0</truncated><difficult>0</difficult><robndbox><cx>184.9932</cx><cy>361.8245</cy><w>105.9749</w><h>35.1463</h><angle>0.61016</angle></robndbox></object><object><type>robndbox</type><name>wheat_head</name><pose>Unspecified</pose><truncated>0</truncated><difficult>0</difficult><robndbox><cx>716.0</cx><cy>674.0</cy><w>44.5692</w><h>40.119</h><angle>2.981603</angle></robndbox></object><object><type>robndbox</type><name>wheat_head</name><pose>Unspecified</pose><truncated>0</truncated><difficult>0</difficult><robndbox><cx>468.723</cx><cy>733.0449</cy><w>48.0288</w><h>24.0349</h><angle>0.47142</angle></robndbox></object><object><type>robndbox</type><name>wheat_head</name><pose>Unspecified</pose><truncated>0</truncated><difficult>0</difficult><robndbox><cx>115.9539</cx><cy>33.0294</cy><w>144.5453</w><h>36.9002</h><angle>0.558968</angle></robndbox></object><object><type>robndbox</type><name>wheat_head</name><pose>Unspecified</pose><truncated>0</truncated><difficult>0</difficult><robndbox><cx>239.0234</cx><cy>750.4384</cy><w>38.5602</w><h>33.6954</h><angle>0.197845</angle></robndbox></object><object><type>robndbox</type><name>wheat_head</name><pose>Unspecified</pose><truncated>0</truncated><difficult>0</difficult><robndbox><cx>946.6875</cx><cy>14.6568</cy><w>38.887</w><h>32.0165</h><angle>1.225138</angle></robndbox></object><object><type>robndbox</type><name>wheat_head</name><pose>Unspecified</pose><truncated>0</truncated><difficult>0</difficult><robndbox><cx>507.721</cx><cy>716.7977</cy><w>50.3358</w><h>21.0596</h><angle>0.15947</angle></robndbox></object><object><type>robndbox</type><name>wheat_head</name><pose>Unspecified</pose><truncated>0</truncated><difficult>0</difficult><robndbox><cx>456.0178</cx><cy>8.6916</cy><w>41.3611</w><h>22.7038</h><angle>0.274875</angle></robndbox></object><object><type>robndbox</type><name>wheat_head</name><pose>Unspecified</pose><truncated>0</truncated><difficult>0</difficult><robndbox><cx>347.1809</cx><cy>986.3531</cy><w>52.4671</w><h>30.6804</h><angle>0.513878</angle></robndbox></object><object><type>robndbox</type><name>wheat_head</name><pose>Unspecified</pose><truncated>0</truncated><difficult>0</difficult><robndbox><cx>755.7865</cx><cy>71.2025</cy><w>82.2358</w><h>29.6449</h><angle>0.869693</angle></robndbox></object><object><type>robndbox</type><name>wheat_head</name><pose>Unspecified</pose><truncated>0</truncated><difficult>0</difficult><robndbox><cx>211.7328</cx><cy>999.7205</cy><w>38.8308</w><h>26.0169</h><angle>0.342229</angle></robndbox></object><object><type>robndbox</type><name>wheat_head</name><pose>Unspecified</pose><truncated>0</truncated><difficult>0</difficult><robndbox><cx>279.673</cx><cy>324.753</cy><w>73.8682</w><h>34.5607</h><angle>1.050329</angle></robndbox></object><object><type>robndbox</type><name>wheat_head</name><pose>Unspecified</pose><truncated>0</truncated><difficult>0</difficult><robndbox><cx>821.8539</cx><cy>24.7432</cy><w>39.328</w><h>35.243</h><angle>1.196725</angle></robndbox></object><object><type>robndbox</type><name>wheat_head</name><pose>Unspecified</pose><truncated>0</truncated><difficult>0</difficult><robndbox><cx>725.49</cx><cy>27.0303</cy><w>47.0122</w><h>27.0339</h><angle>1.069693</angle></robndbox></object><object><type>robndbox</type><name>wheat_head</name><pose>Unspecified</pose><truncated>0</truncated><difficult>0</difficult><robndbox><cx>211.0612</cx><cy>941.646</cy><w>40.0819</w><h>27.4396</h><angle>0.333021</angle></robndbox></object><object><type>robndbox</type><name>wheat_head</name><pose>Unspecified</pose><truncated>0</truncated><difficult>0</difficult><robndbox><cx>977.6925</cx><cy>727.0472</cy><w>80.5156</w><h>22.0532</h><angle>1.003077</angle></robndbox></object><object><type>robndbox</type><name>wheat_head</name><pose>Unspecified</pose><truncated>0</truncated><difficult>0</difficult><robndbox><cx>155.165</cx><cy>827.41</cy><w>49.2831</w><h>13.3132</h><angle>0.328553</angle></robndbox></object><object><type>robndbox</type><name>wheat_head</name><pose>Unspecified</pose><truncated>0</truncated><difficult>0</difficult><robndbox><cx>141.9045</cx><cy>781.3774</cy><w>40.6079</w><h>14.2225</h><angle>0.663203</angle></robndbox></object></annotation>