<annotation verified="no"><folder>images</folder><filename>74068babf</filename><path>/home/badhon/Documents/thesis/final_dataset/ethz_1/images/74068babf.jpg</path><source><database>Unknown</database></source><size><width>1024</width><height>1024</height><depth>3</depth></size><segmented>0</segmented><object><type>robndbox</type><name>wheat_head</name><pose>Unspecified</pose><truncated>0</truncated><difficult>0</difficult><robndbox><cx>945.805</cx><cy>475.7574</cy><w>78.766</w><h>34.2507</h><angle>1.279171</angle></robndbox></object><object><type>robndbox</type><name>wheat_head</name><pose>Unspecified</pose><truncated>0</truncated><difficult>0</difficult><robndbox><cx>819.9327</cx><cy>331.876</cy><w>99.3587</w><h>35.76</h><angle>1.263689</angle></robndbox></object><object><type>robndbox</type><name>wheat_head</name><pose>Unspecified</pose><truncated>0</truncated><difficult>0</difficult><robndbox><cx>106.4295</cx><cy>80.2263</cy><w>62.5812</w><h>27.5252</h><angle>1.317853</angle></robndbox></object><object><type>robndbox</type><name>wheat_head</name><pose>Unspecified</pose><truncated>0</truncated><difficult>0</difficult><robndbox><cx>675.0001</cx><cy>731.8904</cy><w>87.3409</w><h>30.0368</h><angle>0.920322</angle></robndbox></object><object><type>robndbox</type><name>wheat_head</name><pose>Unspecified</pose><truncated>0</truncated><difficult>0</difficult><robndbox><cx>310.4657</cx><cy>675.7403</cy><w>91.3065</w><h>38.2132</h><angle>0.959617</angle></robndbox></object><object><type>robndbox</type><name>wheat_head</name><pose>Unspecified</pose><truncated>0</truncated><difficult>0</difficult><robndbox><cx>656.0063</cx><cy>363.2128</cy><w>93.7644</w><h>36.8049</h><angle>0.411222</angle></robndbox></object><object><type>robndbox</type><name>wheat_head</name><pose>Unspecified</pose><truncated>0</truncated><difficult>0</difficult><robndbox><cx>15.2452</cx><cy>475.4714</cy><w>37.3997</w><h>26.8829</h><angle>0.631878</angle></robndbox></object><object><type>robndbox</type><name>wheat_head</name><pose>Unspecified</pose><truncated>0</truncated><difficult>0</difficult><robndbox><cx>168.3901</cx><cy>430.029</cy><w>76.5244</w><h>33.5079</h><angle>1.113691</angle></robndbox></object><object><type>robndbox</type><name>wheat_head</name><pose>Unspecified</pose><truncated>0</truncated><difficult>0</difficult><robndbox><cx>628.323</cx><cy>256.7865</cy><w>99.8403</w><h>34.108</h><angle>0.555042</angle></robndbox></object><object><type>robndbox</type><name>wheat_head</name><pose>Unspecified</pose><truncated>0</truncated><difficult>0</difficult><robndbox><cx>957.4023</cx><cy>179.4564</cy><w>88.0892</w><h>27.2699</h><angle>1.059478</angle></robndbox></object><object><type>robndbox</type><name>wheat_head</name><pose>Unspecified</pose><truncated>0</truncated><difficult>0</difficult><robndbox><cx>669.5217</cx><cy>768.143</cy><w>122.6292</w><h>40.7794</h><angle>0.793349</angle></robndbox></object><object><type>robndbox</type><name>wheat_head</name><pose>Unspecified</pose><truncated>0</truncated><difficult>0</difficult><robndbox><cx>631.5718</cx><cy>66.2179</cy><w>103.5522</w><h>29.0508</h><angle>0.462775</angle></robndbox></object><object><type>robndbox</type><name>wheat_head</name><pose>Unspecified</pose><truncated>0</truncated><difficult>0</difficult><robndbox><cx>189.8149</cx><cy>785.9558</cy><w>130.8392</w><h>32.4032</h><angle>0.321441</angle></robndbox></object><object><type>robndbox</type><name>wheat_head</name><pose>Unspecified</pose><truncated>0</truncated><difficult>0</difficult><robndbox><cx>612.2613</cx><cy>944.772</cy><w>136.5586</w><h>31.6571</h><angle>0.215075</angle></robndbox></object><object><type>robndbox</type><name>wheat_head</name><pose>Unspecified</pose><truncated>0</truncated><difficult>0</difficult><robndbox><cx>790.1442</cx><cy>43.0247</cy><w>71.5759</w><h>28.3512</h><angle>1.173481</angle></robndbox></object><object><type>robndbox</type><name>wheat_head</name><pose>Unspecified</pose><truncated>0</truncated><difficult>0</difficult><robndbox><cx>786.0067</cx><cy>171.057</cy><w>124.759</w><h>41.8581</h><angle>1.09095</angle></robndbox></object><object><type>robndbox</type><name>wheat_head</name><pose>Unspecified</pose><truncated>0</truncated><difficult>0</difficult><robndbox><cx>910.0891</cx><cy>377.8481</cy><w>67.842</w><h>35.4008</h><angle>1.966058</angle></robndbox></object><object><type>robndbox</type><name>wheat_head</name><pose>Unspecified</pose><truncated>0</truncated><difficult>0</difficult><robndbox><cx>787.7408</cx><cy>526.5494</cy><w>84.6711</w><h>35.5213</h><angle>0.432934</angle></robndbox></object><object><type>robndbox</type><name>wheat_head</name><pose>Unspecified</pose><truncated>0</truncated><difficult>0</difficult><robndbox><cx>39.3618</cx><cy>338.7454</cy><w>87.1444</w><h>32.3532</h><angle>0.587192</angle></robndbox></object><object><type>robndbox</type><name>wheat_head</name><pose>Unspecified</pose><truncated>0</truncated><difficult>0</difficult><robndbox><cx>965.8813</cx><cy>904.5729</cy><w>98.4913</w><h>34.4673</h><angle>0.616312</angle></robndbox></object><object><type>robndbox</type><name>wheat_head</name><pose>Unspecified</pose><truncated>0</truncated><difficult>0</difficult><robndbox><cx>153.744</cx><cy>973.5215</cy><w>137.4432</w><h>34.8957</h><angle>0.524205</angle></robndbox></object><object><type>robndbox</type><name>wheat_head</name><pose>Unspecified</pose><truncated>0</truncated><difficult>0</difficult><robndbox><cx>587.6979</cx><cy>985.5432</cy><w>46.3177</w><h>28.7876</h><angle>1.147028</angle></robndbox></object><object><type>robndbox</type><name>wheat_head</name><pose>Unspecified</pose><truncated>0</truncated><difficult>0</difficult><robndbox><cx>803.0419</cx><cy>564.1264</cy><w>72.1518</w><h>26.8467</h><angle>0.436379</angle></robndbox></object><object><type>robndbox</type><name>wheat_head</name><pose>Unspecified</pose><truncated>0</truncated><difficult>0</difficult><robndbox><cx>850.2748</cx><cy>48.8364</cy><w>118.3609</w><h>34.6304</h><angle>1.128097</angle></robndbox></object><object><type>robndbox</type><name>wheat_head</name><pose>Unspecified</pose><truncated>0</truncated><difficult>0</difficult><robndbox><cx>299.4621</cx><cy>332.5775</cy><w>78.8314</w><h>33.1604</h><angle>0.544357</angle></robndbox></object><object><type>robndbox</type><name>wheat_head</name><pose>Unspecified</pose><truncated>0</truncated><difficult>0</difficult><robndbox><cx>619.6461</cx><cy>784.245</cy><w>93.9547</w><h>32.5972</h><angle>0.893195</angle></robndbox></object><object><type>robndbox</type><name>wheat_head</name><pose>Unspecified</pose><truncated>0</truncated><difficult>0</difficult><robndbox><cx>414.0142</cx><cy>224.7624</cy><w>111.5443</w><h>38.7084</h><angle>0.914964</angle></robndbox></object><object><type>robndbox</type><name>wheat_head</name><pose>Unspecified</pose><truncated>0</truncated><difficult>0</difficult><robndbox><cx>625.4594</cx><cy>110.9547</cy><w>92.3873</w><h>34.9337</h><angle>0.449529</angle></robndbox></object><object><type>robndbox</type><name>wheat_head</name><pose>Unspecified</pose><truncated>0</truncated><difficult>0</difficult><robndbox><cx>786.0067</cx><cy>171.057</cy><w>124.759</w><h>41.8581</h><angle>1.09095</angle></robndbox></object><object><type>robndbox</type><name>wheat_head</name><pose>Unspecified</pose><truncated>0</truncated><difficult>0</difficult><robndbox><cx>77.5353</cx><cy>893.1473</cy><w>62.05</w><h>28.2057</h><angle>0.342633</angle></robndbox></object><object><type>robndbox</type><name>wheat_head</name><pose>Unspecified</pose><truncated>0</truncated><difficult>0</difficult><robndbox><cx>955.655</cx><cy>952.1511</cy><w>62.2222</w><h>29.5591</h><angle>0.87262</angle></robndbox></object><object><type>robndbox</type><name>wheat_head</name><pose>Unspecified</pose><truncated>0</truncated><difficult>0</difficult><robndbox><cx>903.7598</cx><cy>460.8416</cy><w>57.423</w><h>28.3055</h><angle>0.802071</angle></robndbox></object><object><type>robndbox</type><name>wheat_head</name><pose>Unspecified</pose><truncated>0</truncated><difficult>0</difficult><robndbox><cx>965.2156</cx><cy>120.0077</cy><w>73.3598</w><h>29.1527</h><angle>1.497784</angle></robndbox></object><object><type>robndbox</type><name>wheat_head</name><pose>Unspecified</pose><truncated>0</truncated><difficult>0</difficult><robndbox><cx>1005.9384</cx><cy>333.6331</cy><w>44.3221</w><h>24.9507</h><angle>1.316098</angle></robndbox></object><object><type>robndbox</type><name>wheat_head</name><pose>Unspecified</pose><truncated>0</truncated><difficult>0</difficult><robndbox><cx>51.1144</cx><cy>786.7744</cy><w>81.3175</w><h>34.7508</h><angle>0.561246</angle></robndbox></object><object><type>robndbox</type><name>wheat_head</name><pose>Unspecified</pose><truncated>0</truncated><difficult>0</difficult><robndbox><cx>67.0387</cx><cy>161.874</cy><w>87.6518</w><h>23.3595</h><angle>0.251713</angle></robndbox></object><object><type>robndbox</type><name>wheat_head</name><pose>Unspecified</pose><truncated>0</truncated><difficult>0</difficult><robndbox><cx>49.6913</cx><cy>428.4477</cy><w>110.3007</w><h>26.9934</h><angle>0.435632</angle></robndbox></object><object><type>robndbox</type><name>wheat_head</name><pose>Unspecified</pose><truncated>0</truncated><difficult>0</difficult><robndbox><cx>81.0992</cx><cy>132.9471</cy><w>89.4101</w><h>29.8031</h><angle>0.413034</angle></robndbox></object><object><type>robndbox</type><name>wheat_head</name><pose>Unspecified</pose><truncated>0</truncated><difficult>0</difficult><robndbox><cx>539.7902</cx><cy>1001.558</cy><w>43.2833</w><h>27.1903</h><angle>0.634495</angle></robndbox></object><object><type>robndbox</type><name>wheat_head</name><pose>Unspecified</pose><truncated>0</truncated><difficult>0</difficult><robndbox><cx>708.694</cx><cy>685.2163</cy><w>59.9848</w><h>30.0718</h><angle>0.610064</angle></robndbox></object><object><type>robndbox</type><name>wheat_head</name><pose>Unspecified</pose><truncated>0</truncated><difficult>0</difficult><robndbox><cx>609.8527</cx><cy>419.977</cy><w>65.3927</w><h>27.6306</h><angle>0.207373</angle></robndbox></object><object><type>robndbox</type><name>wheat_head</name><pose>Unspecified</pose><truncated>0</truncated><difficult>0</difficult><robndbox><cx>592.7812</cx><cy>485.1472</cy><w>40.8541</w><h>29.6856</h><angle>3.089637</angle></robndbox></object><object><type>robndbox</type><name>wheat_head</name><pose>Unspecified</pose><truncated>0</truncated><difficult>0</difficult><robndbox><cx>637.2257</cx><cy>869.0158</cy><w>53.5722</w><h>25.0843</h><angle>0.169223</angle></robndbox></object><object><type>robndbox</type><name>wheat_head</name><pose>Unspecified</pose><truncated>0</truncated><difficult>0</difficult><robndbox><cx>936.3514</cx><cy>835.6082</cy><w>70.7202</w><h>37.7581</h><angle>0.20627</angle></robndbox></object><object><type>robndbox</type><name>wheat_head</name><pose>Unspecified</pose><truncated>0</truncated><difficult>0</difficult><robndbox><cx>51.9661</cx><cy>61.5261</cy><w>84.7661</w><h>27.8013</h><angle>1.244207</angle></robndbox></object><object><type>robndbox</type><name>wheat_head</name><pose>Unspecified</pose><truncated>0</truncated><difficult>0</difficult><robndbox><cx>73.6617</cx><cy>401.0636</cy><w>51.1369</w><h>25.2532</h><angle>0.464038</angle></robndbox></object><object><type>robndbox</type><name>wheat_head</name><pose>Unspecified</pose><truncated>0</truncated><difficult>0</difficult><robndbox><cx>840.2243</cx><cy>871.126</cy><w>67.4764</w><h>30.3811</h><angle>3.134638</angle></robndbox></object><object><type>robndbox</type><name>wheat_head</name><pose>Unspecified</pose><truncated>0</truncated><difficult>0</difficult><robndbox><cx>889.3466</cx><cy>495.2684</cy><w>55.6129</w><h>26.3821</h><angle>1.18366</angle></robndbox></object><object><type>robndbox</type><name>wheat_head</name><pose>Unspecified</pose><truncated>0</truncated><difficult>0</difficult><robndbox><cx>947.7772</cx><cy>65.4225</cy><w>55.4043</w><h>27.5512</h><angle>1.180291</angle></robndbox></object><object><type>robndbox</type><name>wheat_head</name><pose>Unspecified</pose><truncated>0</truncated><difficult>0</difficult><robndbox><cx>510.3318</cx><cy>428.1427</cy><w>61.3026</w><h>39.6128</h><angle>1.066843</angle></robndbox></object><object><type>robndbox</type><name>wheat_head</name><pose>Unspecified</pose><truncated>0</truncated><difficult>0</difficult><robndbox><cx>64.2119</cx><cy>272.7406</cy><w>37.039</w><h>12.5394</h><angle>0.457064</angle></robndbox></object><object><type>robndbox</type><name>wheat_head</name><pose>Unspecified</pose><truncated>0</truncated><difficult>0</difficult><robndbox><cx>394.9504</cx><cy>831.6088</cy><w>69.4543</w><h>33.3605</h><angle>0.367422</angle></robndbox></object><object><type>robndbox</type><name>wheat_head</name><pose>Unspecified</pose><truncated>0</truncated><difficult>0</difficult><robndbox><cx>259.4538</cx><cy>564.7181</cy><w>59.1978</w><h>33.0083</h><angle>0.077342</angle></robndbox></object><object><type>robndbox</type><name>wheat_head</name><pose>Unspecified</pose><truncated>0</truncated><difficult>0</difficult><robndbox><cx>719.692</cx><cy>901.3136</cy><w>46.3701</w><h>34.6403</h><angle>0.706397</angle></robndbox></object><object><type>robndbox</type><name>wheat_head</name><pose>Unspecified</pose><truncated>0</truncated><difficult>0</difficult><robndbox><cx>349.7378</cx><cy>402.7702</cy><w>74.8643</w><h>39.4082</h><angle>0.533928</angle></robndbox></object><object><type>robndbox</type><name>wheat_head</name><pose>Unspecified</pose><truncated>0</truncated><difficult>0</difficult><robndbox><cx>741.8558</cx><cy>652.3737</cy><w>45.8319</w><h>37.0217</h><angle>2.33161</angle></robndbox></object><object><type>robndbox</type><name>wheat_head</name><pose>Unspecified</pose><truncated>0</truncated><difficult>0</difficult><robndbox><cx>97.5115</cx><cy>438.3087</cy><w>49.6676</w><h>31.2661</h><angle>0.409674</angle></robndbox></object><object><type>robndbox</type><name>wheat_head</name><pose>Unspecified</pose><truncated>0</truncated><difficult>0</difficult><robndbox><cx>1012.4244</cx><cy>201.815</cy><w>32.6272</w><h>19.3675</h><angle>1.540749</angle></robndbox></object><object><type>robndbox</type><name>wheat_head</name><pose>Unspecified</pose><truncated>0</truncated><difficult>0</difficult><robndbox><cx>1003.5709</cx><cy>853.1055</cy><w>32.9483</w><h>29.0107</h><angle>0.053409</angle></robndbox></object><object><type>robndbox</type><name>wheat_head</name><pose>Unspecified</pose><truncated>0</truncated><difficult>0</difficult><robndbox><cx>952.4211</cx><cy>547.1441</cy><w>72.331</w><h>32.5309</h><angle>3.012782</angle></robndbox></object><object><type>robndbox</type><name>wheat_head</name><pose>Unspecified</pose><truncated>0</truncated><difficult>0</difficult><robndbox><cx>1009.8922</cx><cy>697.8604</cy><w>32.2653</w><h>23.4432</h><angle>1.527376</angle></robndbox></object><object><type>robndbox</type><name>wheat_head</name><pose>Unspecified</pose><truncated>0</truncated><difficult>0</difficult><robndbox><cx>919.11</cx><cy>7.5679</cy><w>18.1709</w><h>15.9505</h><angle>0.043468</angle></robndbox></object><object><type>robndbox</type><name>wheat_head</name><pose>Unspecified</pose><truncated>0</truncated><difficult>0</difficult><robndbox><cx>1011.9857</cx><cy>640.7403</cy><w>31.9317</w><h>18.9839</h><angle>1.588528</angle></robndbox></object><object><type>robndbox</type><name>wheat_head</name><pose>Unspecified</pose><truncated>0</truncated><difficult>0</difficult><robndbox><cx>139.338</cx><cy>740.7256</cy><w>140.0597</w><h>34.2242</h><angle>0.089083</angle></robndbox></object><object><type>robndbox</type><name>wheat_head</name><pose>Unspecified</pose><truncated>0</truncated><difficult>0</difficult><robndbox><cx>165.887</cx><cy>707.7987</cy><w>94.7096</w><h>22.9077</h><angle>0.087765</angle></robndbox></object></annotation>