<annotation verified="no"><folder>images</folder><filename>755becfe1</filename><path>/home/badhon/Documents/thesis/final_dataset/ethz_1/images/755becfe1.jpg</path><source><database>Unknown</database></source><size><width>1024</width><height>1024</height><depth>3</depth></size><segmented>0</segmented><object><type>robndbox</type><name>wheat_head</name><pose>Unspecified</pose><truncated>0</truncated><difficult>0</difficult><robndbox><cx>982.3603</cx><cy>372.0755</cy><w>96.6796</w><h>34.621</h><angle>1.952071</angle></robndbox></object><object><type>robndbox</type><name>wheat_head</name><pose>Unspecified</pose><truncated>0</truncated><difficult>0</difficult><robndbox><cx>317.2831</cx><cy>886.1575</cy><w>87.4516</w><h>36.2755</h><angle>1.991484</angle></robndbox></object><object><type>robndbox</type><name>wheat_head</name><pose>Unspecified</pose><truncated>0</truncated><difficult>0</difficult><robndbox><cx>742.6013</cx><cy>305.1275</cy><w>89.4108</w><h>32.5559</h><angle>0.987801</angle></robndbox></object><object><type>robndbox</type><name>wheat_head</name><pose>Unspecified</pose><truncated>0</truncated><difficult>0</difficult><robndbox><cx>425.2785</cx><cy>790.8227</cy><w>78.6638</w><h>38.8086</h><angle>0.943679</angle></robndbox></object><object><type>robndbox</type><name>wheat_head</name><pose>Unspecified</pose><truncated>0</truncated><difficult>0</difficult><robndbox><cx>410.7728</cx><cy>960.6099</cy><w>113.1737</w><h>40.8132</h><angle>1.124792</angle></robndbox></object><object><type>robndbox</type><name>wheat_head</name><pose>Unspecified</pose><truncated>0</truncated><difficult>0</difficult><robndbox><cx>560.4386</cx><cy>475.8895</cy><w>65.3822</w><h>31.4238</h><angle>2.167031</angle></robndbox></object><object><type>robndbox</type><name>wheat_head</name><pose>Unspecified</pose><truncated>0</truncated><difficult>0</difficult><robndbox><cx>733.9096</cx><cy>40.9763</cy><w>69.9335</w><h>27.2899</h><angle>1.458551</angle></robndbox></object><object><type>robndbox</type><name>wheat_head</name><pose>Unspecified</pose><truncated>0</truncated><difficult>0</difficult><robndbox><cx>203.0457</cx><cy>381.0555</cy><w>89.1547</w><h>37.0507</h><angle>0.662011</angle></robndbox></object><object><type>robndbox</type><name>wheat_head</name><pose>Unspecified</pose><truncated>0</truncated><difficult>0</difficult><robndbox><cx>565.6536</cx><cy>61.2531</cy><w>115.2886</w><h>35.4007</h><angle>1.97171</angle></robndbox></object><object><type>robndbox</type><name>wheat_head</name><pose>Unspecified</pose><truncated>0</truncated><difficult>0</difficult><robndbox><cx>335.2249</cx><cy>87.8126</cy><w>92.9165</w><h>37.0893</h><angle>0.878747</angle></robndbox></object><object><type>robndbox</type><name>wheat_head</name><pose>Unspecified</pose><truncated>0</truncated><difficult>0</difficult><robndbox><cx>593.5092</cx><cy>718.5671</cy><w>49.3925</w><h>23.9729</h><angle>1.34342</angle></robndbox></object><object><type>robndbox</type><name>wheat_head</name><pose>Unspecified</pose><truncated>0</truncated><difficult>0</difficult><robndbox><cx>606.6157</cx><cy>535.0066</cy><w>86.5056</w><h>34.846</h><angle>1.820392</angle></robndbox></object><object><type>robndbox</type><name>wheat_head</name><pose>Unspecified</pose><truncated>0</truncated><difficult>0</difficult><robndbox><cx>921.4283</cx><cy>295.4086</cy><w>93.4903</w><h>33.0265</h><angle>1.276153</angle></robndbox></object><object><type>robndbox</type><name>wheat_head</name><pose>Unspecified</pose><truncated>0</truncated><difficult>0</difficult><robndbox><cx>648.1559</cx><cy>420.0616</cy><w>67.7675</w><h>29.8326</h><angle>1.921193</angle></robndbox></object><object><type>robndbox</type><name>wheat_head</name><pose>Unspecified</pose><truncated>0</truncated><difficult>0</difficult><robndbox><cx>709.0412</cx><cy>381.7206</cy><w>82.3322</w><h>36.7014</h><angle>1.239232</angle></robndbox></object><object><type>robndbox</type><name>wheat_head</name><pose>Unspecified</pose><truncated>0</truncated><difficult>0</difficult><robndbox><cx>755.0458</cx><cy>31.1137</cy><w>54.9869</w><h>33.1825</h><angle>0.658551</angle></robndbox></object><object><type>robndbox</type><name>wheat_head</name><pose>Unspecified</pose><truncated>0</truncated><difficult>0</difficult><robndbox><cx>622.7847</cx><cy>72.6467</cy><w>93.5221</w><h>39.5831</h><angle>1.234342</angle></robndbox></object><object><type>robndbox</type><name>wheat_head</name><pose>Unspecified</pose><truncated>0</truncated><difficult>0</difficult><robndbox><cx>591.7395</cx><cy>379.9882</cy><w>129.1532</w><h>35.3774</h><angle>1.746454</angle></robndbox></object><object><type>robndbox</type><name>wheat_head</name><pose>Unspecified</pose><truncated>0</truncated><difficult>0</difficult><robndbox><cx>270.7486</cx><cy>981.4206</cy><w>61.0714</w><h>34.0262</h><angle>1.32926</angle></robndbox></object><object><type>robndbox</type><name>wheat_head</name><pose>Unspecified</pose><truncated>0</truncated><difficult>0</difficult><robndbox><cx>442.7583</cx><cy>87.3685</cy><w>75.7269</w><h>31.6144</h><angle>1.43623</angle></robndbox></object><object><type>robndbox</type><name>wheat_head</name><pose>Unspecified</pose><truncated>0</truncated><difficult>0</difficult><robndbox><cx>807.9767</cx><cy>791.5934</cy><w>55.1894</w><h>31.6158</h><angle>1.836646</angle></robndbox></object><object><type>robndbox</type><name>wheat_head</name><pose>Unspecified</pose><truncated>0</truncated><difficult>0</difficult><robndbox><cx>561.5698</cx><cy>712.7015</cy><w>59.1766</w><h>22.9939</h><angle>1.525965</angle></robndbox></object><object><type>robndbox</type><name>wheat_head</name><pose>Unspecified</pose><truncated>0</truncated><difficult>0</difficult><robndbox><cx>85.2557</cx><cy>646.4257</cy><w>64.5677</w><h>27.7842</h><angle>1.357945</angle></robndbox></object><object><type>robndbox</type><name>wheat_head</name><pose>Unspecified</pose><truncated>0</truncated><difficult>0</difficult><robndbox><cx>277.4981</cx><cy>686.6966</cy><w>65.8822</w><h>27.5821</h><angle>1.197217</angle></robndbox></object><object><type>robndbox</type><name>wheat_head</name><pose>Unspecified</pose><truncated>0</truncated><difficult>0</difficult><robndbox><cx>875.2493</cx><cy>255.2228</cy><w>106.2924</w><h>31.0194</h><angle>1.750985</angle></robndbox></object><object><type>robndbox</type><name>wheat_head</name><pose>Unspecified</pose><truncated>0</truncated><difficult>0</difficult><robndbox><cx>958.2238</cx><cy>476.7054</cy><w>54.8047</w><h>30.9757</h><angle>1.009977</angle></robndbox></object><object><type>robndbox</type><name>wheat_head</name><pose>Unspecified</pose><truncated>0</truncated><difficult>0</difficult><robndbox><cx>984.272</cx><cy>979.9902</cy><w>64.5938</w><h>34.9322</h><angle>1.042018</angle></robndbox></object><object><type>robndbox</type><name>wheat_head</name><pose>Unspecified</pose><truncated>0</truncated><difficult>0</difficult><robndbox><cx>938.7485</cx><cy>600.5508</cy><w>102.2646</w><h>36.1731</h><angle>1.263966</angle></robndbox></object><object><type>robndbox</type><name>wheat_head</name><pose>Unspecified</pose><truncated>0</truncated><difficult>0</difficult><robndbox><cx>312.9698</cx><cy>388.6627</cy><w>99.0099</w><h>32.0101</h><angle>1.363694</angle></robndbox></object><object><type>robndbox</type><name>wheat_head</name><pose>Unspecified</pose><truncated>0</truncated><difficult>0</difficult><robndbox><cx>235.4912</cx><cy>77.4936</cy><w>94.6462</w><h>33.3843</h><angle>1.49074</angle></robndbox></object><object><type>robndbox</type><name>wheat_head</name><pose>Unspecified</pose><truncated>0</truncated><difficult>0</difficult><robndbox><cx>673.1673</cx><cy>473.1077</cy><w>117.7881</w><h>29.7115</h><angle>2.0109</angle></robndbox></object><object><type>robndbox</type><name>wheat_head</name><pose>Unspecified</pose><truncated>0</truncated><difficult>0</difficult><robndbox><cx>677.9255</cx><cy>532.2271</cy><w>62.7888</w><h>32.4588</h><angle>1.855813</angle></robndbox></object><object><type>robndbox</type><name>wheat_head</name><pose>Unspecified</pose><truncated>0</truncated><difficult>0</difficult><robndbox><cx>419.7388</cx><cy>124.1311</cy><w>46.613</w><h>23.9823</h><angle>1.388587</angle></robndbox></object><object><type>robndbox</type><name>wheat_head</name><pose>Unspecified</pose><truncated>0</truncated><difficult>0</difficult><robndbox><cx>630.6946</cx><cy>805.2016</cy><w>68.5401</w><h>28.7646</h><angle>1.62681</angle></robndbox></object><object><type>robndbox</type><name>wheat_head</name><pose>Unspecified</pose><truncated>0</truncated><difficult>0</difficult><robndbox><cx>280.1732</cx><cy>172.4962</cy><w>58.8546</w><h>35.1699</h><angle>0.675687</angle></robndbox></object><object><type>robndbox</type><name>wheat_head</name><pose>Unspecified</pose><truncated>0</truncated><difficult>0</difficult><robndbox><cx>455.4578</cx><cy>200.1404</cy><w>69.9135</w><h>28.6892</h><angle>1.522114</angle></robndbox></object><object><type>robndbox</type><name>wheat_head</name><pose>Unspecified</pose><truncated>0</truncated><difficult>0</difficult><robndbox><cx>568.7178</cx><cy>968.162</cy><w>62.768</w><h>33.7457</h><angle>1.474661</angle></robndbox></object><object><type>robndbox</type><name>wheat_head</name><pose>Unspecified</pose><truncated>0</truncated><difficult>0</difficult><robndbox><cx>744.5328</cx><cy>1000.7158</cy><w>35.797</w><h>28.5513</h><angle>1.376675</angle></robndbox></object><object><type>robndbox</type><name>wheat_head</name><pose>Unspecified</pose><truncated>0</truncated><difficult>0</difficult><robndbox><cx>263.0937</cx><cy>503.2837</cy><w>62.2875</w><h>33.2994</h><angle>0.94676</angle></robndbox></object><object><type>robndbox</type><name>wheat_head</name><pose>Unspecified</pose><truncated>0</truncated><difficult>0</difficult><robndbox><cx>63.8849</cx><cy>239.8188</cy><w>87.777</w><h>34.6204</h><angle>0.146575</angle></robndbox></object><object><type>robndbox</type><name>wheat_head</name><pose>Unspecified</pose><truncated>0</truncated><difficult>0</difficult><robndbox><cx>933.8836</cx><cy>962.7203</cy><w>106.0398</w><h>28.7137</h><angle>1.455814</angle></robndbox></object><object><type>robndbox</type><name>wheat_head</name><pose>Unspecified</pose><truncated>0</truncated><difficult>0</difficult><robndbox><cx>176.3178</cx><cy>250.1333</cy><w>38.32</w><h>26.1855</h><angle>1.228747</angle></robndbox></object><object><type>robndbox</type><name>wheat_head</name><pose>Unspecified</pose><truncated>0</truncated><difficult>0</difficult><robndbox><cx>354.9405</cx><cy>779.5054</cy><w>64.4835</w><h>33.6828</h><angle>2.218391</angle></robndbox></object><object><type>robndbox</type><name>wheat_head</name><pose>Unspecified</pose><truncated>0</truncated><difficult>0</difficult><robndbox><cx>706.4404</cx><cy>140.2885</cy><w>80.6957</w><h>35.1132</h><angle>0.323682</angle></robndbox></object><object><type>robndbox</type><name>wheat_head</name><pose>Unspecified</pose><truncated>0</truncated><difficult>0</difficult><robndbox><cx>902.6386</cx><cy>882.0152</cy><w>96.405</w><h>35.1954</h><angle>2.210052</angle></robndbox></object><object><type>robndbox</type><name>wheat_head</name><pose>Unspecified</pose><truncated>0</truncated><difficult>0</difficult><robndbox><cx>828.7755</cx><cy>367.0104</cy><w>59.2253</w><h>33.8063</h><angle>0.60894</angle></robndbox></object><object><type>robndbox</type><name>wheat_head</name><pose>Unspecified</pose><truncated>0</truncated><difficult>0</difficult><robndbox><cx>1004.2188</cx><cy>262.0902</cy><w>30.9564</w><h>26.1808</h><angle>1.170443</angle></robndbox></object><object><type>robndbox</type><name>wheat_head</name><pose>Unspecified</pose><truncated>0</truncated><difficult>0</difficult><robndbox><cx>524.5807</cx><cy>877.2839</cy><w>44.4765</w><h>34.1602</h><angle>1.218658</angle></robndbox></object><object><type>robndbox</type><name>wheat_head</name><pose>Unspecified</pose><truncated>0</truncated><difficult>0</difficult><robndbox><cx>26.759</cx><cy>503.4271</cy><w>36.2557</w><h>30.4322</h><angle>1.789024</angle></robndbox></object><object><type>robndbox</type><name>wheat_head</name><pose>Unspecified</pose><truncated>0</truncated><difficult>0</difficult><robndbox><cx>313.7496</cx><cy>717.7564</cy><w>111.8265</w><h>39.6601</h><angle>1.497217</angle></robndbox></object><object><type>robndbox</type><name>wheat_head</name><pose>Unspecified</pose><truncated>0</truncated><difficult>0</difficult><robndbox><cx>303.0881</cx><cy>303.8179</cy><w>102.0363</w><h>29.3025</h><angle>1.315216</angle></robndbox></object><object><type>robndbox</type><name>wheat_head</name><pose>Unspecified</pose><truncated>0</truncated><difficult>0</difficult><robndbox><cx>695.4449</cx><cy>168.6602</cy><w>47.2841</w><h>21.2684</h><angle>0.965938</angle></robndbox></object><object><type>robndbox</type><name>wheat_head</name><pose>Unspecified</pose><truncated>0</truncated><difficult>0</difficult><robndbox><cx>938.2381</cx><cy>524.5484</cy><w>46.8213</w><h>28.8832</h><angle>1.454036</angle></robndbox></object><object><type>robndbox</type><name>wheat_head</name><pose>Unspecified</pose><truncated>0</truncated><difficult>0</difficult><robndbox><cx>755.6899</cx><cy>460.0698</cy><w>36.041</w><h>29.604</h><angle>2.244352</angle></robndbox></object><object><type>robndbox</type><name>wheat_head</name><pose>Unspecified</pose><truncated>0</truncated><difficult>0</difficult><robndbox><cx>160.8576</cx><cy>683.2301</cy><w>143.1335</w><h>37.1118</h><angle>1.648582</angle></robndbox></object><object><type>robndbox</type><name>wheat_head</name><pose>Unspecified</pose><truncated>0</truncated><difficult>0</difficult><robndbox><cx>837.0874</cx><cy>832.9513</cy><w>38.2707</w><h>28.1609</h><angle>0.272629</angle></robndbox></object><object><type>robndbox</type><name>wheat_head</name><pose>Unspecified</pose><truncated>0</truncated><difficult>0</difficult><robndbox><cx>714.2211</cx><cy>745.2449</cy><w>55.3555</w><h>31.5997</h><angle>1.232254</angle></robndbox></object><object><type>robndbox</type><name>wheat_head</name><pose>Unspecified</pose><truncated>0</truncated><difficult>0</difficult><robndbox><cx>819.1443</cx><cy>479.3894</cy><w>92.2798</w><h>35.0431</h><angle>1.648145</angle></robndbox></object><object><type>robndbox</type><name>wheat_head</name><pose>Unspecified</pose><truncated>0</truncated><difficult>0</difficult><robndbox><cx>184.3713</cx><cy>844.1237</cy><w>56.5721</w><h>34.2251</h><angle>0.375812</angle></robndbox></object><object><type>robndbox</type><name>wheat_head</name><pose>Unspecified</pose><truncated>0</truncated><difficult>0</difficult><robndbox><cx>455.0047</cx><cy>529.4614</cy><w>31.1443</w><h>29.288</h><angle>1.744213</angle></robndbox></object><object><type>robndbox</type><name>wheat_head</name><pose>Unspecified</pose><truncated>0</truncated><difficult>0</difficult><robndbox><cx>221.2282</cx><cy>7.6505</cy><w>30.6794</w><h>14.3851</h><angle>3.102022</angle></robndbox></object><object><type>robndbox</type><name>wheat_head</name><pose>Unspecified</pose><truncated>0</truncated><difficult>0</difficult><robndbox><cx>120.0245</cx><cy>662.0083</cy><w>76.4115</w><h>23.6835</h><angle>1.777882</angle></robndbox></object><object><type>robndbox</type><name>wheat_head</name><pose>Unspecified</pose><truncated>0</truncated><difficult>0</difficult><robndbox><cx>553.4678</cx><cy>825.4559</cy><w>42.8746</w><h>37.8816</h><angle>0.26053</angle></robndbox></object><object><type>robndbox</type><name>wheat_head</name><pose>Unspecified</pose><truncated>0</truncated><difficult>0</difficult><robndbox><cx>72.4857</cx><cy>853.2469</cy><w>47.8501</w><h>26.7964</h><angle>0.246588</angle></robndbox></object><object><type>robndbox</type><name>wheat_head</name><pose>Unspecified</pose><truncated>0</truncated><difficult>0</difficult><robndbox><cx>208.0</cx><cy>79.0</cy><w>45.5538</w><h>13.4675</h><angle>1.243975</angle></robndbox></object><object><type>robndbox</type><name>wheat_head</name><pose>Unspecified</pose><truncated>0</truncated><difficult>0</difficult><robndbox><cx>248.871</cx><cy>551.5065</cy><w>47.9887</w><h>31.7725</h><angle>1.155251</angle></robndbox></object><object><type>robndbox</type><name>wheat_head</name><pose>Unspecified</pose><truncated>0</truncated><difficult>0</difficult><robndbox><cx>60.9314</cx><cy>6.7909</cy><w>24.8837</w><h>11.3966</h><angle>3.136214</angle></robndbox></object><object><type>robndbox</type><name>wheat_head</name><pose>Unspecified</pose><truncated>0</truncated><difficult>0</difficult><robndbox><cx>352.468</cx><cy>288.8808</cy><w>43.9977</w><h>34.7361</h><angle>0.228983</angle></robndbox></object><object><type>robndbox</type><name>wheat_head</name><pose>Unspecified</pose><truncated>0</truncated><difficult>0</difficult><robndbox><cx>388.4631</cx><cy>412.1253</cy><w>114.6694</w><h>41.7856</h><angle>0.580872</angle></robndbox></object><object><type>robndbox</type><name>wheat_head</name><pose>Unspecified</pose><truncated>0</truncated><difficult>0</difficult><robndbox><cx>80.8301</cx><cy>472.9187</cy><w>67.1598</w><h>37.2369</h><angle>0.083234</angle></robndbox></object><object><type>robndbox</type><name>wheat_head</name><pose>Unspecified</pose><truncated>0</truncated><difficult>0</difficult><robndbox><cx>224.0431</cx><cy>1010.6546</cy><w>31.7689</w><h>17.5098</h><angle>0.075919</angle></robndbox></object><object><type>robndbox</type><name>wheat_head</name><pose>Unspecified</pose><truncated>0</truncated><difficult>0</difficult><robndbox><cx>765.9069</cx><cy>858.8474</cy><w>51.0078</w><h>30.4613</h><angle>0.607375</angle></robndbox></object><object><type>robndbox</type><name>wheat_head</name><pose>Unspecified</pose><truncated>0</truncated><difficult>0</difficult><robndbox><cx>1005.6684</cx><cy>520.9128</cy><w>30.7931</w><h>29.1216</h><angle>0.028352</angle></robndbox></object><object><type>robndbox</type><name>wheat_head</name><pose>Unspecified</pose><truncated>0</truncated><difficult>0</difficult><robndbox><cx>174.6999</cx><cy>7.082</cy><w>36.7607</w><h>13.0573</h><angle>0.018596</angle></robndbox></object><object><type>robndbox</type><name>wheat_head</name><pose>Unspecified</pose><truncated>0</truncated><difficult>0</difficult><robndbox><cx>785.4542</cx><cy>8.6559</cy><w>28.4609</w><h>16.9775</h><angle>3.082822</angle></robndbox></object><object><type>robndbox</type><name>wheat_head</name><pose>Unspecified</pose><truncated>0</truncated><difficult>0</difficult><robndbox><cx>302.6734</cx><cy>498.1109</cy><w>39.2245</w><h>31.1257</h><angle>0.485999</angle></robndbox></object><object><type>robndbox</type><name>wheat_head</name><pose>Unspecified</pose><truncated>0</truncated><difficult>0</difficult><robndbox><cx>671.342</cx><cy>740.6356</cy><w>39.3111</w><h>30.1383</h><angle>2.644818</angle></robndbox></object><object><type>robndbox</type><name>wheat_head</name><pose>Unspecified</pose><truncated>0</truncated><difficult>0</difficult><robndbox><cx>149.8129</cx><cy>344.0574</cy><w>91.2392</w><h>31.3186</h><angle>1.202825</angle></robndbox></object><object><type>robndbox</type><name>wheat_head</name><pose>Unspecified</pose><truncated>0</truncated><difficult>0</difficult><robndbox><cx>773.2906</cx><cy>269.4403</cy><w>34.8084</w><h>31.2245</h><angle>0.812243</angle></robndbox></object><object><type>robndbox</type><name>wheat_head</name><pose>Unspecified</pose><truncated>0</truncated><difficult>0</difficult><robndbox><cx>471.018</cx><cy>458.599</cy><w>36.1148</w><h>33.36</h><angle>1.552218</angle></robndbox></object><object><type>robndbox</type><name>wheat_head</name><pose>Unspecified</pose><truncated>0</truncated><difficult>0</difficult><robndbox><cx>842.9769</cx><cy>538.037</cy><w>35.9055</w><h>28.1186</h><angle>0.299211</angle></robndbox></object><object><type>robndbox</type><name>wheat_head</name><pose>Unspecified</pose><truncated>0</truncated><difficult>0</difficult><robndbox><cx>513.5943</cx><cy>53.7942</cy><w>48.7676</w><h>25.2899</h><angle>0.154822</angle></robndbox></object><object><type>robndbox</type><name>wheat_head</name><pose>Unspecified</pose><truncated>0</truncated><difficult>0</difficult><robndbox><cx>406.9319</cx><cy>165.8808</cy><w>33.7202</w><h>31.4253</h><angle>0.117501</angle></robndbox></object><object><type>robndbox</type><name>wheat_head</name><pose>Unspecified</pose><truncated>0</truncated><difficult>0</difficult><robndbox><cx>648.6063</cx><cy>862.0024</cy><w>54.2997</w><h>33.3428</h><angle>3.109898</angle></robndbox></object><object><type>robndbox</type><name>wheat_head</name><pose>Unspecified</pose><truncated>0</truncated><difficult>0</difficult><robndbox><cx>62.489</cx><cy>763.6097</cy><w>108.8975</w><h>43.2223</h><angle>0.57306</angle></robndbox></object></annotation>