<annotation verified="no"><folder>images</folder><filename>773a616f7</filename><path>/home/badhon/Documents/thesis/final_dataset/ethz_1/images/773a616f7.jpg</path><source><database>Unknown</database></source><size><width>1024</width><height>1024</height><depth>3</depth></size><segmented>0</segmented><object><type>robndbox</type><name>wheat_head</name><pose>Unspecified</pose><truncated>0</truncated><difficult>0</difficult><robndbox><cx>436.4903</cx><cy>314.9313</cy><w>126.4443</w><h>40.6613</h><angle>1.054867</angle></robndbox></object><object><type>robndbox</type><name>wheat_head</name><pose>Unspecified</pose><truncated>0</truncated><difficult>0</difficult><robndbox><cx>845.0118</cx><cy>242.3356</cy><w>84.1377</w><h>41.4355</h><angle>1.024319</angle></robndbox></object><object><type>robndbox</type><name>wheat_head</name><pose>Unspecified</pose><truncated>0</truncated><difficult>0</difficult><robndbox><cx>654.8466</cx><cy>172.6456</cy><w>119.0783</w><h>41.2756</h><angle>0.668878</angle></robndbox></object><object><type>robndbox</type><name>wheat_head</name><pose>Unspecified</pose><truncated>0</truncated><difficult>0</difficult><robndbox><cx>90.1598</cx><cy>25.8407</cy><w>70.4938</w><h>38.2552</h><angle>0.640695</angle></robndbox></object><object><type>robndbox</type><name>wheat_head</name><pose>Unspecified</pose><truncated>0</truncated><difficult>0</difficult><robndbox><cx>527.9647</cx><cy>401.1009</cy><w>81.3574</w><h>35.4225</h><angle>0.890159</angle></robndbox></object><object><type>robndbox</type><name>wheat_head</name><pose>Unspecified</pose><truncated>0</truncated><difficult>0</difficult><robndbox><cx>562.409</cx><cy>490.4234</cy><w>138.8294</w><h>46.9949</h><angle>0.597984</angle></robndbox></object><object><type>robndbox</type><name>wheat_head</name><pose>Unspecified</pose><truncated>0</truncated><difficult>0</difficult><robndbox><cx>665.2686</cx><cy>645.0156</cy><w>102.0071</w><h>42.9851</h><angle>0.617405</angle></robndbox></object><object><type>robndbox</type><name>wheat_head</name><pose>Unspecified</pose><truncated>0</truncated><difficult>0</difficult><robndbox><cx>909.1168</cx><cy>838.5146</cy><w>85.175</w><h>36.3008</h><angle>0.305762</angle></robndbox></object><object><type>robndbox</type><name>wheat_head</name><pose>Unspecified</pose><truncated>0</truncated><difficult>0</difficult><robndbox><cx>232.6271</cx><cy>343.0238</cy><w>119.8699</w><h>42.2843</h><angle>0.421399</angle></robndbox></object><object><type>robndbox</type><name>wheat_head</name><pose>Unspecified</pose><truncated>0</truncated><difficult>0</difficult><robndbox><cx>371.0653</cx><cy>397.7699</cy><w>121.9943</w><h>33.5055</h><angle>0.233864</angle></robndbox></object><object><type>robndbox</type><name>wheat_head</name><pose>Unspecified</pose><truncated>0</truncated><difficult>0</difficult><robndbox><cx>409.1221</cx><cy>200.5331</cy><w>74.5886</w><h>31.8083</h><angle>0.898054</angle></robndbox></object><object><type>robndbox</type><name>wheat_head</name><pose>Unspecified</pose><truncated>0</truncated><difficult>0</difficult><robndbox><cx>394.4128</cx><cy>435.4406</cy><w>71.0566</w><h>27.5272</h><angle>0.485141</angle></robndbox></object><object><type>robndbox</type><name>wheat_head</name><pose>Unspecified</pose><truncated>0</truncated><difficult>0</difficult><robndbox><cx>176.647</cx><cy>915.0212</cy><w>93.1309</w><h>37.1765</h><angle>0.349408</angle></robndbox></object><object><type>robndbox</type><name>wheat_head</name><pose>Unspecified</pose><truncated>0</truncated><difficult>0</difficult><robndbox><cx>916.1842</cx><cy>906.5049</cy><w>84.0072</w><h>35.9826</h><angle>0.222357</angle></robndbox></object><object><type>robndbox</type><name>wheat_head</name><pose>Unspecified</pose><truncated>0</truncated><difficult>0</difficult><robndbox><cx>43.4161</cx><cy>250.3418</cy><w>79.3476</w><h>36.4512</h><angle>0.626329</angle></robndbox></object><object><type>robndbox</type><name>wheat_head</name><pose>Unspecified</pose><truncated>0</truncated><difficult>0</difficult><robndbox><cx>350.3252</cx><cy>762.0349</cy><w>185.0749</w><h>39.217</h><angle>0.343109</angle></robndbox></object><object><type>robndbox</type><name>wheat_head</name><pose>Unspecified</pose><truncated>0</truncated><difficult>0</difficult><robndbox><cx>383.3159</cx><cy>969.9882</cy><w>102.9576</w><h>32.4186</h><angle>0.561312</angle></robndbox></object><object><type>robndbox</type><name>wheat_head</name><pose>Unspecified</pose><truncated>0</truncated><difficult>0</difficult><robndbox><cx>785.7894</cx><cy>570.625</cy><w>179.7475</w><h>45.0863</h><angle>1.122398</angle></robndbox></object><object><type>robndbox</type><name>wheat_head</name><pose>Unspecified</pose><truncated>0</truncated><difficult>0</difficult><robndbox><cx>848.1597</cx><cy>480.0891</cy><w>86.9181</w><h>36.6433</h><angle>2.649088</angle></robndbox></object><object><type>robndbox</type><name>wheat_head</name><pose>Unspecified</pose><truncated>0</truncated><difficult>0</difficult><robndbox><cx>612.2103</cx><cy>23.4026</cy><w>49.1457</w><h>30.9466</h><angle>1.023617</angle></robndbox></object><object><type>robndbox</type><name>wheat_head</name><pose>Unspecified</pose><truncated>0</truncated><difficult>0</difficult><robndbox><cx>92.5195</cx><cy>209.6785</cy><w>173.1302</w><h>36.7675</h><angle>0.141186</angle></robndbox></object><object><type>robndbox</type><name>wheat_head</name><pose>Unspecified</pose><truncated>0</truncated><difficult>0</difficult><robndbox><cx>214.5699</cx><cy>22.4189</cy><w>86.0407</w><h>25.0356</h><angle>0.535392</angle></robndbox></object><object><type>robndbox</type><name>wheat_head</name><pose>Unspecified</pose><truncated>0</truncated><difficult>0</difficult><robndbox><cx>842.3806</cx><cy>51.1175</cy><w>55.5312</w><h>31.9604</h><angle>1.121596</angle></robndbox></object><object><type>robndbox</type><name>wheat_head</name><pose>Unspecified</pose><truncated>0</truncated><difficult>0</difficult><robndbox><cx>369.8847</cx><cy>1005.2401</cy><w>44.5042</w><h>22.6359</h><angle>0.282009</angle></robndbox></object><object><type>robndbox</type><name>wheat_head</name><pose>Unspecified</pose><truncated>0</truncated><difficult>0</difficult><robndbox><cx>489.3089</cx><cy>17.1007</cy><w>81.4361</w><h>23.4488</h><angle>0.257317</angle></robndbox></object><object><type>robndbox</type><name>wheat_head</name><pose>Unspecified</pose><truncated>0</truncated><difficult>0</difficult><robndbox><cx>744.7189</cx><cy>768.595</cy><w>78.8133</w><h>35.2912</h><angle>0.474171</angle></robndbox></object><object><type>robndbox</type><name>wheat_head</name><pose>Unspecified</pose><truncated>0</truncated><difficult>0</difficult><robndbox><cx>612.2103</cx><cy>23.4026</cy><w>49.1457</w><h>30.9466</h><angle>1.023617</angle></robndbox></object><object><type>robndbox</type><name>wheat_head</name><pose>Unspecified</pose><truncated>0</truncated><difficult>0</difficult><robndbox><cx>12.2342</cx><cy>554.7402</cy><w>50.603</w><h>26.062</h><angle>1.137858</angle></robndbox></object><object><type>robndbox</type><name>wheat_head</name><pose>Unspecified</pose><truncated>0</truncated><difficult>0</difficult><robndbox><cx>880.988</cx><cy>350.8342</cy><w>105.8012</w><h>43.7397</h><angle>0.437596</angle></robndbox></object><object><type>robndbox</type><name>wheat_head</name><pose>Unspecified</pose><truncated>0</truncated><difficult>0</difficult><robndbox><cx>892.2443</cx><cy>751.1751</cy><w>63.0155</w><h>30.4897</h><angle>0.295096</angle></robndbox></object><object><type>robndbox</type><name>wheat_head</name><pose>Unspecified</pose><truncated>0</truncated><difficult>0</difficult><robndbox><cx>870.9319</cx><cy>373.8314</cy><w>70.1747</w><h>32.7731</h><angle>0.954337</angle></robndbox></object><object><type>robndbox</type><name>wheat_head</name><pose>Unspecified</pose><truncated>0</truncated><difficult>0</difficult><robndbox><cx>800.7432</cx><cy>423.9171</cy><w>70.4657</w><h>34.7774</h><angle>1.625173</angle></robndbox></object><object><type>robndbox</type><name>wheat_head</name><pose>Unspecified</pose><truncated>0</truncated><difficult>0</difficult><robndbox><cx>97.0273</cx><cy>912.7787</cy><w>74.3595</w><h>39.7261</h><angle>0.644495</angle></robndbox></object><object><type>robndbox</type><name>wheat_head</name><pose>Unspecified</pose><truncated>0</truncated><difficult>0</difficult><robndbox><cx>961.5</cx><cy>231.5</cy><w>54.2189</w><h>46.8822</h><angle>2.929151</angle></robndbox></object><object><type>robndbox</type><name>wheat_head</name><pose>Unspecified</pose><truncated>0</truncated><difficult>0</difficult><robndbox><cx>547.6763</cx><cy>895.9528</cy><w>56.1835</w><h>37.2372</h><angle>1.47192</angle></robndbox></object><object><type>robndbox</type><name>wheat_head</name><pose>Unspecified</pose><truncated>0</truncated><difficult>0</difficult><robndbox><cx>782.0045</cx><cy>1008.7589</cy><w>35.1752</w><h>19.9967</h><angle>0.15372</angle></robndbox></object><object><type>robndbox</type><name>wheat_head</name><pose>Unspecified</pose><truncated>0</truncated><difficult>0</difficult><robndbox><cx>981.8797</cx><cy>204.8994</cy><w>65.5375</w><h>30.3681</h><angle>2.975345</angle></robndbox></object><object><type>robndbox</type><name>wheat_head</name><pose>Unspecified</pose><truncated>0</truncated><difficult>0</difficult><robndbox><cx>848.1597</cx><cy>480.0891</cy><w>86.9181</w><h>36.6433</h><angle>2.649088</angle></robndbox></object><object><type>robndbox</type><name>wheat_head</name><pose>Unspecified</pose><truncated>0</truncated><difficult>0</difficult><robndbox><cx>659.0684</cx><cy>338.0923</cy><w>145.3556</w><h>39.5528</h><angle>1.492556</angle></robndbox></object><object><type>robndbox</type><name>wheat_head</name><pose>Unspecified</pose><truncated>0</truncated><difficult>0</difficult><robndbox><cx>220.1178</cx><cy>737.9608</cy><w>82.829</w><h>37.3578</h><angle>0.45576</angle></robndbox></object><object><type>robndbox</type><name>wheat_head</name><pose>Unspecified</pose><truncated>0</truncated><difficult>0</difficult><robndbox><cx>763.0401</cx><cy>292.1028</cy><w>92.9896</w><h>43.0365</h><angle>0.04559</angle></robndbox></object><object><type>robndbox</type><name>wheat_head</name><pose>Unspecified</pose><truncated>0</truncated><difficult>0</difficult><robndbox><cx>361.5383</cx><cy>512.5375</cy><w>194.1308</w><h>45.3109</h><angle>0.732253</angle></robndbox></object><object><type>robndbox</type><name>wheat_head</name><pose>Unspecified</pose><truncated>0</truncated><difficult>0</difficult><robndbox><cx>625.1665</cx><cy>109.7249</cy><w>64.9764</w><h>24.6497</h><angle>0.634607</angle></robndbox></object><object><type>robndbox</type><name>wheat_head</name><pose>Unspecified</pose><truncated>0</truncated><difficult>0</difficult><robndbox><cx>42.7224</cx><cy>870.9592</cy><w>57.2533</w><h>28.0029</h><angle>0.137644</angle></robndbox></object><object><type>robndbox</type><name>wheat_head</name><pose>Unspecified</pose><truncated>0</truncated><difficult>0</difficult><robndbox><cx>151.1978</cx><cy>979.0179</cy><w>77.8787</w><h>35.5221</h><angle>0.898811</angle></robndbox></object><object><type>robndbox</type><name>wheat_head</name><pose>Unspecified</pose><truncated>0</truncated><difficult>0</difficult><robndbox><cx>590.3078</cx><cy>985.6318</cy><w>61.2122</w><h>22.7418</h><angle>0.215253</angle></robndbox></object><object><type>robndbox</type><name>wheat_head</name><pose>Unspecified</pose><truncated>0</truncated><difficult>0</difficult><robndbox><cx>547.6763</cx><cy>895.9528</cy><w>56.1835</w><h>37.2372</h><angle>1.47192</angle></robndbox></object><object><type>robndbox</type><name>wheat_head</name><pose>Unspecified</pose><truncated>0</truncated><difficult>0</difficult><robndbox><cx>618.7492</cx><cy>867.2049</cy><w>54.3633</w><h>25.1271</h><angle>0.49497</angle></robndbox></object><object><type>robndbox</type><name>wheat_head</name><pose>Unspecified</pose><truncated>0</truncated><difficult>0</difficult><robndbox><cx>741.2875</cx><cy>323.3942</cy><w>108.2445</w><h>41.8394</h><angle>0.383866</angle></robndbox></object><object><type>robndbox</type><name>wheat_head</name><pose>Unspecified</pose><truncated>0</truncated><difficult>0</difficult><robndbox><cx>489.5678</cx><cy>834.9066</cy><w>66.9532</w><h>41.8014</h><angle>0.022154</angle></robndbox></object><object><type>robndbox</type><name>wheat_head</name><pose>Unspecified</pose><truncated>0</truncated><difficult>0</difficult><robndbox><cx>808.9624</cx><cy>955.6468</cy><w>61.9142</w><h>31.7144</h><angle>0.441702</angle></robndbox></object><object><type>robndbox</type><name>wheat_head</name><pose>Unspecified</pose><truncated>0</truncated><difficult>0</difficult><robndbox><cx>196.0219</cx><cy>541.0567</cy><w>50.1658</w><h>27.0904</h><angle>0.5629</angle></robndbox></object><object><type>robndbox</type><name>wheat_head</name><pose>Unspecified</pose><truncated>0</truncated><difficult>0</difficult><robndbox><cx>251.9407</cx><cy>9.0024</cy><w>40.355</w><h>15.4568</h><angle>0.188485</angle></robndbox></object><object><type>robndbox</type><name>wheat_head</name><pose>Unspecified</pose><truncated>0</truncated><difficult>0</difficult><robndbox><cx>144.0726</cx><cy>712.3398</cy><w>69.0101</w><h>35.3426</h><angle>0.05576</angle></robndbox></object><object><type>robndbox</type><name>wheat_head</name><pose>Unspecified</pose><truncated>0</truncated><difficult>0</difficult><robndbox><cx>383.0168</cx><cy>35.6219</cy><w>63.7419</w><h>36.0514</h><angle>1.3583</angle></robndbox></object><object><type>robndbox</type><name>wheat_head</name><pose>Unspecified</pose><truncated>0</truncated><difficult>0</difficult><robndbox><cx>113.5188</cx><cy>412.5358</cy><w>40.3381</w><h>28.989</h><angle>1.499575</angle></robndbox></object><object><type>robndbox</type><name>wheat_head</name><pose>Unspecified</pose><truncated>0</truncated><difficult>0</difficult><robndbox><cx>106.3087</cx><cy>146.5311</cy><w>200.7863</w><h>47.7461</h><angle>0.423861</angle></robndbox></object><object><type>robndbox</type><name>wheat_head</name><pose>Unspecified</pose><truncated>0</truncated><difficult>0</difficult><robndbox><cx>224.3072</cx><cy>822.7581</cy><w>43.059</w><h>34.4692</h><angle>0.540575</angle></robndbox></object><object><type>robndbox</type><name>wheat_head</name><pose>Unspecified</pose><truncated>0</truncated><difficult>0</difficult><robndbox><cx>537.2734</cx><cy>826.3827</cy><w>177.7517</w><h>46.6984</h><angle>0.806656</angle></robndbox></object><object><type>robndbox</type><name>wheat_head</name><pose>Unspecified</pose><truncated>0</truncated><difficult>0</difficult><robndbox><cx>346.006</cx><cy>865.4694</cy><w>82.7559</w><h>36.1369</h><angle>3.053339</angle></robndbox></object><object><type>robndbox</type><name>wheat_head</name><pose>Unspecified</pose><truncated>0</truncated><difficult>0</difficult><robndbox><cx>415.5799</cx><cy>733.58</cy><w>83.7768</w><h>36.0782</h><angle>3.098608</angle></robndbox></object><object><type>robndbox</type><name>wheat_head</name><pose>Unspecified</pose><truncated>0</truncated><difficult>0</difficult><robndbox><cx>349.7242</cx><cy>700.586</cy><w>66.914</w><h>34.5995</h><angle>0.078514</angle></robndbox></object><object><type>robndbox</type><name>wheat_head</name><pose>Unspecified</pose><truncated>0</truncated><difficult>0</difficult><robndbox><cx>285.7827</cx><cy>506.6255</cy><w>52.5766</w><h>21.2546</h><angle>0.262728</angle></robndbox></object><object><type>robndbox</type><name>wheat_head</name><pose>Unspecified</pose><truncated>0</truncated><difficult>0</difficult><robndbox><cx>1003.1399</cx><cy>618.3258</cy><w>37.5597</w><h>29.0218</h><angle>2.879712</angle></robndbox></object><object><type>robndbox</type><name>wheat_head</name><pose>Unspecified</pose><truncated>0</truncated><difficult>0</difficult><robndbox><cx>835.2326</cx><cy>797.6326</cy><w>44.9796</w><h>25.2323</h><angle>0.683799</angle></robndbox></object><object><type>robndbox</type><name>wheat_head</name><pose>Unspecified</pose><truncated>0</truncated><difficult>0</difficult><robndbox><cx>473.8859</cx><cy>968.1212</cy><w>120.2558</w><h>35.6372</h><angle>0.404832</angle></robndbox></object><object><type>robndbox</type><name>wheat_head</name><pose>Unspecified</pose><truncated>0</truncated><difficult>0</difficult><robndbox><cx>572.5148</cx><cy>797.5211</cy><w>76.2365</w><h>38.5287</h><angle>3.062809</angle></robndbox></object><object><type>robndbox</type><name>wheat_head</name><pose>Unspecified</pose><truncated>0</truncated><difficult>0</difficult><robndbox><cx>860.9018</cx><cy>483.101</cy><w>105.4452</w><h>37.986</h><angle>0.690909</angle></robndbox></object></annotation>