<annotation verified="no"><folder>images</folder><filename>7c3c4d604</filename><path>/home/badhon/Documents/thesis/final_dataset/ethz_1/images/7c3c4d604.jpg</path><source><database>Unknown</database></source><size><width>1024</width><height>1024</height><depth>3</depth></size><segmented>0</segmented><object><type>robndbox</type><name>wheat_head</name><pose>Unspecified</pose><truncated>0</truncated><difficult>0</difficult><robndbox><cx>605.134</cx><cy>426.3913</cy><w>80.0163</w><h>34.3318</h><angle>1.10494</angle></robndbox></object><object><type>robndbox</type><name>wheat_head</name><pose>Unspecified</pose><truncated>0</truncated><difficult>0</difficult><robndbox><cx>728.721</cx><cy>88.8676</cy><w>122.7802</w><h>37.0601</h><angle>1.005746</angle></robndbox></object><object><type>robndbox</type><name>wheat_head</name><pose>Unspecified</pose><truncated>0</truncated><difficult>0</difficult><robndbox><cx>846.9138</cx><cy>357.27</cy><w>105.5817</w><h>39.3381</h><angle>1.033919</angle></robndbox></object><object><type>robndbox</type><name>wheat_head</name><pose>Unspecified</pose><truncated>0</truncated><difficult>0</difficult><robndbox><cx>70.3359</cx><cy>832.7759</cy><w>87.7738</w><h>38.4117</h><angle>1.039177</angle></robndbox></object><object><type>robndbox</type><name>wheat_head</name><pose>Unspecified</pose><truncated>0</truncated><difficult>0</difficult><robndbox><cx>188.4776</cx><cy>579.868</cy><w>74.2582</w><h>39.5978</h><angle>0.887068</angle></robndbox></object><object><type>robndbox</type><name>wheat_head</name><pose>Unspecified</pose><truncated>0</truncated><difficult>0</difficult><robndbox><cx>177.3149</cx><cy>28.6986</cy><w>84.7091</w><h>29.5125</h><angle>0.42216</angle></robndbox></object><object><type>robndbox</type><name>wheat_head</name><pose>Unspecified</pose><truncated>0</truncated><difficult>0</difficult><robndbox><cx>262.5385</cx><cy>126.847</cy><w>59.4451</w><h>34.3415</h><angle>1.114693</angle></robndbox></object><object><type>robndbox</type><name>wheat_head</name><pose>Unspecified</pose><truncated>0</truncated><difficult>0</difficult><robndbox><cx>362.6671</cx><cy>409.1603</cy><w>92.3671</w><h>33.3748</h><angle>0.567629</angle></robndbox></object><object><type>robndbox</type><name>wheat_head</name><pose>Unspecified</pose><truncated>0</truncated><difficult>0</difficult><robndbox><cx>808.9865</cx><cy>28.7104</cy><w>67.8791</w><h>34.5825</h><angle>0.949731</angle></robndbox></object><object><type>robndbox</type><name>wheat_head</name><pose>Unspecified</pose><truncated>0</truncated><difficult>0</difficult><robndbox><cx>79.1217</cx><cy>483.47</cy><w>89.5067</w><h>31.1959</h><angle>1.195871</angle></robndbox></object><object><type>robndbox</type><name>wheat_head</name><pose>Unspecified</pose><truncated>0</truncated><difficult>0</difficult><robndbox><cx>12.8707</cx><cy>457.6802</cy><w>56.617</w><h>25.148</h><angle>1.388905</angle></robndbox></object><object><type>robndbox</type><name>wheat_head</name><pose>Unspecified</pose><truncated>0</truncated><difficult>0</difficult><robndbox><cx>478.9825</cx><cy>706.8898</cy><w>69.5059</w><h>39.7269</h><angle>0.596399</angle></robndbox></object><object><type>robndbox</type><name>wheat_head</name><pose>Unspecified</pose><truncated>0</truncated><difficult>0</difficult><robndbox><cx>184.6913</cx><cy>75.347</cy><w>80.8467</w><h>38.0332</h><angle>0.565379</angle></robndbox></object><object><type>robndbox</type><name>wheat_head</name><pose>Unspecified</pose><truncated>0</truncated><difficult>0</difficult><robndbox><cx>629.6274</cx><cy>783.0398</cy><w>65.2898</w><h>33.8665</h><angle>0.923211</angle></robndbox></object><object><type>robndbox</type><name>wheat_head</name><pose>Unspecified</pose><truncated>0</truncated><difficult>0</difficult><robndbox><cx>950.5943</cx><cy>88.3527</cy><w>69.6214</w><h>44.0831</h><angle>0.802316</angle></robndbox></object><object><type>robndbox</type><name>wheat_head</name><pose>Unspecified</pose><truncated>0</truncated><difficult>0</difficult><robndbox><cx>403.3147</cx><cy>82.7396</cy><w>80.4996</w><h>36.5296</h><angle>1.342595</angle></robndbox></object><object><type>robndbox</type><name>wheat_head</name><pose>Unspecified</pose><truncated>0</truncated><difficult>0</difficult><robndbox><cx>353.427</cx><cy>768.0629</cy><w>79.6906</w><h>33.3455</h><angle>0.3005</angle></robndbox></object><object><type>robndbox</type><name>wheat_head</name><pose>Unspecified</pose><truncated>0</truncated><difficult>0</difficult><robndbox><cx>328.08</cx><cy>457.7191</cy><w>125.8981</w><h>41.6224</h><angle>1.066639</angle></robndbox></object><object><type>robndbox</type><name>wheat_head</name><pose>Unspecified</pose><truncated>0</truncated><difficult>0</difficult><robndbox><cx>692.2149</cx><cy>152.1498</cy><w>51.7671</w><h>29.8456</h><angle>2.598242</angle></robndbox></object><object><type>robndbox</type><name>wheat_head</name><pose>Unspecified</pose><truncated>0</truncated><difficult>0</difficult><robndbox><cx>181.0839</cx><cy>221.7022</cy><w>68.7347</w><h>33.9279</h><angle>0.391658</angle></robndbox></object><object><type>robndbox</type><name>wheat_head</name><pose>Unspecified</pose><truncated>0</truncated><difficult>0</difficult><robndbox><cx>989.5157</cx><cy>406.3775</cy><w>103.5443</w><h>34.491</h><angle>1.18242</angle></robndbox></object><object><type>robndbox</type><name>wheat_head</name><pose>Unspecified</pose><truncated>0</truncated><difficult>0</difficult><robndbox><cx>491.5895</cx><cy>100.5055</cy><w>55.6587</w><h>29.1292</h><angle>1.303594</angle></robndbox></object><object><type>robndbox</type><name>wheat_head</name><pose>Unspecified</pose><truncated>0</truncated><difficult>0</difficult><robndbox><cx>760.2105</cx><cy>626.6246</cy><w>65.5788</w><h>34.2739</h><angle>0.5003</angle></robndbox></object><object><type>robndbox</type><name>wheat_head</name><pose>Unspecified</pose><truncated>0</truncated><difficult>0</difficult><robndbox><cx>381.3501</cx><cy>950.5563</cy><w>61.1434</w><h>34.1483</h><angle>2.682637</angle></robndbox></object><object><type>robndbox</type><name>wheat_head</name><pose>Unspecified</pose><truncated>0</truncated><difficult>0</difficult><robndbox><cx>748.0279</cx><cy>560.5376</cy><w>92.0676</w><h>36.6104</h><angle>0.94976</angle></robndbox></object><object><type>robndbox</type><name>wheat_head</name><pose>Unspecified</pose><truncated>0</truncated><difficult>0</difficult><robndbox><cx>410.588</cx><cy>413.4796</cy><w>41.2856</w><h>32.6321</h><angle>0.434152</angle></robndbox></object><object><type>robndbox</type><name>wheat_head</name><pose>Unspecified</pose><truncated>0</truncated><difficult>0</difficult><robndbox><cx>117.2016</cx><cy>459.8469</cy><w>142.6254</w><h>36.2842</h><angle>0.972988</angle></robndbox></object><object><type>robndbox</type><name>wheat_head</name><pose>Unspecified</pose><truncated>0</truncated><difficult>0</difficult><robndbox><cx>733.2035</cx><cy>371.9442</cy><w>68.7359</w><h>34.3602</h><angle>0.985299</angle></robndbox></object><object><type>robndbox</type><name>wheat_head</name><pose>Unspecified</pose><truncated>0</truncated><difficult>0</difficult><robndbox><cx>540.0661</cx><cy>101.3773</cy><w>42.4623</w><h>32.5567</h><angle>1.322098</angle></robndbox></object><object><type>robndbox</type><name>wheat_head</name><pose>Unspecified</pose><truncated>0</truncated><difficult>0</difficult><robndbox><cx>108.2119</cx><cy>747.1325</cy><w>52.8027</w><h>32.296</h><angle>0.23605</angle></robndbox></object><object><type>robndbox</type><name>wheat_head</name><pose>Unspecified</pose><truncated>0</truncated><difficult>0</difficult><robndbox><cx>693.2356</cx><cy>431.0127</cy><w>87.371</w><h>39.3695</h><angle>1.260284</angle></robndbox></object><object><type>robndbox</type><name>wheat_head</name><pose>Unspecified</pose><truncated>0</truncated><difficult>0</difficult><robndbox><cx>955.7084</cx><cy>555.3038</cy><w>97.9194</w><h>44.4605</h><angle>2.610501</angle></robndbox></object><object><type>robndbox</type><name>wheat_head</name><pose>Unspecified</pose><truncated>0</truncated><difficult>0</difficult><robndbox><cx>357.2844</cx><cy>691.4991</cy><w>64.7405</w><h>26.1449</h><angle>0.425468</angle></robndbox></object><object><type>robndbox</type><name>wheat_head</name><pose>Unspecified</pose><truncated>0</truncated><difficult>0</difficult><robndbox><cx>79.0823</cx><cy>262.9006</cy><w>36.2388</w><h>28.9502</h><angle>1.386737</angle></robndbox></object><object><type>robndbox</type><name>wheat_head</name><pose>Unspecified</pose><truncated>0</truncated><difficult>0</difficult><robndbox><cx>571.1514</cx><cy>276.2503</cy><w>34.2885</w><h>26.888</h><angle>0.141654</angle></robndbox></object><object><type>robndbox</type><name>wheat_head</name><pose>Unspecified</pose><truncated>0</truncated><difficult>0</difficult><robndbox><cx>613.3019</cx><cy>622.2703</cy><w>42.5407</w><h>35.5553</h><angle>1.42688</angle></robndbox></object><object><type>robndbox</type><name>wheat_head</name><pose>Unspecified</pose><truncated>0</truncated><difficult>0</difficult><robndbox><cx>1003.8732</cx><cy>606.2969</cy><w>42.5008</w><h>29.4005</h><angle>0.542578</angle></robndbox></object><object><type>robndbox</type><name>wheat_head</name><pose>Unspecified</pose><truncated>0</truncated><difficult>0</difficult><robndbox><cx>198.5087</cx><cy>825.4982</cy><w>51.7861</w><h>35.1847</h><angle>1.574524</angle></robndbox></object><object><type>robndbox</type><name>wheat_head</name><pose>Unspecified</pose><truncated>0</truncated><difficult>0</difficult><robndbox><cx>198.5087</cx><cy>825.4982</cy><w>51.7861</w><h>35.1847</h><angle>1.574524</angle></robndbox></object><object><type>robndbox</type><name>wheat_head</name><pose>Unspecified</pose><truncated>0</truncated><difficult>0</difficult><robndbox><cx>720.619</cx><cy>8.6786</cy><w>27.5117</w><h>24.9547</h><angle>2.914889</angle></robndbox></object><object><type>robndbox</type><name>wheat_head</name><pose>Unspecified</pose><truncated>0</truncated><difficult>0</difficult><robndbox><cx>713.0278</cx><cy>491.3584</cy><w>40.3739</w><h>31.9517</h><angle>0.946258</angle></robndbox></object><object><type>robndbox</type><name>wheat_head</name><pose>Unspecified</pose><truncated>0</truncated><difficult>0</difficult><robndbox><cx>436.6173</cx><cy>456.5731</cy><w>61.3957</w><h>33.6288</h><angle>1.184159</angle></robndbox></object><object><type>robndbox</type><name>wheat_head</name><pose>Unspecified</pose><truncated>0</truncated><difficult>0</difficult><robndbox><cx>670.2279</cx><cy>921.0385</cy><w>51.0037</w><h>37.6743</h><angle>0.319168</angle></robndbox></object><object><type>robndbox</type><name>wheat_head</name><pose>Unspecified</pose><truncated>0</truncated><difficult>0</difficult><robndbox><cx>953.2802</cx><cy>938.5551</cy><w>59.3792</w><h>30.1752</h><angle>0.149499</angle></robndbox></object><object><type>robndbox</type><name>wheat_head</name><pose>Unspecified</pose><truncated>0</truncated><difficult>0</difficult><robndbox><cx>550.723</cx><cy>197.0497</cy><w>106.9598</w><h>40.1955</h><angle>3.115725</angle></robndbox></object><object><type>robndbox</type><name>wheat_head</name><pose>Unspecified</pose><truncated>0</truncated><difficult>0</difficult><robndbox><cx>439.3671</cx><cy>174.7618</cy><w>41.954</w><h>25.3683</h><angle>0.659118</angle></robndbox></object><object><type>robndbox</type><name>wheat_head</name><pose>Unspecified</pose><truncated>0</truncated><difficult>0</difficult><robndbox><cx>1013.7671</cx><cy>943.0037</cy><w>41.3501</w><h>19.2809</h><angle>1.622931</angle></robndbox></object><object><type>robndbox</type><name>wheat_head</name><pose>Unspecified</pose><truncated>0</truncated><difficult>0</difficult><robndbox><cx>134.0627</cx><cy>28.1168</cy><w>50.2494</w><h>21.2795</h><angle>1.026964</angle></robndbox></object><object><type>robndbox</type><name>wheat_head</name><pose>Unspecified</pose><truncated>0</truncated><difficult>0</difficult><robndbox><cx>316.3858</cx><cy>184.4083</cy><w>53.6004</w><h>27.5287</h><angle>0.149812</angle></robndbox></object></annotation>