<annotation verified="no"><folder>images</folder><filename>7de5ba231</filename><path>/home/badhon/Documents/thesis/final_dataset/ethz_1/images/7de5ba231.jpg</path><source><database>Unknown</database></source><size><width>1024</width><height>1024</height><depth>3</depth></size><segmented>0</segmented><object><type>robndbox</type><name>wheat_head</name><pose>Unspecified</pose><truncated>0</truncated><difficult>0</difficult><robndbox><cx>495.198</cx><cy>709.2067</cy><w>82.2537</w><h>31.3697</h><angle>1.092989</angle></robndbox></object><object><type>robndbox</type><name>wheat_head</name><pose>Unspecified</pose><truncated>0</truncated><difficult>0</difficult><robndbox><cx>16.3763</cx><cy>130.8967</cy><w>51.9299</w><h>24.7917</h><angle>1.107388</angle></robndbox></object><object><type>robndbox</type><name>wheat_head</name><pose>Unspecified</pose><truncated>0</truncated><difficult>0</difficult><robndbox><cx>827.2548</cx><cy>865.235</cy><w>88.2982</w><h>39.2761</h><angle>0.517126</angle></robndbox></object><object><type>robndbox</type><name>wheat_head</name><pose>Unspecified</pose><truncated>0</truncated><difficult>0</difficult><robndbox><cx>618.4999</cx><cy>526.2194</cy><w>132.7382</w><h>37.2957</h><angle>1.004347</angle></robndbox></object><object><type>robndbox</type><name>wheat_head</name><pose>Unspecified</pose><truncated>0</truncated><difficult>0</difficult><robndbox><cx>647.1859</cx><cy>57.8306</cy><w>77.7371</w><h>34.0218</h><angle>2.035556</angle></robndbox></object><object><type>robndbox</type><name>wheat_head</name><pose>Unspecified</pose><truncated>0</truncated><difficult>0</difficult><robndbox><cx>228.6294</cx><cy>576.0018</cy><w>136.9809</w><h>42.5643</h><angle>2.038801</angle></robndbox></object><object><type>robndbox</type><name>wheat_head</name><pose>Unspecified</pose><truncated>0</truncated><difficult>0</difficult><robndbox><cx>149.6285</cx><cy>208.6808</cy><w>76.658</w><h>35.5459</h><angle>0.98507</angle></robndbox></object><object><type>robndbox</type><name>wheat_head</name><pose>Unspecified</pose><truncated>0</truncated><difficult>0</difficult><robndbox><cx>175.5082</cx><cy>137.5415</cy><w>72.8762</w><h>28.1475</h><angle>0.984805</angle></robndbox></object><object><type>robndbox</type><name>wheat_head</name><pose>Unspecified</pose><truncated>0</truncated><difficult>0</difficult><robndbox><cx>445.7707</cx><cy>500.5682</cy><w>77.3688</w><h>24.8513</h><angle>1.426322</angle></robndbox></object><object><type>robndbox</type><name>wheat_head</name><pose>Unspecified</pose><truncated>0</truncated><difficult>0</difficult><robndbox><cx>66.0146</cx><cy>663.0218</cy><w>102.6006</w><h>30.5934</h><angle>1.403578</angle></robndbox></object><object><type>robndbox</type><name>wheat_head</name><pose>Unspecified</pose><truncated>0</truncated><difficult>0</difficult><robndbox><cx>152.3843</cx><cy>372.1215</cy><w>73.3295</w><h>32.3074</h><angle>1.338114</angle></robndbox></object><object><type>robndbox</type><name>wheat_head</name><pose>Unspecified</pose><truncated>0</truncated><difficult>0</difficult><robndbox><cx>486.3024</cx><cy>478.3013</cy><w>86.0118</w><h>34.3369</h><angle>0.976299</angle></robndbox></object><object><type>robndbox</type><name>wheat_head</name><pose>Unspecified</pose><truncated>0</truncated><difficult>0</difficult><robndbox><cx>492.0366</cx><cy>951.6735</cy><w>66.0399</w><h>38.2439</h><angle>1.089623</angle></robndbox></object><object><type>robndbox</type><name>wheat_head</name><pose>Unspecified</pose><truncated>0</truncated><difficult>0</difficult><robndbox><cx>717.6442</cx><cy>544.7124</cy><w>134.7585</w><h>35.7355</h><angle>0.669989</angle></robndbox></object><object><type>robndbox</type><name>wheat_head</name><pose>Unspecified</pose><truncated>0</truncated><difficult>0</difficult><robndbox><cx>868.6741</cx><cy>965.6005</cy><w>107.2283</w><h>34.7359</h><angle>1.696278</angle></robndbox></object><object><type>robndbox</type><name>wheat_head</name><pose>Unspecified</pose><truncated>0</truncated><difficult>0</difficult><robndbox><cx>123.1194</cx><cy>543.0398</cy><w>123.1384</w><h>39.0763</h><angle>0.843862</angle></robndbox></object><object><type>robndbox</type><name>wheat_head</name><pose>Unspecified</pose><truncated>0</truncated><difficult>0</difficult><robndbox><cx>816.85</cx><cy>235.164</cy><w>93.175</w><h>24.7399</h><angle>1.287275</angle></robndbox></object><object><type>robndbox</type><name>wheat_head</name><pose>Unspecified</pose><truncated>0</truncated><difficult>0</difficult><robndbox><cx>572.8229</cx><cy>627.2613</cy><w>93.6249</w><h>37.1132</h><angle>0.696542</angle></robndbox></object><object><type>robndbox</type><name>wheat_head</name><pose>Unspecified</pose><truncated>0</truncated><difficult>0</difficult><robndbox><cx>538.9126</cx><cy>427.4034</cy><w>79.4138</w><h>33.3841</h><angle>1.330363</angle></robndbox></object><object><type>robndbox</type><name>wheat_head</name><pose>Unspecified</pose><truncated>0</truncated><difficult>0</difficult><robndbox><cx>807.5568</cx><cy>540.6819</cy><w>88.4972</w><h>28.658</h><angle>1.796249</angle></robndbox></object><object><type>robndbox</type><name>wheat_head</name><pose>Unspecified</pose><truncated>0</truncated><difficult>0</difficult><robndbox><cx>935.4527</cx><cy>253.8919</cy><w>112.4965</w><h>26.1818</h><angle>1.737277</angle></robndbox></object><object><type>robndbox</type><name>wheat_head</name><pose>Unspecified</pose><truncated>0</truncated><difficult>0</difficult><robndbox><cx>175.6482</cx><cy>481.849</cy><w>136.9241</w><h>33.2064</h><angle>1.627094</angle></robndbox></object><object><type>robndbox</type><name>wheat_head</name><pose>Unspecified</pose><truncated>0</truncated><difficult>0</difficult><robndbox><cx>429.3081</cx><cy>309.2709</cy><w>110.4177</w><h>37.8864</h><angle>0.826757</angle></robndbox></object><object><type>robndbox</type><name>wheat_head</name><pose>Unspecified</pose><truncated>0</truncated><difficult>0</difficult><robndbox><cx>978.7881</cx><cy>861.0828</cy><w>62.6307</w><h>39.5043</h><angle>1.111846</angle></robndbox></object><object><type>robndbox</type><name>wheat_head</name><pose>Unspecified</pose><truncated>0</truncated><difficult>0</difficult><robndbox><cx>602.8996</cx><cy>161.5302</cy><w>90.4002</w><h>40.9877</h><angle>2.642144</angle></robndbox></object><object><type>robndbox</type><name>wheat_head</name><pose>Unspecified</pose><truncated>0</truncated><difficult>0</difficult><robndbox><cx>836.5894</cx><cy>440.7279</cy><w>90.7339</w><h>33.6046</h><angle>1.617582</angle></robndbox></object><object><type>robndbox</type><name>wheat_head</name><pose>Unspecified</pose><truncated>0</truncated><difficult>0</difficult><robndbox><cx>729.7216</cx><cy>72.851</cy><w>141.6067</w><h>39.7857</h><angle>0.868686</angle></robndbox></object><object><type>robndbox</type><name>wheat_head</name><pose>Unspecified</pose><truncated>0</truncated><difficult>0</difficult><robndbox><cx>401.2555</cx><cy>982.6639</cy><w>37.9948</w><h>27.0306</h><angle>1.617291</angle></robndbox></object><object><type>robndbox</type><name>wheat_head</name><pose>Unspecified</pose><truncated>0</truncated><difficult>0</difficult><robndbox><cx>623.4643</cx><cy>289.3661</cy><w>111.8586</w><h>34.1379</h><angle>1.458965</angle></robndbox></object><object><type>robndbox</type><name>wheat_head</name><pose>Unspecified</pose><truncated>0</truncated><difficult>0</difficult><robndbox><cx>975.2208</cx><cy>392.7719</cy><w>80.5817</w><h>37.1985</h><angle>0.546686</angle></robndbox></object><object><type>robndbox</type><name>wheat_head</name><pose>Unspecified</pose><truncated>0</truncated><difficult>0</difficult><robndbox><cx>563.5375</cx><cy>818.1523</cy><w>118.4881</w><h>36.7294</h><angle>1.574044</angle></robndbox></object><object><type>robndbox</type><name>wheat_head</name><pose>Unspecified</pose><truncated>0</truncated><difficult>0</difficult><robndbox><cx>414.8249</cx><cy>592.9877</cy><w>111.3614</w><h>39.0546</h><angle>1.443203</angle></robndbox></object><object><type>robndbox</type><name>wheat_head</name><pose>Unspecified</pose><truncated>0</truncated><difficult>0</difficult><robndbox><cx>97.6062</cx><cy>609.116</cy><w>72.0185</w><h>30.3518</h><angle>1.359811</angle></robndbox></object><object><type>robndbox</type><name>wheat_head</name><pose>Unspecified</pose><truncated>0</truncated><difficult>0</difficult><robndbox><cx>744.4712</cx><cy>495.675</cy><w>117.747</w><h>34.558</h><angle>1.144478</angle></robndbox></object><object><type>robndbox</type><name>wheat_head</name><pose>Unspecified</pose><truncated>0</truncated><difficult>0</difficult><robndbox><cx>985.4875</cx><cy>160.084</cy><w>120.9371</w><h>36.2366</h><angle>1.458294</angle></robndbox></object><object><type>robndbox</type><name>wheat_head</name><pose>Unspecified</pose><truncated>0</truncated><difficult>0</difficult><robndbox><cx>991.0003</cx><cy>609.9214</cy><w>49.2379</w><h>30.8782</h><angle>1.625395</angle></robndbox></object><object><type>robndbox</type><name>wheat_head</name><pose>Unspecified</pose><truncated>0</truncated><difficult>0</difficult><robndbox><cx>772.4428</cx><cy>196.7938</cy><w>190.4957</w><h>30.1666</h><angle>1.280032</angle></robndbox></object><object><type>robndbox</type><name>wheat_head</name><pose>Unspecified</pose><truncated>0</truncated><difficult>0</difficult><robndbox><cx>794.9537</cx><cy>919.8624</cy><w>56.2622</w><h>32.2471</h><angle>1.517634</angle></robndbox></object><object><type>robndbox</type><name>wheat_head</name><pose>Unspecified</pose><truncated>0</truncated><difficult>0</difficult><robndbox><cx>617.4646</cx><cy>821.3619</cy><w>38.0076</w><h>24.8927</h><angle>1.554589</angle></robndbox></object><object><type>robndbox</type><name>wheat_head</name><pose>Unspecified</pose><truncated>0</truncated><difficult>0</difficult><robndbox><cx>224.3002</cx><cy>312.8144</cy><w>41.7364</w><h>31.1282</h><angle>1.422879</angle></robndbox></object><object><type>robndbox</type><name>wheat_head</name><pose>Unspecified</pose><truncated>0</truncated><difficult>0</difficult><robndbox><cx>473.3228</cx><cy>636.0906</cy><w>56.9445</w><h>33.4332</h><angle>0.078524</angle></robndbox></object><object><type>robndbox</type><name>wheat_head</name><pose>Unspecified</pose><truncated>0</truncated><difficult>0</difficult><robndbox><cx>1011.6741</cx><cy>559.2473</cy><w>59.2117</w><h>20.4687</h><angle>1.572396</angle></robndbox></object><object><type>robndbox</type><name>wheat_head</name><pose>Unspecified</pose><truncated>0</truncated><difficult>0</difficult><robndbox><cx>15.2557</cx><cy>347.1143</cy><w>58.7353</w><h>19.5178</h><angle>1.490793</angle></robndbox></object><object><type>robndbox</type><name>wheat_head</name><pose>Unspecified</pose><truncated>0</truncated><difficult>0</difficult><robndbox><cx>862.4982</cx><cy>657.1058</cy><w>88.0774</w><h>38.1179</h><angle>0.997295</angle></robndbox></object><object><type>robndbox</type><name>wheat_head</name><pose>Unspecified</pose><truncated>0</truncated><difficult>0</difficult><robndbox><cx>85.1271</cx><cy>1004.0031</cy><w>25.3518</w><h>23.5687</h><angle>1.578517</angle></robndbox></object><object><type>robndbox</type><name>wheat_head</name><pose>Unspecified</pose><truncated>0</truncated><difficult>0</difficult><robndbox><cx>996.4301</cx><cy>999.7858</cy><w>47.7952</w><h>37.5171</h><angle>0.159249</angle></robndbox></object><object><type>robndbox</type><name>wheat_head</name><pose>Unspecified</pose><truncated>0</truncated><difficult>0</difficult><robndbox><cx>804.3375</cx><cy>160.8383</cy><w>51.731</w><h>26.5965</h><angle>1.643843</angle></robndbox></object><object><type>robndbox</type><name>wheat_head</name><pose>Unspecified</pose><truncated>0</truncated><difficult>0</difficult><robndbox><cx>537.7569</cx><cy>327.6913</cy><w>145.5737</w><h>36.3095</h><angle>2.242123</angle></robndbox></object><object><type>robndbox</type><name>wheat_head</name><pose>Unspecified</pose><truncated>0</truncated><difficult>0</difficult><robndbox><cx>108.6701</cx><cy>783.1428</cy><w>38.2259</w><h>32.8711</h><angle>1.917478</angle></robndbox></object><object><type>robndbox</type><name>wheat_head</name><pose>Unspecified</pose><truncated>0</truncated><difficult>0</difficult><robndbox><cx>628.5081</cx><cy>664.8755</cy><w>33.0896</w><h>31.9876</h><angle>1.859179</angle></robndbox></object><object><type>robndbox</type><name>wheat_head</name><pose>Unspecified</pose><truncated>0</truncated><difficult>0</difficult><robndbox><cx>701.6287</cx><cy>981.6588</cy><w>76.7113</w><h>34.5797</h><angle>0.319419</angle></robndbox></object><object><type>robndbox</type><name>wheat_head</name><pose>Unspecified</pose><truncated>0</truncated><difficult>0</difficult><robndbox><cx>636.5246</cx><cy>964.2651</cy><w>64.045</w><h>39.7783</h><angle>0.612241</angle></robndbox></object><object><type>robndbox</type><name>wheat_head</name><pose>Unspecified</pose><truncated>0</truncated><difficult>0</difficult><robndbox><cx>17.0895</cx><cy>307.1123</cy><w>34.9285</w><h>22.5276</h><angle>1.158386</angle></robndbox></object></annotation>