<annotation verified="no"><folder>images</folder><filename>8405c37aa</filename><path>/home/badhon/Documents/thesis/final_dataset/ethz_1/images/8405c37aa.jpg</path><source><database>Unknown</database></source><size><width>1024</width><height>1024</height><depth>3</depth></size><segmented>0</segmented><object><type>robndbox</type><name>wheat_head</name><pose>Unspecified</pose><truncated>0</truncated><difficult>0</difficult><robndbox><cx>42.5629</cx><cy>713.3385</cy><w>90.1345</w><h>34.3456</h><angle>1.256788</angle></robndbox></object><object><type>robndbox</type><name>wheat_head</name><pose>Unspecified</pose><truncated>0</truncated><difficult>0</difficult><robndbox><cx>109.7335</cx><cy>981.1565</cy><w>73.9434</w><h>33.7194</h><angle>0.884782</angle></robndbox></object><object><type>robndbox</type><name>wheat_head</name><pose>Unspecified</pose><truncated>0</truncated><difficult>0</difficult><robndbox><cx>467.4361</cx><cy>757.7851</cy><w>83.4003</w><h>25.7999</h><angle>0.939431</angle></robndbox></object><object><type>robndbox</type><name>wheat_head</name><pose>Unspecified</pose><truncated>0</truncated><difficult>0</difficult><robndbox><cx>26.4758</cx><cy>78.9342</cy><w>73.3474</w><h>34.2286</h><angle>1.116629</angle></robndbox></object><object><type>robndbox</type><name>wheat_head</name><pose>Unspecified</pose><truncated>0</truncated><difficult>0</difficult><robndbox><cx>284.679</cx><cy>77.3264</cy><w>89.8842</w><h>30.2669</h><angle>1.239348</angle></robndbox></object><object><type>robndbox</type><name>wheat_head</name><pose>Unspecified</pose><truncated>0</truncated><difficult>0</difficult><robndbox><cx>164.511</cx><cy>337.2224</cy><w>72.0271</w><h>37.2854</h><angle>1.20444</angle></robndbox></object><object><type>robndbox</type><name>wheat_head</name><pose>Unspecified</pose><truncated>0</truncated><difficult>0</difficult><robndbox><cx>127.5943</cx><cy>63.5165</cy><w>101.9116</w><h>40.1309</h><angle>0.70277</angle></robndbox></object><object><type>robndbox</type><name>wheat_head</name><pose>Unspecified</pose><truncated>0</truncated><difficult>0</difficult><robndbox><cx>747.5236</cx><cy>328.3506</cy><w>89.3264</w><h>32.3401</h><angle>1.385048</angle></robndbox></object><object><type>robndbox</type><name>wheat_head</name><pose>Unspecified</pose><truncated>0</truncated><difficult>0</difficult><robndbox><cx>803.4644</cx><cy>800.8906</cy><w>72.5372</w><h>34.8047</h><angle>0.989166</angle></robndbox></object><object><type>robndbox</type><name>wheat_head</name><pose>Unspecified</pose><truncated>0</truncated><difficult>0</difficult><robndbox><cx>379.0234</cx><cy>107.0494</cy><w>60.2371</w><h>29.173</h><angle>1.167365</angle></robndbox></object><object><type>robndbox</type><name>wheat_head</name><pose>Unspecified</pose><truncated>0</truncated><difficult>0</difficult><robndbox><cx>594.2908</cx><cy>24.9971</cy><w>48.8927</w><h>28.4791</h><angle>1.312964</angle></robndbox></object><object><type>robndbox</type><name>wheat_head</name><pose>Unspecified</pose><truncated>0</truncated><difficult>0</difficult><robndbox><cx>763.5841</cx><cy>633.2118</cy><w>96.3386</w><h>38.4046</h><angle>0.998871</angle></robndbox></object><object><type>robndbox</type><name>wheat_head</name><pose>Unspecified</pose><truncated>0</truncated><difficult>0</difficult><robndbox><cx>596.9073</cx><cy>81.4016</cy><w>74.4824</w><h>28.7514</h><angle>1.407018</angle></robndbox></object><object><type>robndbox</type><name>wheat_head</name><pose>Unspecified</pose><truncated>0</truncated><difficult>0</difficult><robndbox><cx>569.8048</cx><cy>767.7775</cy><w>73.6539</w><h>30.9903</h><angle>1.334095</angle></robndbox></object><object><type>robndbox</type><name>wheat_head</name><pose>Unspecified</pose><truncated>0</truncated><difficult>0</difficult><robndbox><cx>931.2498</cx><cy>414.1417</cy><w>54.8596</w><h>30.8948</h><angle>1.341983</angle></robndbox></object><object><type>robndbox</type><name>wheat_head</name><pose>Unspecified</pose><truncated>0</truncated><difficult>0</difficult><robndbox><cx>38.8402</cx><cy>635.3576</cy><w>88.5927</w><h>31.8512</h><angle>0.978264</angle></robndbox></object><object><type>robndbox</type><name>wheat_head</name><pose>Unspecified</pose><truncated>0</truncated><difficult>0</difficult><robndbox><cx>596.9375</cx><cy>178.457</cy><w>65.7613</w><h>23.3277</h><angle>1.164898</angle></robndbox></object><object><type>robndbox</type><name>wheat_head</name><pose>Unspecified</pose><truncated>0</truncated><difficult>0</difficult><robndbox><cx>920.1501</cx><cy>75.3121</cy><w>62.6103</w><h>31.5416</h><angle>1.82687</angle></robndbox></object><object><type>robndbox</type><name>wheat_head</name><pose>Unspecified</pose><truncated>0</truncated><difficult>0</difficult><robndbox><cx>239.4742</cx><cy>86.3662</cy><w>80.2349</w><h>34.3323</h><angle>1.301614</angle></robndbox></object><object><type>robndbox</type><name>wheat_head</name><pose>Unspecified</pose><truncated>0</truncated><difficult>0</difficult><robndbox><cx>239.0992</cx><cy>366.6638</cy><w>63.1655</w><h>27.4085</h><angle>1.203901</angle></robndbox></object><object><type>robndbox</type><name>wheat_head</name><pose>Unspecified</pose><truncated>0</truncated><difficult>0</difficult><robndbox><cx>610.7723</cx><cy>416.0729</cy><w>63.3758</w><h>30.8358</h><angle>1.490005</angle></robndbox></object><object><type>robndbox</type><name>wheat_head</name><pose>Unspecified</pose><truncated>0</truncated><difficult>0</difficult><robndbox><cx>342.139</cx><cy>810.634</cy><w>74.2407</w><h>36.8938</h><angle>0.912057</angle></robndbox></object><object><type>robndbox</type><name>wheat_head</name><pose>Unspecified</pose><truncated>0</truncated><difficult>0</difficult><robndbox><cx>200.189</cx><cy>673.2552</cy><w>58.5205</w><h>26.7967</h><angle>1.542043</angle></robndbox></object><object><type>robndbox</type><name>wheat_head</name><pose>Unspecified</pose><truncated>0</truncated><difficult>0</difficult><robndbox><cx>200.1781</cx><cy>451.8032</cy><w>61.2523</w><h>30.0904</h><angle>1.092242</angle></robndbox></object><object><type>robndbox</type><name>wheat_head</name><pose>Unspecified</pose><truncated>0</truncated><difficult>0</difficult><robndbox><cx>448.8159</cx><cy>169.7087</cy><w>55.3624</w><h>31.0643</h><angle>1.2622</angle></robndbox></object><object><type>robndbox</type><name>wheat_head</name><pose>Unspecified</pose><truncated>0</truncated><difficult>0</difficult><robndbox><cx>650.1252</cx><cy>55.7431</cy><w>107.4892</w><h>33.7363</h><angle>1.153904</angle></robndbox></object><object><type>robndbox</type><name>wheat_head</name><pose>Unspecified</pose><truncated>0</truncated><difficult>0</difficult><robndbox><cx>485.85</cx><cy>872.8469</cy><w>71.8161</w><h>34.0185</h><angle>1.795345</angle></robndbox></object><object><type>robndbox</type><name>wheat_head</name><pose>Unspecified</pose><truncated>0</truncated><difficult>0</difficult><robndbox><cx>669.1328</cx><cy>955.2376</cy><w>97.9777</w><h>33.4111</h><angle>1.48681</angle></robndbox></object><object><type>robndbox</type><name>wheat_head</name><pose>Unspecified</pose><truncated>0</truncated><difficult>0</difficult><robndbox><cx>275.2989</cx><cy>457.5497</cy><w>52.3854</w><h>26.8149</h><angle>1.347532</angle></robndbox></object><object><type>robndbox</type><name>wheat_head</name><pose>Unspecified</pose><truncated>0</truncated><difficult>0</difficult><robndbox><cx>479.5539</cx><cy>657.5694</cy><w>71.6365</w><h>32.7537</h><angle>1.332517</angle></robndbox></object><object><type>robndbox</type><name>wheat_head</name><pose>Unspecified</pose><truncated>0</truncated><difficult>0</difficult><robndbox><cx>344.4009</cx><cy>136.1166</cy><w>41.7888</w><h>24.9807</h><angle>1.287878</angle></robndbox></object><object><type>robndbox</type><name>wheat_head</name><pose>Unspecified</pose><truncated>0</truncated><difficult>0</difficult><robndbox><cx>842.4144</cx><cy>35.836</cy><w>55.7748</w><h>34.2959</h><angle>2.031886</angle></robndbox></object><object><type>robndbox</type><name>wheat_head</name><pose>Unspecified</pose><truncated>0</truncated><difficult>0</difficult><robndbox><cx>343.3877</cx><cy>274.2104</cy><w>65.6337</w><h>32.9804</h><angle>0.370238</angle></robndbox></object><object><type>robndbox</type><name>wheat_head</name><pose>Unspecified</pose><truncated>0</truncated><difficult>0</difficult><robndbox><cx>411.2888</cx><cy>1000.6924</cy><w>40.9499</w><h>30.6274</h><angle>0.685691</angle></robndbox></object><object><type>robndbox</type><name>wheat_head</name><pose>Unspecified</pose><truncated>0</truncated><difficult>0</difficult><robndbox><cx>937.5295</cx><cy>152.349</cy><w>45.548</w><h>27.5441</h><angle>1.374111</angle></robndbox></object><object><type>robndbox</type><name>wheat_head</name><pose>Unspecified</pose><truncated>0</truncated><difficult>0</difficult><robndbox><cx>715.1713</cx><cy>752.9954</cy><w>57.815</w><h>28.527</h><angle>1.568096</angle></robndbox></object><object><type>robndbox</type><name>wheat_head</name><pose>Unspecified</pose><truncated>0</truncated><difficult>0</difficult><robndbox><cx>894.7769</cx><cy>767.6437</cy><w>56.5366</w><h>29.322</h><angle>2.040033</angle></robndbox></object><object><type>robndbox</type><name>wheat_head</name><pose>Unspecified</pose><truncated>0</truncated><difficult>0</difficult><robndbox><cx>726.2523</cx><cy>433.1075</cy><w>60.1825</w><h>35.7135</h><angle>1.338815</angle></robndbox></object><object><type>robndbox</type><name>wheat_head</name><pose>Unspecified</pose><truncated>0</truncated><difficult>0</difficult><robndbox><cx>449.0298</cx><cy>114.6937</cy><w>81.3274</w><h>31.5259</h><angle>0.580711</angle></robndbox></object><object><type>robndbox</type><name>wheat_head</name><pose>Unspecified</pose><truncated>0</truncated><difficult>0</difficult><robndbox><cx>268.7682</cx><cy>831.569</cy><w>57.8961</w><h>33.3237</h><angle>1.924796</angle></robndbox></object><object><type>robndbox</type><name>wheat_head</name><pose>Unspecified</pose><truncated>0</truncated><difficult>0</difficult><robndbox><cx>645.8442</cx><cy>459.521</cy><w>42.385</w><h>25.6467</h><angle>1.564941</angle></robndbox></object><object><type>robndbox</type><name>wheat_head</name><pose>Unspecified</pose><truncated>0</truncated><difficult>0</difficult><robndbox><cx>984.4471</cx><cy>383.8222</cy><w>54.4963</w><h>28.3511</h><angle>1.635103</angle></robndbox></object><object><type>robndbox</type><name>wheat_head</name><pose>Unspecified</pose><truncated>0</truncated><difficult>0</difficult><robndbox><cx>724.8113</cx><cy>693.5682</cy><w>48.9589</w><h>28.5464</h><angle>1.292571</angle></robndbox></object><object><type>robndbox</type><name>wheat_head</name><pose>Unspecified</pose><truncated>0</truncated><difficult>0</difficult><robndbox><cx>764.3851</cx><cy>79.0424</cy><w>62.2017</w><h>33.2248</h><angle>1.710229</angle></robndbox></object><object><type>robndbox</type><name>wheat_head</name><pose>Unspecified</pose><truncated>0</truncated><difficult>0</difficult><robndbox><cx>59.2475</cx><cy>175.0243</cy><w>43.3172</w><h>18.8802</h><angle>0.849766</angle></robndbox></object><object><type>robndbox</type><name>wheat_head</name><pose>Unspecified</pose><truncated>0</truncated><difficult>0</difficult><robndbox><cx>866.0458</cx><cy>769.4287</cy><w>64.3486</w><h>34.9338</h><angle>2.040033</angle></robndbox></object><object><type>robndbox</type><name>wheat_head</name><pose>Unspecified</pose><truncated>0</truncated><difficult>0</difficult><robndbox><cx>220.4438</cx><cy>875.6359</cy><w>46.3629</w><h>31.1816</h><angle>0.893518</angle></robndbox></object><object><type>robndbox</type><name>wheat_head</name><pose>Unspecified</pose><truncated>0</truncated><difficult>0</difficult><robndbox><cx>827.6293</cx><cy>292.2035</cy><w>37.5712</w><h>27.0163</h><angle>1.850466</angle></robndbox></object><object><type>robndbox</type><name>wheat_head</name><pose>Unspecified</pose><truncated>0</truncated><difficult>0</difficult><robndbox><cx>133.2933</cx><cy>700.061</cy><w>75.8346</w><h>36.7417</h><angle>1.199054</angle></robndbox></object><object><type>robndbox</type><name>wheat_head</name><pose>Unspecified</pose><truncated>0</truncated><difficult>0</difficult><robndbox><cx>514.0997</cx><cy>103.9801</cy><w>72.884</w><h>32.141</h><angle>1.612515</angle></robndbox></object><object><type>robndbox</type><name>wheat_head</name><pose>Unspecified</pose><truncated>0</truncated><difficult>0</difficult><robndbox><cx>103.4955</cx><cy>644.2812</cy><w>41.6668</w><h>24.7665</h><angle>0.999054</angle></robndbox></object><object><type>robndbox</type><name>wheat_head</name><pose>Unspecified</pose><truncated>0</truncated><difficult>0</difficult><robndbox><cx>640.2535</cx><cy>677.6942</cy><w>99.6225</w><h>36.9481</h><angle>1.629873</angle></robndbox></object><object><type>robndbox</type><name>wheat_head</name><pose>Unspecified</pose><truncated>0</truncated><difficult>0</difficult><robndbox><cx>575.2511</cx><cy>179.0158</cy><w>48.1993</w><h>20.4387</h><angle>1.414898</angle></robndbox></object><object><type>robndbox</type><name>wheat_head</name><pose>Unspecified</pose><truncated>0</truncated><difficult>0</difficult><robndbox><cx>1009.219</cx><cy>487.83</cy><w>32.3742</w><h>25.9038</h><angle>1.513112</angle></robndbox></object><object><type>robndbox</type><name>wheat_head</name><pose>Unspecified</pose><truncated>0</truncated><difficult>0</difficult><robndbox><cx>961.4309</cx><cy>533.6425</cy><w>50.6881</w><h>30.1972</h><angle>0.958682</angle></robndbox></object><object><type>robndbox</type><name>wheat_head</name><pose>Unspecified</pose><truncated>0</truncated><difficult>0</difficult><robndbox><cx>767.9434</cx><cy>489.0085</cy><w>61.1452</w><h>34.1082</h><angle>0.331917</angle></robndbox></object><object><type>robndbox</type><name>wheat_head</name><pose>Unspecified</pose><truncated>0</truncated><difficult>0</difficult><robndbox><cx>301.654</cx><cy>1000.275</cy><w>33.4485</w><h>25.5195</h><angle>0.347621</angle></robndbox></object><object><type>robndbox</type><name>wheat_head</name><pose>Unspecified</pose><truncated>0</truncated><difficult>0</difficult><robndbox><cx>170.5394</cx><cy>1004.4679</cy><w>29.1154</w><h>28.6068</h><angle>3.119198</angle></robndbox></object><object><type>robndbox</type><name>wheat_head</name><pose>Unspecified</pose><truncated>0</truncated><difficult>0</difficult><robndbox><cx>439.3419</cx><cy>631.697</cy><w>48.1578</w><h>31.0853</h><angle>1.087927</angle></robndbox></object><object><type>robndbox</type><name>wheat_head</name><pose>Unspecified</pose><truncated>0</truncated><difficult>0</difficult><robndbox><cx>863.5494</cx><cy>202.794</cy><w>54.5313</w><h>38.4581</h><angle>2.984135</angle></robndbox></object><object><type>robndbox</type><name>wheat_head</name><pose>Unspecified</pose><truncated>0</truncated><difficult>0</difficult><robndbox><cx>199.8521</cx><cy>1007.9869</cy><w>35.9874</w><h>18.7052</h><angle>0.169668</angle></robndbox></object><object><type>robndbox</type><name>wheat_head</name><pose>Unspecified</pose><truncated>0</truncated><difficult>0</difficult><robndbox><cx>437.1132</cx><cy>808.6292</cy><w>40.9268</w><h>26.4996</h><angle>0.847422</angle></robndbox></object><object><type>robndbox</type><name>wheat_head</name><pose>Unspecified</pose><truncated>0</truncated><difficult>0</difficult><robndbox><cx>853.6627</cx><cy>737.3243</cy><w>37.1664</w><h>31.2912</h><angle>1.664764</angle></robndbox></object><object><type>robndbox</type><name>wheat_head</name><pose>Unspecified</pose><truncated>0</truncated><difficult>0</difficult><robndbox><cx>963.6304</cx><cy>6.0779</cy><w>26.4901</w><h>12.8096</h><angle>0.046164</angle></robndbox></object><object><type>robndbox</type><name>wheat_head</name><pose>Unspecified</pose><truncated>0</truncated><difficult>0</difficult><robndbox><cx>414.7208</cx><cy>453.8371</cy><w>48.9856</w><h>33.6758</h><angle>3.092797</angle></robndbox></object><object><type>robndbox</type><name>wheat_head</name><pose>Unspecified</pose><truncated>0</truncated><difficult>0</difficult><robndbox><cx>142.1772</cx><cy>787.9702</cy><w>90.0021</w><h>32.2452</h><angle>0.985755</angle></robndbox></object><object><type>robndbox</type><name>wheat_head</name><pose>Unspecified</pose><truncated>0</truncated><difficult>0</difficult><robndbox><cx>976.0992</cx><cy>467.5562</cy><w>34.4647</w><h>27.5677</h><angle>1.471665</angle></robndbox></object><object><type>robndbox</type><name>wheat_head</name><pose>Unspecified</pose><truncated>0</truncated><difficult>0</difficult><robndbox><cx>268.7682</cx><cy>831.569</cy><w>57.8961</w><h>33.3237</h><angle>1.924796</angle></robndbox></object><object><type>robndbox</type><name>wheat_head</name><pose>Unspecified</pose><truncated>0</truncated><difficult>0</difficult><robndbox><cx>249.7471</cx><cy>593.8121</cy><w>69.9602</w><h>36.8521</h><angle>1.60769</angle></robndbox></object></annotation>