<annotation verified="no"><folder>images</folder><filename>85c3c061a</filename><path>/home/badhon/Documents/thesis/final_dataset/ethz_1/images/85c3c061a.jpg</path><source><database>Unknown</database></source><size><width>1024</width><height>1024</height><depth>3</depth></size><segmented>0</segmented><object><type>robndbox</type><name>wheat_head</name><pose>Unspecified</pose><truncated>0</truncated><difficult>0</difficult><robndbox><cx>842.3402</cx><cy>722.8161</cy><w>93.5733</w><h>34.4545</h><angle>1.093805</angle></robndbox></object><object><type>robndbox</type><name>wheat_head</name><pose>Unspecified</pose><truncated>0</truncated><difficult>0</difficult><robndbox><cx>537.9348</cx><cy>32.8715</cy><w>91.5083</w><h>33.4529</h><angle>0.841634</angle></robndbox></object><object><type>robndbox</type><name>wheat_head</name><pose>Unspecified</pose><truncated>0</truncated><difficult>0</difficult><robndbox><cx>846.972</cx><cy>407.9136</cy><w>75.6954</w><h>31.8307</h><angle>0.992216</angle></robndbox></object><object><type>robndbox</type><name>wheat_head</name><pose>Unspecified</pose><truncated>0</truncated><difficult>0</difficult><robndbox><cx>886.1223</cx><cy>533.1902</cy><w>97.8595</w><h>37.4999</h><angle>0.996212</angle></robndbox></object><object><type>robndbox</type><name>wheat_head</name><pose>Unspecified</pose><truncated>0</truncated><difficult>0</difficult><robndbox><cx>794.6309</cx><cy>490.4474</cy><w>93.0815</w><h>42.2169</h><angle>0.5857</angle></robndbox></object><object><type>robndbox</type><name>wheat_head</name><pose>Unspecified</pose><truncated>0</truncated><difficult>0</difficult><robndbox><cx>468.3659</cx><cy>963.72</cy><w>87.4703</w><h>37.9562</h><angle>0.635778</angle></robndbox></object><object><type>robndbox</type><name>wheat_head</name><pose>Unspecified</pose><truncated>0</truncated><difficult>0</difficult><robndbox><cx>743.8717</cx><cy>116.7768</cy><w>105.123</w><h>34.6566</h><angle>1.003241</angle></robndbox></object><object><type>robndbox</type><name>wheat_head</name><pose>Unspecified</pose><truncated>0</truncated><difficult>0</difficult><robndbox><cx>198.375</cx><cy>28.2024</cy><w>82.5721</w><h>36.1482</h><angle>0.686908</angle></robndbox></object><object><type>robndbox</type><name>wheat_head</name><pose>Unspecified</pose><truncated>0</truncated><difficult>0</difficult><robndbox><cx>721.5388</cx><cy>798.4988</cy><w>82.0292</w><h>31.4722</h><angle>0.937526</angle></robndbox></object><object><type>robndbox</type><name>wheat_head</name><pose>Unspecified</pose><truncated>0</truncated><difficult>0</difficult><robndbox><cx>124.3995</cx><cy>394.5651</cy><w>119.9815</w><h>36.0624</h><angle>0.872976</angle></robndbox></object><object><type>robndbox</type><name>wheat_head</name><pose>Unspecified</pose><truncated>0</truncated><difficult>0</difficult><robndbox><cx>34.7631</cx><cy>883.356</cy><w>87.9312</w><h>26.3669</h><angle>1.017705</angle></robndbox></object><object><type>robndbox</type><name>wheat_head</name><pose>Unspecified</pose><truncated>0</truncated><difficult>0</difficult><robndbox><cx>1011.3565</cx><cy>318.556</cy><w>51.7192</w><h>18.3318</h><angle>1.551129</angle></robndbox></object><object><type>robndbox</type><name>wheat_head</name><pose>Unspecified</pose><truncated>0</truncated><difficult>0</difficult><robndbox><cx>97.5673</cx><cy>728.8825</cy><w>93.622</w><h>35.1074</h><angle>0.881145</angle></robndbox></object><object><type>robndbox</type><name>wheat_head</name><pose>Unspecified</pose><truncated>0</truncated><difficult>0</difficult><robndbox><cx>723.2331</cx><cy>915.2244</cy><w>103.5398</w><h>40.4701</h><angle>0.479253</angle></robndbox></object><object><type>robndbox</type><name>wheat_head</name><pose>Unspecified</pose><truncated>0</truncated><difficult>0</difficult><robndbox><cx>468.0103</cx><cy>695.8642</cy><w>92.1326</w><h>30.3592</h><angle>0.770588</angle></robndbox></object><object><type>robndbox</type><name>wheat_head</name><pose>Unspecified</pose><truncated>0</truncated><difficult>0</difficult><robndbox><cx>746.7816</cx><cy>395.0048</cy><w>100.8209</w><h>34.2965</h><angle>1.20121</angle></robndbox></object><object><type>robndbox</type><name>wheat_head</name><pose>Unspecified</pose><truncated>0</truncated><difficult>0</difficult><robndbox><cx>936.8029</cx><cy>236.5795</cy><w>136.3158</w><h>34.2398</h><angle>1.431252</angle></robndbox></object><object><type>robndbox</type><name>wheat_head</name><pose>Unspecified</pose><truncated>0</truncated><difficult>0</difficult><robndbox><cx>984.2596</cx><cy>501.0552</cy><w>93.3164</w><h>32.6535</h><angle>1.248112</angle></robndbox></object><object><type>robndbox</type><name>wheat_head</name><pose>Unspecified</pose><truncated>0</truncated><difficult>0</difficult><robndbox><cx>635.1398</cx><cy>152.7242</cy><w>132.7264</w><h>34.5918</h><angle>0.903322</angle></robndbox></object><object><type>robndbox</type><name>wheat_head</name><pose>Unspecified</pose><truncated>0</truncated><difficult>0</difficult><robndbox><cx>127.4376</cx><cy>270.1277</cy><w>117.8265</w><h>31.1746</h><angle>0.913483</angle></robndbox></object><object><type>robndbox</type><name>wheat_head</name><pose>Unspecified</pose><truncated>0</truncated><difficult>0</difficult><robndbox><cx>497.7705</cx><cy>513.921</cy><w>128.0752</w><h>39.8207</h><angle>0.32772</angle></robndbox></object><object><type>robndbox</type><name>wheat_head</name><pose>Unspecified</pose><truncated>0</truncated><difficult>0</difficult><robndbox><cx>580.2678</cx><cy>843.5953</cy><w>97.8345</w><h>33.0157</h><angle>0.888928</angle></robndbox></object><object><type>robndbox</type><name>wheat_head</name><pose>Unspecified</pose><truncated>0</truncated><difficult>0</difficult><robndbox><cx>766.1589</cx><cy>704.0231</cy><w>103.4863</w><h>36.0534</h><angle>0.939755</angle></robndbox></object><object><type>robndbox</type><name>wheat_head</name><pose>Unspecified</pose><truncated>0</truncated><difficult>0</difficult><robndbox><cx>276.1536</cx><cy>865.1639</cy><w>75.9335</w><h>31.3828</h><angle>0.535414</angle></robndbox></object><object><type>robndbox</type><name>wheat_head</name><pose>Unspecified</pose><truncated>0</truncated><difficult>0</difficult><robndbox><cx>74.8094</cx><cy>54.6643</cy><w>128.5614</w><h>37.8452</h><angle>0.696272</angle></robndbox></object><object><type>robndbox</type><name>wheat_head</name><pose>Unspecified</pose><truncated>0</truncated><difficult>0</difficult><robndbox><cx>330.114</cx><cy>773.1494</cy><w>148.3724</w><h>37.72</h><angle>0.894921</angle></robndbox></object><object><type>robndbox</type><name>wheat_head</name><pose>Unspecified</pose><truncated>0</truncated><difficult>0</difficult><robndbox><cx>487.9301</cx><cy>76.5239</cy><w>104.5461</w><h>33.8594</h><angle>1.091835</angle></robndbox></object><object><type>robndbox</type><name>wheat_head</name><pose>Unspecified</pose><truncated>0</truncated><difficult>0</difficult><robndbox><cx>177.145</cx><cy>694.5516</cy><w>124.8595</w><h>40.3486</h><angle>0.823704</angle></robndbox></object><object><type>robndbox</type><name>wheat_head</name><pose>Unspecified</pose><truncated>0</truncated><difficult>0</difficult><robndbox><cx>86.9273</cx><cy>885.2314</cy><w>81.1164</w><h>27.9908</h><angle>0.714561</angle></robndbox></object><object><type>robndbox</type><name>wheat_head</name><pose>Unspecified</pose><truncated>0</truncated><difficult>0</difficult><robndbox><cx>763.7611</cx><cy>769.8272</cy><w>94.2078</w><h>31.6154</h><angle>1.043006</angle></robndbox></object><object><type>robndbox</type><name>wheat_head</name><pose>Unspecified</pose><truncated>0</truncated><difficult>0</difficult><robndbox><cx>80.5961</cx><cy>476.1343</cy><w>140.8867</w><h>25.9274</h><angle>0.637914</angle></robndbox></object><object><type>robndbox</type><name>wheat_head</name><pose>Unspecified</pose><truncated>0</truncated><difficult>0</difficult><robndbox><cx>388.5737</cx><cy>184.6955</cy><w>89.3196</w><h>41.2829</h><angle>0.654279</angle></robndbox></object><object><type>robndbox</type><name>wheat_head</name><pose>Unspecified</pose><truncated>0</truncated><difficult>0</difficult><robndbox><cx>460.304</cx><cy>728.1166</cy><w>78.9741</w><h>27.0039</h><angle>0.73221</angle></robndbox></object><object><type>robndbox</type><name>wheat_head</name><pose>Unspecified</pose><truncated>0</truncated><difficult>0</difficult><robndbox><cx>684.8524</cx><cy>514.5233</cy><w>57.9262</w><h>31.843</h><angle>0.835452</angle></robndbox></object><object><type>robndbox</type><name>wheat_head</name><pose>Unspecified</pose><truncated>0</truncated><difficult>0</difficult><robndbox><cx>355.3417</cx><cy>443.5811</cy><w>106.6356</w><h>33.8531</h><angle>0.834158</angle></robndbox></object><object><type>robndbox</type><name>wheat_head</name><pose>Unspecified</pose><truncated>0</truncated><difficult>0</difficult><robndbox><cx>382.4196</cx><cy>597.4855</cy><w>66.7694</w><h>32.8186</h><angle>1.42124</angle></robndbox></object><object><type>robndbox</type><name>wheat_head</name><pose>Unspecified</pose><truncated>0</truncated><difficult>0</difficult><robndbox><cx>148.5648</cx><cy>47.3208</cy><w>115.9728</w><h>29.0505</h><angle>0.969483</angle></robndbox></object><object><type>robndbox</type><name>wheat_head</name><pose>Unspecified</pose><truncated>0</truncated><difficult>0</difficult><robndbox><cx>648.8347</cx><cy>900.5154</cy><w>66.5038</w><h>32.1753</h><angle>0.913519</angle></robndbox></object><object><type>robndbox</type><name>wheat_head</name><pose>Unspecified</pose><truncated>0</truncated><difficult>0</difficult><robndbox><cx>137.5195</cx><cy>476.2046</cy><w>91.9622</w><h>31.9746</h><angle>0.618328</angle></robndbox></object><object><type>robndbox</type><name>wheat_head</name><pose>Unspecified</pose><truncated>0</truncated><difficult>0</difficult><robndbox><cx>550.8427</cx><cy>119.2353</cy><w>117.6725</w><h>28.2992</h><angle>1.166475</angle></robndbox></object><object><type>robndbox</type><name>wheat_head</name><pose>Unspecified</pose><truncated>0</truncated><difficult>0</difficult><robndbox><cx>503.6956</cx><cy>801.069</cy><w>123.7534</w><h>36.063</h><angle>0.881239</angle></robndbox></object><object><type>robndbox</type><name>wheat_head</name><pose>Unspecified</pose><truncated>0</truncated><difficult>0</difficult><robndbox><cx>659.1513</cx><cy>305.0861</cy><w>45.8105</w><h>21.9963</h><angle>1.240368</angle></robndbox></object><object><type>robndbox</type><name>wheat_head</name><pose>Unspecified</pose><truncated>0</truncated><difficult>0</difficult><robndbox><cx>887.2609</cx><cy>196.3717</cy><w>50.6464</w><h>26.528</h><angle>1.483964</angle></robndbox></object><object><type>robndbox</type><name>wheat_head</name><pose>Unspecified</pose><truncated>0</truncated><difficult>0</difficult><robndbox><cx>693.77</cx><cy>357.5761</cy><w>86.0871</w><h>30.7481</h><angle>1.565543</angle></robndbox></object><object><type>robndbox</type><name>wheat_head</name><pose>Unspecified</pose><truncated>0</truncated><difficult>0</difficult><robndbox><cx>454.3417</cx><cy>276.322</cy><w>124.8913</w><h>38.5227</h><angle>0.98488</angle></robndbox></object><object><type>robndbox</type><name>wheat_head</name><pose>Unspecified</pose><truncated>0</truncated><difficult>0</difficult><robndbox><cx>422.2723</cx><cy>775.659</cy><w>116.1111</w><h>31.6209</h><angle>0.873473</angle></robndbox></object><object><type>robndbox</type><name>wheat_head</name><pose>Unspecified</pose><truncated>0</truncated><difficult>0</difficult><robndbox><cx>812.6652</cx><cy>864.4516</cy><w>76.6247</w><h>38.418</h><angle>0.635259</angle></robndbox></object><object><type>robndbox</type><name>wheat_head</name><pose>Unspecified</pose><truncated>0</truncated><difficult>0</difficult><robndbox><cx>434.1549</cx><cy>401.8872</cy><w>65.9048</w><h>24.8621</h><angle>1.190455</angle></robndbox></object><object><type>robndbox</type><name>wheat_head</name><pose>Unspecified</pose><truncated>0</truncated><difficult>0</difficult><robndbox><cx>277.2075</cx><cy>910.9755</cy><w>80.867</w><h>28.3267</h><angle>0.570344</angle></robndbox></object><object><type>robndbox</type><name>wheat_head</name><pose>Unspecified</pose><truncated>0</truncated><difficult>0</difficult><robndbox><cx>504.3138</cx><cy>143.6828</cy><w>87.6664</w><h>26.1414</h><angle>0.511894</angle></robndbox></object><object><type>robndbox</type><name>wheat_head</name><pose>Unspecified</pose><truncated>0</truncated><difficult>0</difficult><robndbox><cx>216.6122</cx><cy>850.5283</cy><w>117.0904</w><h>36.8573</h><angle>0.754695</angle></robndbox></object><object><type>robndbox</type><name>wheat_head</name><pose>Unspecified</pose><truncated>0</truncated><difficult>0</difficult><robndbox><cx>262.0198</cx><cy>1003.9379</cy><w>51.2467</w><h>19.7267</h><angle>0.17353</angle></robndbox></object><object><type>robndbox</type><name>wheat_head</name><pose>Unspecified</pose><truncated>0</truncated><difficult>0</difficult><robndbox><cx>25.1397</cx><cy>524.2462</cy><w>53.9075</w><h>32.3627</h><angle>0.666055</angle></robndbox></object><object><type>robndbox</type><name>wheat_head</name><pose>Unspecified</pose><truncated>0</truncated><difficult>0</difficult><robndbox><cx>280.3052</cx><cy>432.0795</cy><w>138.9562</w><h>26.9222</h><angle>0.649208</angle></robndbox></object><object><type>robndbox</type><name>wheat_head</name><pose>Unspecified</pose><truncated>0</truncated><difficult>0</difficult><robndbox><cx>344.2686</cx><cy>711.5969</cy><w>78.3165</w><h>33.6073</h><angle>0.973093</angle></robndbox></object><object><type>robndbox</type><name>wheat_head</name><pose>Unspecified</pose><truncated>0</truncated><difficult>0</difficult><robndbox><cx>89.5065</cx><cy>157.2772</cy><w>108.4094</w><h>33.8693</h><angle>0.868717</angle></robndbox></object><object><type>robndbox</type><name>wheat_head</name><pose>Unspecified</pose><truncated>0</truncated><difficult>0</difficult><robndbox><cx>293.1881</cx><cy>399.3603</cy><w>47.7356</w><h>35.1593</h><angle>0.535666</angle></robndbox></object><object><type>robndbox</type><name>wheat_head</name><pose>Unspecified</pose><truncated>0</truncated><difficult>0</difficult><robndbox><cx>344.7017</cx><cy>400.3868</cy><w>166.8174</w><h>35.5783</h><angle>1.001656</angle></robndbox></object><object><type>robndbox</type><name>wheat_head</name><pose>Unspecified</pose><truncated>0</truncated><difficult>0</difficult><robndbox><cx>473.1617</cx><cy>452.0257</cy><w>53.0399</w><h>22.7954</h><angle>0.691102</angle></robndbox></object><object><type>robndbox</type><name>wheat_head</name><pose>Unspecified</pose><truncated>0</truncated><difficult>0</difficult><robndbox><cx>204.9201</cx><cy>101.5942</cy><w>40.7977</w><h>28.4168</h><angle>1.219889</angle></robndbox></object><object><type>robndbox</type><name>wheat_head</name><pose>Unspecified</pose><truncated>0</truncated><difficult>0</difficult><robndbox><cx>151.8968</cx><cy>214.966</cy><w>79.1523</w><h>34.6053</h><angle>0.962188</angle></robndbox></object><object><type>robndbox</type><name>wheat_head</name><pose>Unspecified</pose><truncated>0</truncated><difficult>0</difficult><robndbox><cx>20.6767</cx><cy>971.7573</cy><w>33.7957</w><h>25.9691</h><angle>0.114443</angle></robndbox></object><object><type>robndbox</type><name>wheat_head</name><pose>Unspecified</pose><truncated>0</truncated><difficult>0</difficult><robndbox><cx>769.1492</cx><cy>501.8337</cy><w>73.141</w><h>20.8231</h><angle>0.7857</angle></robndbox></object><object><type>robndbox</type><name>wheat_head</name><pose>Unspecified</pose><truncated>0</truncated><difficult>0</difficult><robndbox><cx>23.8415</cx><cy>85.5734</cy><w>81.8413</w><h>18.1082</h><angle>0.959069</angle></robndbox></object></annotation>