<annotation verified="no"><folder>images</folder><filename>86494833f</filename><path>/home/badhon/Documents/thesis/final_dataset/ethz_1/images/86494833f.jpg</path><source><database>Unknown</database></source><size><width>1024</width><height>1024</height><depth>3</depth></size><segmented>0</segmented><object><type>robndbox</type><name>wheat_head</name><pose>Unspecified</pose><truncated>0</truncated><difficult>0</difficult><robndbox><cx>833.6433</cx><cy>784.4</cy><w>84.6302</w><h>36.0716</h><angle>1.077304</angle></robndbox></object><object><type>robndbox</type><name>wheat_head</name><pose>Unspecified</pose><truncated>0</truncated><difficult>0</difficult><robndbox><cx>516.4203</cx><cy>757.8252</cy><w>79.3417</w><h>32.2826</h><angle>1.044631</angle></robndbox></object><object><type>robndbox</type><name>wheat_head</name><pose>Unspecified</pose><truncated>0</truncated><difficult>0</difficult><robndbox><cx>658.3659</cx><cy>431.4662</cy><w>103.5394</w><h>37.2705</h><angle>0.972391</angle></robndbox></object><object><type>robndbox</type><name>wheat_head</name><pose>Unspecified</pose><truncated>0</truncated><difficult>0</difficult><robndbox><cx>976.4056</cx><cy>85.2507</cy><w>94.1734</w><h>37.2754</h><angle>1.246577</angle></robndbox></object><object><type>robndbox</type><name>wheat_head</name><pose>Unspecified</pose><truncated>0</truncated><difficult>0</difficult><robndbox><cx>102.2608</cx><cy>526.9798</cy><w>80.9771</w><h>34.646</h><angle>0.967612</angle></robndbox></object><object><type>robndbox</type><name>wheat_head</name><pose>Unspecified</pose><truncated>0</truncated><difficult>0</difficult><robndbox><cx>561.874</cx><cy>439.2514</cy><w>84.1327</w><h>36.0191</h><angle>1.189351</angle></robndbox></object><object><type>robndbox</type><name>wheat_head</name><pose>Unspecified</pose><truncated>0</truncated><difficult>0</difficult><robndbox><cx>775.9186</cx><cy>476.0768</cy><w>83.8199</w><h>39.6722</h><angle>0.578308</angle></robndbox></object><object><type>robndbox</type><name>wheat_head</name><pose>Unspecified</pose><truncated>0</truncated><difficult>0</difficult><robndbox><cx>727.2513</cx><cy>152.9667</cy><w>99.6999</w><h>37.8813</h><angle>1.07423</angle></robndbox></object><object><type>robndbox</type><name>wheat_head</name><pose>Unspecified</pose><truncated>0</truncated><difficult>0</difficult><robndbox><cx>104.4808</cx><cy>218.4072</cy><w>83.1219</w><h>37.3884</h><angle>0.542986</angle></robndbox></object><object><type>robndbox</type><name>wheat_head</name><pose>Unspecified</pose><truncated>0</truncated><difficult>0</difficult><robndbox><cx>995.6989</cx><cy>278.0758</cy><w>45.5015</w><h>31.281</h><angle>0.488916</angle></robndbox></object><object><type>robndbox</type><name>wheat_head</name><pose>Unspecified</pose><truncated>0</truncated><difficult>0</difficult><robndbox><cx>216.9134</cx><cy>567.1731</cy><w>69.5017</w><h>34.4463</h><angle>0.696386</angle></robndbox></object><object><type>robndbox</type><name>wheat_head</name><pose>Unspecified</pose><truncated>0</truncated><difficult>0</difficult><robndbox><cx>587.2979</cx><cy>61.6579</cy><w>88.8962</w><h>32.068</h><angle>0.974585</angle></robndbox></object><object><type>robndbox</type><name>wheat_head</name><pose>Unspecified</pose><truncated>0</truncated><difficult>0</difficult><robndbox><cx>394.0062</cx><cy>112.7146</cy><w>148.7844</w><h>37.6291</h><angle>0.925506</angle></robndbox></object><object><type>robndbox</type><name>wheat_head</name><pose>Unspecified</pose><truncated>0</truncated><difficult>0</difficult><robndbox><cx>441.9893</cx><cy>243.1195</cy><w>132.7801</w><h>36.3655</h><angle>0.559936</angle></robndbox></object><object><type>robndbox</type><name>wheat_head</name><pose>Unspecified</pose><truncated>0</truncated><difficult>0</difficult><robndbox><cx>30.2532</cx><cy>403.5092</cy><w>68.2594</w><h>28.3392</h><angle>0.92167</angle></robndbox></object><object><type>robndbox</type><name>wheat_head</name><pose>Unspecified</pose><truncated>0</truncated><difficult>0</difficult><robndbox><cx>897.494</cx><cy>546.8557</cy><w>86.5892</w><h>31.3286</h><angle>0.695773</angle></robndbox></object><object><type>robndbox</type><name>wheat_head</name><pose>Unspecified</pose><truncated>0</truncated><difficult>0</difficult><robndbox><cx>713.8536</cx><cy>823.5172</cy><w>84.1856</w><h>30.5404</h><angle>0.840839</angle></robndbox></object><object><type>robndbox</type><name>wheat_head</name><pose>Unspecified</pose><truncated>0</truncated><difficult>0</difficult><robndbox><cx>21.5347</cx><cy>25.0646</cy><w>59.1863</w><h>27.9504</h><angle>1.099219</angle></robndbox></object><object><type>robndbox</type><name>wheat_head</name><pose>Unspecified</pose><truncated>0</truncated><difficult>0</difficult><robndbox><cx>890.7216</cx><cy>415.9264</cy><w>74.1287</w><h>36.0298</h><angle>1.106729</angle></robndbox></object><object><type>robndbox</type><name>wheat_head</name><pose>Unspecified</pose><truncated>0</truncated><difficult>0</difficult><robndbox><cx>112.309</cx><cy>73.0634</cy><w>109.0451</w><h>34.7896</h><angle>0.873577</angle></robndbox></object><object><type>robndbox</type><name>wheat_head</name><pose>Unspecified</pose><truncated>0</truncated><difficult>0</difficult><robndbox><cx>317.6456</cx><cy>785.1722</cy><w>134.2044</w><h>34.6625</h><angle>0.678544</angle></robndbox></object><object><type>robndbox</type><name>wheat_head</name><pose>Unspecified</pose><truncated>0</truncated><difficult>0</difficult><robndbox><cx>355.0988</cx><cy>229.9697</cy><w>102.2349</w><h>31.864</h><angle>0.594546</angle></robndbox></object><object><type>robndbox</type><name>wheat_head</name><pose>Unspecified</pose><truncated>0</truncated><difficult>0</difficult><robndbox><cx>607.8652</cx><cy>155.7635</cy><w>118.3034</w><h>40.4789</h><angle>0.831537</angle></robndbox></object><object><type>robndbox</type><name>wheat_head</name><pose>Unspecified</pose><truncated>0</truncated><difficult>0</difficult><robndbox><cx>437.2734</cx><cy>555.1243</cy><w>74.2806</w><h>32.8153</h><angle>0.626503</angle></robndbox></object><object><type>robndbox</type><name>wheat_head</name><pose>Unspecified</pose><truncated>0</truncated><difficult>0</difficult><robndbox><cx>810.2734</cx><cy>583.8212</cy><w>55.5661</w><h>31.528</h><angle>1.345464</angle></robndbox></object><object><type>robndbox</type><name>wheat_head</name><pose>Unspecified</pose><truncated>0</truncated><difficult>0</difficult><robndbox><cx>511.5125</cx><cy>469.5941</cy><w>88.193</w><h>35.0694</h><angle>0.943471</angle></robndbox></object><object><type>robndbox</type><name>wheat_head</name><pose>Unspecified</pose><truncated>0</truncated><difficult>0</difficult><robndbox><cx>713.2935</cx><cy>559.7</cy><w>66.9045</w><h>33.0905</h><angle>0.645282</angle></robndbox></object><object><type>robndbox</type><name>wheat_head</name><pose>Unspecified</pose><truncated>0</truncated><difficult>0</difficult><robndbox><cx>966.9274</cx><cy>559.9099</cy><w>70.6171</w><h>32.0508</h><angle>0.564154</angle></robndbox></object><object><type>robndbox</type><name>wheat_head</name><pose>Unspecified</pose><truncated>0</truncated><difficult>0</difficult><robndbox><cx>493.78</cx><cy>66.9461</cy><w>118.4245</w><h>39.0863</h><angle>0.85539</angle></robndbox></object><object><type>robndbox</type><name>wheat_head</name><pose>Unspecified</pose><truncated>0</truncated><difficult>0</difficult><robndbox><cx>144.0636</cx><cy>710.7078</cy><w>126.1412</w><h>44.5775</h><angle>0.579244</angle></robndbox></object><object><type>robndbox</type><name>wheat_head</name><pose>Unspecified</pose><truncated>0</truncated><difficult>0</difficult><robndbox><cx>509.2663</cx><cy>547.8188</cy><w>83.8777</w><h>37.5742</h><angle>1.32072</angle></robndbox></object><object><type>robndbox</type><name>wheat_head</name><pose>Unspecified</pose><truncated>0</truncated><difficult>0</difficult><robndbox><cx>116.5559</cx><cy>136.1889</cy><w>60.904</w><h>27.3727</h><angle>1.036534</angle></robndbox></object><object><type>robndbox</type><name>wheat_head</name><pose>Unspecified</pose><truncated>0</truncated><difficult>0</difficult><robndbox><cx>607.6477</cx><cy>891.5357</cy><w>85.8145</w><h>31.2978</h><angle>0.794028</angle></robndbox></object><object><type>robndbox</type><name>wheat_head</name><pose>Unspecified</pose><truncated>0</truncated><difficult>0</difficult><robndbox><cx>878.1108</cx><cy>636.2217</cy><w>83.8192</w><h>32.647</h><angle>0.509978</angle></robndbox></object><object><type>robndbox</type><name>wheat_head</name><pose>Unspecified</pose><truncated>0</truncated><difficult>0</difficult><robndbox><cx>875.1454</cx><cy>580.0189</cy><w>75.1485</w><h>29.9925</h><angle>0.603035</angle></robndbox></object><object><type>robndbox</type><name>wheat_head</name><pose>Unspecified</pose><truncated>0</truncated><difficult>0</difficult><robndbox><cx>308.3872</cx><cy>550.0514</cy><w>107.9026</w><h>41.006</h><angle>0.606258</angle></robndbox></object><object><type>robndbox</type><name>wheat_head</name><pose>Unspecified</pose><truncated>0</truncated><difficult>0</difficult><robndbox><cx>269.9074</cx><cy>899.056</cy><w>122.6189</w><h>38.5497</h><angle>0.631627</angle></robndbox></object><object><type>robndbox</type><name>wheat_head</name><pose>Unspecified</pose><truncated>0</truncated><difficult>0</difficult><robndbox><cx>671.3499</cx><cy>353.89</cy><w>91.4061</w><h>42.5736</h><angle>0.581518</angle></robndbox></object><object><type>robndbox</type><name>wheat_head</name><pose>Unspecified</pose><truncated>0</truncated><difficult>0</difficult><robndbox><cx>848.4393</cx><cy>209.0247</cy><w>76.2629</w><h>34.2166</h><angle>0.5909</angle></robndbox></object><object><type>robndbox</type><name>wheat_head</name><pose>Unspecified</pose><truncated>0</truncated><difficult>0</difficult><robndbox><cx>344.2109</cx><cy>966.8676</cy><w>68.5851</w><h>39.3695</h><angle>0.670676</angle></robndbox></object><object><type>robndbox</type><name>wheat_head</name><pose>Unspecified</pose><truncated>0</truncated><difficult>0</difficult><robndbox><cx>336.8575</cx><cy>459.004</cy><w>53.5642</w><h>37.2744</h><angle>0.430262</angle></robndbox></object><object><type>robndbox</type><name>wheat_head</name><pose>Unspecified</pose><truncated>0</truncated><difficult>0</difficult><robndbox><cx>509.8281</cx><cy>936.5372</cy><w>64.5359</w><h>36.1466</h><angle>0.60435</angle></robndbox></object><object><type>robndbox</type><name>wheat_head</name><pose>Unspecified</pose><truncated>0</truncated><difficult>0</difficult><robndbox><cx>589.1637</cx><cy>569.0858</cy><w>69.2375</w><h>34.4011</h><angle>0.868685</angle></robndbox></object><object><type>robndbox</type><name>wheat_head</name><pose>Unspecified</pose><truncated>0</truncated><difficult>0</difficult><robndbox><cx>118.0396</cx><cy>967.0417</cy><w>92.6434</w><h>41.644</h><angle>0.321992</angle></robndbox></object><object><type>robndbox</type><name>wheat_head</name><pose>Unspecified</pose><truncated>0</truncated><difficult>0</difficult><robndbox><cx>611.9788</cx><cy>545.722</cy><w>64.011</w><h>22.0118</h><angle>0.768685</angle></robndbox></object><object><type>robndbox</type><name>wheat_head</name><pose>Unspecified</pose><truncated>0</truncated><difficult>0</difficult><robndbox><cx>774.7979</cx><cy>91.5964</cy><w>75.829</w><h>33.7129</h><angle>1.518932</angle></robndbox></object><object><type>robndbox</type><name>wheat_head</name><pose>Unspecified</pose><truncated>0</truncated><difficult>0</difficult><robndbox><cx>662.2938</cx><cy>859.7681</cy><w>62.5976</w><h>34.3477</h><angle>0.870122</angle></robndbox></object><object><type>robndbox</type><name>wheat_head</name><pose>Unspecified</pose><truncated>0</truncated><difficult>0</difficult><robndbox><cx>292.3671</cx><cy>11.8095</cy><w>51.93</w><h>31.7166</h><angle>0.54759</angle></robndbox></object><object><type>robndbox</type><name>wheat_head</name><pose>Unspecified</pose><truncated>0</truncated><difficult>0</difficult><robndbox><cx>271.1303</cx><cy>804.2655</cy><w>105.2951</w><h>30.0439</h><angle>0.468667</angle></robndbox></object><object><type>robndbox</type><name>wheat_head</name><pose>Unspecified</pose><truncated>0</truncated><difficult>0</difficult><robndbox><cx>741.028</cx><cy>787.3244</cy><w>75.7601</w><h>30.25</h><angle>0.630345</angle></robndbox></object><object><type>robndbox</type><name>wheat_head</name><pose>Unspecified</pose><truncated>0</truncated><difficult>0</difficult><robndbox><cx>517.894</cx><cy>14.1246</cy><w>64.0764</w><h>29.2391</h><angle>0.318481</angle></robndbox></object><object><type>robndbox</type><name>wheat_head</name><pose>Unspecified</pose><truncated>0</truncated><difficult>0</difficult><robndbox><cx>123.1898</cx><cy>414.6078</cy><w>64.4777</w><h>31.6829</h><angle>0.573439</angle></robndbox></object><object><type>robndbox</type><name>wheat_head</name><pose>Unspecified</pose><truncated>0</truncated><difficult>0</difficult><robndbox><cx>838.8552</cx><cy>897.7027</cy><w>80.3131</w><h>46.2236</h><angle>0.59835</angle></robndbox></object><object><type>robndbox</type><name>wheat_head</name><pose>Unspecified</pose><truncated>0</truncated><difficult>0</difficult><robndbox><cx>677.2563</cx><cy>715.954</cy><w>107.4871</w><h>40.2187</h><angle>0.652473</angle></robndbox></object><object><type>robndbox</type><name>wheat_head</name><pose>Unspecified</pose><truncated>0</truncated><difficult>0</difficult><robndbox><cx>134.8104</cx><cy>626.8477</cy><w>52.3171</w><h>24.241</h><angle>0.513247</angle></robndbox></object><object><type>robndbox</type><name>wheat_head</name><pose>Unspecified</pose><truncated>0</truncated><difficult>0</difficult><robndbox><cx>61.4551</cx><cy>626.2909</cy><w>80.9608</w><h>26.7021</h><angle>0.078804</angle></robndbox></object><object><type>robndbox</type><name>wheat_head</name><pose>Unspecified</pose><truncated>0</truncated><difficult>0</difficult><robndbox><cx>695.4779</cx><cy>253.4155</cy><w>88.1386</w><h>41.7432</h><angle>0.267858</angle></robndbox></object><object><type>robndbox</type><name>wheat_head</name><pose>Unspecified</pose><truncated>0</truncated><difficult>0</difficult><robndbox><cx>790.0961</cx><cy>951.2128</cy><w>95.8953</w><h>40.9663</h><angle>0.552703</angle></robndbox></object><object><type>robndbox</type><name>wheat_head</name><pose>Unspecified</pose><truncated>0</truncated><difficult>0</difficult><robndbox><cx>834.373</cx><cy>659.291</cy><w>48.5718</w><h>20.738</h><angle>0.332589</angle></robndbox></object><object><type>robndbox</type><name>wheat_head</name><pose>Unspecified</pose><truncated>0</truncated><difficult>0</difficult><robndbox><cx>469.7557</cx><cy>953.8053</cy><w>55.9569</w><h>27.9842</h><angle>0.586148</angle></robndbox></object><object><type>robndbox</type><name>wheat_head</name><pose>Unspecified</pose><truncated>0</truncated><difficult>0</difficult><robndbox><cx>367.7044</cx><cy>525.6967</cy><w>46.9779</w><h>30.6055</h><angle>0.949369</angle></robndbox></object><object><type>robndbox</type><name>wheat_head</name><pose>Unspecified</pose><truncated>0</truncated><difficult>0</difficult><robndbox><cx>656.3953</cx><cy>959.2315</cy><w>90.8218</w><h>35.1275</h><angle>0.62387</angle></robndbox></object><object><type>robndbox</type><name>wheat_head</name><pose>Unspecified</pose><truncated>0</truncated><difficult>0</difficult><robndbox><cx>518.023</cx><cy>829.1951</cy><w>68.9286</w><h>30.0925</h><angle>0.187498</angle></robndbox></object><object><type>robndbox</type><name>wheat_head</name><pose>Unspecified</pose><truncated>0</truncated><difficult>0</difficult><robndbox><cx>973.7231</cx><cy>906.4551</cy><w>45.709</w><h>32.6446</h><angle>1.025009</angle></robndbox></object><object><type>robndbox</type><name>wheat_head</name><pose>Unspecified</pose><truncated>0</truncated><difficult>0</difficult><robndbox><cx>452.3484</cx><cy>609.5406</cy><w>61.1629</w><h>33.0889</h><angle>0.416373</angle></robndbox></object><object><type>robndbox</type><name>wheat_head</name><pose>Unspecified</pose><truncated>0</truncated><difficult>0</difficult><robndbox><cx>783.209</cx><cy>22.2148</cy><w>44.8254</w><h>30.9016</h><angle>1.108327</angle></robndbox></object><object><type>robndbox</type><name>wheat_head</name><pose>Unspecified</pose><truncated>0</truncated><difficult>0</difficult><robndbox><cx>667.405</cx><cy>650.4724</cy><w>54.6306</w><h>27.9778</h><angle>0.645247</angle></robndbox></object><object><type>robndbox</type><name>wheat_head</name><pose>Unspecified</pose><truncated>0</truncated><difficult>0</difficult><robndbox><cx>462.0</cx><cy>734.5</cy><w>37.5616</w><h>17.3994</h><angle>0.668761</angle></robndbox></object><object><type>robndbox</type><name>wheat_head</name><pose>Unspecified</pose><truncated>0</truncated><difficult>0</difficult><robndbox><cx>816.5352</cx><cy>154.8831</cy><w>38.8401</w><h>30.1036</h><angle>1.2909</angle></robndbox></object><object><type>robndbox</type><name>wheat_head</name><pose>Unspecified</pose><truncated>0</truncated><difficult>0</difficult><robndbox><cx>609.0</cx><cy>476.5</cy><w>36.0727</w><h>31.0852</h><angle>0.025941</angle></robndbox></object><object><type>robndbox</type><name>wheat_head</name><pose>Unspecified</pose><truncated>0</truncated><difficult>0</difficult><robndbox><cx>259.9273</cx><cy>934.694</cy><w>53.1295</w><h>24.6907</h><angle>0.422519</angle></robndbox></object><object><type>robndbox</type><name>wheat_head</name><pose>Unspecified</pose><truncated>0</truncated><difficult>0</difficult><robndbox><cx>567.6833</cx><cy>711.4311</cy><w>99.584</w><h>42.3188</h><angle>2.541998</angle></robndbox></object><object><type>robndbox</type><name>wheat_head</name><pose>Unspecified</pose><truncated>0</truncated><difficult>0</difficult><robndbox><cx>594.7019</cx><cy>963.8824</cy><w>50.5161</w><h>28.3908</h><angle>2.860294</angle></robndbox></object></annotation>