<annotation verified="no"><folder>images</folder><filename>8a948e84b</filename><path>/home/badhon/Documents/thesis/final_dataset/ethz_1/images/8a948e84b.jpg</path><source><database>Unknown</database></source><size><width>1024</width><height>1024</height><depth>3</depth></size><segmented>0</segmented><object><type>robndbox</type><name>wheat_head</name><pose>Unspecified</pose><truncated>0</truncated><difficult>0</difficult><robndbox><cx>365.8682</cx><cy>266.0789</cy><w>98.8774</w><h>32.0078</h><angle>1.031707</angle></robndbox></object><object><type>robndbox</type><name>wheat_head</name><pose>Unspecified</pose><truncated>0</truncated><difficult>0</difficult><robndbox><cx>619.0541</cx><cy>520.2859</cy><w>100.3818</w><h>32.0296</h><angle>1.084133</angle></robndbox></object><object><type>robndbox</type><name>wheat_head</name><pose>Unspecified</pose><truncated>0</truncated><difficult>0</difficult><robndbox><cx>799.4429</cx><cy>520.3898</cy><w>98.9009</w><h>31.6365</h><angle>1.235831</angle></robndbox></object><object><type>robndbox</type><name>wheat_head</name><pose>Unspecified</pose><truncated>0</truncated><difficult>0</difficult><robndbox><cx>985.5396</cx><cy>530.6754</cy><w>66.179</w><h>32.2939</h><angle>0.876532</angle></robndbox></object><object><type>robndbox</type><name>wheat_head</name><pose>Unspecified</pose><truncated>0</truncated><difficult>0</difficult><robndbox><cx>1015.0</cx><cy>610.0</cy><w>20.5786</w><h>18.0133</h><angle>1.609205</angle></robndbox></object><object><type>robndbox</type><name>wheat_head</name><pose>Unspecified</pose><truncated>0</truncated><difficult>0</difficult><robndbox><cx>926.2502</cx><cy>553.113</cy><w>76.1121</w><h>33.5699</h><angle>1.181212</angle></robndbox></object><object><type>robndbox</type><name>wheat_head</name><pose>Unspecified</pose><truncated>0</truncated><difficult>0</difficult><robndbox><cx>280.3252</cx><cy>663.534</cy><w>90.3965</w><h>33.9942</h><angle>0.398729</angle></robndbox></object><object><type>robndbox</type><name>wheat_head</name><pose>Unspecified</pose><truncated>0</truncated><difficult>0</difficult><robndbox><cx>996.8516</cx><cy>209.74</cy><w>48.7698</w><h>30.8056</h><angle>0.667521</angle></robndbox></object><object><type>robndbox</type><name>wheat_head</name><pose>Unspecified</pose><truncated>0</truncated><difficult>0</difficult><robndbox><cx>479.1409</cx><cy>510.6237</cy><w>83.6661</w><h>33.9715</h><angle>0.82031</angle></robndbox></object><object><type>robndbox</type><name>wheat_head</name><pose>Unspecified</pose><truncated>0</truncated><difficult>0</difficult><robndbox><cx>831.8477</cx><cy>610.1205</cy><w>105.3351</w><h>28.3809</h><angle>0.461651</angle></robndbox></object><object><type>robndbox</type><name>wheat_head</name><pose>Unspecified</pose><truncated>0</truncated><difficult>0</difficult><robndbox><cx>343.1572</cx><cy>351.6329</cy><w>92.6716</w><h>35.9121</h><angle>0.348278</angle></robndbox></object><object><type>robndbox</type><name>wheat_head</name><pose>Unspecified</pose><truncated>0</truncated><difficult>0</difficult><robndbox><cx>219.0508</cx><cy>553.832</cy><w>105.1686</w><h>37.6782</h><angle>0.63273</angle></robndbox></object><object><type>robndbox</type><name>wheat_head</name><pose>Unspecified</pose><truncated>0</truncated><difficult>0</difficult><robndbox><cx>44.55</cx><cy>277.8201</cy><w>83.9559</w><h>32.1498</h><angle>0.466515</angle></robndbox></object><object><type>robndbox</type><name>wheat_head</name><pose>Unspecified</pose><truncated>0</truncated><difficult>0</difficult><robndbox><cx>806.9904</cx><cy>340.5366</cy><w>85.5702</w><h>29.5038</h><angle>0.97375</angle></robndbox></object><object><type>robndbox</type><name>wheat_head</name><pose>Unspecified</pose><truncated>0</truncated><difficult>0</difficult><robndbox><cx>995.4355</cx><cy>14.8795</cy><w>38.4071</w><h>32.4306</h><angle>1.199304</angle></robndbox></object><object><type>robndbox</type><name>wheat_head</name><pose>Unspecified</pose><truncated>0</truncated><difficult>0</difficult><robndbox><cx>117.8126</cx><cy>283.2345</cy><w>100.1964</w><h>30.7287</h><angle>0.656117</angle></robndbox></object><object><type>robndbox</type><name>wheat_head</name><pose>Unspecified</pose><truncated>0</truncated><difficult>0</difficult><robndbox><cx>531.6458</cx><cy>617.7568</cy><w>101.5723</w><h>32.413</h><angle>0.765178</angle></robndbox></object><object><type>robndbox</type><name>wheat_head</name><pose>Unspecified</pose><truncated>0</truncated><difficult>0</difficult><robndbox><cx>555.7761</cx><cy>951.9261</cy><w>120.5572</w><h>31.2225</h><angle>1.028284</angle></robndbox></object><object><type>robndbox</type><name>wheat_head</name><pose>Unspecified</pose><truncated>0</truncated><difficult>0</difficult><robndbox><cx>827.4722</cx><cy>289.9771</cy><w>83.1178</w><h>26.8017</h><angle>0.314951</angle></robndbox></object><object><type>robndbox</type><name>wheat_head</name><pose>Unspecified</pose><truncated>0</truncated><difficult>0</difficult><robndbox><cx>978.5572</cx><cy>380.538</cy><w>46.9397</w><h>30.5734</h><angle>0.355994</angle></robndbox></object><object><type>robndbox</type><name>wheat_head</name><pose>Unspecified</pose><truncated>0</truncated><difficult>0</difficult><robndbox><cx>842.6832</cx><cy>658.1089</cy><w>67.5692</w><h>26.8339</h><angle>0.998614</angle></robndbox></object><object><type>robndbox</type><name>wheat_head</name><pose>Unspecified</pose><truncated>0</truncated><difficult>0</difficult><robndbox><cx>311.6982</cx><cy>939.1337</cy><w>113.7047</w><h>48.1906</h><angle>0.488032</angle></robndbox></object><object><type>robndbox</type><name>wheat_head</name><pose>Unspecified</pose><truncated>0</truncated><difficult>0</difficult><robndbox><cx>241.1056</cx><cy>358.3503</cy><w>67.4062</w><h>22.6286</h><angle>0.599242</angle></robndbox></object><object><type>robndbox</type><name>wheat_head</name><pose>Unspecified</pose><truncated>0</truncated><difficult>0</difficult><robndbox><cx>235.245</cx><cy>414.3289</cy><w>97.6725</w><h>35.1164</h><angle>0.539722</angle></robndbox></object><object><type>robndbox</type><name>wheat_head</name><pose>Unspecified</pose><truncated>0</truncated><difficult>0</difficult><robndbox><cx>400.2811</cx><cy>876.5714</cy><w>83.015</w><h>34.6608</h><angle>0.322881</angle></robndbox></object><object><type>robndbox</type><name>wheat_head</name><pose>Unspecified</pose><truncated>0</truncated><difficult>0</difficult><robndbox><cx>690.2285</cx><cy>561.6776</cy><w>84.3066</w><h>36.7643</h><angle>0.548393</angle></robndbox></object><object><type>robndbox</type><name>wheat_head</name><pose>Unspecified</pose><truncated>0</truncated><difficult>0</difficult><robndbox><cx>289.7301</cx><cy>259.6739</cy><w>93.0438</w><h>33.2254</h><angle>0.299795</angle></robndbox></object><object><type>robndbox</type><name>wheat_head</name><pose>Unspecified</pose><truncated>0</truncated><difficult>0</difficult><robndbox><cx>101.5853</cx><cy>225.8263</cy><w>72.1732</w><h>30.9002</h><angle>0.880563</angle></robndbox></object><object><type>robndbox</type><name>wheat_head</name><pose>Unspecified</pose><truncated>0</truncated><difficult>0</difficult><robndbox><cx>478.3295</cx><cy>620.9998</cy><w>96.5679</w><h>30.7886</h><angle>0.65171</angle></robndbox></object><object><type>robndbox</type><name>wheat_head</name><pose>Unspecified</pose><truncated>0</truncated><difficult>0</difficult><robndbox><cx>833.4756</cx><cy>895.9299</cy><w>72.1303</w><h>27.9419</h><angle>0.370633</angle></robndbox></object><object><type>robndbox</type><name>wheat_head</name><pose>Unspecified</pose><truncated>0</truncated><difficult>0</difficult><robndbox><cx>1001.6476</cx><cy>604.4429</cy><w>48.5943</w><h>27.9987</h><angle>1.353814</angle></robndbox></object><object><type>robndbox</type><name>wheat_head</name><pose>Unspecified</pose><truncated>0</truncated><difficult>0</difficult><robndbox><cx>140.1494</cx><cy>154.2005</cy><w>106.7683</w><h>39.5572</h><angle>0.441316</angle></robndbox></object><object><type>robndbox</type><name>wheat_head</name><pose>Unspecified</pose><truncated>0</truncated><difficult>0</difficult><robndbox><cx>131.571</cx><cy>535.4771</cy><w>91.453</w><h>35.0354</h><angle>0.450156</angle></robndbox></object><object><type>robndbox</type><name>wheat_head</name><pose>Unspecified</pose><truncated>0</truncated><difficult>0</difficult><robndbox><cx>793.3083</cx><cy>214.9402</cy><w>82.7742</w><h>32.8264</h><angle>1.119228</angle></robndbox></object><object><type>robndbox</type><name>wheat_head</name><pose>Unspecified</pose><truncated>0</truncated><difficult>0</difficult><robndbox><cx>20.5997</cx><cy>480.3279</cy><w>46.8206</w><h>31.2187</h><angle>0.672942</angle></robndbox></object><object><type>robndbox</type><name>wheat_head</name><pose>Unspecified</pose><truncated>0</truncated><difficult>0</difficult><robndbox><cx>246.5691</cx><cy>19.4941</cy><w>104.0241</w><h>37.7431</h><angle>0.474183</angle></robndbox></object><object><type>robndbox</type><name>wheat_head</name><pose>Unspecified</pose><truncated>0</truncated><difficult>0</difficult><robndbox><cx>413.156</cx><cy>791.5645</cy><w>129.7337</w><h>44.36</h><angle>2.648997</angle></robndbox></object><object><type>robndbox</type><name>wheat_head</name><pose>Unspecified</pose><truncated>0</truncated><difficult>0</difficult><robndbox><cx>122.1034</cx><cy>485.9591</cy><w>59.2809</w><h>25.792</h><angle>0.554439</angle></robndbox></object><object><type>robndbox</type><name>wheat_head</name><pose>Unspecified</pose><truncated>0</truncated><difficult>0</difficult><robndbox><cx>157.0875</cx><cy>894.1031</cy><w>74.8065</w><h>37.8999</h><angle>0.45904</angle></robndbox></object><object><type>robndbox</type><name>wheat_head</name><pose>Unspecified</pose><truncated>0</truncated><difficult>0</difficult><robndbox><cx>26.5</cx><cy>903.5</cy><w>51.1564</w><h>44.5574</h><angle>1.279408</angle></robndbox></object><object><type>robndbox</type><name>wheat_head</name><pose>Unspecified</pose><truncated>0</truncated><difficult>0</difficult><robndbox><cx>205.8631</cx><cy>728.0736</cy><w>122.0909</w><h>35.1107</h><angle>0.175775</angle></robndbox></object><object><type>robndbox</type><name>wheat_head</name><pose>Unspecified</pose><truncated>0</truncated><difficult>0</difficult><robndbox><cx>258.0506</cx><cy>699.5466</cy><w>71.4098</w><h>22.3425</h><angle>0.424941</angle></robndbox></object><object><type>robndbox</type><name>wheat_head</name><pose>Unspecified</pose><truncated>0</truncated><difficult>0</difficult><robndbox><cx>264.0189</cx><cy>193.8243</cy><w>113.1469</w><h>37.0287</h><angle>0.615679</angle></robndbox></object><object><type>robndbox</type><name>wheat_head</name><pose>Unspecified</pose><truncated>0</truncated><difficult>0</difficult><robndbox><cx>579.2708</cx><cy>699.5513</cy><w>86.6806</w><h>36.8351</h><angle>0.563242</angle></robndbox></object><object><type>robndbox</type><name>wheat_head</name><pose>Unspecified</pose><truncated>0</truncated><difficult>0</difficult><robndbox><cx>669.7023</cx><cy>997.7291</cy><w>35.2604</w><h>34.9432</h><angle>1.310909</angle></robndbox></object><object><type>robndbox</type><name>wheat_head</name><pose>Unspecified</pose><truncated>0</truncated><difficult>0</difficult><robndbox><cx>621.0482</cx><cy>339.7894</cy><w>65.9601</w><h>29.993</h><angle>0.518187</angle></robndbox></object><object><type>robndbox</type><name>wheat_head</name><pose>Unspecified</pose><truncated>0</truncated><difficult>0</difficult><robndbox><cx>967.0278</cx><cy>995.4766</cy><w>44.5331</w><h>30.9377</h><angle>0.303467</angle></robndbox></object><object><type>robndbox</type><name>wheat_head</name><pose>Unspecified</pose><truncated>0</truncated><difficult>0</difficult><robndbox><cx>758.4195</cx><cy>313.9617</cy><w>85.4413</w><h>28.0679</h><angle>0.932242</angle></robndbox></object><object><type>robndbox</type><name>wheat_head</name><pose>Unspecified</pose><truncated>0</truncated><difficult>0</difficult><robndbox><cx>551.8502</cx><cy>129.2521</cy><w>54.8689</w><h>25.7422</h><angle>0.084936</angle></robndbox></object><object><type>robndbox</type><name>wheat_head</name><pose>Unspecified</pose><truncated>0</truncated><difficult>0</difficult><robndbox><cx>194.7107</cx><cy>963.0557</cy><w>78.1619</w><h>37.1729</h><angle>0.275616</angle></robndbox></object><object><type>robndbox</type><name>wheat_head</name><pose>Unspecified</pose><truncated>0</truncated><difficult>0</difficult><robndbox><cx>194.7625</cx><cy>230.4057</cy><w>91.7319</w><h>38.6681</h><angle>0.333787</angle></robndbox></object><object><type>robndbox</type><name>wheat_head</name><pose>Unspecified</pose><truncated>0</truncated><difficult>0</difficult><robndbox><cx>849.3579</cx><cy>260.2936</cy><w>59.7123</w><h>29.2002</h><angle>0.552585</angle></robndbox></object><object><type>robndbox</type><name>wheat_head</name><pose>Unspecified</pose><truncated>0</truncated><difficult>0</difficult><robndbox><cx>43.8755</cx><cy>182.4678</cy><w>70.6704</w><h>29.9331</h><angle>0.381574</angle></robndbox></object><object><type>robndbox</type><name>wheat_head</name><pose>Unspecified</pose><truncated>0</truncated><difficult>0</difficult><robndbox><cx>34.5094</cx><cy>1002.0967</cy><w>43.7198</w><h>22.2496</h><angle>3.120402</angle></robndbox></object><object><type>robndbox</type><name>wheat_head</name><pose>Unspecified</pose><truncated>0</truncated><difficult>0</difficult><robndbox><cx>16.1823</cx><cy>852.5098</cy><w>44.9849</w><h>29.7469</h><angle>0.493246</angle></robndbox></object><object><type>robndbox</type><name>wheat_head</name><pose>Unspecified</pose><truncated>0</truncated><difficult>0</difficult><robndbox><cx>519.0612</cx><cy>93.0724</cy><w>52.9115</w><h>24.6858</h><angle>0.495658</angle></robndbox></object><object><type>robndbox</type><name>wheat_head</name><pose>Unspecified</pose><truncated>0</truncated><difficult>0</difficult><robndbox><cx>977.9653</cx><cy>338.5465</cy><w>53.0701</w><h>28.0626</h><angle>0.289589</angle></robndbox></object><object><type>robndbox</type><name>wheat_head</name><pose>Unspecified</pose><truncated>0</truncated><difficult>0</difficult><robndbox><cx>610.4389</cx><cy>965.0776</cy><w>64.3857</w><h>35.8409</h><angle>0.608362</angle></robndbox></object><object><type>robndbox</type><name>wheat_head</name><pose>Unspecified</pose><truncated>0</truncated><difficult>0</difficult><robndbox><cx>995.4355</cx><cy>14.8795</cy><w>38.4071</w><h>32.4306</h><angle>1.199304</angle></robndbox></object><object><type>robndbox</type><name>wheat_head</name><pose>Unspecified</pose><truncated>0</truncated><difficult>0</difficult><robndbox><cx>328.0857</cx><cy>972.3651</cy><w>97.0872</w><h>27.8144</h><angle>0.325383</angle></robndbox></object><object><type>robndbox</type><name>wheat_head</name><pose>Unspecified</pose><truncated>0</truncated><difficult>0</difficult><robndbox><cx>440.4355</cx><cy>686.1892</cy><w>131.2472</w><h>41.7347</h><angle>0.54431</angle></robndbox></object><object><type>robndbox</type><name>wheat_head</name><pose>Unspecified</pose><truncated>0</truncated><difficult>0</difficult><robndbox><cx>793.7746</cx><cy>559.4863</cy><w>33.7177</w><h>27.6749</h><angle>1.482609</angle></robndbox></object><object><type>robndbox</type><name>wheat_head</name><pose>Unspecified</pose><truncated>0</truncated><difficult>0</difficult><robndbox><cx>68.6378</cx><cy>361.8196</cy><w>115.3937</w><h>36.9464</h><angle>0.000478</angle></robndbox></object><object><type>robndbox</type><name>wheat_head</name><pose>Unspecified</pose><truncated>0</truncated><difficult>0</difficult><robndbox><cx>65.6343</cx><cy>656.6941</cy><w>126.9942</w><h>41.8019</h><angle>0.081137</angle></robndbox></object><object><type>robndbox</type><name>wheat_head</name><pose>Unspecified</pose><truncated>0</truncated><difficult>0</difficult><robndbox><cx>854.6069</cx><cy>866.4237</cy><w>54.716</w><h>30.0864</h><angle>0.498057</angle></robndbox></object><object><type>robndbox</type><name>wheat_head</name><pose>Unspecified</pose><truncated>0</truncated><difficult>0</difficult><robndbox><cx>65.6343</cx><cy>656.6941</cy><w>126.9942</w><h>41.8019</h><angle>0.081137</angle></robndbox></object><object><type>robndbox</type><name>wheat_head</name><pose>Unspecified</pose><truncated>0</truncated><difficult>0</difficult><robndbox><cx>760.0002</cx><cy>995.6601</cy><w>90.3287</w><h>31.6568</h><angle>0.24083</angle></robndbox></object><object><type>robndbox</type><name>wheat_head</name><pose>Unspecified</pose><truncated>0</truncated><difficult>0</difficult><robndbox><cx>370.2201</cx><cy>61.1628</cy><w>84.711</w><h>32.5211</h><angle>3.122985</angle></robndbox></object><object><type>robndbox</type><name>wheat_head</name><pose>Unspecified</pose><truncated>0</truncated><difficult>0</difficult><robndbox><cx>19.206</cx><cy>606.3624</cy><w>41.1617</w><h>26.4852</h><angle>0.330375</angle></robndbox></object><object><type>robndbox</type><name>wheat_head</name><pose>Unspecified</pose><truncated>0</truncated><difficult>0</difficult><robndbox><cx>364.7709</cx><cy>678.3491</cy><w>47.575</w><h>28.948</h><angle>0.331031</angle></robndbox></object><object><type>robndbox</type><name>wheat_head</name><pose>Unspecified</pose><truncated>0</truncated><difficult>0</difficult><robndbox><cx>70.3075</cx><cy>910.0581</cy><w>109.3146</w><h>39.166</h><angle>0.364474</angle></robndbox></object><object><type>robndbox</type><name>wheat_head</name><pose>Unspecified</pose><truncated>0</truncated><difficult>0</difficult><robndbox><cx>16.1364</cx><cy>237.5606</cy><w>41.0122</w><h>18.6011</h><angle>0.785398</angle></robndbox></object></annotation>