<annotation verified="no"><folder>images</folder><filename>8af29abc4</filename><path>/home/badhon/Documents/thesis/final_dataset/ethz_1/images/8af29abc4.jpg</path><source><database>Unknown</database></source><size><width>1024</width><height>1024</height><depth>3</depth></size><segmented>0</segmented><object><type>robndbox</type><name>wheat_head</name><pose>Unspecified</pose><truncated>0</truncated><difficult>0</difficult><robndbox><cx>580.065</cx><cy>228.6921</cy><w>68.2261</w><h>32.0935</h><angle>1.180828</angle></robndbox></object><object><type>robndbox</type><name>wheat_head</name><pose>Unspecified</pose><truncated>0</truncated><difficult>0</difficult><robndbox><cx>55.5856</cx><cy>88.4125</cy><w>98.564</w><h>37.3513</h><angle>1.126855</angle></robndbox></object><object><type>robndbox</type><name>wheat_head</name><pose>Unspecified</pose><truncated>0</truncated><difficult>0</difficult><robndbox><cx>169.2732</cx><cy>960.4059</cy><w>105.912</w><h>40.5476</h><angle>1.945298</angle></robndbox></object><object><type>robndbox</type><name>wheat_head</name><pose>Unspecified</pose><truncated>0</truncated><difficult>0</difficult><robndbox><cx>137.4894</cx><cy>34.2002</cy><w>90.3229</w><h>31.9673</h><angle>1.023576</angle></robndbox></object><object><type>robndbox</type><name>wheat_head</name><pose>Unspecified</pose><truncated>0</truncated><difficult>0</difficult><robndbox><cx>282.014</cx><cy>119.4996</cy><w>84.1547</w><h>36.5845</h><angle>1.078783</angle></robndbox></object><object><type>robndbox</type><name>wheat_head</name><pose>Unspecified</pose><truncated>0</truncated><difficult>0</difficult><robndbox><cx>506.6237</cx><cy>694.4692</cy><w>109.9316</w><h>31.8067</h><angle>1.890899</angle></robndbox></object><object><type>robndbox</type><name>wheat_head</name><pose>Unspecified</pose><truncated>0</truncated><difficult>0</difficult><robndbox><cx>517.4619</cx><cy>146.8508</cy><w>77.1326</w><h>30.7276</h><angle>1.090849</angle></robndbox></object><object><type>robndbox</type><name>wheat_head</name><pose>Unspecified</pose><truncated>0</truncated><difficult>0</difficult><robndbox><cx>283.3944</cx><cy>452.2754</cy><w>77.131</w><h>34.4448</h><angle>1.759453</angle></robndbox></object><object><type>robndbox</type><name>wheat_head</name><pose>Unspecified</pose><truncated>0</truncated><difficult>0</difficult><robndbox><cx>199.6854</cx><cy>676.0046</cy><w>71.9564</w><h>35.2957</h><angle>2.077061</angle></robndbox></object><object><type>robndbox</type><name>wheat_head</name><pose>Unspecified</pose><truncated>0</truncated><difficult>0</difficult><robndbox><cx>475.6476</cx><cy>257.9654</cy><w>98.1024</w><h>32.9526</h><angle>1.947151</angle></robndbox></object><object><type>robndbox</type><name>wheat_head</name><pose>Unspecified</pose><truncated>0</truncated><difficult>0</difficult><robndbox><cx>585.9858</cx><cy>446.7704</cy><w>61.1232</w><h>31.7768</h><angle>1.177587</angle></robndbox></object><object><type>robndbox</type><name>wheat_head</name><pose>Unspecified</pose><truncated>0</truncated><difficult>0</difficult><robndbox><cx>344.6263</cx><cy>116.4262</cy><w>66.7652</w><h>33.4745</h><angle>1.176877</angle></robndbox></object><object><type>robndbox</type><name>wheat_head</name><pose>Unspecified</pose><truncated>0</truncated><difficult>0</difficult><robndbox><cx>769.0226</cx><cy>143.4749</cy><w>57.2337</w><h>34.0273</h><angle>1.3188</angle></robndbox></object><object><type>robndbox</type><name>wheat_head</name><pose>Unspecified</pose><truncated>0</truncated><difficult>0</difficult><robndbox><cx>143.1223</cx><cy>592.4256</cy><w>119.0449</w><h>44.4331</h><angle>0.588147</angle></robndbox></object><object><type>robndbox</type><name>wheat_head</name><pose>Unspecified</pose><truncated>0</truncated><difficult>0</difficult><robndbox><cx>11.9774</cx><cy>257.3125</cy><w>80.9936</w><h>20.5726</h><angle>1.450234</angle></robndbox></object><object><type>robndbox</type><name>wheat_head</name><pose>Unspecified</pose><truncated>0</truncated><difficult>0</difficult><robndbox><cx>774.6418</cx><cy>474.9088</cy><w>69.811</w><h>29.7469</h><angle>1.41831</angle></robndbox></object><object><type>robndbox</type><name>wheat_head</name><pose>Unspecified</pose><truncated>0</truncated><difficult>0</difficult><robndbox><cx>299.1454</cx><cy>279.3744</cy><w>60.0101</w><h>27.7478</h><angle>1.138083</angle></robndbox></object><object><type>robndbox</type><name>wheat_head</name><pose>Unspecified</pose><truncated>0</truncated><difficult>0</difficult><robndbox><cx>814.9069</cx><cy>308.8993</cy><w>113.2623</w><h>33.3688</h><angle>1.718155</angle></robndbox></object><object><type>robndbox</type><name>wheat_head</name><pose>Unspecified</pose><truncated>0</truncated><difficult>0</difficult><robndbox><cx>103.9055</cx><cy>731.7544</cy><w>83.0513</w><h>39.5964</h><angle>0.490921</angle></robndbox></object><object><type>robndbox</type><name>wheat_head</name><pose>Unspecified</pose><truncated>0</truncated><difficult>0</difficult><robndbox><cx>326.2583</cx><cy>793.1677</cy><w>73.8807</w><h>30.949</h><angle>1.391349</angle></robndbox></object><object><type>robndbox</type><name>wheat_head</name><pose>Unspecified</pose><truncated>0</truncated><difficult>0</difficult><robndbox><cx>461.7016</cx><cy>40.8684</cy><w>77.2477</w><h>29.3078</h><angle>1.698658</angle></robndbox></object><object><type>robndbox</type><name>wheat_head</name><pose>Unspecified</pose><truncated>0</truncated><difficult>0</difficult><robndbox><cx>190.6156</cx><cy>55.385</cy><w>99.5741</w><h>31.9966</h><angle>1.727724</angle></robndbox></object><object><type>robndbox</type><name>wheat_head</name><pose>Unspecified</pose><truncated>0</truncated><difficult>0</difficult><robndbox><cx>628.6781</cx><cy>35.2184</cy><w>60.2335</w><h>26.5583</h><angle>1.472194</angle></robndbox></object><object><type>robndbox</type><name>wheat_head</name><pose>Unspecified</pose><truncated>0</truncated><difficult>0</difficult><robndbox><cx>407.3637</cx><cy>77.828</cy><w>64.7335</w><h>30.2066</h><angle>1.343041</angle></robndbox></object><object><type>robndbox</type><name>wheat_head</name><pose>Unspecified</pose><truncated>0</truncated><difficult>0</difficult><robndbox><cx>70.0801</cx><cy>621.8518</cy><w>152.8692</w><h>35.7636</h><angle>1.38858</angle></robndbox></object><object><type>robndbox</type><name>wheat_head</name><pose>Unspecified</pose><truncated>0</truncated><difficult>0</difficult><robndbox><cx>903.2115</cx><cy>929.6152</cy><w>112.3114</w><h>38.1885</h><angle>1.285973</angle></robndbox></object><object><type>robndbox</type><name>wheat_head</name><pose>Unspecified</pose><truncated>0</truncated><difficult>0</difficult><robndbox><cx>39.0784</cx><cy>736.9176</cy><w>105.5111</w><h>32.7172</h><angle>1.061963</angle></robndbox></object><object><type>robndbox</type><name>wheat_head</name><pose>Unspecified</pose><truncated>0</truncated><difficult>0</difficult><robndbox><cx>909.8237</cx><cy>452.2306</cy><w>46.1393</w><h>31.2809</h><angle>1.469321</angle></robndbox></object><object><type>robndbox</type><name>wheat_head</name><pose>Unspecified</pose><truncated>0</truncated><difficult>0</difficult><robndbox><cx>761.598</cx><cy>826.0398</cy><w>61.4083</w><h>34.7562</h><angle>1.169763</angle></robndbox></object><object><type>robndbox</type><name>wheat_head</name><pose>Unspecified</pose><truncated>0</truncated><difficult>0</difficult><robndbox><cx>623.675</cx><cy>109.7406</cy><w>56.7239</w><h>26.0823</h><angle>1.447872</angle></robndbox></object><object><type>robndbox</type><name>wheat_head</name><pose>Unspecified</pose><truncated>0</truncated><difficult>0</difficult><robndbox><cx>689.7836</cx><cy>408.8008</cy><w>58.2682</w><h>32.8416</h><angle>1.152474</angle></robndbox></object><object><type>robndbox</type><name>wheat_head</name><pose>Unspecified</pose><truncated>0</truncated><difficult>0</difficult><robndbox><cx>527.0991</cx><cy>809.6194</cy><w>61.7029</w><h>29.242</h><angle>1.16495</angle></robndbox></object><object><type>robndbox</type><name>wheat_head</name><pose>Unspecified</pose><truncated>0</truncated><difficult>0</difficult><robndbox><cx>552.582</cx><cy>682.4265</cy><w>90.1256</w><h>27.0236</h><angle>1.224826</angle></robndbox></object><object><type>robndbox</type><name>wheat_head</name><pose>Unspecified</pose><truncated>0</truncated><difficult>0</difficult><robndbox><cx>390.3543</cx><cy>757.0078</cy><w>66.308</w><h>33.728</h><angle>1.338774</angle></robndbox></object><object><type>robndbox</type><name>wheat_head</name><pose>Unspecified</pose><truncated>0</truncated><difficult>0</difficult><robndbox><cx>674.3006</cx><cy>712.9225</cy><w>62.0944</w><h>32.7274</h><angle>1.768774</angle></robndbox></object><object><type>robndbox</type><name>wheat_head</name><pose>Unspecified</pose><truncated>0</truncated><difficult>0</difficult><robndbox><cx>494.8349</cx><cy>187.9807</cy><w>62.5845</w><h>26.6054</h><angle>0.938255</angle></robndbox></object><object><type>robndbox</type><name>wheat_head</name><pose>Unspecified</pose><truncated>0</truncated><difficult>0</difficult><robndbox><cx>930.2308</cx><cy>110.3412</cy><w>61.6831</w><h>29.3055</h><angle>1.530974</angle></robndbox></object><object><type>robndbox</type><name>wheat_head</name><pose>Unspecified</pose><truncated>0</truncated><difficult>0</difficult><robndbox><cx>580.9734</cx><cy>655.5057</cy><w>67.1776</w><h>27.2788</h><angle>1.378379</angle></robndbox></object><object><type>robndbox</type><name>wheat_head</name><pose>Unspecified</pose><truncated>0</truncated><difficult>0</difficult><robndbox><cx>435.765</cx><cy>924.4155</cy><w>174.7244</w><h>44.6753</h><angle>0.639099</angle></robndbox></object><object><type>robndbox</type><name>wheat_head</name><pose>Unspecified</pose><truncated>0</truncated><difficult>0</difficult><robndbox><cx>1004.2476</cx><cy>100.471</cy><w>98.57</w><h>28.0554</h><angle>1.668163</angle></robndbox></object><object><type>robndbox</type><name>wheat_head</name><pose>Unspecified</pose><truncated>0</truncated><difficult>0</difficult><robndbox><cx>559.8118</cx><cy>776.4822</cy><w>126.1677</w><h>35.4214</h><angle>1.230968</angle></robndbox></object><object><type>robndbox</type><name>wheat_head</name><pose>Unspecified</pose><truncated>0</truncated><difficult>0</difficult><robndbox><cx>278.4254</cx><cy>856.6849</cy><w>64.6289</w><h>32.0186</h><angle>1.501338</angle></robndbox></object><object><type>robndbox</type><name>wheat_head</name><pose>Unspecified</pose><truncated>0</truncated><difficult>0</difficult><robndbox><cx>177.4797</cx><cy>844.174</cy><w>59.2103</w><h>34.0874</h><angle>0.985499</angle></robndbox></object><object><type>robndbox</type><name>wheat_head</name><pose>Unspecified</pose><truncated>0</truncated><difficult>0</difficult><robndbox><cx>897.2695</cx><cy>361.4983</cy><w>86.4018</w><h>39.7829</h><angle>1.642176</angle></robndbox></object><object><type>robndbox</type><name>wheat_head</name><pose>Unspecified</pose><truncated>0</truncated><difficult>0</difficult><robndbox><cx>188.3185</cx><cy>383.183</cy><w>88.7782</w><h>33.0168</h><angle>1.693108</angle></robndbox></object><object><type>robndbox</type><name>wheat_head</name><pose>Unspecified</pose><truncated>0</truncated><difficult>0</difficult><robndbox><cx>435.1704</cx><cy>502.1151</cy><w>63.3019</w><h>33.96</h><angle>0.880854</angle></robndbox></object><object><type>robndbox</type><name>wheat_head</name><pose>Unspecified</pose><truncated>0</truncated><difficult>0</difficult><robndbox><cx>644.5263</cx><cy>472.1118</cy><w>37.063</w><h>23.4154</h><angle>1.386858</angle></robndbox></object><object><type>robndbox</type><name>wheat_head</name><pose>Unspecified</pose><truncated>0</truncated><difficult>0</difficult><robndbox><cx>739.6218</cx><cy>553.0063</cy><w>137.4176</w><h>37.6816</h><angle>1.530342</angle></robndbox></object><object><type>robndbox</type><name>wheat_head</name><pose>Unspecified</pose><truncated>0</truncated><difficult>0</difficult><robndbox><cx>988.3104</cx><cy>781.4499</cy><w>42.5393</w><h>35.9409</h><angle>1.468181</angle></robndbox></object><object><type>robndbox</type><name>wheat_head</name><pose>Unspecified</pose><truncated>0</truncated><difficult>0</difficult><robndbox><cx>897.4005</cx><cy>781.3948</cy><w>66.3377</w><h>37.3891</h><angle>0.400514</angle></robndbox></object><object><type>robndbox</type><name>wheat_head</name><pose>Unspecified</pose><truncated>0</truncated><difficult>0</difficult><robndbox><cx>296.4533</cx><cy>774.0936</cy><w>43.6252</w><h>18.7521</h><angle>1.339503</angle></robndbox></object><object><type>robndbox</type><name>wheat_head</name><pose>Unspecified</pose><truncated>0</truncated><difficult>0</difficult><robndbox><cx>512.0097</cx><cy>301.0447</cy><w>31.1102</w><h>24.2584</h><angle>1.454913</angle></robndbox></object><object><type>robndbox</type><name>wheat_head</name><pose>Unspecified</pose><truncated>0</truncated><difficult>0</difficult><robndbox><cx>340.2111</cx><cy>673.3922</cy><w>59.7012</w><h>33.9077</h><angle>1.621301</angle></robndbox></object><object><type>robndbox</type><name>wheat_head</name><pose>Unspecified</pose><truncated>0</truncated><difficult>0</difficult><robndbox><cx>40.699</cx><cy>873.9485</cy><w>95.2435</w><h>33.8289</h><angle>1.449581</angle></robndbox></object><object><type>robndbox</type><name>wheat_head</name><pose>Unspecified</pose><truncated>0</truncated><difficult>0</difficult><robndbox><cx>784.7621</cx><cy>989.2718</cy><w>48.9557</w><h>35.5952</h><angle>0.397153</angle></robndbox></object><object><type>robndbox</type><name>wheat_head</name><pose>Unspecified</pose><truncated>0</truncated><difficult>0</difficult><robndbox><cx>620.3857</cx><cy>511.4957</cy><w>42.5279</w><h>27.2178</h><angle>1.727295</angle></robndbox></object><object><type>robndbox</type><name>wheat_head</name><pose>Unspecified</pose><truncated>0</truncated><difficult>0</difficult><robndbox><cx>21.6431</cx><cy>1002.3219</cy><w>27.7639</w><h>24.8539</h><angle>1.669391</angle></robndbox></object><object><type>robndbox</type><name>wheat_head</name><pose>Unspecified</pose><truncated>0</truncated><difficult>0</difficult><robndbox><cx>596.7335</cx><cy>168.0508</cy><w>32.4555</w><h>20.2144</h><angle>1.588599</angle></robndbox></object><object><type>robndbox</type><name>wheat_head</name><pose>Unspecified</pose><truncated>0</truncated><difficult>0</difficult><robndbox><cx>153.3362</cx><cy>424.4372</cy><w>121.4503</w><h>39.4198</h><angle>1.173835</angle></robndbox></object><object><type>robndbox</type><name>wheat_head</name><pose>Unspecified</pose><truncated>0</truncated><difficult>0</difficult><robndbox><cx>301.6225</cx><cy>203.2049</cy><w>38.1567</w><h>29.0032</h><angle>1.114725</angle></robndbox></object><object><type>robndbox</type><name>wheat_head</name><pose>Unspecified</pose><truncated>0</truncated><difficult>0</difficult><robndbox><cx>970.1398</cx><cy>23.526</cy><w>60.6591</w><h>30.1408</h><angle>1.06464</angle></robndbox></object><object><type>robndbox</type><name>wheat_head</name><pose>Unspecified</pose><truncated>0</truncated><difficult>0</difficult><robndbox><cx>970.6207</cx><cy>89.8149</cy><w>40.1817</w><h>18.4703</h><angle>1.19164</angle></robndbox></object><object><type>robndbox</type><name>wheat_head</name><pose>Unspecified</pose><truncated>0</truncated><difficult>0</difficult><robndbox><cx>974.8918</cx><cy>466.0894</cy><w>69.2291</w><h>36.1139</h><angle>2.989242</angle></robndbox></object><object><type>robndbox</type><name>wheat_head</name><pose>Unspecified</pose><truncated>0</truncated><difficult>0</difficult><robndbox><cx>698.8362</cx><cy>1010.7528</cy><w>24.9621</w><h>16.5625</h><angle>2.982662</angle></robndbox></object><object><type>robndbox</type><name>wheat_head</name><pose>Unspecified</pose><truncated>0</truncated><difficult>0</difficult><robndbox><cx>958.4285</cx><cy>748.8495</cy><w>34.447</w><h>26.4894</h><angle>1.518749</angle></robndbox></object><object><type>robndbox</type><name>wheat_head</name><pose>Unspecified</pose><truncated>0</truncated><difficult>0</difficult><robndbox><cx>1013.0</cx><cy>20.0</cy><w>22.3941</w><h>18.1559</h><angle>2.953699</angle></robndbox></object><object><type>robndbox</type><name>wheat_head</name><pose>Unspecified</pose><truncated>0</truncated><difficult>0</difficult><robndbox><cx>227.6591</cx><cy>535.0096</cy><w>61.4003</w><h>18.4677</h><angle>1.04155</angle></robndbox></object></annotation>