<annotation verified="no"><folder>images</folder><filename>8b91f99a6</filename><path>/home/badhon/Documents/thesis/final_dataset/ethz_1/images/8b91f99a6.jpg</path><source><database>Unknown</database></source><size><width>1024</width><height>1024</height><depth>3</depth></size><segmented>0</segmented><object><type>robndbox</type><name>wheat_head</name><pose>Unspecified</pose><truncated>0</truncated><difficult>0</difficult><robndbox><cx>747.3707</cx><cy>221.9448</cy><w>90.1055</w><h>31.3829</h><angle>1.167926</angle></robndbox></object><object><type>robndbox</type><name>wheat_head</name><pose>Unspecified</pose><truncated>0</truncated><difficult>0</difficult><robndbox><cx>432.8106</cx><cy>720.6472</cy><w>141.5026</w><h>36.4125</h><angle>1.076193</angle></robndbox></object><object><type>robndbox</type><name>wheat_head</name><pose>Unspecified</pose><truncated>0</truncated><difficult>0</difficult><robndbox><cx>652.2903</cx><cy>341.5074</cy><w>107.6537</w><h>33.2533</h><angle>1.118319</angle></robndbox></object><object><type>robndbox</type><name>wheat_head</name><pose>Unspecified</pose><truncated>0</truncated><difficult>0</difficult><robndbox><cx>313.0369</cx><cy>402.7989</cy><w>95.0113</w><h>33.8686</h><angle>0.553006</angle></robndbox></object><object><type>robndbox</type><name>wheat_head</name><pose>Unspecified</pose><truncated>0</truncated><difficult>0</difficult><robndbox><cx>519.2726</cx><cy>712.2342</cy><w>126.2362</w><h>35.5947</h><angle>0.543278</angle></robndbox></object><object><type>robndbox</type><name>wheat_head</name><pose>Unspecified</pose><truncated>0</truncated><difficult>0</difficult><robndbox><cx>313.6079</cx><cy>328.424</cy><w>144.6075</w><h>31.6039</h><angle>1.056963</angle></robndbox></object><object><type>robndbox</type><name>wheat_head</name><pose>Unspecified</pose><truncated>0</truncated><difficult>0</difficult><robndbox><cx>567.9241</cx><cy>658.0473</cy><w>64.7276</w><h>33.3817</h><angle>2.517728</angle></robndbox></object><object><type>robndbox</type><name>wheat_head</name><pose>Unspecified</pose><truncated>0</truncated><difficult>0</difficult><robndbox><cx>183.4419</cx><cy>98.0721</cy><w>111.9112</w><h>33.6362</h><angle>1.054982</angle></robndbox></object><object><type>robndbox</type><name>wheat_head</name><pose>Unspecified</pose><truncated>0</truncated><difficult>0</difficult><robndbox><cx>652.2924</cx><cy>93.1413</cy><w>146.3141</w><h>35.9917</h><angle>0.395744</angle></robndbox></object><object><type>robndbox</type><name>wheat_head</name><pose>Unspecified</pose><truncated>0</truncated><difficult>0</difficult><robndbox><cx>518.6599</cx><cy>61.2927</cy><w>74.6155</w><h>37.1933</h><angle>0.662742</angle></robndbox></object><object><type>robndbox</type><name>wheat_head</name><pose>Unspecified</pose><truncated>0</truncated><difficult>0</difficult><robndbox><cx>51.3795</cx><cy>407.9774</cy><w>76.4666</w><h>33.621</h><angle>1.017239</angle></robndbox></object><object><type>robndbox</type><name>wheat_head</name><pose>Unspecified</pose><truncated>0</truncated><difficult>0</difficult><robndbox><cx>679.6505</cx><cy>291.0199</cy><w>136.977</w><h>33.0108</h><angle>1.200406</angle></robndbox></object><object><type>robndbox</type><name>wheat_head</name><pose>Unspecified</pose><truncated>0</truncated><difficult>0</difficult><robndbox><cx>412.4834</cx><cy>19.5617</cy><w>59.5315</w><h>25.3948</h><angle>3.050762</angle></robndbox></object><object><type>robndbox</type><name>wheat_head</name><pose>Unspecified</pose><truncated>0</truncated><difficult>0</difficult><robndbox><cx>874.7718</cx><cy>837.3798</cy><w>69.6096</w><h>26.9948</h><angle>0.898495</angle></robndbox></object><object><type>robndbox</type><name>wheat_head</name><pose>Unspecified</pose><truncated>0</truncated><difficult>0</difficult><robndbox><cx>664.4145</cx><cy>706.2758</cy><w>152.4712</w><h>34.6228</h><angle>1.184339</angle></robndbox></object><object><type>robndbox</type><name>wheat_head</name><pose>Unspecified</pose><truncated>0</truncated><difficult>0</difficult><robndbox><cx>140.1384</cx><cy>304.1143</cy><w>113.832</w><h>31.6873</h><angle>0.707169</angle></robndbox></object><object><type>robndbox</type><name>wheat_head</name><pose>Unspecified</pose><truncated>0</truncated><difficult>0</difficult><robndbox><cx>28.6372</cx><cy>329.5047</cy><w>97.0965</w><h>31.5687</h><angle>1.03267</angle></robndbox></object><object><type>robndbox</type><name>wheat_head</name><pose>Unspecified</pose><truncated>0</truncated><difficult>0</difficult><robndbox><cx>35.2863</cx><cy>129.5685</cy><w>67.3897</w><h>34.9347</h><angle>0.001827</angle></robndbox></object><object><type>robndbox</type><name>wheat_head</name><pose>Unspecified</pose><truncated>0</truncated><difficult>0</difficult><robndbox><cx>851.1122</cx><cy>564.1996</cy><w>80.9479</w><h>26.6264</h><angle>0.589801</angle></robndbox></object><object><type>robndbox</type><name>wheat_head</name><pose>Unspecified</pose><truncated>0</truncated><difficult>0</difficult><robndbox><cx>74.6295</cx><cy>290.6388</cy><w>153.2196</w><h>37.9891</h><angle>0.969408</angle></robndbox></object><object><type>robndbox</type><name>wheat_head</name><pose>Unspecified</pose><truncated>0</truncated><difficult>0</difficult><robndbox><cx>815.9893</cx><cy>420.3303</cy><w>107.9782</w><h>35.6024</h><angle>0.871465</angle></robndbox></object><object><type>robndbox</type><name>wheat_head</name><pose>Unspecified</pose><truncated>0</truncated><difficult>0</difficult><robndbox><cx>996.9045</cx><cy>823.4601</cy><w>47.3845</w><h>28.7426</h><angle>1.252968</angle></robndbox></object><object><type>robndbox</type><name>wheat_head</name><pose>Unspecified</pose><truncated>0</truncated><difficult>0</difficult><robndbox><cx>845.9882</cx><cy>510.263</cy><w>67.4887</w><h>29.8633</h><angle>1.02392</angle></robndbox></object><object><type>robndbox</type><name>wheat_head</name><pose>Unspecified</pose><truncated>0</truncated><difficult>0</difficult><robndbox><cx>993.9142</cx><cy>873.7044</cy><w>99.7544</w><h>22.7778</h><angle>1.180277</angle></robndbox></object><object><type>robndbox</type><name>wheat_head</name><pose>Unspecified</pose><truncated>0</truncated><difficult>0</difficult><robndbox><cx>926.066</cx><cy>765.3591</cy><w>76.5652</w><h>32.5777</h><angle>2.606151</angle></robndbox></object><object><type>robndbox</type><name>wheat_head</name><pose>Unspecified</pose><truncated>0</truncated><difficult>0</difficult><robndbox><cx>615.3839</cx><cy>17.9959</cy><w>82.0624</w><h>31.7261</h><angle>0.534474</angle></robndbox></object><object><type>robndbox</type><name>wheat_head</name><pose>Unspecified</pose><truncated>0</truncated><difficult>0</difficult><robndbox><cx>948.5359</cx><cy>51.0736</cy><w>112.6418</w><h>30.2733</h><angle>1.136555</angle></robndbox></object><object><type>robndbox</type><name>wheat_head</name><pose>Unspecified</pose><truncated>0</truncated><difficult>0</difficult><robndbox><cx>987.7686</cx><cy>757.2198</cy><w>50.0051</w><h>29.2535</h><angle>0.197146</angle></robndbox></object><object><type>robndbox</type><name>wheat_head</name><pose>Unspecified</pose><truncated>0</truncated><difficult>0</difficult><robndbox><cx>222.2976</cx><cy>380.1076</cy><w>78.6024</w><h>32.4404</h><angle>1.228416</angle></robndbox></object><object><type>robndbox</type><name>wheat_head</name><pose>Unspecified</pose><truncated>0</truncated><difficult>0</difficult><robndbox><cx>388.5043</cx><cy>554.3224</cy><w>65.1007</w><h>32.2384</h><angle>0.892856</angle></robndbox></object><object><type>robndbox</type><name>wheat_head</name><pose>Unspecified</pose><truncated>0</truncated><difficult>0</difficult><robndbox><cx>232.6597</cx><cy>30.917</cy><w>88.7221</w><h>38.3224</h><angle>0.663904</angle></robndbox></object><object><type>robndbox</type><name>wheat_head</name><pose>Unspecified</pose><truncated>0</truncated><difficult>0</difficult><robndbox><cx>354.7256</cx><cy>872.2687</cy><w>95.5372</w><h>32.9889</h><angle>0.698107</angle></robndbox></object><object><type>robndbox</type><name>wheat_head</name><pose>Unspecified</pose><truncated>0</truncated><difficult>0</difficult><robndbox><cx>958.2609</cx><cy>29.1712</cy><w>51.4438</w><h>22.5917</h><angle>1.036555</angle></robndbox></object><object><type>robndbox</type><name>wheat_head</name><pose>Unspecified</pose><truncated>0</truncated><difficult>0</difficult><robndbox><cx>588.8235</cx><cy>893.5604</cy><w>94.2267</w><h>34.3738</h><angle>2.877063</angle></robndbox></object><object><type>robndbox</type><name>wheat_head</name><pose>Unspecified</pose><truncated>0</truncated><difficult>0</difficult><robndbox><cx>335.6523</cx><cy>805.0068</cy><w>76.6369</w><h>33.0968</h><angle>0.844577</angle></robndbox></object><object><type>robndbox</type><name>wheat_head</name><pose>Unspecified</pose><truncated>0</truncated><difficult>0</difficult><robndbox><cx>232.6597</cx><cy>30.917</cy><w>88.7221</w><h>38.3224</h><angle>0.663904</angle></robndbox></object><object><type>robndbox</type><name>wheat_head</name><pose>Unspecified</pose><truncated>0</truncated><difficult>0</difficult><robndbox><cx>148.5146</cx><cy>743.2073</cy><w>132.015</w><h>37.4144</h><angle>0.157143</angle></robndbox></object><object><type>robndbox</type><name>wheat_head</name><pose>Unspecified</pose><truncated>0</truncated><difficult>0</difficult><robndbox><cx>878.9657</cx><cy>1000.3226</cy><w>37.4948</w><h>27.4366</h><angle>0.396589</angle></robndbox></object><object><type>robndbox</type><name>wheat_head</name><pose>Unspecified</pose><truncated>0</truncated><difficult>0</difficult><robndbox><cx>989.1696</cx><cy>23.1514</cy><w>59.1763</w><h>32.563</h><angle>1.117759</angle></robndbox></object><object><type>robndbox</type><name>wheat_head</name><pose>Unspecified</pose><truncated>0</truncated><difficult>0</difficult><robndbox><cx>866.1061</cx><cy>741.6636</cy><w>52.0408</w><h>34.9292</h><angle>0.398925</angle></robndbox></object><object><type>robndbox</type><name>wheat_head</name><pose>Unspecified</pose><truncated>0</truncated><difficult>0</difficult><robndbox><cx>889.959</cx><cy>412.9787</cy><w>42.5122</w><h>31.2901</h><angle>0.494607</angle></robndbox></object><object><type>robndbox</type><name>wheat_head</name><pose>Unspecified</pose><truncated>0</truncated><difficult>0</difficult><robndbox><cx>515.8909</cx><cy>844.0999</cy><w>153.0053</w><h>33.6239</h><angle>2.906573</angle></robndbox></object><object><type>robndbox</type><name>wheat_head</name><pose>Unspecified</pose><truncated>0</truncated><difficult>0</difficult><robndbox><cx>689.1047</cx><cy>11.2183</cy><w>32.5519</w><h>29.8958</h><angle>1.227109</angle></robndbox></object><object><type>robndbox</type><name>wheat_head</name><pose>Unspecified</pose><truncated>0</truncated><difficult>0</difficult><robndbox><cx>575.5781</cx><cy>804.1371</cy><w>49.6602</w><h>24.1752</h><angle>0.952764</angle></robndbox></object><object><type>robndbox</type><name>wheat_head</name><pose>Unspecified</pose><truncated>0</truncated><difficult>0</difficult><robndbox><cx>75.6058</cx><cy>762.1966</cy><w>98.6753</w><h>34.7941</h><angle>0.354248</angle></robndbox></object><object><type>robndbox</type><name>wheat_head</name><pose>Unspecified</pose><truncated>0</truncated><difficult>0</difficult><robndbox><cx>42.0725</cx><cy>867.637</cy><w>78.6713</w><h>30.165</h><angle>0.06321</angle></robndbox></object><object><type>robndbox</type><name>wheat_head</name><pose>Unspecified</pose><truncated>0</truncated><difficult>0</difficult><robndbox><cx>810.3901</cx><cy>413.6034</cy><w>145.372</w><h>30.2074</h><angle>0.371465</angle></robndbox></object><object><type>robndbox</type><name>wheat_head</name><pose>Unspecified</pose><truncated>0</truncated><difficult>0</difficult><robndbox><cx>447.2837</cx><cy>275.7039</cy><w>222.1316</w><h>28.7503</h><angle>2.573457</angle></robndbox></object><object><type>robndbox</type><name>wheat_head</name><pose>Unspecified</pose><truncated>0</truncated><difficult>0</difficult><robndbox><cx>263.5889</cx><cy>334.3949</cy><w>62.0703</w><h>35.5361</h><angle>3.013734</angle></robndbox></object><object><type>robndbox</type><name>wheat_head</name><pose>Unspecified</pose><truncated>0</truncated><difficult>0</difficult><robndbox><cx>238.7316</cx><cy>831.2458</cy><w>91.8961</w><h>35.2379</h><angle>3.068732</angle></robndbox></object><object><type>robndbox</type><name>wheat_head</name><pose>Unspecified</pose><truncated>0</truncated><difficult>0</difficult><robndbox><cx>799.0</cx><cy>1012.0</cy><w>25.0737</w><h>16.7995</h><angle>1.864503</angle></robndbox></object><object><type>robndbox</type><name>wheat_head</name><pose>Unspecified</pose><truncated>0</truncated><difficult>0</difficult><robndbox><cx>870.5449</cx><cy>604.6283</cy><w>222.5293</w><h>37.1155</h><angle>2.901972</angle></robndbox></object><object><type>robndbox</type><name>wheat_head</name><pose>Unspecified</pose><truncated>0</truncated><difficult>0</difficult><robndbox><cx>27.6428</cx><cy>714.2715</cy><w>47.0907</w><h>37.3434</h><angle>0.267461</angle></robndbox></object><object><type>robndbox</type><name>wheat_head</name><pose>Unspecified</pose><truncated>0</truncated><difficult>0</difficult><robndbox><cx>289.3928</cx><cy>885.0673</cy><w>83.4654</w><h>26.2673</h><angle>3.010973</angle></robndbox></object><object><type>robndbox</type><name>wheat_head</name><pose>Unspecified</pose><truncated>0</truncated><difficult>0</difficult><robndbox><cx>23.7554</cx><cy>766.016</cy><w>33.3167</w><h>30.6843</h><angle>1.64957</angle></robndbox></object><object><type>robndbox</type><name>wheat_head</name><pose>Unspecified</pose><truncated>0</truncated><difficult>0</difficult><robndbox><cx>125.0</cx><cy>722.5</cy><w>27.3381</w><h>23.1721</h><angle>1.728237</angle></robndbox></object><object><type>robndbox</type><name>wheat_head</name><pose>Unspecified</pose><truncated>0</truncated><difficult>0</difficult><robndbox><cx>216.8108</cx><cy>305.3124</cy><w>58.5491</w><h>26.0464</h><angle>1.43373</angle></robndbox></object><object><type>robndbox</type><name>wheat_head</name><pose>Unspecified</pose><truncated>0</truncated><difficult>0</difficult><robndbox><cx>377.2986</cx><cy>15.352</cy><w>34.2053</w><h>26.49</h><angle>0.661043</angle></robndbox></object><object><type>robndbox</type><name>wheat_head</name><pose>Unspecified</pose><truncated>0</truncated><difficult>0</difficult><robndbox><cx>453.421</cx><cy>54.891</cy><w>119.6328</w><h>29.1839</h><angle>2.237705</angle></robndbox></object><object><type>robndbox</type><name>wheat_head</name><pose>Unspecified</pose><truncated>0</truncated><difficult>0</difficult><robndbox><cx>1007.0787</cx><cy>970.0996</cy><w>105.3043</w><h>23.3318</h><angle>1.252049</angle></robndbox></object></annotation>