<annotation verified="no"><folder>images</folder><filename>8c05f24c4</filename><path>/home/badhon/Documents/thesis/final_dataset/ethz_1/images/8c05f24c4.jpg</path><source><database>Unknown</database></source><size><width>1024</width><height>1024</height><depth>3</depth></size><segmented>0</segmented><object><type>robndbox</type><name>wheat_head</name><pose>Unspecified</pose><truncated>0</truncated><difficult>0</difficult><robndbox><cx>84.2399</cx><cy>53.8383</cy><w>86.3526</w><h>34.6335</h><angle>0.593706</angle></robndbox></object><object><type>robndbox</type><name>wheat_head</name><pose>Unspecified</pose><truncated>0</truncated><difficult>0</difficult><robndbox><cx>530.1217</cx><cy>53.1635</cy><w>69.974</w><h>34.1943</h><angle>0.910898</angle></robndbox></object><object><type>robndbox</type><name>wheat_head</name><pose>Unspecified</pose><truncated>0</truncated><difficult>0</difficult><robndbox><cx>604.0011</cx><cy>335.2201</cy><w>76.059</w><h>35.5944</h><angle>1.039539</angle></robndbox></object><object><type>robndbox</type><name>wheat_head</name><pose>Unspecified</pose><truncated>0</truncated><difficult>0</difficult><robndbox><cx>17.1729</cx><cy>75.1618</cy><w>35.5125</w><h>32.1519</h><angle>0.590557</angle></robndbox></object><object><type>robndbox</type><name>wheat_head</name><pose>Unspecified</pose><truncated>0</truncated><difficult>0</difficult><robndbox><cx>116.2626</cx><cy>675.5676</cy><w>78.23</w><h>37.4713</h><angle>0.591992</angle></robndbox></object><object><type>robndbox</type><name>wheat_head</name><pose>Unspecified</pose><truncated>0</truncated><difficult>0</difficult><robndbox><cx>482.9872</cx><cy>312.7798</cy><w>139.0919</w><h>38.6073</h><angle>1.003531</angle></robndbox></object><object><type>robndbox</type><name>wheat_head</name><pose>Unspecified</pose><truncated>0</truncated><difficult>0</difficult><robndbox><cx>463.9917</cx><cy>698.757</cy><w>95.9144</w><h>28.5961</h><angle>0.416051</angle></robndbox></object><object><type>robndbox</type><name>wheat_head</name><pose>Unspecified</pose><truncated>0</truncated><difficult>0</difficult><robndbox><cx>14.2921</cx><cy>358.6942</cy><w>28.6711</w><h>28.3257</h><angle>0.049611</angle></robndbox></object><object><type>robndbox</type><name>wheat_head</name><pose>Unspecified</pose><truncated>0</truncated><difficult>0</difficult><robndbox><cx>222.5063</cx><cy>779.7898</cy><w>122.146</w><h>34.15</h><angle>0.328136</angle></robndbox></object><object><type>robndbox</type><name>wheat_head</name><pose>Unspecified</pose><truncated>0</truncated><difficult>0</difficult><robndbox><cx>955.5217</cx><cy>179.5536</cy><w>93.4841</w><h>34.0854</h><angle>0.942376</angle></robndbox></object><object><type>robndbox</type><name>wheat_head</name><pose>Unspecified</pose><truncated>0</truncated><difficult>0</difficult><robndbox><cx>56.2199</cx><cy>862.8234</cy><w>69.859</w><h>33.7076</h><angle>0.893787</angle></robndbox></object><object><type>robndbox</type><name>wheat_head</name><pose>Unspecified</pose><truncated>0</truncated><difficult>0</difficult><robndbox><cx>167.584</cx><cy>27.505</cy><w>76.0143</w><h>36.4248</h><angle>0.838304</angle></robndbox></object><object><type>robndbox</type><name>wheat_head</name><pose>Unspecified</pose><truncated>0</truncated><difficult>0</difficult><robndbox><cx>479.2509</cx><cy>580.8184</cy><w>107.6112</w><h>38.1807</h><angle>0.318075</angle></robndbox></object><object><type>robndbox</type><name>wheat_head</name><pose>Unspecified</pose><truncated>0</truncated><difficult>0</difficult><robndbox><cx>894.9756</cx><cy>526.1545</cy><w>93.1683</w><h>34.5481</h><angle>0.496267</angle></robndbox></object><object><type>robndbox</type><name>wheat_head</name><pose>Unspecified</pose><truncated>0</truncated><difficult>0</difficult><robndbox><cx>153.7961</cx><cy>912.4745</cy><w>57.6134</w><h>31.2904</h><angle>1.00651</angle></robndbox></object><object><type>robndbox</type><name>wheat_head</name><pose>Unspecified</pose><truncated>0</truncated><difficult>0</difficult><robndbox><cx>203.2788</cx><cy>608.7503</cy><w>133.9811</w><h>43.0263</h><angle>0.632028</angle></robndbox></object><object><type>robndbox</type><name>wheat_head</name><pose>Unspecified</pose><truncated>0</truncated><difficult>0</difficult><robndbox><cx>340.0139</cx><cy>455.1643</cy><w>85.2849</w><h>33.8595</h><angle>0.195081</angle></robndbox></object><object><type>robndbox</type><name>wheat_head</name><pose>Unspecified</pose><truncated>0</truncated><difficult>0</difficult><robndbox><cx>275.5274</cx><cy>583.5494</cy><w>67.1979</w><h>39.9232</h><angle>0.51745</angle></robndbox></object><object><type>robndbox</type><name>wheat_head</name><pose>Unspecified</pose><truncated>0</truncated><difficult>0</difficult><robndbox><cx>791.8828</cx><cy>119.6342</cy><w>93.192</w><h>38.0315</h><angle>1.053866</angle></robndbox></object><object><type>robndbox</type><name>wheat_head</name><pose>Unspecified</pose><truncated>0</truncated><difficult>0</difficult><robndbox><cx>874.7319</cx><cy>9.5002</cy><w>68.162</w><h>30.7841</h><angle>0.358621</angle></robndbox></object><object><type>robndbox</type><name>wheat_head</name><pose>Unspecified</pose><truncated>0</truncated><difficult>0</difficult><robndbox><cx>774.8406</cx><cy>39.4981</cy><w>53.9138</w><h>33.5876</h><angle>0.674273</angle></robndbox></object><object><type>robndbox</type><name>wheat_head</name><pose>Unspecified</pose><truncated>0</truncated><difficult>0</difficult><robndbox><cx>518.0428</cx><cy>544.391</cy><w>77.6093</w><h>32.4554</h><angle>0.439647</angle></robndbox></object><object><type>robndbox</type><name>wheat_head</name><pose>Unspecified</pose><truncated>0</truncated><difficult>0</difficult><robndbox><cx>495.3096</cx><cy>887.6225</cy><w>80.8837</w><h>34.9487</h><angle>0.372886</angle></robndbox></object><object><type>robndbox</type><name>wheat_head</name><pose>Unspecified</pose><truncated>0</truncated><difficult>0</difficult><robndbox><cx>456.8651</cx><cy>18.8677</cy><w>88.0728</w><h>36.1414</h><angle>0.447876</angle></robndbox></object><object><type>robndbox</type><name>wheat_head</name><pose>Unspecified</pose><truncated>0</truncated><difficult>0</difficult><robndbox><cx>558.0121</cx><cy>425.1847</cy><w>91.7236</w><h>36.2412</h><angle>0.32659</angle></robndbox></object><object><type>robndbox</type><name>wheat_head</name><pose>Unspecified</pose><truncated>0</truncated><difficult>0</difficult><robndbox><cx>987.9843</cx><cy>430.1183</cy><w>58.575</w><h>39.0342</h><angle>0.686901</angle></robndbox></object><object><type>robndbox</type><name>wheat_head</name><pose>Unspecified</pose><truncated>0</truncated><difficult>0</difficult><robndbox><cx>377.8727</cx><cy>856.1484</cy><w>55.7505</w><h>26.8112</h><angle>0.923519</angle></robndbox></object><object><type>robndbox</type><name>wheat_head</name><pose>Unspecified</pose><truncated>0</truncated><difficult>0</difficult><robndbox><cx>930.593</cx><cy>503.2874</cy><w>97.2647</w><h>26.4483</h><angle>0.233925</angle></robndbox></object><object><type>robndbox</type><name>wheat_head</name><pose>Unspecified</pose><truncated>0</truncated><difficult>0</difficult><robndbox><cx>550.0795</cx><cy>213.8447</cy><w>66.8062</w><h>33.0471</h><angle>2.291079</angle></robndbox></object><object><type>robndbox</type><name>wheat_head</name><pose>Unspecified</pose><truncated>0</truncated><difficult>0</difficult><robndbox><cx>9.1151</cx><cy>616.9047</cy><w>26.3229</w><h>19.6151</h><angle>1.472401</angle></robndbox></object><object><type>robndbox</type><name>wheat_head</name><pose>Unspecified</pose><truncated>0</truncated><difficult>0</difficult><robndbox><cx>236.6284</cx><cy>735.9864</cy><w>98.1533</w><h>40.7164</h><angle>0.353124</angle></robndbox></object><object><type>robndbox</type><name>wheat_head</name><pose>Unspecified</pose><truncated>0</truncated><difficult>0</difficult><robndbox><cx>997.7509</cx><cy>126.3774</cy><w>54.8842</w><h>28.5596</h><angle>1.223146</angle></robndbox></object><object><type>robndbox</type><name>wheat_head</name><pose>Unspecified</pose><truncated>0</truncated><difficult>0</difficult><robndbox><cx>851.4922</cx><cy>922.6752</cy><w>61.091</w><h>31.5243</h><angle>0.903015</angle></robndbox></object><object><type>robndbox</type><name>wheat_head</name><pose>Unspecified</pose><truncated>0</truncated><difficult>0</difficult><robndbox><cx>16.2968</cx><cy>519.4761</cy><w>29.703</w><h>27.7248</h><angle>1.728847</angle></robndbox></object><object><type>robndbox</type><name>wheat_head</name><pose>Unspecified</pose><truncated>0</truncated><difficult>0</difficult><robndbox><cx>330.3019</cx><cy>909.1401</cy><w>44.975</w><h>32.7373</h><angle>0.607034</angle></robndbox></object><object><type>robndbox</type><name>wheat_head</name><pose>Unspecified</pose><truncated>0</truncated><difficult>0</difficult><robndbox><cx>322.1589</cx><cy>879.6782</cy><w>77.6375</w><h>34.2865</h><angle>0.317595</angle></robndbox></object><object><type>robndbox</type><name>wheat_head</name><pose>Unspecified</pose><truncated>0</truncated><difficult>0</difficult><robndbox><cx>917.6411</cx><cy>936.7923</cy><w>39.7568</w><h>27.761</h><angle>1.144585</angle></robndbox></object><object><type>robndbox</type><name>wheat_head</name><pose>Unspecified</pose><truncated>0</truncated><difficult>0</difficult><robndbox><cx>742.9265</cx><cy>708.9662</cy><w>55.3688</w><h>33.4109</h><angle>2.896886</angle></robndbox></object><object><type>robndbox</type><name>wheat_head</name><pose>Unspecified</pose><truncated>0</truncated><difficult>0</difficult><robndbox><cx>186.5259</cx><cy>458.7871</cy><w>172.1987</w><h>38.9285</h><angle>0.384742</angle></robndbox></object><object><type>robndbox</type><name>wheat_head</name><pose>Unspecified</pose><truncated>0</truncated><difficult>0</difficult><robndbox><cx>503.0714</cx><cy>449.6487</cy><w>97.4152</w><h>37.7591</h><angle>0.388757</angle></robndbox></object><object><type>robndbox</type><name>wheat_head</name><pose>Unspecified</pose><truncated>0</truncated><difficult>0</difficult><robndbox><cx>863.6851</cx><cy>628.8014</cy><w>31.5519</w><h>27.7447</h><angle>0.156707</angle></robndbox></object><object><type>robndbox</type><name>wheat_head</name><pose>Unspecified</pose><truncated>0</truncated><difficult>0</difficult><robndbox><cx>782.7928</cx><cy>616.6728</cy><w>120.2178</w><h>44.3357</h><angle>0.272385</angle></robndbox></object><object><type>robndbox</type><name>wheat_head</name><pose>Unspecified</pose><truncated>0</truncated><difficult>0</difficult><robndbox><cx>858.2953</cx><cy>851.4227</cy><w>63.4956</w><h>32.8407</h><angle>0.15835</angle></robndbox></object><object><type>robndbox</type><name>wheat_head</name><pose>Unspecified</pose><truncated>0</truncated><difficult>0</difficult><robndbox><cx>479.8136</cx><cy>934.5222</cy><w>51.6952</w><h>31.1581</h><angle>2.979249</angle></robndbox></object><object><type>robndbox</type><name>wheat_head</name><pose>Unspecified</pose><truncated>0</truncated><difficult>0</difficult><robndbox><cx>479.8136</cx><cy>936.5222</cy><w>51.6952</w><h>31.1581</h><angle>2.879249</angle></robndbox></object><object><type>robndbox</type><name>wheat_head</name><pose>Unspecified</pose><truncated>0</truncated><difficult>0</difficult><robndbox><cx>601.3648</cx><cy>533.5726</cy><w>47.0359</w><h>23.6131</h><angle>2.969649</angle></robndbox></object><object><type>robndbox</type><name>wheat_head</name><pose>Unspecified</pose><truncated>0</truncated><difficult>0</difficult><robndbox><cx>428.8021</cx><cy>910.4763</cy><w>84.7471</w><h>29.3808</h><angle>0.273357</angle></robndbox></object><object><type>robndbox</type><name>wheat_head</name><pose>Unspecified</pose><truncated>0</truncated><difficult>0</difficult><robndbox><cx>1004.8611</cx><cy>958.3082</cy><w>35.2409</w><h>33.4559</h><angle>2.776634</angle></robndbox></object><object><type>robndbox</type><name>wheat_head</name><pose>Unspecified</pose><truncated>0</truncated><difficult>0</difficult><robndbox><cx>213.6241</cx><cy>441.1837</cy><w>108.2158</w><h>16.8634</h><angle>0.384742</angle></robndbox></object><object><type>robndbox</type><name>wheat_head</name><pose>Unspecified</pose><truncated>0</truncated><difficult>0</difficult><robndbox><cx>569.6463</cx><cy>981.15</cy><w>47.2752</w><h>25.1427</h><angle>3.103407</angle></robndbox></object><object><type>robndbox</type><name>wheat_head</name><pose>Unspecified</pose><truncated>0</truncated><difficult>0</difficult><robndbox><cx>612.5753</cx><cy>496.4489</cy><w>97.8652</w><h>28.6038</h><angle>3.115447</angle></robndbox></object><object><type>robndbox</type><name>wheat_head</name><pose>Unspecified</pose><truncated>0</truncated><difficult>0</difficult><robndbox><cx>805.5679</cx><cy>998.5749</cy><w>53.7118</w><h>33.274</h><angle>3.137028</angle></robndbox></object><object><type>robndbox</type><name>wheat_head</name><pose>Unspecified</pose><truncated>0</truncated><difficult>0</difficult><robndbox><cx>622.3148</cx><cy>956.5854</cy><w>74.8155</w><h>34.6786</h><angle>3.123564</angle></robndbox></object><object><type>robndbox</type><name>wheat_head</name><pose>Unspecified</pose><truncated>0</truncated><difficult>0</difficult><robndbox><cx>901.4612</cx><cy>157.3121</cy><w>51.4955</w><h>29.8939</h><angle>1.005344</angle></robndbox></object></annotation>