<annotation verified="no"><folder>images</folder><filename>94f338c6d</filename><path>/home/badhon/Documents/thesis/final_dataset/ethz_1/images/94f338c6d.jpg</path><source><database>Unknown</database></source><size><width>1024</width><height>1024</height><depth>3</depth></size><segmented>0</segmented><object><type>robndbox</type><name>wheat_head</name><pose>Unspecified</pose><truncated>0</truncated><difficult>0</difficult><robndbox><cx>289.555</cx><cy>305.6071</cy><w>89.9148</w><h>33.4804</h><angle>1.048341</angle></robndbox></object><object><type>robndbox</type><name>wheat_head</name><pose>Unspecified</pose><truncated>0</truncated><difficult>0</difficult><robndbox><cx>690.8687</cx><cy>610.1893</cy><w>88.9858</w><h>35.2725</h><angle>1.00572</angle></robndbox></object><object><type>robndbox</type><name>wheat_head</name><pose>Unspecified</pose><truncated>0</truncated><difficult>0</difficult><robndbox><cx>357.5286</cx><cy>633.1946</cy><w>84.2731</w><h>36.1951</h><angle>0.973444</angle></robndbox></object><object><type>robndbox</type><name>wheat_head</name><pose>Unspecified</pose><truncated>0</truncated><difficult>0</difficult><robndbox><cx>327.1228</cx><cy>205.8361</cy><w>94.9459</w><h>36.7748</h><angle>0.880341</angle></robndbox></object><object><type>robndbox</type><name>wheat_head</name><pose>Unspecified</pose><truncated>0</truncated><difficult>0</difficult><robndbox><cx>702.8895</cx><cy>759.1422</cy><w>60.2801</w><h>32.4148</h><angle>1.070386</angle></robndbox></object><object><type>robndbox</type><name>wheat_head</name><pose>Unspecified</pose><truncated>0</truncated><difficult>0</difficult><robndbox><cx>456.6501</cx><cy>350.2221</cy><w>90.3783</w><h>34.3843</h><angle>1.004711</angle></robndbox></object><object><type>robndbox</type><name>wheat_head</name><pose>Unspecified</pose><truncated>0</truncated><difficult>0</difficult><robndbox><cx>456.3138</cx><cy>410.258</cy><w>75.3053</w><h>31.0931</h><angle>0.568122</angle></robndbox></object><object><type>robndbox</type><name>wheat_head</name><pose>Unspecified</pose><truncated>0</truncated><difficult>0</difficult><robndbox><cx>172.5749</cx><cy>95.814</cy><w>107.106</w><h>34.9149</h><angle>0.978229</angle></robndbox></object><object><type>robndbox</type><name>wheat_head</name><pose>Unspecified</pose><truncated>0</truncated><difficult>0</difficult><robndbox><cx>809.8959</cx><cy>374.2946</cy><w>61.9747</w><h>31.389</h><angle>1.122466</angle></robndbox></object><object><type>robndbox</type><name>wheat_head</name><pose>Unspecified</pose><truncated>0</truncated><difficult>0</difficult><robndbox><cx>11.0</cx><cy>212.5</cy><w>22.2294</w><h>17.8367</h><angle>2.997798</angle></robndbox></object><object><type>robndbox</type><name>wheat_head</name><pose>Unspecified</pose><truncated>0</truncated><difficult>0</difficult><robndbox><cx>269.8058</cx><cy>708.2596</cy><w>92.248</w><h>43.2122</h><angle>0.660265</angle></robndbox></object><object><type>robndbox</type><name>wheat_head</name><pose>Unspecified</pose><truncated>0</truncated><difficult>0</difficult><robndbox><cx>513.7916</cx><cy>594.57</cy><w>59.7706</w><h>32.7685</h><angle>1.024506</angle></robndbox></object><object><type>robndbox</type><name>wheat_head</name><pose>Unspecified</pose><truncated>0</truncated><difficult>0</difficult><robndbox><cx>228.5408</cx><cy>403.7135</cy><w>65.8628</w><h>32.2124</h><angle>0.976252</angle></robndbox></object><object><type>robndbox</type><name>wheat_head</name><pose>Unspecified</pose><truncated>0</truncated><difficult>0</difficult><robndbox><cx>566.994</cx><cy>382.5256</cy><w>98.7026</w><h>38.3822</h><angle>0.947598</angle></robndbox></object><object><type>robndbox</type><name>wheat_head</name><pose>Unspecified</pose><truncated>0</truncated><difficult>0</difficult><robndbox><cx>625.7068</cx><cy>657.5829</cy><w>57.7417</w><h>31.1208</h><angle>0.996856</angle></robndbox></object><object><type>robndbox</type><name>wheat_head</name><pose>Unspecified</pose><truncated>0</truncated><difficult>0</difficult><robndbox><cx>554.1842</cx><cy>63.8301</cy><w>81.986</w><h>31.6598</h><angle>1.550995</angle></robndbox></object><object><type>robndbox</type><name>wheat_head</name><pose>Unspecified</pose><truncated>0</truncated><difficult>0</difficult><robndbox><cx>264.3546</cx><cy>791.5116</cy><w>71.9211</w><h>34.2887</h><angle>0.840033</angle></robndbox></object><object><type>robndbox</type><name>wheat_head</name><pose>Unspecified</pose><truncated>0</truncated><difficult>0</difficult><robndbox><cx>389.3705</cx><cy>566.0365</cy><w>81.7369</w><h>36.1008</h><angle>0.924235</angle></robndbox></object><object><type>robndbox</type><name>wheat_head</name><pose>Unspecified</pose><truncated>0</truncated><difficult>0</difficult><robndbox><cx>148.6374</cx><cy>389.3699</cy><w>68.9239</w><h>34.7705</h><angle>0.464726</angle></robndbox></object><object><type>robndbox</type><name>wheat_head</name><pose>Unspecified</pose><truncated>0</truncated><difficult>0</difficult><robndbox><cx>812.2485</cx><cy>659.1304</cy><w>77.7517</w><h>38.0397</h><angle>0.639116</angle></robndbox></object><object><type>robndbox</type><name>wheat_head</name><pose>Unspecified</pose><truncated>0</truncated><difficult>0</difficult><robndbox><cx>103.4408</cx><cy>30.926</cy><w>58.2171</w><h>29.3381</h><angle>0.946519</angle></robndbox></object><object><type>robndbox</type><name>wheat_head</name><pose>Unspecified</pose><truncated>0</truncated><difficult>0</difficult><robndbox><cx>299.7332</cx><cy>496.5859</cy><w>97.4836</w><h>39.7863</h><angle>0.881554</angle></robndbox></object><object><type>robndbox</type><name>wheat_head</name><pose>Unspecified</pose><truncated>0</truncated><difficult>0</difficult><robndbox><cx>194.6679</cx><cy>39.9224</cy><w>86.9244</w><h>32.7604</h><angle>0.975846</angle></robndbox></object><object><type>robndbox</type><name>wheat_head</name><pose>Unspecified</pose><truncated>0</truncated><difficult>0</difficult><robndbox><cx>413.9792</cx><cy>262.0988</cy><w>57.486</w><h>38.9021</h><angle>0.607995</angle></robndbox></object><object><type>robndbox</type><name>wheat_head</name><pose>Unspecified</pose><truncated>0</truncated><difficult>0</difficult><robndbox><cx>142.0104</cx><cy>295.8459</cy><w>53.2705</w><h>32.6413</h><angle>0.88825</angle></robndbox></object><object><type>robndbox</type><name>wheat_head</name><pose>Unspecified</pose><truncated>0</truncated><difficult>0</difficult><robndbox><cx>362.2224</cx><cy>75.39</cy><w>126.3147</w><h>37.0616</h><angle>0.640583</angle></robndbox></object><object><type>robndbox</type><name>wheat_head</name><pose>Unspecified</pose><truncated>0</truncated><difficult>0</difficult><robndbox><cx>431.6666</cx><cy>13.8298</cy><w>33.7681</w><h>27.9173</h><angle>1.472557</angle></robndbox></object><object><type>robndbox</type><name>wheat_head</name><pose>Unspecified</pose><truncated>0</truncated><difficult>0</difficult><robndbox><cx>522.744</cx><cy>721.0424</cy><w>34.1922</w><h>33.3542</h><angle>3.042689</angle></robndbox></object><object><type>robndbox</type><name>wheat_head</name><pose>Unspecified</pose><truncated>0</truncated><difficult>0</difficult><robndbox><cx>955.701</cx><cy>997.785</cy><w>45.7334</w><h>31.422</h><angle>0.638525</angle></robndbox></object><object><type>robndbox</type><name>wheat_head</name><pose>Unspecified</pose><truncated>0</truncated><difficult>0</difficult><robndbox><cx>11.392</cx><cy>726.8801</cy><w>26.686</w><h>22.0037</h><angle>1.512625</angle></robndbox></object><object><type>robndbox</type><name>wheat_head</name><pose>Unspecified</pose><truncated>0</truncated><difficult>0</difficult><robndbox><cx>993.3015</cx><cy>73.1657</cy><w>63.9397</w><h>31.3648</h><angle>1.253695</angle></robndbox></object><object><type>robndbox</type><name>wheat_head</name><pose>Unspecified</pose><truncated>0</truncated><difficult>0</difficult><robndbox><cx>31.1465</cx><cy>334.9508</cy><w>69.8888</w><h>33.9849</h><angle>0.66426</angle></robndbox></object><object><type>robndbox</type><name>wheat_head</name><pose>Unspecified</pose><truncated>0</truncated><difficult>0</difficult><robndbox><cx>352.072</cx><cy>377.8917</cy><w>77.9483</w><h>37.2707</h><angle>1.013801</angle></robndbox></object><object><type>robndbox</type><name>wheat_head</name><pose>Unspecified</pose><truncated>0</truncated><difficult>0</difficult><robndbox><cx>963.2805</cx><cy>126.6014</cy><w>66.4995</w><h>33.7879</h><angle>1.425328</angle></robndbox></object><object><type>robndbox</type><name>wheat_head</name><pose>Unspecified</pose><truncated>0</truncated><difficult>0</difficult><robndbox><cx>861.2554</cx><cy>634.0819</cy><w>83.315</w><h>40.8846</h><angle>0.498967</angle></robndbox></object><object><type>robndbox</type><name>wheat_head</name><pose>Unspecified</pose><truncated>0</truncated><difficult>0</difficult><robndbox><cx>687.3384</cx><cy>411.7778</cy><w>55.4768</w><h>34.3878</h><angle>0.869788</angle></robndbox></object><object><type>robndbox</type><name>wheat_head</name><pose>Unspecified</pose><truncated>0</truncated><difficult>0</difficult><robndbox><cx>981.4482</cx><cy>611.3992</cy><w>52.4563</w><h>35.0994</h><angle>0.989925</angle></robndbox></object><object><type>robndbox</type><name>wheat_head</name><pose>Unspecified</pose><truncated>0</truncated><difficult>0</difficult><robndbox><cx>886.585</cx><cy>47.4227</cy><w>87.1403</w><h>37.1246</h><angle>1.321195</angle></robndbox></object><object><type>robndbox</type><name>wheat_head</name><pose>Unspecified</pose><truncated>0</truncated><difficult>0</difficult><robndbox><cx>240.2927</cx><cy>653.4745</cy><w>62.1337</w><h>41.3527</h><angle>0.504132</angle></robndbox></object><object><type>robndbox</type><name>wheat_head</name><pose>Unspecified</pose><truncated>0</truncated><difficult>0</difficult><robndbox><cx>819.3809</cx><cy>165.2855</cy><w>94.0502</w><h>33.2109</h><angle>0.962094</angle></robndbox></object><object><type>robndbox</type><name>wheat_head</name><pose>Unspecified</pose><truncated>0</truncated><difficult>0</difficult><robndbox><cx>573.6969</cx><cy>311.7076</cy><w>58.9193</w><h>32.1194</h><angle>2.563184</angle></robndbox></object><object><type>robndbox</type><name>wheat_head</name><pose>Unspecified</pose><truncated>0</truncated><difficult>0</difficult><robndbox><cx>85.0623</cx><cy>811.3085</cy><w>57.0043</w><h>36.5577</h><angle>1.13547</angle></robndbox></object><object><type>robndbox</type><name>wheat_head</name><pose>Unspecified</pose><truncated>0</truncated><difficult>0</difficult><robndbox><cx>401.2777</cx><cy>58.6189</cy><w>50.2378</w><h>23.9385</h><angle>1.056566</angle></robndbox></object><object><type>robndbox</type><name>wheat_head</name><pose>Unspecified</pose><truncated>0</truncated><difficult>0</difficult><robndbox><cx>671.9255</cx><cy>259.5027</cy><w>51.1831</w><h>35.6318</h><angle>0.558351</angle></robndbox></object><object><type>robndbox</type><name>wheat_head</name><pose>Unspecified</pose><truncated>0</truncated><difficult>0</difficult><robndbox><cx>12.3649</cx><cy>373.6271</cy><w>30.0466</w><h>26.2429</h><angle>0.19761</angle></robndbox></object><object><type>robndbox</type><name>wheat_head</name><pose>Unspecified</pose><truncated>0</truncated><difficult>0</difficult><robndbox><cx>610.6862</cx><cy>447.9252</cy><w>45.6258</w><h>35.2499</h><angle>0.491462</angle></robndbox></object><object><type>robndbox</type><name>wheat_head</name><pose>Unspecified</pose><truncated>0</truncated><difficult>0</difficult><robndbox><cx>915.5542</cx><cy>433.428</cy><w>59.8679</w><h>36.1179</h><angle>0.558839</angle></robndbox></object><object><type>robndbox</type><name>wheat_head</name><pose>Unspecified</pose><truncated>0</truncated><difficult>0</difficult><robndbox><cx>506.0697</cx><cy>662.5897</cy><w>62.0932</w><h>38.1216</h><angle>1.206432</angle></robndbox></object><object><type>robndbox</type><name>wheat_head</name><pose>Unspecified</pose><truncated>0</truncated><difficult>0</difficult><robndbox><cx>704.9293</cx><cy>182.2757</cy><w>62.0849</w><h>34.8942</h><angle>1.575087</angle></robndbox></object><object><type>robndbox</type><name>wheat_head</name><pose>Unspecified</pose><truncated>0</truncated><difficult>0</difficult><robndbox><cx>233.113</cx><cy>791.4796</cy><w>32.6936</w><h>15.0124</h><angle>1.17311</angle></robndbox></object><object><type>robndbox</type><name>wheat_head</name><pose>Unspecified</pose><truncated>0</truncated><difficult>0</difficult><robndbox><cx>163.1241</cx><cy>711.1918</cy><w>47.2423</w><h>35.7736</h><angle>3.065954</angle></robndbox></object><object><type>robndbox</type><name>wheat_head</name><pose>Unspecified</pose><truncated>0</truncated><difficult>0</difficult><robndbox><cx>768.296</cx><cy>163.44</cy><w>100.5589</w><h>29.8393</h><angle>1.460337</angle></robndbox></object><object><type>robndbox</type><name>wheat_head</name><pose>Unspecified</pose><truncated>0</truncated><difficult>0</difficult><robndbox><cx>352.072</cx><cy>377.8917</cy><w>77.9483</w><h>37.2707</h><angle>1.013801</angle></robndbox></object><object><type>robndbox</type><name>wheat_head</name><pose>Unspecified</pose><truncated>0</truncated><difficult>0</difficult><robndbox><cx>812.4077</cx><cy>20.5303</cy><w>37.4025</w><h>25.8639</h><angle>1.410018</angle></robndbox></object><object><type>robndbox</type><name>wheat_head</name><pose>Unspecified</pose><truncated>0</truncated><difficult>0</difficult><robndbox><cx>828.5</cx><cy>218.0</cy><w>26.3731</w><h>21.5279</h><angle>1.217481</angle></robndbox></object><object><type>robndbox</type><name>wheat_head</name><pose>Unspecified</pose><truncated>0</truncated><difficult>0</difficult><robndbox><cx>660.1024</cx><cy>420.1523</cy><w>32.6364</w><h>20.0357</h><angle>0.943576</angle></robndbox></object><object><type>robndbox</type><name>wheat_head</name><pose>Unspecified</pose><truncated>0</truncated><difficult>0</difficult><robndbox><cx>117.9037</cx><cy>594.4122</cy><w>84.5071</w><h>36.2356</h><angle>0.960118</angle></robndbox></object><object><type>robndbox</type><name>wheat_head</name><pose>Unspecified</pose><truncated>0</truncated><difficult>0</difficult><robndbox><cx>136.6964</cx><cy>542.1748</cy><w>78.628</w><h>38.4906</h><angle>0.545287</angle></robndbox></object><object><type>robndbox</type><name>wheat_head</name><pose>Unspecified</pose><truncated>0</truncated><difficult>0</difficult><robndbox><cx>18.8375</cx><cy>520.0851</cy><w>59.1918</w><h>29.1564</h><angle>1.315836</angle></robndbox></object><object><type>robndbox</type><name>wheat_head</name><pose>Unspecified</pose><truncated>0</truncated><difficult>0</difficult><robndbox><cx>279.8114</cx><cy>22.0407</cy><w>53.2635</w><h>30.487</h><angle>0.692334</angle></robndbox></object><object><type>robndbox</type><name>wheat_head</name><pose>Unspecified</pose><truncated>0</truncated><difficult>0</difficult><robndbox><cx>395.6264</cx><cy>19.8181</cy><w>30.0</w><h>24.1583</h><angle>0.927295</angle></robndbox></object></annotation>