<annotation verified="no"><folder>images</folder><filename>99d221ffe</filename><path>/home/badhon/Documents/thesis/final_dataset/ethz_1/images/99d221ffe.jpg</path><source><database>Unknown</database></source><size><width>1024</width><height>1024</height><depth>3</depth></size><segmented>0</segmented><object><type>robndbox</type><name>wheat_head</name><pose>Unspecified</pose><truncated>0</truncated><difficult>0</difficult><robndbox><cx>352.9209</cx><cy>282.1391</cy><w>95.7743</w><h>33.3119</h><angle>1.093766</angle></robndbox></object><object><type>robndbox</type><name>wheat_head</name><pose>Unspecified</pose><truncated>0</truncated><difficult>0</difficult><robndbox><cx>123.0036</cx><cy>491.7858</cy><w>101.1797</w><h>40.236</h><angle>0.930325</angle></robndbox></object><object><type>robndbox</type><name>wheat_head</name><pose>Unspecified</pose><truncated>0</truncated><difficult>0</difficult><robndbox><cx>600.7013</cx><cy>182.4071</cy><w>103.7551</w><h>39.6169</h><angle>0.899802</angle></robndbox></object><object><type>robndbox</type><name>wheat_head</name><pose>Unspecified</pose><truncated>0</truncated><difficult>0</difficult><robndbox><cx>981.5546</cx><cy>26.7317</cy><w>71.7938</w><h>36.1157</h><angle>0.62716</angle></robndbox></object><object><type>robndbox</type><name>wheat_head</name><pose>Unspecified</pose><truncated>0</truncated><difficult>0</difficult><robndbox><cx>954.9697</cx><cy>950.6425</cy><w>78.3186</w><h>33.1292</h><angle>0.873097</angle></robndbox></object><object><type>robndbox</type><name>wheat_head</name><pose>Unspecified</pose><truncated>0</truncated><difficult>0</difficult><robndbox><cx>581.8038</cx><cy>55.7228</cy><w>107.1954</w><h>41.8807</h><angle>0.612782</angle></robndbox></object><object><type>robndbox</type><name>wheat_head</name><pose>Unspecified</pose><truncated>0</truncated><difficult>0</difficult><robndbox><cx>230.2136</cx><cy>725.0099</cy><w>78.5982</w><h>34.7828</h><angle>0.54498</angle></robndbox></object><object><type>robndbox</type><name>wheat_head</name><pose>Unspecified</pose><truncated>0</truncated><difficult>0</difficult><robndbox><cx>993.429</cx><cy>647.4227</cy><w>82.7557</w><h>37.5993</h><angle>1.259651</angle></robndbox></object><object><type>robndbox</type><name>wheat_head</name><pose>Unspecified</pose><truncated>0</truncated><difficult>0</difficult><robndbox><cx>721.8172</cx><cy>249.1289</cy><w>115.5381</w><h>39.2623</h><angle>1.076995</angle></robndbox></object><object><type>robndbox</type><name>wheat_head</name><pose>Unspecified</pose><truncated>0</truncated><difficult>0</difficult><robndbox><cx>54.1624</cx><cy>391.0988</cy><w>109.2765</w><h>41.2217</h><angle>0.638176</angle></robndbox></object><object><type>robndbox</type><name>wheat_head</name><pose>Unspecified</pose><truncated>0</truncated><difficult>0</difficult><robndbox><cx>678.0718</cx><cy>973.9663</cy><w>93.4903</w><h>35.9968</h><angle>0.935951</angle></robndbox></object><object><type>robndbox</type><name>wheat_head</name><pose>Unspecified</pose><truncated>0</truncated><difficult>0</difficult><robndbox><cx>143.8959</cx><cy>52.5464</cy><w>71.3516</w><h>36.6996</h><angle>1.129671</angle></robndbox></object><object><type>robndbox</type><name>wheat_head</name><pose>Unspecified</pose><truncated>0</truncated><difficult>0</difficult><robndbox><cx>285.4651</cx><cy>33.2867</cy><w>84.0837</w><h>30.0018</h><angle>1.00628</angle></robndbox></object><object><type>robndbox</type><name>wheat_head</name><pose>Unspecified</pose><truncated>0</truncated><difficult>0</difficult><robndbox><cx>687.8477</cx><cy>102.6703</cy><w>100.9204</w><h>35.0474</h><angle>0.925906</angle></robndbox></object><object><type>robndbox</type><name>wheat_head</name><pose>Unspecified</pose><truncated>0</truncated><difficult>0</difficult><robndbox><cx>134.992</cx><cy>729.0448</cy><w>143.3635</w><h>41.9453</h><angle>2.137987</angle></robndbox></object><object><type>robndbox</type><name>wheat_head</name><pose>Unspecified</pose><truncated>0</truncated><difficult>0</difficult><robndbox><cx>856.0699</cx><cy>260.9191</cy><w>117.918</w><h>37.5853</h><angle>0.883585</angle></robndbox></object><object><type>robndbox</type><name>wheat_head</name><pose>Unspecified</pose><truncated>0</truncated><difficult>0</difficult><robndbox><cx>1001.9639</cx><cy>270.4462</cy><w>72.8803</w><h>33.2958</h><angle>1.326453</angle></robndbox></object><object><type>robndbox</type><name>wheat_head</name><pose>Unspecified</pose><truncated>0</truncated><difficult>0</difficult><robndbox><cx>592.8046</cx><cy>778.6656</cy><w>74.4564</w><h>39.4693</h><angle>0.621926</angle></robndbox></object><object><type>robndbox</type><name>wheat_head</name><pose>Unspecified</pose><truncated>0</truncated><difficult>0</difficult><robndbox><cx>463.223</cx><cy>559.159</cy><w>76.361</w><h>37.9856</h><angle>0.524541</angle></robndbox></object><object><type>robndbox</type><name>wheat_head</name><pose>Unspecified</pose><truncated>0</truncated><difficult>0</difficult><robndbox><cx>293.8476</cx><cy>385.42</cy><w>66.2389</w><h>37.9991</h><angle>1.035372</angle></robndbox></object><object><type>robndbox</type><name>wheat_head</name><pose>Unspecified</pose><truncated>0</truncated><difficult>0</difficult><robndbox><cx>850.2447</cx><cy>748.5789</cy><w>82.9581</w><h>38.9098</h><angle>1.113868</angle></robndbox></object><object><type>robndbox</type><name>wheat_head</name><pose>Unspecified</pose><truncated>0</truncated><difficult>0</difficult><robndbox><cx>898.0353</cx><cy>103.3176</cy><w>96.7797</w><h>37.0313</h><angle>0.849132</angle></robndbox></object><object><type>robndbox</type><name>wheat_head</name><pose>Unspecified</pose><truncated>0</truncated><difficult>0</difficult><robndbox><cx>865.8046</cx><cy>210.7621</cy><w>84.3074</w><h>26.6191</h><angle>1.000392</angle></robndbox></object><object><type>robndbox</type><name>wheat_head</name><pose>Unspecified</pose><truncated>0</truncated><difficult>0</difficult><robndbox><cx>242.3259</cx><cy>53.0103</cy><w>70.2143</w><h>33.6468</h><angle>1.392568</angle></robndbox></object><object><type>robndbox</type><name>wheat_head</name><pose>Unspecified</pose><truncated>0</truncated><difficult>0</difficult><robndbox><cx>756.9284</cx><cy>69.8748</cy><w>96.659</w><h>39.2112</h><angle>0.625323</angle></robndbox></object><object><type>robndbox</type><name>wheat_head</name><pose>Unspecified</pose><truncated>0</truncated><difficult>0</difficult><robndbox><cx>384.5385</cx><cy>979.6826</cy><w>79.6031</w><h>36.9519</h><angle>0.886933</angle></robndbox></object><object><type>robndbox</type><name>wheat_head</name><pose>Unspecified</pose><truncated>0</truncated><difficult>0</difficult><robndbox><cx>193.5734</cx><cy>648.4556</cy><w>141.2227</w><h>42.6223</h><angle>0.603162</angle></robndbox></object><object><type>robndbox</type><name>wheat_head</name><pose>Unspecified</pose><truncated>0</truncated><difficult>0</difficult><robndbox><cx>104.3563</cx><cy>126.2224</cy><w>95.8775</w><h>34.3566</h><angle>0.966343</angle></robndbox></object><object><type>robndbox</type><name>wheat_head</name><pose>Unspecified</pose><truncated>0</truncated><difficult>0</difficult><robndbox><cx>631.9534</cx><cy>865.3279</cy><w>136.5746</w><h>39.3849</h><angle>0.246364</angle></robndbox></object><object><type>robndbox</type><name>wheat_head</name><pose>Unspecified</pose><truncated>0</truncated><difficult>0</difficult><robndbox><cx>309.5459</cx><cy>634.5917</cy><w>84.0335</w><h>40.5479</h><angle>0.627377</angle></robndbox></object><object><type>robndbox</type><name>wheat_head</name><pose>Unspecified</pose><truncated>0</truncated><difficult>0</difficult><robndbox><cx>733.2108</cx><cy>372.9709</cy><w>150.7282</w><h>35.752</h><angle>1.233786</angle></robndbox></object><object><type>robndbox</type><name>wheat_head</name><pose>Unspecified</pose><truncated>0</truncated><difficult>0</difficult><robndbox><cx>786.9111</cx><cy>35.6275</cy><w>39.3319</w><h>28.6018</h><angle>1.209347</angle></robndbox></object><object><type>robndbox</type><name>wheat_head</name><pose>Unspecified</pose><truncated>0</truncated><difficult>0</difficult><robndbox><cx>338.1813</cx><cy>16.9541</cy><w>70.7585</w><h>30.9204</h><angle>0.591207</angle></robndbox></object><object><type>robndbox</type><name>wheat_head</name><pose>Unspecified</pose><truncated>0</truncated><difficult>0</difficult><robndbox><cx>823.6957</cx><cy>988.3568</cy><w>55.9448</w><h>40.2877</h><angle>0.944446</angle></robndbox></object><object><type>robndbox</type><name>wheat_head</name><pose>Unspecified</pose><truncated>0</truncated><difficult>0</difficult><robndbox><cx>76.5203</cx><cy>193.7446</cy><w>121.5242</w><h>34.9458</h><angle>1.42944</angle></robndbox></object><object><type>robndbox</type><name>wheat_head</name><pose>Unspecified</pose><truncated>0</truncated><difficult>0</difficult><robndbox><cx>291.257</cx><cy>700.9211</cy><w>69.208</w><h>31.5758</h><angle>1.111723</angle></robndbox></object><object><type>robndbox</type><name>wheat_head</name><pose>Unspecified</pose><truncated>0</truncated><difficult>0</difficult><robndbox><cx>905.5833</cx><cy>830.8867</cy><w>92.5132</w><h>29.5087</h><angle>1.137035</angle></robndbox></object><object><type>robndbox</type><name>wheat_head</name><pose>Unspecified</pose><truncated>0</truncated><difficult>0</difficult><robndbox><cx>984.0295</cx><cy>428.4193</cy><w>126.3158</w><h>35.9167</h><angle>1.201294</angle></robndbox></object><object><type>robndbox</type><name>wheat_head</name><pose>Unspecified</pose><truncated>0</truncated><difficult>0</difficult><robndbox><cx>503.8083</cx><cy>273.6451</cy><w>141.6362</w><h>38.1017</h><angle>1.665742</angle></robndbox></object><object><type>robndbox</type><name>wheat_head</name><pose>Unspecified</pose><truncated>0</truncated><difficult>0</difficult><robndbox><cx>207.8362</cx><cy>458.4438</cy><w>88.4383</w><h>33.876</h><angle>0.882554</angle></robndbox></object><object><type>robndbox</type><name>wheat_head</name><pose>Unspecified</pose><truncated>0</truncated><difficult>0</difficult><robndbox><cx>134.5244</cx><cy>893.7325</cy><w>62.848</w><h>31.5989</h><angle>0.574022</angle></robndbox></object><object><type>robndbox</type><name>wheat_head</name><pose>Unspecified</pose><truncated>0</truncated><difficult>0</difficult><robndbox><cx>388.2101</cx><cy>582.0732</cy><w>71.3777</w><h>32.598</h><angle>1.08308</angle></robndbox></object><object><type>robndbox</type><name>wheat_head</name><pose>Unspecified</pose><truncated>0</truncated><difficult>0</difficult><robndbox><cx>581.7426</cx><cy>376.7323</cy><w>46.5975</w><h>26.5641</h><angle>1.200022</angle></robndbox></object><object><type>robndbox</type><name>wheat_head</name><pose>Unspecified</pose><truncated>0</truncated><difficult>0</difficult><robndbox><cx>507.2738</cx><cy>448.0771</cy><w>87.4626</w><h>38.2929</h><angle>0.933863</angle></robndbox></object><object><type>robndbox</type><name>wheat_head</name><pose>Unspecified</pose><truncated>0</truncated><difficult>0</difficult><robndbox><cx>653.2754</cx><cy>781.2351</cy><w>47.6625</w><h>32.4092</h><angle>1.416688</angle></robndbox></object><object><type>robndbox</type><name>wheat_head</name><pose>Unspecified</pose><truncated>0</truncated><difficult>0</difficult><robndbox><cx>564.5161</cx><cy>941.5611</cy><w>113.1627</w><h>35.1717</h><angle>1.398062</angle></robndbox></object><object><type>robndbox</type><name>wheat_head</name><pose>Unspecified</pose><truncated>0</truncated><difficult>0</difficult><robndbox><cx>667.9893</cx><cy>309.2139</cy><w>51.6051</w><h>31.1373</h><angle>1.169587</angle></robndbox></object><object><type>robndbox</type><name>wheat_head</name><pose>Unspecified</pose><truncated>0</truncated><difficult>0</difficult><robndbox><cx>22.9656</cx><cy>577.5618</cy><w>58.4741</w><h>33.1299</h><angle>1.168522</angle></robndbox></object><object><type>robndbox</type><name>wheat_head</name><pose>Unspecified</pose><truncated>0</truncated><difficult>0</difficult><robndbox><cx>927.5028</cx><cy>235.5136</cy><w>44.6527</w><h>28.733</h><angle>0.693582</angle></robndbox></object><object><type>robndbox</type><name>wheat_head</name><pose>Unspecified</pose><truncated>0</truncated><difficult>0</difficult><robndbox><cx>416.5653</cx><cy>572.2575</cy><w>44.4045</w><h>30.4138</h><angle>0.28308</angle></robndbox></object><object><type>robndbox</type><name>wheat_head</name><pose>Unspecified</pose><truncated>0</truncated><difficult>0</difficult><robndbox><cx>932.4852</cx><cy>709.6212</cy><w>72.1106</w><h>37.8216</h><angle>1.725755</angle></robndbox></object><object><type>robndbox</type><name>wheat_head</name><pose>Unspecified</pose><truncated>0</truncated><difficult>0</difficult><robndbox><cx>58.8897</cx><cy>718.2963</cy><w>60.7678</w><h>32.8901</h><angle>0.580632</angle></robndbox></object><object><type>robndbox</type><name>wheat_head</name><pose>Unspecified</pose><truncated>0</truncated><difficult>0</difficult><robndbox><cx>354.2989</cx><cy>699.0529</cy><w>73.7523</w><h>46.0009</h><angle>0.418752</angle></robndbox></object><object><type>robndbox</type><name>wheat_head</name><pose>Unspecified</pose><truncated>0</truncated><difficult>0</difficult><robndbox><cx>582.7947</cx><cy>665.8415</cy><w>75.9984</w><h>30.8837</h><angle>1.98181</angle></robndbox></object><object><type>robndbox</type><name>wheat_head</name><pose>Unspecified</pose><truncated>0</truncated><difficult>0</difficult><robndbox><cx>622.3806</cx><cy>708.8375</cy><w>55.2756</w><h>39.4285</h><angle>1.177152</angle></robndbox></object><object><type>robndbox</type><name>wheat_head</name><pose>Unspecified</pose><truncated>0</truncated><difficult>0</difficult><robndbox><cx>405.782</cx><cy>750.7803</cy><w>126.4678</w><h>34.1826</h><angle>1.546139</angle></robndbox></object><object><type>robndbox</type><name>wheat_head</name><pose>Unspecified</pose><truncated>0</truncated><difficult>0</difficult><robndbox><cx>878.6322</cx><cy>557.933</cy><w>44.9017</w><h>31.4152</h><angle>1.837714</angle></robndbox></object><object><type>robndbox</type><name>wheat_head</name><pose>Unspecified</pose><truncated>0</truncated><difficult>0</difficult><robndbox><cx>384.8766</cx><cy>102.2762</cy><w>96.0374</w><h>39.1014</h><angle>1.492801</angle></robndbox></object><object><type>robndbox</type><name>wheat_head</name><pose>Unspecified</pose><truncated>0</truncated><difficult>0</difficult><robndbox><cx>728.1826</cx><cy>15.006</cy><w>34.1593</w><h>27.8783</h><angle>2.977403</angle></robndbox></object><object><type>robndbox</type><name>wheat_head</name><pose>Unspecified</pose><truncated>0</truncated><difficult>0</difficult><robndbox><cx>341.434</cx><cy>786.9312</cy><w>55.5916</w><h>33.6927</h><angle>0.591884</angle></robndbox></object><object><type>robndbox</type><name>wheat_head</name><pose>Unspecified</pose><truncated>0</truncated><difficult>0</difficult><robndbox><cx>32.7801</cx><cy>518.4046</cy><w>62.5147</w><h>33.9714</h><angle>0.424705</angle></robndbox></object><object><type>robndbox</type><name>wheat_head</name><pose>Unspecified</pose><truncated>0</truncated><difficult>0</difficult><robndbox><cx>952.0</cx><cy>21.5</cy><w>26.8172</w><h>26.7753</h><angle>2.894096</angle></robndbox></object><object><type>robndbox</type><name>wheat_head</name><pose>Unspecified</pose><truncated>0</truncated><difficult>0</difficult><robndbox><cx>564.3616</cx><cy>422.175</cy><w>33.767</w><h>30.4311</h><angle>0.374553</angle></robndbox></object><object><type>robndbox</type><name>wheat_head</name><pose>Unspecified</pose><truncated>0</truncated><difficult>0</difficult><robndbox><cx>20.4719</cx><cy>810.6572</cy><w>37.7115</w><h>28.7626</h><angle>1.390485</angle></robndbox></object><object><type>robndbox</type><name>wheat_head</name><pose>Unspecified</pose><truncated>0</truncated><difficult>0</difficult><robndbox><cx>681.2583</cx><cy>147.1989</cy><w>58.5792</w><h>23.9981</h><angle>1.163407</angle></robndbox></object><object><type>robndbox</type><name>wheat_head</name><pose>Unspecified</pose><truncated>0</truncated><difficult>0</difficult><robndbox><cx>621.6668</cx><cy>887.9428</cy><w>118.5411</w><h>28.9233</h><angle>1.69632</angle></robndbox></object><object><type>robndbox</type><name>wheat_head</name><pose>Unspecified</pose><truncated>0</truncated><difficult>0</difficult><robndbox><cx>773.1058</cx><cy>761.2077</cy><w>42.3287</w><h>35.5449</h><angle>1.838582</angle></robndbox></object><object><type>robndbox</type><name>wheat_head</name><pose>Unspecified</pose><truncated>0</truncated><difficult>0</difficult><robndbox><cx>1005.6495</cx><cy>938.2718</cy><w>33.9281</w><h>28.3724</h><angle>3.062944</angle></robndbox></object><object><type>robndbox</type><name>wheat_head</name><pose>Unspecified</pose><truncated>0</truncated><difficult>0</difficult><robndbox><cx>435.5491</cx><cy>486.024</cy><w>35.5844</w><h>33.7159</h><angle>1.424075</angle></robndbox></object><object><type>robndbox</type><name>wheat_head</name><pose>Unspecified</pose><truncated>0</truncated><difficult>0</difficult><robndbox><cx>284.2452</cx><cy>896.4026</cy><w>165.2639</w><h>47.7321</h><angle>0.563552</angle></robndbox></object><object><type>robndbox</type><name>wheat_head</name><pose>Unspecified</pose><truncated>0</truncated><difficult>0</difficult><robndbox><cx>691.7949</cx><cy>408.7247</cy><w>60.0925</w><h>29.2486</h><angle>3.063518</angle></robndbox></object><object><type>robndbox</type><name>wheat_head</name><pose>Unspecified</pose><truncated>0</truncated><difficult>0</difficult><robndbox><cx>213.3144</cx><cy>797.0964</cy><w>36.8237</w><h>30.5988</h><angle>1.472542</angle></robndbox></object><object><type>robndbox</type><name>wheat_head</name><pose>Unspecified</pose><truncated>0</truncated><difficult>0</difficult><robndbox><cx>676.5497</cx><cy>404.0992</cy><w>141.5468</w><h>30.0581</h><angle>0.460121</angle></robndbox></object><object><type>robndbox</type><name>wheat_head</name><pose>Unspecified</pose><truncated>0</truncated><difficult>0</difficult><robndbox><cx>67.4826</cx><cy>6.7396</cy><w>34.6027</w><h>16.503</h><angle>3.106419</angle></robndbox></object><object><type>robndbox</type><name>wheat_head</name><pose>Unspecified</pose><truncated>0</truncated><difficult>0</difficult><robndbox><cx>638.8845</cx><cy>438.2366</cy><w>41.1373</w><h>34.1779</h><angle>1.390861</angle></robndbox></object><object><type>robndbox</type><name>wheat_head</name><pose>Unspecified</pose><truncated>0</truncated><difficult>0</difficult><robndbox><cx>473.6623</cx><cy>392.2637</cy><w>26.1571</w><h>22.9108</h><angle>1.404266</angle></robndbox></object><object><type>robndbox</type><name>wheat_head</name><pose>Unspecified</pose><truncated>0</truncated><difficult>0</difficult><robndbox><cx>493.5</cx><cy>1013.0</cy><w>22.0019</w><h>17.1046</h><angle>1.584085</angle></robndbox></object><object><type>robndbox</type><name>wheat_head</name><pose>Unspecified</pose><truncated>0</truncated><difficult>0</difficult><robndbox><cx>432.2703</cx><cy>148.1174</cy><w>35.3038</w><h>28.6788</h><angle>0.406673</angle></robndbox></object><object><type>robndbox</type><name>wheat_head</name><pose>Unspecified</pose><truncated>0</truncated><difficult>0</difficult><robndbox><cx>31.8167</cx><cy>129.8999</cy><w>40.3299</w><h>32.5021</h><angle>0.203231</angle></robndbox></object><object><type>robndbox</type><name>wheat_head</name><pose>Unspecified</pose><truncated>0</truncated><difficult>0</difficult><robndbox><cx>238.0248</cx><cy>959.8604</cy><w>46.7341</w><h>32.3064</h><angle>3.093034</angle></robndbox></object><object><type>robndbox</type><name>wheat_head</name><pose>Unspecified</pose><truncated>0</truncated><difficult>0</difficult><robndbox><cx>764.6605</cx><cy>925.7665</cy><w>56.6862</w><h>39.5466</h><angle>0.156969</angle></robndbox></object><object><type>robndbox</type><name>wheat_head</name><pose>Unspecified</pose><truncated>0</truncated><difficult>0</difficult><robndbox><cx>98.496</cx><cy>1002.6212</cy><w>64.405</w><h>28.1967</h><angle>0.631079</angle></robndbox></object><object><type>robndbox</type><name>wheat_head</name><pose>Unspecified</pose><truncated>0</truncated><difficult>0</difficult><robndbox><cx>17.4953</cx><cy>424.7246</cy><w>33.2866</w><h>20.1472</h><angle>0.571337</angle></robndbox></object><object><type>robndbox</type><name>wheat_head</name><pose>Unspecified</pose><truncated>0</truncated><difficult>0</difficult><robndbox><cx>610.4156</cx><cy>671.8302</cy><w>28.1753</w><h>27.074</h><angle>1.496857</angle></robndbox></object><object><type>robndbox</type><name>wheat_head</name><pose>Unspecified</pose><truncated>0</truncated><difficult>0</difficult><robndbox><cx>395.0492</cx><cy>250.2601</cy><w>56.0357</w><h>30.0495</h><angle>1.535097</angle></robndbox></object></annotation>